invoice_no,cancellation_date,customer_id,country,cancelled_lines,cancelled_products,cancelled_units,cancellation_value
C581484,2011-12-09 09:27:00,16446,United Kingdom,1,1,80995,168469.6
C541433,2011-01-18 10:17:00,12346,United Kingdom,1,1,74215,77183.6
C550456,2011-04-18 13:08:00,15749,United Kingdom,5,5,9014,22998.4
C524235,2010-09-28 11:02:00,14277,France,45,45,87167,11880.84
C570556,2011-10-11 11:10:00,16029,United Kingdom,9,8,4896,9466.56
C513771,2010-06-28 13:49:00,16754,United Kingdom,14,14,6584,7500.32
C529352,2010-10-28 09:32:00,17450,United Kingdom,9,9,2760,6325.08
C508132,2010-05-13 10:54:00,12931,United Kingdom,11,11,3564,4815.8
C508134,2010-05-13 10:56:00,12931,United Kingdom,11,11,3560,4798.8
C527790,2010-10-19 11:12:00,12454,Spain,8,8,2232,4733.52
C562375,2011-08-04 14:46:00,14911,EIRE,31,31,2270,4345.1
C531557,2010-11-09 10:06:00,12454,Spain,8,8,2232,4098.96
C565044,2011-08-31 17:02:00,12931,United Kingdom,7,7,1161,3969.9300000000003
C567527,2011-09-21 09:16:00,17450,United Kingdom,1,1,756,3825.36
C524154,2010-09-27 15:58:00,14911,EIRE,21,21,1996,3726.6800000000003
C498151,2010-02-17 10:37:00,13902,Denmark,1,1,2504,3630.8
C511172,2010-06-07 12:05:00,14028,United Kingdom,3,3,2490,3610.5
C571499,2011-10-17 15:07:00,12454,Spain,15,15,1006,3528.34
C564940,2011-08-31 13:10:00,12931,United Kingdom,9,9,2518,3491.02
C490133,2009-12-03 18:36:00,17949,United Kingdom,5,3,2106,3341.46
C534717,2010-11-23 17:47:00,16684,United Kingdom,13,13,1812,3013.0
C515299,2010-07-09 15:26:00,13734,United Kingdom,1,1,85,2970.7500000000005
C572343,2011-10-24 10:40:00,14607,United Kingdom,9,9,2344,2949.2799999999997
C569743,2011-10-06 10:57:00,15769,United Kingdom,15,15,1600,2924.0
C536164,2010-11-30 12:09:00,15369,United Kingdom,40,40,1500,2904.83
C545033,2011-02-25 16:26:00,14156,EIRE,6,6,672,2548.8
C508140,2010-05-13 10:58:00,12931,United Kingdom,11,11,1796,2532.82
C575224,2011-11-09 11:41:00,17511,United Kingdom,14,14,1400,2506.0
C534845,2010-11-24 13:25:00,14646,Netherlands,16,16,1210,2269.08
C563577,2011-08-17 15:06:00,17949,United Kingdom,3,3,2105,2231.3
C578363,2011-11-24 10:40:00,15482,United Kingdom,12,12,948,2210.64
C572334,2011-10-24 10:25:00,14607,United Kingdom,18,18,1416,2199.12
C570552,2011-10-11 11:01:00,16029,United Kingdom,7,7,1164,2076.0
C513994,2010-06-30 08:48:00,16754,United Kingdom,3,3,1236,1740.24
C508455,2010-05-14 16:38:00,16077,United Kingdom,1,1,312,1700.4
C574584,2011-11-04 18:11:00,15482,United Kingdom,9,9,786,1652.8
C520205,2010-08-24 16:11:00,17133,United Kingdom,7,7,1088,1650.24
C564081,2011-08-22 17:10:00,17949,United Kingdom,1,1,150,1642.5
C530185,2010-11-02 10:52:00,17389,United Kingdom,1,1,148,1620.6
C548731,2011-04-04 10:12:00,12755,Japan,1,1,624,1591.1999999999998
C570867,2011-10-12 16:17:00,12607,USA,101,101,1228,1579.51
C529612,2010-10-29 10:44:00,14543,United Kingdom,5,5,440,1543.2
C540417,2011-01-07 10:56:00,13680,United Kingdom,21,21,669,1520.11
C539329,2010-12-17 09:37:00,16013,United Kingdom,2,2,800,1491.0
C569387,2011-10-03 16:49:00,14031,United Kingdom,1,1,200,1416.0
C518284,2010-08-06 11:06:00,14045,United Kingdom,2,2,292,1339.6
C567706,2011-09-22 09:46:00,15769,United Kingdom,1,1,312,1326.0
C576831,2011-11-16 14:56:00,12748,United Kingdom,7,7,1082,1301.0
C498595,2010-02-21 15:51:00,18102,United Kingdom,2,2,432,1296.0
C517258,2010-07-27 16:54:00,18102,United Kingdom,2,2,280,1282.4
C524158,2010-09-27 16:05:00,14911,EIRE,13,13,672,1251.2
C542426,2011-01-28 09:32:00,14146,United Kingdom,35,35,551,1241.43
C490946,2009-12-08 14:28:00,13091,United Kingdom,37,37,1204,1213.02
C490807,2009-12-08 12:25:00,13091,United Kingdom,37,37,1204,1213.02
C578097,2011-11-22 17:31:00,,United Kingdom,7,7,324,1208.04
C536850,2010-12-03 09:47:00,14213,United Kingdom,5,5,244,1192.2
C534675,2010-11-23 14:29:00,13089,United Kingdom,2,2,192,1190.3999999999999
C538847,2010-12-14 13:27:00,17404,Sweden,1,1,240,1188.0
C504841,2010-04-16 15:55:00,13694,United Kingdom,3,3,514,1174.3
C548532,2011-03-31 17:16:00,14031,United Kingdom,5,5,216,1170.0
C556925,2011-06-15 14:23:00,16013,United Kingdom,1,1,420,1155.0
C568879,2011-09-29 12:38:00,14680,United Kingdom,26,26,739,1146.07
C569989,2011-10-06 20:08:00,16839,United Kingdom,26,26,478,1145.83
C538341,2010-12-10 14:03:00,15514,United Kingdom,30,23,290,1076.3200000000002
C557663,2011-06-21 17:59:00,,EIRE,36,35,538,1051.14
C560735,2011-07-20 14:59:00,16013,United Kingdom,1,1,360,990.0
C515972,2010-07-16 07:54:00,14156,EIRE,1,1,264,990.0
C560733,2011-07-20 14:55:00,15298,United Kingdom,1,1,360,990.0
C568832,2011-09-29 11:35:00,17450,United Kingdom,1,1,186,957.9
C548577,2011-04-01 10:46:00,13694,United Kingdom,5,5,632,933.9200000000001
C575341,2011-11-09 14:36:00,12931,United Kingdom,2,2,564,930.5999999999999
C574922,2011-11-07 16:39:00,15502,United Kingdom,15,14,291,913.0799999999999
C492932,2009-12-21 12:17:00,16772,United Kingdom,10,10,103,896.8499999999999
C513780,2010-06-28 14:15:00,16754,United Kingdom,4,4,760,891.12
C523427,2010-09-22 10:43:00,14933,Channel Islands,1,1,300,885.0
C536812,2010-12-02 16:58:00,16546,United Kingdom,6,6,852,883.0800000000002
C508334,2010-05-14 12:04:00,13694,United Kingdom,1,1,1200,864.0
C558553,2011-06-30 12:44:00,17949,United Kingdom,1,1,576,835.1999999999999
C556522,2011-06-13 11:21:00,16938,United Kingdom,1,1,1515,833.2500000000001
C540307,2011-01-06 12:58:00,15823,United Kingdom,15,15,282,811.86
C531807,2010-11-09 16:12:00,15215,United Kingdom,38,38,292,807.02
C513587,2010-06-27 10:41:00,14970,United Kingdom,6,6,145,790.25
C569995,2011-10-06 20:36:00,14557,United Kingdom,16,16,510,788.38
C569985,2011-10-06 19:51:00,15365,United Kingdom,36,36,325,765.15
C548460,2011-03-31 11:58:00,16801,United Kingdom,45,45,186,751.9
C499282,2010-02-25 18:55:00,16684,United Kingdom,1,1,432,730.0799999999999
C552564,2011-05-10 11:55:00,13694,United Kingdom,2,2,400,716.0
C539576,2010-12-20 12:25:00,14911,EIRE,18,18,358,707.0600000000001
C546735,2011-03-16 11:50:00,16029,United Kingdom,3,3,336,705.6
C491023,2009-12-08 18:57:00,15971,United Kingdom,2,2,232,700.4
C511814,2010-06-10 15:54:00,13694,United Kingdom,4,4,125,681.25
C580971,2011-12-06 15:04:00,14298,United Kingdom,3,3,322,664.86
C490942,2009-12-08 14:04:00,14337,United Kingdom,36,36,393,658.63
C507451,2010-05-10 10:04:00,14258,United Kingdom,4,4,118,643.1
C531565,2010-11-09 10:22:00,16684,United Kingdom,3,3,287,642.45
C557941,2011-06-23 16:00:00,12901,United Kingdom,2,2,324,641.8
C511813,2010-06-10 15:51:00,17706,United Kingdom,7,7,95,641.25
C530573,2010-11-03 14:34:00,16422,United Kingdom,4,4,420,618.5999999999999
C529564,2010-10-28 18:14:00,16422,United Kingdom,4,4,420,618.5999999999999
C516784,2010-07-23 09:28:00,12755,Japan,11,11,358,617.5
C536071,2010-11-30 10:53:00,18084,United Kingdom,2,2,425,616.25
C508421,2010-05-14 16:14:00,13799,United Kingdom,5,5,108,615.6
C523153,2010-09-20 15:00:00,16754,United Kingdom,2,2,181,608.3700000000001
C510214,2010-05-28 08:16:00,15061,United Kingdom,1,1,60,597.0
C561810,2011-07-29 15:12:00,14145,United Kingdom,1,1,120,594.0
C570828,2011-10-12 13:15:00,14911,EIRE,39,39,217,593.1
C543551,2011-02-10 10:00:00,16716,United Kingdom,1,1,76,581.4
C557508,2011-06-20 16:13:00,16684,United Kingdom,2,2,720,580.8
C570221,2011-10-09 12:56:00,13113,United Kingdom,30,29,261,577.16
C542138,2011-01-25 17:21:00,17368,United Kingdom,17,17,711,563.15
C568096,2011-09-23 14:50:00,17867,United Kingdom,1,1,288,561.6
C570290,2011-10-10 11:54:00,14665,United Kingdom,25,25,238,559.52
C508458,2010-05-14 17:15:00,15270,United Kingdom,2,2,102,555.9
C508384,2010-05-14 14:18:00,13634,United Kingdom,28,28,156,553.92
C510211,2010-05-28 08:06:00,14147,United Kingdom,1,1,144,540.0
C504215,2010-04-12 11:55:00,15546,United Kingdom,6,6,99,539.5500000000001
C521998,2010-09-10 11:07:00,12921,United Kingdom,29,29,224,534.7
C560409,2011-07-18 14:24:00,16717,United Kingdom,31,31,287,530.47
C552552,2011-05-10 10:51:00,16525,United Kingdom,8,8,162,529.7
C561059,2011-07-24 13:26:00,13802,United Kingdom,3,3,250,525.0
C495012,2010-01-20 13:03:00,15311,United Kingdom,16,16,325,514.8100000000001
C497268,2010-02-08 13:36:00,,United Arab Emirates,28,28,462,503.9
C507361,2010-05-07 15:55:00,15311,United Kingdom,6,6,92,502.70000000000005
C527020,2010-10-14 11:52:00,12589,France,28,28,386,501.49
C559939,2011-07-14 10:19:00,14426,United Kingdom,32,32,342,500.74
C494973,2010-01-20 11:06:00,14156,EIRE,2,2,450,496.5
C530182,2010-11-02 10:38:00,14934,Channel Islands,31,31,314,490.5
C577737,2011-11-21 13:25:00,15681,United Kingdom,14,14,260,479.8
C517068,2010-07-26 13:46:00,16555,United Kingdom,21,21,774,479.7
C569994,2011-10-06 20:33:00,15606,United Kingdom,13,13,160,477.72
C555014,2011-05-31 10:45:00,13113,United Kingdom,4,4,59,477.55
C568884,2011-09-29 12:49:00,14680,United Kingdom,3,3,200,476.0
C573092,2011-10-27 14:38:00,13791,United Kingdom,6,6,372,468.32
C572410,2011-10-24 11:58:00,16742,United Kingdom,3,3,190,464.9
C517063,2010-07-26 13:39:00,16555,United Kingdom,15,15,570,462.54
C578259,2011-11-23 13:02:00,16660,United Kingdom,1,1,120,457.2
C510200,2010-05-28 07:40:00,12643,France,2,2,300,456.0
C575940,2011-11-13 11:38:00,17838,United Kingdom,15,15,434,453.4
C562221,2011-08-03 14:22:00,16525,United Kingdom,8,8,598,452.41999999999996
C540109,2011-01-04 17:12:00,17389,United Kingdom,1,1,150,442.5
C530065,2010-11-01 11:45:00,14934,Channel Islands,29,29,337,439.83
C491190,2009-12-10 12:38:00,16057,United Kingdom,27,27,198,439.28000000000003
C508724,2010-05-18 09:29:00,15125,United Kingdom,4,4,81,437.45000000000005
C580954,2011-12-06 14:19:00,12967,United Kingdom,13,13,194,436.2
C574748,2011-11-07 08:41:00,17107,United Kingdom,3,3,300,435.0
C559345,2011-07-07 17:16:00,13984,United Kingdom,1,1,408,432.48
C547725,2011-03-25 10:43:00,,United Kingdom,25,23,595,431.6
C555636,2011-06-06 12:33:00,15073,United Kingdom,22,22,214,430.97999999999996
C518668,2010-08-10 14:58:00,13798,United Kingdom,2,2,154,430.7
C551348,2011-04-28 09:49:00,12415,Australia,1,1,100,425.0
C497585,2010-02-10 16:25:00,16013,United Kingdom,16,16,197,419.65
C510212,2010-05-28 08:12:00,17426,United Kingdom,9,8,77,419.65
C540852,2011-01-12 09:48:00,15197,United Kingdom,1,1,12,419.4
C542738,2011-01-31 15:53:00,13089,United Kingdom,1,1,12,419.4
C579192,2011-11-28 15:43:00,12657,France,8,8,386,419.12
C517067,2010-07-26 13:42:00,16555,United Kingdom,10,10,165,416.95
C551510,2011-04-28 19:43:00,16163,United Kingdom,1,1,100,415.00000000000006
C530187,2010-11-02 11:01:00,12986,United Kingdom,8,8,125,407.1600000000001
C519040,2010-08-13 11:25:00,17428,United Kingdom,4,4,74,403.30000000000007
C562811,2011-08-09 15:30:00,13217,United Kingdom,2,2,144,396.96000000000004
C566467,2011-09-12 18:04:00,14688,United Kingdom,22,22,335,394.85
C542693,2011-01-31 12:36:00,12908,United Kingdom,1,1,600,390.0
C518263,2010-08-05 18:59:00,12678,France,3,3,115,389.85
C505529,2010-04-22 17:37:00,17679,United Kingdom,21,21,332,389.4
C508459,2010-05-14 17:23:00,12989,United Kingdom,3,3,71,386.95000000000005
C580968,2011-12-06 14:57:00,15622,United Kingdom,15,14,106,381.95
C548463,2011-03-31 12:11:00,13225,United Kingdom,2,1,64,380.79999999999995
C518544,2010-08-09 18:20:00,17314,United Kingdom,24,24,425,375.32
C531576,2010-11-09 10:46:00,16013,United Kingdom,2,2,120,366.0
C563655,2011-08-18 10:44:00,15311,United Kingdom,4,4,132,365.15999999999997
C500705,2010-03-09 13:46:00,14748,United Kingdom,22,22,396,363.56
C558110,2011-06-26 15:47:00,17731,United Kingdom,16,16,101,361.90999999999997
C499389,2010-02-26 12:44:00,14646,Netherlands,2,2,400,361.0
C564899,2011-08-31 11:31:00,14646,Netherlands,2,2,288,360.0
C572754,2011-10-25 17:29:00,15482,United Kingdom,7,7,264,360.0
C548972,2011-04-05 11:42:00,15674,United Kingdom,19,19,198,355.12
C542413,2011-01-27 17:11:00,16923,United Kingdom,15,14,160,350.5
C540780,2011-01-11 11:19:00,14299,United Kingdom,4,4,52,347.5
C505722,2010-04-25 13:44:00,17550,United Kingdom,17,17,60,341.1
C513590,2010-06-27 10:49:00,14970,United Kingdom,1,1,40,340.0
C566071,2011-09-08 17:56:00,17997,United Kingdom,7,7,139,338.95
C581228,2011-12-08 10:06:00,16019,United Kingdom,5,5,84,336.0
C577775,2011-11-21 16:00:00,12504,Germany,3,3,36,335.4
C520298,2010-08-25 11:35:00,16985,United Kingdom,2,2,2,334.95
C542793,2011-02-01 10:52:00,14113,United Kingdom,2,2,78,331.5
C510226,2010-05-28 08:48:00,17850,United Kingdom,5,5,49,330.75
C550181,2011-04-14 17:43:00,13069,United Kingdom,21,21,214,330.34
C571695,2011-10-18 14:46:00,14776,United Kingdom,16,16,440,330.24
C556647,2011-06-13 16:14:00,13012,United Kingdom,16,16,148,330.12
C547961,2011-03-28 15:30:00,15032,United Kingdom,2,2,200,330.0
C502434,2010-03-24 13:01:00,16735,United Kingdom,13,13,205,327.93
C528449,2010-10-22 11:12:00,13703,United Kingdom,36,35,118,326.06
C528451,2010-10-22 11:23:00,12986,United Kingdom,31,30,157,324.34
C490798,2009-12-08 11:51:00,14277,France,17,17,195,318.45
C490120,2009-12-03 17:52:00,14277,France,17,17,195,318.45
C503610,2010-04-06 10:36:00,17949,United Kingdom,1,1,300,318.0
C497041,2010-02-05 14:41:00,17949,United Kingdom,1,1,300,318.0
C571196,2011-10-14 12:02:00,,United Kingdom,21,21,258,313.86
C564279,2011-08-24 10:54:00,17706,United Kingdom,5,5,35,310.33000000000004
C567691,2011-09-21 17:04:00,17567,United Kingdom,11,11,202,309.02
C490996,2009-12-08 17:23:00,15935,United Kingdom,22,22,286,308.82
C553880,2011-05-19 15:23:00,13762,United Kingdom,7,7,272,306.72
C507015,2010-05-05 14:28:00,15097,United Kingdom,1,1,120,306.0
C571262,2011-10-16 10:52:00,12901,United Kingdom,1,1,360,306.0
C511807,2010-06-10 15:29:00,17850,United Kingdom,2,2,56,305.2
C511272,2010-06-07 13:06:00,14159,United Kingdom,1,1,210,304.5
C578832,2011-11-25 15:18:00,13069,United Kingdom,23,23,165,303.96
C496000,2010-01-28 12:01:00,16634,United Kingdom,20,20,186,303.8
C532385,2010-11-11 18:36:00,12748,United Kingdom,1,1,243,303.75
C494907,2010-01-19 16:36:00,17307,United Kingdom,1,1,144,302.40000000000003
C510252,2010-05-28 10:37:00,15061,United Kingdom,1,1,144,302.40000000000003
C518669,2010-08-10 15:16:00,13004,United Kingdom,23,23,240,301.65999999999997
C548748,2011-04-04 12:28:00,15223,United Kingdom,12,12,115,300.85
C539644,2010-12-20 15:52:00,12471,Germany,15,14,57,300.65
C573084,2011-10-27 14:24:00,13587,United Kingdom,1,1,12,299.4
C511526,2010-06-08 17:20:00,18214,United Kingdom,4,4,199,299.34999999999997
C556448,2011-06-10 15:39:00,15098,United Kingdom,1,1,60,297.0
C537860,2010-12-08 16:15:00,16252,United Kingdom,21,21,158,295.09000000000003
C543632,2011-02-10 16:22:00,14842,United Kingdom,1,1,1,295.0
C519683,2010-08-19 12:50:00,18227,United Kingdom,1,1,1,295.0
C530614,2010-11-03 15:49:00,16570,United Kingdom,1,1,1,295.0
C530664,2010-11-04 10:43:00,16732,United Kingdom,1,1,1,295.0
C539438,2010-12-17 15:11:00,16607,United Kingdom,1,1,1,295.0
C522044,2010-09-10 13:29:00,15809,United Kingdom,1,1,1,295.0
C517968,2010-08-03 13:06:00,16556,United Kingdom,1,1,1,295.0
C507195,2010-05-06 16:21:00,16656,United Kingdom,1,1,309,293.55
C532326,2010-11-11 15:25:00,15270,United Kingdom,1,1,2,290.0
C537132,2010-12-05 12:29:00,15221,United Kingdom,6,6,18,289.15
C516459,2010-07-20 13:48:00,14492,United Kingdom,10,10,107,288.05
C577779,2011-11-21 16:11:00,,United Kingdom,3,3,288,288.0
C555935,2011-06-08 09:14:00,12567,France,17,17,216,286.34000000000003
C524374,2010-09-28 17:37:00,13881,United Kingdom,1,1,48,285.6
C536757,2010-12-02 14:23:00,15838,United Kingdom,1,1,9360,280.8
C505383,2010-04-22 09:16:00,13734,United Kingdom,1,1,8,279.6
C549544,2011-04-10 11:15:00,15311,United Kingdom,1,1,100,275.0
C508677,2010-05-17 16:39:00,15805,United Kingdom,8,8,43,274.05
C492211,2009-12-15 16:45:00,15971,United Kingdom,1,1,64,272.0
C515630,2010-07-14 10:24:00,14045,United Kingdom,1,1,32,272.0
C517064,2010-07-26 13:40:00,16555,United Kingdom,3,3,132,270.6
C581229,2011-12-08 10:14:00,12558,USA,11,11,196,269.96
C540652,2011-01-10 15:04:00,17406,United Kingdom,1,1,1,265.5
C521201,2010-09-02 17:45:00,16993,United Kingdom,1,1,24,262.79999999999995
C553801,2011-05-19 11:05:00,17526,United Kingdom,1,1,24,262.79999999999995
C574322,2011-11-03 19:42:00,15482,United Kingdom,1,1,24,262.79999999999995
C512272,2010-06-14 13:32:00,15031,United Kingdom,36,36,156,261.91
C559983,2011-07-14 11:41:00,14562,United Kingdom,15,15,130,261.3
C533153,2010-11-16 14:00:00,16705,United Kingdom,2,2,103,259.35
C578377,2011-11-24 11:44:00,14277,France,3,3,360,259.2
C567708,2011-09-22 09:53:00,15201,United Kingdom,11,11,214,257.79
C512300,2010-06-14 15:30:00,14105,United Kingdom,7,7,42,256.7
C507457,2010-05-10 10:28:00,16705,United Kingdom,3,3,47,256.15000000000003
C508399,2010-05-14 15:31:00,17511,United Kingdom,3,3,47,256.15
C541572,2011-01-19 12:39:00,15171,United Kingdom,2,2,100,255.0
C513482,2010-06-24 17:32:00,16684,United Kingdom,1,1,240,254.4
C522937,2010-09-17 15:21:00,,United Kingdom,1,1,120,252.0
C552556,2011-05-10 11:21:00,17504,United Kingdom,13,13,208,251.75
C562223,2011-08-03 14:34:00,15804,United Kingdom,1,1,2,250.0
C549549,2011-04-10 11:37:00,16359,United Kingdom,2,2,2,250.0
C542232,2011-01-26 13:44:00,16714,United Kingdom,1,1,2,250.0
C503857,2010-04-08 10:29:00,12989,United Kingdom,1,1,72,248.4
C518255,2010-08-05 18:11:00,16045,United Kingdom,11,11,166,247.9
C560396,2011-07-18 13:49:00,18087,United Kingdom,3,3,288,244.79999999999998
C554006,2011-05-20 12:25:00,13418,United Kingdom,3,3,36,244.2
C509630,2010-05-25 10:03:00,13081,United Kingdom,3,3,72,243.60000000000002
C538357,2010-12-10 16:01:00,13798,United Kingdom,1,1,144,243.36
C504334,2010-04-12 16:36:00,13473,United Kingdom,1,1,38,241.68
C539598,2010-12-20 13:54:00,14299,United Kingdom,2,2,23,240.84999999999997
C567690,2011-09-21 17:01:00,15810,United Kingdom,20,20,118,239.12
C538059,2010-12-09 13:38:00,14205,United Kingdom,14,14,104,238.20000000000002
C580702,2011-12-05 16:26:00,17404,Sweden,1,1,40,238.0
C567953,2011-09-23 08:28:00,18198,United Kingdom,1,1,144,237.6
C491027,2009-12-08 19:04:00,15181,United Kingdom,1,1,48,237.6
C508926,2010-05-19 11:17:00,16167,United Kingdom,8,8,35,236.25
C559347,2011-07-07 17:22:00,18072,United Kingdom,16,16,240,235.2
C504415,2010-04-13 12:33:00,12971,United Kingdom,1,1,1440,230.4
C533394,2010-11-17 11:09:00,14088,United Kingdom,1,1,23,228.85
C500565,2010-03-08 15:48:00,15767,United Kingdom,8,8,47,227.85000000000002
C539037,2010-12-15 14:42:00,12666,Israel,2,2,56,227.44
C520839,2010-08-31 12:43:00,14646,Netherlands,5,5,100,226.2
C507171,2010-05-06 14:46:00,13798,United Kingdom,1,1,60,225.0
C545677,2011-03-06 10:48:00,14543,United Kingdom,9,9,23,224.85
C565848,2011-09-07 12:48:00,14606,United Kingdom,24,24,154,224.47
C560855,2011-07-21 13:00:00,14410,United Kingdom,40,39,134,223.77
C506979,2010-05-05 13:10:00,13287,United Kingdom,15,15,145,222.53
C539221,2010-12-16 12:56:00,14911,EIRE,5,5,30,220.5
C564488,2011-08-25 14:12:00,16859,United Kingdom,18,18,169,220.47
C560550,2011-07-19 12:47:00,12971,United Kingdom,1,1,37,220.15
C537251,2010-12-06 10:45:00,,United Kingdom,20,20,103,219.72
C511649,2010-06-09 13:55:00,14543,United Kingdom,8,8,20,218.4
C551540,2011-05-03 08:47:00,14735,United Kingdom,9,9,86,218.1
C548469,2011-03-31 12:32:00,14543,United Kingdom,9,9,23,217.96
C489563,2009-12-01 13:09:00,13526,United Kingdom,9,7,252,214.2
C552031,2011-05-05 18:14:00,13089,United Kingdom,4,4,39,212.54999999999998
C511477,2010-06-08 13:40:00,12409,Switzerland,2,2,96,211.20000000000002
C501131,2010-03-12 17:04:00,14031,United Kingdom,7,7,108,210.62
C499531,2010-03-01 11:29:00,14646,Netherlands,1,1,100,210.0
C535401,2010-11-26 11:13:00,15550,United Kingdom,1,1,6,209.7
C556966,2011-06-16 09:55:00,13523,United Kingdom,5,5,7,209.5
C537812,2010-12-08 13:33:00,14299,United Kingdom,2,2,20,209.0
C555006,2011-05-31 09:51:00,13694,United Kingdom,2,2,144,208.79999999999998
C489713,2009-12-02 10:55:00,12755,Japan,3,3,191,208.75
C534878,2010-11-24 14:39:00,15027,United Kingdom,1,1,576,207.36
C512293,2010-06-14 15:02:00,13069,United Kingdom,1,1,288,207.36
C540155,2011-01-05 11:31:00,,Bahrain,1,1,54,205.74
C556293,2011-06-10 09:30:00,13094,United Kingdom,3,3,162,205.74
C559742,2011-07-12 11:11:00,14267,United Kingdom,7,7,54,204.0
C540097,2011-01-04 15:46:00,15373,United Kingdom,5,5,24,202.79999999999998
C510217,2010-05-28 08:23:00,17049,United Kingdom,8,7,30,202.5
C499419,2010-02-26 16:26:00,15538,United Kingdom,10,10,12,202.45
C574027,2011-11-02 12:32:00,13394,United Kingdom,8,8,176,201.72000000000003
C515468,2010-07-12 16:07:00,14882,United Kingdom,2,2,192,201.60000000000002
C552568,2011-05-10 12:04:00,12901,United Kingdom,1,1,960,201.6
C491593,2009-12-11 13:11:00,17681,United Kingdom,1,1,96,201.6
C499530,2010-03-01 11:28:00,13446,United Kingdom,12,12,51,200.37
C520348,2010-08-25 13:19:00,16029,United Kingdom,1,1,20,199.0
C498576,2010-02-21 13:47:00,15527,United Kingdom,12,12,76,198.18
C515618,2010-07-13 17:19:00,17949,United Kingdom,1,1,18,197.1
C540112,2011-01-04 17:14:00,15973,United Kingdom,1,1,18,197.1
C570831,2011-10-12 13:25:00,14911,EIRE,4,4,8,196.70000000000002
C530054,2010-11-01 11:13:00,16191,United Kingdom,3,3,52,196.6
C569490,2011-10-04 13:15:00,12457,Cyprus,1,1,33,196.35
C489449,2009-12-01 10:33:00,16321,Australia,9,9,100,196.10000000000002
C516118,2010-07-16 14:32:00,13093,United Kingdom,2,2,24,195.6
C548465,2011-03-31 12:17:00,17526,United Kingdom,1,1,23,195.5
C553564,2011-05-17 17:43:00,17581,United Kingdom,1,1,1,195.0
C529606,2010-10-29 10:28:00,17396,United Kingdom,5,5,52,195.0
C555599,2011-06-06 10:59:00,17190,United Kingdom,1,1,1,195.0
C537402,2010-12-06 14:43:00,15502,United Kingdom,6,6,34,192.7
C568416,2011-09-27 11:08:00,14866,United Kingdom,4,4,183,192.45000000000002
C565681,2011-09-06 10:42:00,15521,United Kingdom,11,11,92,192.4
C516149,2010-07-18 10:52:00,13798,United Kingdom,22,22,65,191.94
C520180,2010-08-24 13:47:00,17873,United Kingdom,7,7,504,191.51999999999998
C509436,2010-05-23 15:02:00,15555,United Kingdom,7,7,115,190.85
C518997,2010-08-12 17:49:00,17949,United Kingdom,1,1,180,190.8
C513489,2010-06-24 18:33:00,15513,United Kingdom,2,2,35,190.75
C508707,2010-05-17 17:12:00,14430,United Kingdom,3,3,28,189.0
C530177,2010-11-02 10:09:00,14156,EIRE,6,6,64,189.0
C508499,2010-05-16 15:21:00,13798,United Kingdom,20,20,66,187.64000000000001
C515309,2010-07-09 16:39:00,13093,United Kingdom,2,2,20,187.0
C521481,2010-09-06 13:15:00,12779,Poland,6,6,128,186.39999999999998
C543755,2011-02-11 14:48:00,14304,United Kingdom,10,10,85,186.35000000000002
C554983,2011-05-29 12:18:00,17152,United Kingdom,2,2,40,186.0
C508846,2010-05-18 14:10:00,16067,United Kingdom,3,3,34,185.3
C561594,2011-07-28 11:22:00,17671,United Kingdom,6,6,104,184.08
C497224,2010-02-07 15:47:00,13798,United Kingdom,16,16,47,183.69
C533108,2010-11-16 11:55:00,12406,Denmark,1,1,24,183.6
C530186,2010-11-02 10:57:00,14292,United Kingdom,1,1,24,183.6
C538350,2010-12-10 15:01:00,13798,United Kingdom,26,26,108,183.6
C508450,2010-05-14 16:31:00,14051,United Kingdom,3,2,32,183.5
C528602,2010-10-22 15:06:00,12749,United Kingdom,15,15,24,183.05
C540164,2011-01-05 12:02:00,14911,EIRE,14,14,101,182.67000000000002
C571893,2011-10-19 14:13:00,13314,United Kingdom,12,12,73,182.43
C515983,2010-07-16 08:17:00,16133,United Kingdom,2,2,17,182.14999999999998
C501655,2010-03-18 13:00:00,13057,United Kingdom,2,2,13,181.34999999999997
C546162,2011-03-10 09:53:00,17404,Sweden,1,1,144,180.0
C552805,2011-05-11 12:34:00,14149,United Kingdom,11,11,86,179.54000000000002
C523352,2010-09-21 16:39:00,16684,United Kingdom,4,4,44,179.4
C538705,2010-12-14 10:33:00,15093,United Kingdom,2,2,17,179.14999999999998
C562188,2011-08-03 12:16:00,12748,United Kingdom,1,1,100,179.0
C570647,2011-10-11 13:09:00,15125,United Kingdom,1,1,100,179.0
C560148,2011-07-15 11:10:00,15769,United Kingdom,1,1,100,179.0
C550672,2011-04-20 10:10:00,12457,Switzerland,1,1,100,179.0
C578368,2011-11-24 11:05:00,16191,United Kingdom,1,1,96,177.60000000000002
C493168,2009-12-22 11:50:00,14258,United Kingdom,1,1,96,177.60000000000002
C531456,2010-11-08 13:22:00,13815,Germany,4,4,20,177.5
C573037,2011-10-27 13:45:00,12471,Germany,8,8,41,176.43
C577832,2011-11-22 10:18:00,18274,United Kingdom,11,11,88,175.92
C519002,2010-08-12 18:43:00,15838,United Kingdom,1,1,118,175.82
C518057,2010-08-04 11:51:00,15873,United Kingdom,3,3,576,175.68
C550024,2011-04-14 11:19:00,13089,United Kingdom,3,3,28,175.4
C514873,2010-07-07 10:26:00,14154,United Kingdom,1,1,16,175.2
C533109,2010-11-16 12:00:00,15093,United Kingdom,1,1,16,175.2
C522067,2010-09-10 16:46:00,13965,United Kingdom,1,1,16,175.2
C535038,2010-11-24 16:46:00,16812,United Kingdom,1,1,16,175.2
C539224,2010-12-16 13:01:00,17377,United Kingdom,1,1,1,175.0
C515793,2010-07-14 16:01:00,15941,United Kingdom,4,4,32,174.4
C510215,2010-05-28 08:17:00,15270,United Kingdom,1,1,32,174.4
C553904,2011-05-19 18:10:00,13081,United Kingdom,2,2,43,174.35
C574019,2011-11-02 12:05:00,12415,Australia,1,1,120,174.0
C505384,2010-04-22 09:18:00,17113,United Kingdom,10,10,92,171.58
C492636,2009-12-17 16:24:00,15498,United Kingdom,3,3,25,169.95
C576108,2011-11-14 10:32:00,15113,United Kingdom,1,1,24,169.92000000000002
C570278,2011-10-10 11:05:00,14534,United Kingdom,1,1,24,169.92000000000002
C511965,2010-06-11 13:34:00,14727,United Kingdom,24,24,376,169.9
C508400,2010-05-14 15:37:00,16067,United Kingdom,4,4,31,168.95
C507456,2010-05-10 10:24:00,12921,United Kingdom,3,3,25,168.75
C545525,2011-03-03 13:11:00,12415,Australia,2,2,110,168.7
C525217,2010-10-04 12:48:00,12768,Korea,10,10,102,168.69
C530832,2010-11-04 13:38:00,15158,United Kingdom,2,2,9,168.36
C546997,2011-03-18 13:32:00,12748,United Kingdom,22,22,224,167.43
C537406,2010-12-06 14:53:00,15502,United Kingdom,4,4,16,167.2
C556678,2011-06-13 17:21:00,13658,United Kingdom,1,1,4,167.0
C506952,2010-05-05 11:37:00,14849,United Kingdom,4,4,96,165.60000000000002
C547958,2011-03-28 15:18:00,15032,United Kingdom,1,1,100,165.0
C577131,2011-11-17 20:01:00,15861,United Kingdom,1,1,1,165.0
C506143,2010-04-27 16:21:00,15856,United Kingdom,2,2,30,163.5
C539632,2010-12-20 15:07:00,17230,United Kingdom,2,2,96,162.24
C509015,2010-05-19 13:36:00,14598,United Kingdom,40,40,165,162.07
C507650,2010-05-10 15:54:00,16735,United Kingdom,4,4,24,162.0
C510202,2010-05-28 07:44:00,16940,United Kingdom,4,4,24,162.0
C507454,2010-05-10 10:19:00,12921,United Kingdom,3,3,24,162.0
C567767,2011-09-22 10:58:00,17460,United Kingdom,7,7,59,159.85000000000002
C542604,2011-01-30 12:35:00,13148,United Kingdom,8,8,64,159.31
C560540,2011-07-19 12:26:00,12415,Australia,57,57,97,158.65
C519035,2010-08-13 11:13:00,16156,United Kingdom,6,6,156,158.51999999999998
C508727,2010-05-18 09:52:00,17617,United Kingdom,2,2,29,158.05
C509419,2010-05-23 12:58:00,14010,United Kingdom,4,4,49,157.05
C549968,2011-04-13 14:24:00,14064,United Kingdom,1,1,432,155.51999999999998
C515092,2010-07-08 11:31:00,14299,United Kingdom,2,2,14,153.29999999999998
C523978,2010-09-26 14:01:00,15093,United Kingdom,1,1,36,153.0
C558722,2011-07-01 14:18:00,12901,United Kingdom,1,1,12,153.0
C521842,2010-09-09 10:50:00,17324,United Kingdom,1,1,36,153.0
C559540,2011-07-10 12:39:00,18024,United Kingdom,1,1,36,153.0
C577040,2011-11-17 13:31:00,15864,United Kingdom,1,1,144,152.64
C544184,2011-02-16 15:47:00,16684,United Kingdom,1,1,144,152.64
C504534,2010-04-14 11:54:00,15061,United Kingdom,1,1,144,152.64
C543381,2011-02-07 15:52:00,15513,United Kingdom,1,1,144,152.64
C514689,2010-07-05 14:39:00,17307,United Kingdom,1,1,144,152.64
C538110,2010-12-09 15:24:00,17307,United Kingdom,1,1,144,152.64
C511833,2010-06-10 17:05:00,16210,United Kingdom,2,2,28,152.6
C512768,2010-06-17 16:35:00,14290,United Kingdom,2,2,28,152.6
C565026,2011-08-31 16:34:00,13694,United Kingdom,1,1,72,151.20000000000002
C517227,2010-07-27 13:16:00,17408,United Kingdom,1,1,72,151.20000000000002
C537413,2010-12-06 15:07:00,14409,United Kingdom,1,1,72,151.20000000000002
C567704,2011-09-22 09:41:00,17716,United Kingdom,9,9,68,150.2
C558095,2011-06-26 13:13:00,15046,United Kingdom,1,1,144,149.76
C556511,2011-06-13 10:42:00,16525,United Kingdom,1,1,144,149.76
C511333,2010-06-08 10:38:00,17677,United Kingdom,1,1,22,148.5
C489459,2009-12-01 10:44:00,17592,United Kingdom,13,13,38,148.3
C489881,2009-12-02 16:20:00,,Nigeria,2,2,47,147.05
C508410,2010-05-14 16:02:00,15485,United Kingdom,4,4,28,147.0
C569636,2011-10-05 12:14:00,12841,United Kingdom,19,19,74,145.95
C490358,2009-12-04 16:51:00,18225,United Kingdom,5,5,17,145.35
C565582,2011-09-05 12:38:00,14156,EIRE,1,1,100,145.0
C507603,2010-05-10 13:40:00,16661,United Kingdom,14,14,89,144.45
C541689,2011-01-20 16:16:00,13090,United Kingdom,1,1,17,144.33
C504843,2010-04-16 15:58:00,17949,United Kingdom,1,1,200,144.0
C503527,2010-04-01 13:13:00,16019,United Kingdom,1,1,200,144.0
C551464,2011-04-28 16:15:00,13085,United Kingdom,7,7,108,143.7
C516912,2010-07-25 11:06:00,14156,EIRE,7,7,50,142.8
C542383,2011-01-27 14:26:00,14299,United Kingdom,1,1,13,142.35
C498557,2010-02-21 11:18:00,14878,United Kingdom,2,2,132,142.2
C508476,2010-05-16 12:09:00,14970,United Kingdom,2,2,26,141.7
C497964,2010-02-15 13:27:00,16544,United Kingdom,1,1,48,141.60000000000002
C536391,2010-12-01 10:24:00,17548,United Kingdom,7,7,132,141.48000000000002
C510756,2010-06-03 12:50:00,15950,United Kingdom,1,1,41,141.45000000000002
C527289,2010-10-15 14:07:00,18018,United Kingdom,4,3,120,141.3
C559019,2011-07-05 13:10:00,14034,United Kingdom,3,3,108,139.8
C494033,2010-01-11 10:56:00,14527,United Kingdom,1,1,4,139.8
C559252,2011-07-07 11:42:00,12980,United Kingdom,1,1,4,139.8
C532343,2010-11-11 16:08:00,14680,United Kingdom,2,2,17,139.64999999999998
C532341,2010-11-11 16:05:00,14680,United Kingdom,2,2,17,139.64999999999998
C504955,2010-04-19 11:58:00,17888,United Kingdom,5,5,42,139.62
C498280,2010-02-17 16:22:00,17511,United Kingdom,26,26,45,139.57
C569655,2011-10-05 12:58:00,14534,United Kingdom,31,30,88,139.13
C519038,2010-08-13 11:17:00,14000,United Kingdom,1,1,20,139.0
C517949,2010-08-03 11:50:00,14113,United Kingdom,1,1,36,137.16
C578371,2011-11-24 11:16:00,14410,United Kingdom,23,23,38,136.85
C528144,2010-10-20 15:56:00,16019,United Kingdom,1,1,16,135.84
C504350,2010-04-13 09:52:00,14156,EIRE,1,1,128,135.68
C507271,2010-05-07 12:41:00,14535,United Kingdom,4,4,20,135.0
C508718,2010-05-17 17:21:00,13478,United Kingdom,5,5,20,135.0
C499774,2010-03-02 13:48:00,17011,United Kingdom,1,1,108,135.0
C527066,2010-10-14 14:03:00,15339,United Kingdom,2,1,36,135.0
C514020,2010-06-30 10:34:00,16104,United Kingdom,5,5,20,135.0
C569410,2011-10-04 09:48:00,13364,United Kingdom,10,10,71,134.96
C550475,2011-04-18 13:59:00,13798,United Kingdom,21,21,62,134.92000000000002
C572228,2011-10-21 14:03:00,15728,United Kingdom,4,4,34,134.8
C568232,2011-09-26 11:27:00,14808,United Kingdom,8,8,32,134.8
C541710,2011-01-21 11:17:00,14320,United Kingdom,11,11,86,134.68
C562728,2011-08-09 09:41:00,12406,Denmark,3,3,9,134.55
C518066,2010-08-04 12:45:00,17841,United Kingdom,3,3,102,134.29999999999998
C523281,2010-09-21 11:46:00,16886,United Kingdom,8,8,48,134.0
C568830,2011-09-29 11:34:00,13725,United Kingdom,10,10,139,133.15
C574955,2011-11-08 09:56:00,15066,United Kingdom,11,11,38,133.0
C533774,2010-11-18 15:53:00,12467,USA,9,9,129,132.8
C531296,2010-11-07 12:02:00,16401,United Kingdom,3,3,72,132.48000000000002
C508216,2010-05-13 14:56:00,13735,United Kingdom,6,6,28,132.2
C549786,2011-04-12 11:58:00,14071,United Kingdom,9,9,95,131.41
C494041,2010-01-11 11:57:00,12533,Germany,8,8,98,131.4
C537656,2010-12-07 16:21:00,15100,United Kingdom,1,1,12,131.39999999999998
C493992,2010-01-10 12:44:00,14685,United Kingdom,1,1,12,131.39999999999998
C510209,2010-05-28 08:03:00,14533,United Kingdom,1,1,12,131.39999999999998
C508726,2010-05-18 09:43:00,15527,United Kingdom,1,1,24,130.8
C516763,2010-07-22 17:02:00,13946,United Kingdom,1,1,24,130.8
C536062,2010-11-30 10:35:00,13102,United Kingdom,1,1,17,130.05
C554533,2011-05-24 17:33:00,16923,United Kingdom,1,1,40,130.0
C542140,2011-01-25 17:33:00,12947,United Kingdom,1,1,2,130.0
C555729,2011-06-06 16:50:00,13552,United Kingdom,7,7,14,129.29
C501536,2010-03-17 13:16:00,17511,United Kingdom,10,10,35,129.18
C491676,2009-12-13 12:09:00,14685,United Kingdom,4,4,37,128.54999999999998
C580263,2011-12-02 12:43:00,12536,France,9,9,129,128.45
C558716,2011-07-01 13:22:00,17888,United Kingdom,13,13,349,128.27
C511815,2010-06-10 16:03:00,16104,United Kingdom,4,4,19,128.25
C508695,2010-05-17 17:01:00,13327,United Kingdom,3,3,19,128.25
C510213,2010-05-28 08:15:00,16485,United Kingdom,5,5,19,128.25
C508684,2010-05-17 16:48:00,13668,United Kingdom,5,5,19,128.25
C574894,2011-11-07 14:43:00,12597,Spain,8,8,49,128.09
C533662,2010-11-18 13:07:00,17377,United Kingdom,1,1,15,127.5
C535309,2010-11-25 14:45:00,14482,United Kingdom,1,1,50,127.5
C498556,2010-02-21 11:16:00,14878,United Kingdom,1,1,120,127.2
C495697,2010-01-26 12:29:00,14527,United Kingdom,6,6,31,126.24999999999999
C525550,2010-10-05 19:31:00,15270,United Kingdom,7,6,126,126.1
C562952,2011-08-11 10:10:00,12749,United Kingdom,20,20,33,125.78
C575082,2011-11-08 13:30:00,12613,Germany,10,10,48,125.4
C525937,2010-10-07 17:16:00,18220,United Kingdom,2,1,74,125.06
C559530,2011-07-10 12:04:00,14808,United Kingdom,1,1,1,125.0
C516013,2010-07-16 09:53:00,16466,United Kingdom,1,1,1,125.0
C562561,2011-08-05 17:13:00,16729,United Kingdom,1,1,1,125.0
C557895,2011-06-23 14:20:00,15834,United Kingdom,1,1,1,125.0
C555889,2011-06-07 16:01:00,13476,United Kingdom,1,1,1,125.0
C556673,2011-06-13 17:08:00,16949,United Kingdom,1,1,1,125.0
C567716,2011-09-22 10:16:00,14543,United Kingdom,7,7,14,125.0
C499751,2010-03-02 11:46:00,17539,United Kingdom,1,1,1,125.0
C562110,2011-08-02 15:46:00,16316,United Kingdom,1,1,1,125.0
C560585,2011-07-19 15:47:00,13941,United Kingdom,1,1,21,124.95
C496314,2010-01-31 12:15:00,17677,United Kingdom,2,2,24,124.80000000000001
C498339,2010-02-18 10:36:00,16544,United Kingdom,2,2,48,124.8
C543661,2011-02-11 10:41:00,12471,Germany,6,6,19,124.8
C509608,2010-05-24 17:39:00,12773,Portugal,6,6,109,124.25
C506310,2010-04-29 10:59:00,12758,Portugal,4,4,64,124.24000000000001
C527748,2010-10-18 16:21:00,14850,United Kingdom,2,1,8,123.6
C525554,2010-10-05 19:49:00,13881,United Kingdom,2,2,29,123.25
C571233,2011-10-14 14:22:00,15856,United Kingdom,2,2,48,122.4
C528587,2010-10-22 14:03:00,13316,United Kingdom,1,1,48,122.4
C536548,2010-12-01 14:33:00,12472,Germany,14,14,40,122.3
C572481,2011-10-24 13:48:00,15632,United Kingdom,9,9,58,122.10000000000001
C530172,2010-11-02 09:59:00,17609,United Kingdom,1,1,74,122.1
C579878,2011-11-30 17:12:00,17340,United Kingdom,10,10,41,121.84
C516754,2010-07-22 16:32:00,13889,United Kingdom,5,5,18,121.5
C508922,2010-05-19 10:59:00,14667,United Kingdom,3,3,18,121.5
C504840,2010-04-16 15:30:00,13694,United Kingdom,1,1,288,120.96
C534838,2010-11-24 13:10:00,16634,United Kingdom,2,2,576,120.96
C547388,2011-03-22 16:07:00,12352,Norway,7,7,63,120.33000000000001
C529098,2010-10-26 13:58:00,15953,United Kingdom,1,1,96,120.0
C533125,2010-11-16 12:42:00,14609,United Kingdom,1,1,2400,120.0
C509380,2010-05-21 15:28:00,17677,United Kingdom,1,1,22,119.9
C508452,2010-05-14 16:33:00,13799,United Kingdom,1,1,22,119.9
C508687,2010-05-17 16:54:00,17677,United Kingdom,1,1,22,119.9
C516712,2010-07-22 12:17:00,14895,United Kingdom,1,1,4,119.8
C559947,2011-07-14 10:27:00,16701,United Kingdom,2,2,68,119.75999999999999
C575921,2011-11-11 17:01:00,12931,United Kingdom,1,1,184,119.6
C506719,2010-05-04 09:10:00,14233,United Kingdom,2,2,24,118.80000000000001
C525940,2010-10-07 17:23:00,15614,United Kingdom,2,2,24,118.80000000000001
C501817,2010-03-19 15:07:00,13415,United Kingdom,12,12,92,118.75
C508325,2010-05-14 11:34:00,12481,Germany,2,2,100,118.5
C503233,2010-03-30 17:03:00,15808,United Kingdom,12,11,24,118.35000000000001
C538690,2010-12-14 09:54:00,13802,United Kingdom,2,2,11,117.45
C503176,2010-03-30 14:03:00,12748,United Kingdom,2,2,31,117.45
C497878,2010-02-14 11:14:00,16711,United Kingdom,2,2,26,117.0
C580832,2011-12-06 11:40:00,12753,Japan,8,8,49,116.92999999999999
C494371,2010-01-13 16:25:00,12681,France,10,10,55,116.62
C574473,2011-11-04 12:05:00,15809,United Kingdom,8,8,50,116.56
C551139,2011-04-26 13:10:00,17061,United Kingdom,2,2,42,116.10000000000001
C554717,2011-05-26 11:04:00,13089,United Kingdom,2,2,21,115.94999999999999
C495319,2010-01-22 15:09:00,17888,United Kingdom,22,22,95,115.49000000000001
C565615,2011-09-05 15:20:00,12683,France,9,9,55,115.47
C542366,2011-01-27 12:54:00,13777,United Kingdom,10,10,43,115.44
C567681,2011-09-21 16:24:00,15433,United Kingdom,12,12,135,115.43
C510816,2010-06-03 19:44:00,16592,United Kingdom,8,8,58,115.1
C547208,2011-03-21 14:39:00,15189,United Kingdom,2,2,15,114.8
C493836,2010-01-07 13:49:00,12839,United Kingdom,5,5,84,114.6
C515570,2010-07-13 12:34:00,17931,United Kingdom,3,3,108,114.47999999999999
C564748,2011-08-30 08:00:00,14911,EIRE,5,5,83,113.73
C513459,2010-06-24 15:49:00,15323,United Kingdom,8,8,49,113.7
C570274,2011-10-10 10:52:00,13113,United Kingdom,2,2,39,113.54999999999998
C513954,2010-06-29 14:32:00,13963,United Kingdom,4,4,7,112.25
C508246,2010-05-14 09:33:00,16118,United Kingdom,2,2,25,111.95
C508764,2010-05-18 12:13:00,14916,United Kingdom,2,2,10,111.3
C501174,2010-03-15 10:55:00,12755,Japan,4,4,48,110.4
C561358,2011-07-26 15:10:00,12626,Germany,3,3,41,110.1
C540392,2011-01-06 18:06:00,12753,Japan,4,4,45,109.8
C579347,2011-11-29 11:47:00,17658,United Kingdom,4,4,94,109.54
C539253,2010-12-16 14:19:00,17188,United Kingdom,1,1,10,109.5
C511653,2010-06-09 14:03:00,16258,United Kingdom,1,1,20,109.0
C515788,2010-07-14 15:50:00,14543,United Kingdom,1,1,20,109.0
C501901,2010-03-21 15:38:00,13798,United Kingdom,9,9,26,108.99
C570099,2011-10-07 12:11:00,13798,United Kingdom,23,20,69,108.65
C514340,2010-07-01 15:01:00,14527,United Kingdom,26,26,44,108.33
C579785,2011-11-30 15:29:00,12584,Italy,5,5,12,108.25
C508729,2010-05-18 10:00:00,16719,United Kingdom,1,1,16,108.0
C511120,2010-06-07 10:50:00,12471,Germany,1,1,6,108.0
C513486,2010-06-24 17:51:00,18286,United Kingdom,3,3,16,108.0
C545724,2011-03-07 11:18:00,14051,United Kingdom,2,2,10,107.9
C505444,2010-04-22 10:57:00,13089,United Kingdom,4,4,168,107.75999999999999
C500733,2010-03-09 16:25:00,13089,United Kingdom,4,4,168,107.75999999999999
C522633,2010-09-16 09:42:00,12748,United Kingdom,8,8,98,107.48
C577196,2011-11-18 11:45:00,16924,United Kingdom,6,6,13,107.25
C511673,2010-06-09 14:50:00,16604,United Kingdom,3,3,60,106.20000000000002
C508526,2010-05-17 10:43:00,13089,United Kingdom,1,1,36,106.2
C527405,2010-10-17 14:35:00,14800,United Kingdom,1,1,100,106.0
C492739,2009-12-18 12:24:00,14607,United Kingdom,1,1,100,106.0
C567685,2011-09-21 16:35:00,16394,United Kingdom,7,7,203,105.42000000000002
C559031,2011-07-05 14:53:00,15985,United Kingdom,1,1,250,105.0
C524831,2010-09-30 17:14:00,15101,United Kingdom,1,1,3,104.85
C553903,2011-05-19 18:08:00,17671,United Kingdom,2,2,9,104.55
C549666,2011-04-11 12:17:00,13113,United Kingdom,19,19,32,104.13
C508761,2010-05-18 12:08:00,15194,United Kingdom,3,3,19,103.55000000000001
C496287,2010-01-29 17:03:00,17603,United Kingdom,3,3,19,103.55000000000001
C508404,2010-05-14 15:42:00,13162,United Kingdom,1,1,19,103.55
C510208,2010-05-28 08:00:00,14113,United Kingdom,1,1,19,103.55
C552049,2011-05-06 10:00:00,17548,United Kingdom,5,5,58,103.3
C507118,2010-05-06 11:38:00,15311,United Kingdom,15,15,35,103.07
C537756,2010-12-08 11:33:00,14952,United Kingdom,3,3,36,103.0
C580966,2011-12-06 14:52:00,16554,United Kingdom,10,10,63,102.45
C536814,2010-12-02 17:03:00,13958,United Kingdom,5,5,23,102.45
C541994,2011-01-25 09:49:00,14113,United Kingdom,1,1,24,102.0
C504549,2010-04-14 12:53:00,17716,United Kingdom,1,1,40,102.0
C575777,2011-11-11 11:15:00,13881,United Kingdom,1,1,40,102.0
C530722,2010-11-04 11:41:00,12770,Japan,1,1,24,102.0
C570854,2011-10-12 14:55:00,15473,United Kingdom,1,1,40,102.0
C570850,2011-10-12 14:44:00,15473,United Kingdom,1,1,40,102.0
C533823,2010-11-19 09:41:00,17621,United Kingdom,1,1,12,102.0
C518347,2010-08-06 14:12:00,16767,United Kingdom,1,1,24,102.0
C557111,2011-06-16 16:27:00,17865,United Kingdom,1,1,12,102.0
C515676,2010-07-14 11:19:00,15885,United Kingdom,1,1,8,102.0
C549191,2011-04-07 10:15:00,16422,United Kingdom,1,1,40,102.0
C539055,2010-12-15 16:36:00,13829,United Kingdom,1,1,12,102.0
C502307,2010-03-24 09:35:00,13694,United Kingdom,1,1,8,102.0
C523158,2010-09-20 15:17:00,16133,United Kingdom,1,1,12,102.0
C560219,2011-07-15 15:22:00,12451,Switzerland,1,1,120,102.0
C548573,2011-04-01 10:45:00,15045,United Kingdom,1,1,8,102.0
C526136,2010-10-08 14:22:00,14885,United Kingdom,1,1,24,102.0
C530971,2010-11-05 09:37:00,12770,Japan,1,1,24,102.0
C570853,2011-10-12 14:54:00,15473,United Kingdom,1,1,40,102.0
C520341,2010-08-25 12:58:00,16019,United Kingdom,1,1,12,102.0
C535281,2010-11-25 14:17:00,13090,United Kingdom,1,1,12,101.88
C514489,2010-07-02 15:09:00,12409,Switzerland,1,1,12,101.88
C557249,2011-06-17 15:34:00,16817,United Kingdom,3,3,10,101.7
C507358,2010-05-07 15:30:00,14527,United Kingdom,3,2,15,101.25
C517619,2010-07-30 11:33:00,17404,Sweden,1,1,240,100.8
C531828,2010-11-09 18:05:00,13599,United Kingdom,1,1,31,100.75
C527025,2010-10-14 11:59:00,12853,United Kingdom,2,2,10,100.64999999999999
C569990,2011-10-06 20:11:00,15505,United Kingdom,1,1,24,99.6
C526728,2010-10-12 17:32:00,14299,United Kingdom,1,1,10,99.5
C558088,2011-06-26 12:08:00,14475,United Kingdom,1,1,10,99.5
C503191,2010-03-30 15:07:00,13694,United Kingdom,1,1,20,99.0
C492541,2009-12-17 13:38:00,16908,United Kingdom,1,1,20,99.0
C581409,2011-12-08 14:08:00,12476,Germany,13,13,23,98.75
C547836,2011-03-27 10:19:00,15465,United Kingdom,1,1,9,98.55
C541222,2011-01-14 14:33:00,14299,United Kingdom,1,1,9,98.55
C580919,2011-12-06 14:07:00,16571,United Kingdom,10,10,27,98.51
C525563,2010-10-05 19:59:00,15736,United Kingdom,3,3,9,98.45
C494604,2010-01-15 12:22:00,12613,Germany,7,7,68,98.35
C507460,2010-05-10 10:48:00,13141,United Kingdom,1,1,18,98.1
C573021,2011-10-27 12:39:00,14911,EIRE,3,3,12,97.89999999999999
C492911,2009-12-21 12:10:00,14505,United Kingdom,1,1,23,97.75
C540837,2011-01-11 15:02:00,14733,United Kingdom,10,10,31,97.22
C574527,2011-11-04 13:58:00,14156,EIRE,1,1,24,96.96
C540937,2011-01-12 12:09:00,14748,United Kingdom,2,2,30,96.9
C489577,2009-12-01 13:38:00,14030,United Kingdom,3,3,52,96.8
C580131,2011-12-01 18:12:00,17576,United Kingdom,3,3,31,96.75
C577388,2011-11-18 16:58:00,14911,EIRE,10,10,23,96.15
C513935,2010-06-29 12:38:00,14040,United Kingdom,4,4,15,96.15
C514846,2010-07-06 16:07:00,13027,United Kingdom,1,1,240,96.0
C510813,2010-06-03 19:22:00,14930,Channel Islands,3,3,3,95.85000000000001
C513483,2010-06-24 17:36:00,13468,United Kingdom,3,3,14,95.8
C531133,2010-11-05 13:58:00,14911,EIRE,2,2,148,95.64
C507590,2010-05-10 13:00:00,12843,United Kingdom,2,2,38,95.5
C506304,2010-04-29 10:43:00,15173,United Kingdom,2,2,12,95.34
C573779,2011-11-01 10:57:00,16360,United Kingdom,7,7,9,95.25
C551017,2011-04-26 11:16:00,17975,United Kingdom,1,1,16,95.2
C564276,2011-08-24 10:53:00,16841,United Kingdom,1,1,16,95.2
C543347,2011-02-07 12:44:00,12472,Germany,15,15,41,94.93
C492013,2009-12-15 11:55:00,13577,United Kingdom,2,2,26,94.86
C549973,2011-04-13 14:30:00,17873,United Kingdom,2,2,48,94.80000000000001
C534014,2010-11-19 14:31:00,12749,United Kingdom,8,8,9,94.78999999999999
C542346,2011-01-27 12:00:00,12709,Germany,8,8,18,94.46
C543760,2011-02-11 15:12:00,15638,United Kingdom,2,2,52,94.0
C531775,2010-11-09 14:42:00,14062,United Kingdom,3,3,75,93.67000000000002
C493065,2009-12-21 16:49:00,14293,United Kingdom,1,1,144,93.6
C566090,2011-09-09 10:32:00,12477,Germany,3,3,28,93.17999999999999
C574291,2011-11-03 15:19:00,15290,United Kingdom,5,5,33,92.79999999999998
C513485,2010-06-24 17:48:00,14895,United Kingdom,1,1,17,92.65
C538891,2010-12-14 16:39:00,16233,United Kingdom,2,2,7,92.64999999999999
C545454,2011-03-02 17:04:00,15189,United Kingdom,2,2,9,92.55
C494992,2010-01-20 12:04:00,14290,United Kingdom,10,10,39,92.53
C540158,2011-01-05 11:42:00,12471,Germany,8,8,36,92.5
C516764,2010-07-22 17:05:00,14199,United Kingdom,1,1,12,91.8
C546645,2011-03-15 13:32:00,15311,United Kingdom,1,1,12,91.8
C506896,2010-05-05 09:22:00,15845,United Kingdom,9,9,35,91.73
C542539,2011-01-28 14:07:00,14229,United Kingdom,2,2,19,91.64999999999999
C516657,2010-07-22 11:28:00,17090,United Kingdom,1,1,24,91.44
C579886,2011-11-30 17:39:00,15676,United Kingdom,12,12,17,91.27
C580165,2011-12-02 11:21:00,12359,Cyprus,4,4,6,91.25
C521818,2010-09-08 15:57:00,12440,Austria,3,3,23,91.05
C510229,2010-05-28 09:34:00,14895,United Kingdom,2,2,9,90.75
C503389,2010-03-31 14:47:00,13676,United Kingdom,2,2,45,90.75
C503166,2010-03-30 13:23:00,17464,United Kingdom,2,2,60,90.6
C499291,2010-02-25 19:32:00,13777,United Kingdom,10,10,25,90.5
C498604,2010-02-21 16:16:00,13081,United Kingdom,11,11,55,90.4
C540030,2011-01-04 13:47:00,16029,United Kingdom,1,1,24,90.0
C530056,2010-11-01 11:21:00,14460,United Kingdom,3,3,72,90.0
C521158,2010-09-02 13:53:00,12414,Austria,7,7,192,90.0
C551195,2011-04-27 11:25:00,13113,United Kingdom,2,2,10,89.9
C498735,2010-02-22 16:03:00,16027,United Kingdom,1,1,6,89.69999999999999
C531811,2010-11-09 16:38:00,13851,United Kingdom,1,1,6,89.69999999999999
C526148,2010-10-08 14:59:00,14258,United Kingdom,1,1,6,89.69999999999999
C533997,2010-11-19 14:14:00,14440,United Kingdom,1,1,6,89.69999999999999
C533090,2010-11-16 10:07:00,14217,United Kingdom,1,1,6,89.69999999999999
C550609,2011-04-19 12:21:00,14502,United Kingdom,1,1,9,89.55
C579864,2011-11-30 16:37:00,12584,Italy,1,1,9,89.55
C510205,2010-05-28 07:56:00,18163,United Kingdom,5,5,22,89.5
C502676,2010-03-26 10:09:00,12615,France,4,4,14,89.3
C543633,2011-02-10 16:24:00,17188,United Kingdom,4,4,17,89.15
C523381,2010-09-21 19:40:00,16080,United Kingdom,2,2,18,89.1
C522473,2010-09-15 10:40:00,16656,United Kingdom,1,1,48,88.80000000000001
C527506,2010-10-18 12:30:00,17841,United Kingdom,1,1,30,88.5
C516883,2010-07-23 14:11:00,14895,United Kingdom,1,1,1,88.5
C567347,2011-09-19 15:54:00,15465,United Kingdom,2,2,11,88.44999999999999
C525936,2010-10-07 17:08:00,17706,United Kingdom,6,6,22,88.4
C490935,2009-12-08 13:54:00,15326,United Kingdom,9,9,15,88.25
C538062,2010-12-09 13:40:00,17702,United Kingdom,5,5,23,88.15
C576248,2011-11-14 13:47:00,16639,United Kingdom,2,2,7,88.13000000000001
C511739,2010-06-10 10:40:00,12682,France,3,3,9,88.1
C510609,2010-06-02 10:31:00,15249,United Kingdom,4,4,13,87.75
C514139,2010-06-30 13:47:00,17611,United Kingdom,1,1,13,87.75
C508456,2010-05-14 16:41:00,14896,United Kingdom,6,6,13,87.75
C543611,2011-02-10 14:38:00,17850,United Kingdom,12,9,37,87.73
C547031,2011-03-20 10:17:00,15465,United Kingdom,1,1,8,87.6
C490739,2009-12-07 17:50:00,16436,United Kingdom,2,2,22,87.3
C535120,2010-11-25 11:30:00,13113,United Kingdom,4,4,10,87.24000000000001
C534729,2010-11-23 18:51:00,17865,United Kingdom,3,3,8,86.6
C527660,2010-10-18 14:23:00,15502,United Kingdom,5,5,13,86.42
C493859,2010-01-07 16:15:00,14911,EIRE,4,4,12,86.2
C551015,2011-04-26 11:06:00,12753,Japan,8,8,33,85.47
C534868,2010-11-24 14:27:00,14175,United Kingdom,5,5,11,85.35000000000001
C536242,2010-11-30 14:39:00,12705,Germany,9,9,41,85.3
C491594,2009-12-11 13:13:00,12921,United Kingdom,6,5,28,85.3
C539575,2010-12-20 12:23:00,13089,United Kingdom,3,3,48,85.2
C520888,2010-08-31 16:53:00,17145,United Kingdom,4,4,26,85.02
C545532,2011-03-03 13:57:00,15257,United Kingdom,1,1,1,85.0
C566820,2011-09-15 11:30:00,17214,United Kingdom,1,1,1,85.0
C551648,2011-05-03 12:02:00,14800,United Kingdom,1,1,10,85.0
C572226,2011-10-21 13:58:00,15321,United Kingdom,10,10,17,84.83
C565284,2011-09-02 11:31:00,12471,Germany,7,7,13,84.71999999999998
C567351,2011-09-19 16:05:00,15251,United Kingdom,5,5,37,84.47999999999999
C527410,2010-10-17 15:02:00,13798,United Kingdom,19,19,54,84.23
C569114,2011-09-30 12:50:00,14911,EIRE,12,12,24,84.2
C542742,2011-01-31 16:26:00,15358,United Kingdom,3,3,112,84.2
C569552,2011-10-04 17:44:00,14533,United Kingdom,1,1,1200,84.00000000000001
C555411,2011-06-03 09:46:00,13069,United Kingdom,1,1,40,84.0
C524695,2010-09-30 12:05:00,14543,United Kingdom,7,7,17,84.0
C543469,2011-02-08 14:55:00,12709,Germany,9,9,12,83.97999999999999
C527878,2010-10-19 11:38:00,,United Kingdom,4,4,20,83.6
C530696,2010-11-04 11:06:00,14199,United Kingdom,1,1,12,83.4
C567682,2011-09-21 16:28:00,17997,United Kingdom,3,3,49,83.35
C559486,2011-07-08 13:51:00,13047,United Kingdom,11,11,14,83.24
C579791,2011-11-30 15:43:00,15969,United Kingdom,1,1,4,83.2
C569113,2011-09-30 12:50:00,13426,United Kingdom,1,1,20,83.0
C517349,2010-07-28 14:28:00,15694,United Kingdom,2,2,8,82.99999999999999
C556268,2011-06-09 19:34:00,13317,United Kingdom,7,7,14,82.9
C498113,2010-02-16 14:32:00,13092,United Kingdom,5,5,37,82.85000000000001
C561703,2011-07-29 11:07:00,12709,Germany,4,4,5,82.53999999999999
C525699,2010-10-06 12:42:00,12931,United Kingdom,1,1,200,82.0
C563600,2011-08-18 06:24:00,14911,EIRE,12,12,43,81.92
C526851,2010-10-13 12:37:00,16775,United Kingdom,1,1,96,81.6
C491723,2009-12-13 16:17:00,14987,United Kingdom,1,1,32,81.6
C580171,2011-12-02 11:42:00,17949,United Kingdom,1,1,24,81.36
C495723,2010-01-26 14:56:00,14037,United Kingdom,1,1,27,81.0
C510207,2010-05-28 07:59:00,,United Kingdom,3,3,12,81.0
C509570,2010-05-24 13:26:00,17115,United Kingdom,1,1,12,81.0
C513484,2010-06-24 17:45:00,12949,United Kingdom,2,2,12,81.0
C524514,2010-09-29 13:04:00,14049,United Kingdom,1,1,12,81.0
C521981,2010-09-10 09:46:00,12615,France,3,3,7,80.85
C521164,2010-09-02 14:33:00,17867,United Kingdom,16,16,27,80.8
C552841,2011-05-11 14:28:00,15827,United Kingdom,6,6,9,80.75
C548355,2011-03-30 15:06:00,12921,United Kingdom,5,5,31,80.55000000000001
C551511,2011-04-28 19:49:00,14311,United Kingdom,7,7,21,80.55
C574259,2011-11-03 13:52:00,15521,United Kingdom,1,1,45,80.55
C577722,2011-11-21 12:35:00,14607,United Kingdom,1,1,8,80.0
C516448,2010-07-20 12:51:00,13107,United Kingdom,4,4,38,80.0
C498598,2010-02-21 16:06:00,15538,United Kingdom,1,1,1,79.95
C528626,2010-10-24 11:04:00,14800,United Kingdom,1,1,1,79.95
C516598,2010-07-21 14:04:00,13895,United Kingdom,1,1,1,79.95
C495088,2010-01-21 10:46:00,17675,United Kingdom,1,1,1,79.95
C506530,2010-04-30 11:06:00,16133,United Kingdom,1,1,1,79.95
C551180,2011-04-26 17:32:00,14586,United Kingdom,6,6,160,79.92
C502305,2010-03-24 09:34:00,14195,United Kingdom,2,1,94,79.9
C520036,2010-08-23 13:23:00,14527,United Kingdom,1,1,2,79.9
C556638,2011-06-13 15:35:00,14231,United Kingdom,1,1,2,79.9
C507044,2010-05-05 17:18:00,13969,United Kingdom,1,1,2,79.9
C505386,2010-04-22 09:25:00,13407,United Kingdom,2,2,54,79.86
C519736,2010-08-20 09:25:00,14064,United Kingdom,3,3,60,79.8
C542537,2011-01-28 13:54:00,12501,Germany,11,11,61,79.71000000000001
C534931,2010-11-24 15:23:00,18062,United Kingdom,1,1,8,79.6
C517476,2010-07-29 12:08:00,14608,United Kingdom,1,1,10,79.5
C494927,2010-01-20 10:28:00,15100,United Kingdom,1,1,10,79.5
C560903,2011-07-21 17:47:00,18198,United Kingdom,1,1,75,79.5
C491446,2009-12-11 10:47:00,14191,United Kingdom,2,2,10,79.5
C541863,2011-01-23 16:08:00,13798,United Kingdom,17,15,44,79.44999999999999
C501433,2010-03-16 13:11:00,15311,United Kingdom,11,11,32,79.4
C569992,2011-10-06 20:18:00,16133,United Kingdom,1,1,48,79.19999999999999
C522843,2010-09-17 10:55:00,13317,United Kingdom,7,7,15,79.05
C579266,2011-11-29 09:25:00,15621,United Kingdom,1,1,24,78.96000000000001
C526482,2010-10-11 17:29:00,13089,United Kingdom,2,2,14,78.89999999999999
C522613,2010-09-15 14:44:00,17589,United Kingdom,7,7,17,78.5
C490746,2009-12-07 18:09:00,14013,United Kingdom,4,4,9,78.35
C575159,2011-11-08 16:21:00,15513,United Kingdom,3,3,18,78.3
C492402,2009-12-16 15:39:00,12359,Cyprus,2,2,212,78.2
C571637,2011-10-18 11:55:00,14688,United Kingdom,3,3,42,78.16000000000001
C503970,2010-04-08 17:32:00,15311,United Kingdom,9,9,31,78.15
C572855,2011-10-26 12:28:00,15215,United Kingdom,5,5,10,78.15
C527643,2010-10-18 13:52:00,12457,Switzerland,3,3,8,78.15
C580918,2011-12-06 14:01:00,16779,United Kingdom,1,1,24,78.0
C565425,2011-09-04 12:40:00,15561,United Kingdom,4,4,11,77.85
C569987,2011-10-06 19:54:00,18194,United Kingdom,2,2,184,77.84
C501934,2010-03-22 11:42:00,15523,United Kingdom,5,5,16,77.55
C519491,2010-08-17 13:56:00,17850,United Kingdom,8,7,34,77.42
C499243,2010-02-25 13:29:00,13240,United Kingdom,1,1,13,77.35000000000001
C514011,2010-06-30 10:18:00,14911,EIRE,3,3,15,77.25
C553906,2011-05-19 18:13:00,16554,United Kingdom,10,10,26,77.2
C554330,2011-05-23 17:08:00,12749,United Kingdom,11,11,14,77.0
C520897,2010-08-31 17:44:00,16658,United Kingdom,8,8,28,77.0
C543818,2011-02-13 15:45:00,16897,United Kingdom,7,7,15,76.75
C569996,2011-10-06 20:38:00,15322,United Kingdom,7,6,51,76.71
C545671,2011-03-06 10:08:00,15465,United Kingdom,1,1,7,76.64999999999999
C508354,2010-05-14 12:35:00,18260,United Kingdom,1,1,7,76.64999999999999
C539260,2010-12-16 14:32:00,15100,United Kingdom,1,1,7,76.64999999999999
C544507,2011-02-21 11:46:00,17865,United Kingdom,1,1,7,76.64999999999999
C507607,2010-05-10 13:50:00,17353,United Kingdom,1,1,30,76.5
C533371,2010-11-17 10:31:00,17965,United Kingdom,3,3,18,76.5
C530736,2010-11-04 11:50:00,13692,United Kingdom,1,1,10,76.5
C528393,2010-10-21 18:47:00,14911,EIRE,1,1,6,76.5
C510244,2010-05-28 10:15:00,13929,United Kingdom,1,1,6,76.5
C580970,2011-12-06 15:01:00,15814,United Kingdom,1,1,6,76.5
C527567,2010-10-18 13:33:00,17457,United Kingdom,1,1,18,76.5
C574558,2011-11-04 15:48:00,15187,United Kingdom,1,1,6,76.5
C490995,2009-12-08 17:16:00,18252,United Kingdom,1,1,6,76.5
C521789,2010-09-08 13:01:00,16027,United Kingdom,1,1,72,76.32000000000001
C528406,2010-10-22 09:09:00,17829,United Arab Emirates,1,1,72,76.32000000000001
C559908,2011-07-13 13:56:00,14088,United Kingdom,1,1,72,76.32000000000001
C500841,2010-03-10 12:11:00,13413,United Kingdom,1,1,72,76.32000000000001
C537602,2010-12-07 12:45:00,17511,United Kingdom,14,14,18,76.32
C545516,2011-03-03 12:11:00,14276,United Kingdom,8,8,12,76.30000000000001
C573502,2011-10-31 12:02:00,14808,United Kingdom,8,8,22,76.30000000000001
C508454,2010-05-14 16:37:00,13078,United Kingdom,1,1,14,76.3
C508146,2010-05-13 11:18:00,16550,United Kingdom,1,1,14,76.3
C527647,2010-10-18 13:54:00,15281,United Kingdom,5,5,28,75.95
C498408,2010-02-18 16:11:00,17311,United Kingdom,2,2,46,75.9
C566165,2011-09-09 11:57:00,14911,EIRE,4,4,11,75.85
C572463,2011-10-24 13:07:00,17652,United Kingdom,3,3,7,75.65
C537611,2010-12-07 13:25:00,17675,United Kingdom,1,1,36,75.60000000000001
C515302,2010-07-09 15:46:00,17865,United Kingdom,1,1,36,75.60000000000001
C537024,2010-12-03 16:21:00,13941,United Kingdom,1,1,36,75.60000000000001
C508406,2010-05-14 15:50:00,13417,United Kingdom,5,5,24,75.6
C535804,2010-11-28 15:02:00,17987,United Kingdom,3,3,136,75.52
C550365,2011-04-18 11:31:00,12731,France,1,1,60,75.0
C568694,2011-09-28 14:55:00,16321,Australia,2,2,36,75.0
C527024,2010-10-14 11:57:00,15291,United Kingdom,1,1,5,74.75
C489636,2009-12-01 15:34:00,17345,United Kingdom,11,11,35,74.6
C539057,2010-12-15 16:40:00,18230,United Kingdom,1,1,11,74.25
C513944,2010-06-29 13:14:00,16858,United Kingdom,4,4,11,74.25
C508740,2010-05-18 11:27:00,17338,United Kingdom,2,2,11,74.25
C510220,2010-05-28 08:33:00,14894,United Kingdom,2,2,11,74.25
C522448,2010-09-14 14:47:00,12733,USA,4,4,8,74.2
C548576,2011-04-01 10:46:00,15696,United Kingdom,3,3,3,74.15
C547798,2011-03-25 12:43:00,17204,United Kingdom,3,3,26,74.10000000000001
C492926,2009-12-21 12:16:00,13641,United Kingdom,3,3,9,74.1
C525954,2010-10-07 19:27:00,12472,Germany,12,12,39,74.09
C501436,2010-03-16 13:20:00,12703,Germany,6,6,50,74.0
C576968,2011-11-17 11:51:00,13668,United Kingdom,9,9,78,73.87
C507599,2010-05-10 13:26:00,13136,United Kingdom,10,10,46,73.78
C524707,2010-09-30 12:36:00,12598,France,1,1,25,73.75
C492201,2009-12-15 16:15:00,14062,United Kingdom,1,1,25,73.75
C556277,2011-06-09 19:52:00,12980,United Kingdom,2,2,3,73.29
C581145,2011-12-07 13:48:00,17490,United Kingdom,3,3,59,73.21000000000001
C516894,2010-07-23 15:16:00,12963,United Kingdom,6,6,24,73.20000000000002
C576216,2011-11-14 12:56:00,12584,Italy,6,6,14,73.2
C515976,2010-07-16 08:05:00,14175,United Kingdom,5,5,11,72.85
C506733,2010-05-04 10:16:00,14634,United Kingdom,4,4,16,72.72
C518598,2010-08-10 12:30:00,16565,United Kingdom,2,2,20,72.6
C498302,2010-02-18 09:26:00,16705,United Kingdom,1,1,50,72.5
C520975,2010-09-01 12:52:00,14156,EIRE,1,1,50,72.5
C517563,2010-07-30 07:49:00,13881,United Kingdom,1,1,50,72.5
C546978,2011-03-18 12:15:00,17857,United Kingdom,1,1,50,72.5
C577614,2011-11-21 10:18:00,17888,United Kingdom,1,1,200,72.0
C508738,2010-05-18 11:04:00,18223,United Kingdom,3,3,12,71.9
C514848,2010-07-06 16:10:00,12709,Germany,3,3,10,71.7
C504460,2010-04-13 16:14:00,16735,United Kingdom,2,2,48,71.52
C491460,2009-12-11 11:31:00,15162,United Kingdom,4,4,8,71.4
C501355,2010-03-16 10:54:00,15057,United Kingdom,1,1,12,71.4
C573147,2011-10-27 19:00:00,15125,United Kingdom,1,1,12,71.4
C540007,2011-01-04 11:08:00,15379,United Kingdom,2,2,12,71.4
C541897,2011-01-24 11:30:00,15039,United Kingdom,1,1,12,71.4
C504468,2010-04-13 17:40:00,15329,United Kingdom,6,6,25,71.35
C526456,2010-10-11 15:45:00,17755,United Kingdom,9,9,29,71.23
C528984,2010-10-26 11:04:00,18247,United Kingdom,4,4,17,71.05000000000001
C491003,2009-12-08 17:34:00,17340,United Kingdom,6,5,16,70.9
C507656,2010-05-10 16:26:00,15144,United Kingdom,1,1,13,70.85000000000001
C517884,2010-08-03 08:36:00,15704,United Kingdom,1,1,24,70.80000000000001
C555529,2011-06-05 11:45:00,16923,United Kingdom,1,1,24,70.80000000000001
C500887,2010-03-10 15:30:00,15558,United Kingdom,1,1,24,70.80000000000001
C530910,2010-11-04 15:56:00,16732,United Kingdom,4,4,24,70.80000000000001
C529568,2010-10-28 18:40:00,16713,United Kingdom,4,4,8,70.69999999999999
C546217,2011-03-10 12:04:00,14057,United Kingdom,7,7,168,70.56
C545828,2011-03-07 13:05:00,15189,United Kingdom,3,3,8,69.89999999999999
C575150,2011-11-08 16:05:00,12471,Germany,7,7,35,69.85
C539956,2010-12-23 12:55:00,12980,United Kingdom,1,1,15,69.75
C519467,2010-08-17 11:49:00,16841,United Kingdom,1,1,17,69.69999999999999
C532405,2010-11-11 19:37:00,16705,United Kingdom,1,1,48,69.6
C534677,2010-11-23 14:36:00,13089,United Kingdom,1,1,48,69.6
C519340,2010-08-16 11:54:00,15061,United Kingdom,1,1,48,69.6
C517818,2010-08-02 12:18:00,13694,United Kingdom,1,1,48,69.6
C515186,2010-07-09 09:29:00,13802,United Kingdom,2,2,7,69.44999999999999
C491521,2009-12-11 12:29:00,14895,United Kingdom,4,4,6,69.30000000000001
C564945,2011-08-31 13:26:00,16652,United Kingdom,2,2,11,68.56
C499008,2010-02-24 11:56:00,12907,United Kingdom,4,4,13,68.55000000000001
C572109,2011-10-20 18:24:00,13350,United Kingdom,3,3,3,68.4
C574261,2011-11-03 14:00:00,12683,France,6,6,22,68.26
C509391,2010-05-23 10:43:00,17769,United Kingdom,7,7,38,68.09
C558405,2011-06-29 10:30:00,13881,United Kingdom,1,1,16,68.0
C513185,2010-06-22 13:27:00,14646,Netherlands,2,2,8,68.0
C526742,2010-10-12 18:17:00,13881,United Kingdom,1,1,8,68.0
C543375,2011-02-07 15:09:00,16321,Australia,2,2,21,67.95
C525939,2010-10-07 17:21:00,13015,United Kingdom,5,5,60,67.8
C539569,2010-12-20 12:01:00,17204,United Kingdom,3,3,20,67.7
C498115,2010-02-16 14:35:00,13304,United Kingdom,5,5,7,67.65
C507651,2010-05-10 15:56:00,14735,United Kingdom,3,3,10,67.5
C531001,2010-11-05 11:32:00,17404,Sweden,1,1,10,67.5
C491002,2009-12-08 17:32:00,16853,United Kingdom,2,2,10,67.5
C539058,2010-12-15 16:42:00,17633,United Kingdom,1,1,10,67.5
C512322,2010-06-15 09:33:00,12843,United Kingdom,1,1,10,67.5
C575662,2011-11-10 14:48:00,13767,United Kingdom,2,2,6,67.5
C523975,2010-09-26 14:00:00,13093,United Kingdom,1,1,10,67.5
C525932,2010-10-07 16:58:00,14534,United Kingdom,1,1,10,67.5
C490700,2009-12-07 14:37:00,14695,United Kingdom,9,9,54,67.5
C568138,2011-09-25 10:43:00,16689,United Kingdom,2,2,18,67.5
C508725,2010-05-18 09:33:00,13000,United Kingdom,3,3,10,67.5
C499160,2010-02-24 16:59:00,15984,United Kingdom,1,1,10,67.5
C510201,2010-05-28 07:41:00,16717,United Kingdom,1,1,10,67.5
C493190,2009-12-22 13:08:00,15581,United Kingdom,25,24,31,67.49
C526143,2010-10-08 14:46:00,16554,United Kingdom,10,10,35,67.45
C526670,2010-10-12 15:58:00,13541,United Kingdom,2,2,13,67.35000000000001
C567955,2011-09-23 08:52:00,17428,United Kingdom,2,2,11,67.25
C503207,2010-03-30 15:53:00,14740,United Kingdom,3,3,16,67.2
C494486,2010-01-14 17:02:00,16858,United Kingdom,3,3,28,67.2
C539287,2010-12-16 16:24:00,17655,United Kingdom,2,2,160,67.2
C514229,2010-07-01 10:33:00,15581,United Kingdom,4,4,16,67.2
C564955,2011-08-31 13:39:00,15786,United Kingdom,9,9,28,67.2
C523151,2010-09-20 14:56:00,16754,United Kingdom,1,1,192,67.19999999999999
C536256,2010-11-30 15:08:00,16355,United Kingdom,2,2,34,67.15
C506890,2010-05-05 08:57:00,14634,United Kingdom,4,4,16,66.72
C544655,2011-02-22 12:57:00,13113,United Kingdom,5,5,13,66.33
C564903,2011-08-31 12:05:00,16984,United Kingdom,9,9,12,66.28
C578367,2011-11-24 11:00:00,14640,United Kingdom,4,4,52,66.28
C498520,2010-02-19 13:13:00,15240,United Kingdom,4,4,33,66.27
C577159,2011-11-18 09:58:00,15406,United Kingdom,4,4,15,66.25
C571285,2011-10-16 14:26:00,16533,United Kingdom,3,3,96,66.12
C500865,2010-03-10 13:00:00,14680,United Kingdom,2,1,120,66.0
C578257,2011-11-23 13:00:00,17809,United Kingdom,1,1,40,66.0
C575004,2011-11-08 11:17:00,13587,United Kingdom,2,2,8,66.0
C558422,2011-06-29 11:54:00,16779,United Kingdom,3,3,41,65.97
C514968,2010-07-07 12:25:00,16554,United Kingdom,3,3,8,65.8
C523991,2010-09-26 14:26:00,13089,United Kingdom,1,1,6,65.69999999999999
C524995,2010-10-01 16:44:00,15093,United Kingdom,1,1,6,65.69999999999999
C507602,2010-05-10 13:31:00,15633,United Kingdom,1,1,6,65.69999999999999
C503998,2010-04-09 11:35:00,15367,United Kingdom,1,1,6,65.69999999999999
C533347,2010-11-17 09:15:00,15100,United Kingdom,1,1,6,65.69999999999999
C541654,2011-01-20 11:53:00,12540,Spain,1,1,6,65.69999999999999
C524392,2010-09-28 18:29:00,13599,United Kingdom,2,2,36,65.47
C510210,2010-05-28 08:04:00,13408,United Kingdom,1,1,12,65.4
C579172,2011-11-28 14:31:00,17811,United Kingdom,1,1,12,65.4
C557269,2011-06-19 11:27:00,13097,United Kingdom,7,7,15,65.35
C546901,2011-03-17 18:29:00,14112,United Kingdom,7,7,18,65.3
C577786,2011-11-21 16:27:00,13246,United Kingdom,2,2,50,65.2
C504129,2010-04-11 11:00:00,14401,United Kingdom,2,2,18,65.10000000000001
C569891,2011-10-06 15:46:00,13924,United Kingdom,8,8,19,65.09
C525555,2010-10-05 19:50:00,14676,United Kingdom,4,4,45,65.05
C558091,2011-06-26 12:52:00,14808,United Kingdom,1,1,1,65.0
C572059,2011-10-20 12:45:00,17346,United Kingdom,3,3,18,64.98
C543819,2011-02-13 16:04:00,16928,United Kingdom,3,3,19,64.85
C558327,2011-06-28 12:04:00,17900,United Kingdom,3,3,48,64.8
C502311,2010-03-24 09:43:00,13659,United Kingdom,4,4,4,64.8
C580312,2011-12-02 15:09:00,13969,United Kingdom,6,6,58,64.69999999999999
C511819,2010-06-10 16:16:00,14168,United Kingdom,2,2,9,64.55
C518682,2010-08-10 17:27:00,17799,United Kingdom,3,3,8,64.5
C514980,2010-07-07 13:39:00,14530,United Kingdom,1,1,6,64.5
C538530,2010-12-13 10:26:00,14796,United Kingdom,1,1,33,64.35
C538081,2010-12-09 14:29:00,16898,United Kingdom,1,1,33,64.35
C512326,2010-06-15 09:51:00,16001,United Kingdom,10,10,32,64.33
C540246,2011-01-05 15:43:00,13081,United Kingdom,15,15,16,64.15
C576785,2011-11-16 13:51:00,14109,United Kingdom,5,5,32,64.0
C495170,2010-01-21 12:45:00,13148,United Kingdom,12,12,23,63.970000000000006
C563375,2011-08-16 10:27:00,14911,EIRE,4,4,15,63.94
C566953,2011-09-15 16:37:00,15804,United Kingdom,3,3,29,63.790000000000006
C569975,2011-10-06 19:25:00,14333,United Kingdom,4,4,6,63.75
C508928,2010-05-19 11:26:00,13164,United Kingdom,1,1,5,63.75
C532676,2010-11-14 12:06:00,,United Kingdom,1,1,15,63.75
C499265,2010-02-25 15:40:00,17032,United Kingdom,1,1,5,63.75
C495175,2010-01-21 13:15:00,14527,United Kingdom,10,10,11,63.64
C499385,2010-02-26 12:12:00,14258,United Kingdom,1,1,10,63.5
C513749,2010-06-28 12:37:00,12472,Germany,17,17,37,63.25
C562773,2011-08-09 12:18:00,17841,United Kingdom,6,6,8,63.2
C530267,2010-11-02 11:46:00,16455,United Kingdom,2,2,42,62.7
C556656,2011-06-13 16:21:00,13148,United Kingdom,5,5,12,62.699999999999996
C528358,2010-10-21 15:08:00,12471,Germany,3,3,7,62.650000000000006
C580174,2011-12-02 11:45:00,14126,United Kingdom,1,1,50,62.5
C500003,2010-03-04 09:42:00,16422,United Kingdom,1,1,96,62.400000000000006
C574512,2011-11-04 13:28:00,12577,France,1,1,6,62.400000000000006
C491156,2009-12-10 09:54:00,15523,United Kingdom,3,3,7,62.4
C524352,2010-09-28 16:45:00,15694,United Kingdom,3,3,6,62.4
C541735,2011-01-21 11:35:00,12626,Germany,6,6,19,62.25
C494494,2010-01-14 17:29:00,13338,United Kingdom,8,8,11,62.2
C540634,2011-01-10 12:02:00,13672,United Kingdom,3,3,19,62.13
C543744,2011-02-11 13:43:00,13672,United Kingdom,3,3,19,62.13
C543745,2011-02-11 13:46:00,13672,United Kingdom,3,3,19,62.13
C552849,2011-05-11 14:52:00,14367,United Kingdom,3,3,21,61.95000000000001
C498201,2010-02-17 13:08:00,15244,United Kingdom,2,2,2,61.900000000000006
C491827,2009-12-14 14:12:00,14911,EIRE,5,5,28,61.9
C542402,2011-01-27 16:05:00,16124,United Kingdom,5,5,7,61.849999999999994
C513588,2010-06-27 10:43:00,15580,United Kingdom,11,11,20,61.65
C501914,2010-03-22 09:40:00,13151,United Kingdom,5,5,5,61.55
C553033,2011-05-12 19:50:00,13883,United Kingdom,5,5,47,61.53
C517716,2010-08-01 11:23:00,15039,United Kingdom,1,1,96,61.44
C570889,2011-10-13 10:49:00,13954,United Kingdom,5,5,9,61.33
C505546,2010-04-22 18:38:00,16525,United Kingdom,1,1,8,61.2
C510362,2010-05-28 16:29:00,14031,United Kingdom,1,1,8,61.2
C512252,2010-06-14 12:47:00,18020,United Kingdom,2,2,24,61.2
C513989,2010-06-30 08:33:00,16153,United Kingdom,1,1,24,61.2
C580912,2011-12-06 13:37:00,12989,United Kingdom,1,1,24,61.2
C557882,2011-06-23 13:23:00,15061,United Kingdom,1,1,72,61.2
C566007,2011-09-08 12:03:00,16076,United Kingdom,2,1,72,61.199999999999996
C493833,2010-01-07 13:30:00,15785,United Kingdom,2,2,7,61.190000000000005
C542910,2011-02-01 15:38:00,17511,United Kingdom,11,11,15,61.099999999999994
C569991,2011-10-06 20:15:00,14501,United Kingdom,2,2,42,60.9
C571127,2011-10-14 10:01:00,12583,France,1,1,36,60.84
C491052,2009-12-09 10:47:00,12472,Germany,3,3,26,60.78
C508411,2010-05-14 16:07:00,16166,United Kingdom,2,2,9,60.75
C508392,2010-05-14 14:45:00,13050,United Kingdom,2,2,9,60.75
C508414,2010-05-14 16:10:00,13081,United Kingdom,2,2,9,60.75
C515974,2010-07-16 08:00:00,13317,United Kingdom,4,4,9,60.75
C516971,2010-07-26 10:31:00,14422,United Kingdom,2,2,6,60.7
C533117,2010-11-16 12:30:00,14299,United Kingdom,3,2,6,60.699999999999996
C525463,2010-10-05 14:50:00,12425,Portugal,4,4,44,60.6
C579090,2011-11-28 10:48:00,12427,Germany,1,1,288,60.48
C522818,2010-09-16 19:58:00,18041,United Kingdom,1,1,288,60.48
C523402,2010-09-21 20:24:00,15291,United Kingdom,1,1,288,60.48
C571009,2011-10-13 12:12:00,12612,Germany,2,2,11,60.45
C515978,2010-07-16 08:09:00,12749,United Kingdom,4,4,6,60.4
C546131,2011-03-09 15:08:00,16057,United Kingdom,8,8,13,60.35
C526653,2010-10-12 14:10:00,15046,United Kingdom,2,2,26,60.3
C581235,2011-12-08 10:34:00,15950,United Kingdom,5,5,7,60.25
C572529,2011-10-24 15:52:00,17675,United Kingdom,3,3,24,60.18000000000001
C540400,2011-01-07 09:25:00,16150,United Kingdom,4,4,11,60.05
C548941,2011-04-05 10:32:00,15061,United Kingdom,1,1,48,60.0
C559351,2011-07-07 17:42:00,13408,United Kingdom,1,1,48,60.0
C530398,2010-11-02 17:32:00,17858,United Kingdom,1,1,2,60.0
C490117,2009-12-03 17:38:00,16570,United Kingdom,1,1,48,60.0
C538718,2010-12-14 11:10:00,15602,United Kingdom,1,1,48,60.0
C540843,2011-01-11 16:21:00,15602,United Kingdom,1,1,48,60.0
C510829,2010-06-03 20:07:00,13694,United Kingdom,1,1,48,60.0
C573767,2011-11-01 10:01:00,13882,United Kingdom,1,1,3,59.85
C513411,2010-06-24 12:12:00,16191,United Kingdom,1,1,4,59.8
C559803,2011-07-12 13:49:00,16701,United Kingdom,1,1,72,59.76
C510242,2010-05-28 10:08:00,13929,United Kingdom,1,1,6,59.7
C530399,2010-11-02 17:45:00,17170,United Kingdom,1,1,6,59.7
C546641,2011-03-15 13:01:00,13451,United Kingdom,1,1,6,59.7
C517637,2010-07-30 12:50:00,13004,United Kingdom,2,2,6,59.699999999999996
C494593,2010-01-15 12:11:00,15326,United Kingdom,4,4,11,59.65
C534789,2010-11-24 11:31:00,16554,United Kingdom,6,6,20,59.6
C558097,2011-06-26 13:29:00,15532,United Kingdom,6,5,8,59.599999999999994
C523147,2010-09-20 14:43:00,17457,United Kingdom,1,1,14,59.5
C490532,2009-12-06 16:02:00,15691,United Kingdom,1,1,10,59.5
C500011,2010-03-04 10:14:00,18087,United Kingdom,1,1,10,59.5
C536258,2010-11-30 15:11:00,14507,United Kingdom,1,1,10,59.5
C543368,2011-02-07 14:46:00,18245,United Kingdom,2,2,7,59.5
C494491,2010-01-14 17:20:00,17675,United Kingdom,5,5,18,59.45
C491166,2009-12-10 11:00:00,12437,France,4,4,15,59.45
C491410,2009-12-10 18:50:00,12437,France,4,4,15,59.45
C577509,2011-11-20 12:46:00,13118,United Kingdom,1,1,12,59.400000000000006
C520338,2010-08-25 12:43:00,13520,Switzerland,2,2,36,59.400000000000006
C502461,2010-03-24 14:33:00,15607,United Kingdom,2,2,12,59.400000000000006
C492821,2009-12-20 14:44:00,14404,United Kingdom,1,1,12,59.400000000000006
C521000,2010-09-01 13:43:00,16103,United Kingdom,1,1,12,59.400000000000006
C532372,2010-11-11 17:56:00,14981,United Kingdom,2,2,12,59.400000000000006
C507609,2010-05-10 13:51:00,16286,United Kingdom,1,1,12,59.400000000000006
C531179,2010-11-05 14:56:00,15796,United Kingdom,2,2,12,59.400000000000006
C535489,2010-11-26 14:51:00,17841,United Kingdom,1,1,12,59.400000000000006
C525530,2010-10-05 19:03:00,12975,United Kingdom,3,3,4,59.4
C569032,2011-09-30 10:40:00,15061,United Kingdom,1,1,36,59.4
C526116,2010-10-08 13:21:00,13014,United Kingdom,3,3,10,59.4
C523632,2010-09-23 11:34:00,16383,United Kingdom,4,4,7,59.05
C505395,2010-04-22 09:46:00,13081,United Kingdom,11,11,26,59.04
C520415,2010-08-26 09:41:00,17339,United Kingdom,1,1,20,59.0
C534803,2010-11-24 12:20:00,17019,United Kingdom,1,1,20,59.0
C510437,2010-05-30 14:10:00,15916,United Kingdom,5,5,9,58.95
C509872,2010-05-26 11:09:00,14025,United Kingdom,1,1,8,58.8
C508343,2010-05-14 12:20:00,14195,United Kingdom,1,1,69,58.65
C495502,2010-01-25 12:35:00,12644,Germany,11,11,22,58.4
C517706,2010-08-01 10:04:00,12843,United Kingdom,1,1,55,58.3
C536234,2010-11-30 14:16:00,17422,United Kingdom,5,5,11,58.25
C497162,2010-02-05 16:42:00,18225,United Kingdom,3,3,8,58.2
C521233,2010-09-03 11:17:00,13093,United Kingdom,5,5,7,58.15
C564655,2011-08-26 14:35:00,13159,United Kingdom,1,1,14,58.10000000000001
C502741,2010-03-26 12:24:00,13252,United Kingdom,3,3,6,58.0
C533775,2010-11-18 16:05:00,17977,United Kingdom,2,2,30,57.900000000000006
C558726,2011-07-01 14:32:00,16422,United Kingdom,1,1,1,57.6
C559739,2011-07-12 11:07:00,16422,United Kingdom,1,1,1,57.6
C540142,2011-01-05 10:50:00,12782,Portugal,4,4,16,57.6
C557624,2011-06-21 14:22:00,16422,United Kingdom,1,1,1,57.6
C529185,2010-10-26 18:41:00,17597,United Kingdom,5,5,9,57.55
C548667,2011-04-01 15:00:00,12781,Czech Republic,2,2,39,57.51
C577151,2011-11-18 09:50:00,12781,Czech Republic,2,2,39,57.51
C570012,2011-10-07 09:53:00,15344,United Kingdom,5,5,8,57.459999999999994
C517821,2010-08-02 12:30:00,13113,United Kingdom,4,4,7,57.39
C579904,2011-12-01 08:43:00,17049,United Kingdom,3,3,6,57.3
C517897,2010-08-03 09:08:00,15658,United Kingdom,5,5,13,57.230000000000004
C502460,2010-03-24 14:29:00,14156,EIRE,2,2,82,57.120000000000005
C530979,2010-11-05 10:42:00,17276,United Kingdom,3,3,5,57.050000000000004
C493535,2010-01-04 15:25:00,17841,United Kingdom,9,9,10,56.99
C521007,2010-09-01 14:22:00,17602,United Kingdom,2,2,3,56.95
C539866,2010-12-23 10:20:00,12427,Germany,3,3,9,56.95
C514549,2010-07-05 10:58:00,16684,United Kingdom,4,4,34,56.760000000000005
C562582,2011-08-07 13:53:00,15640,United Kingdom,8,8,32,56.67
C493808,2010-01-07 11:34:00,13855,United Kingdom,4,4,14,56.400000000000006
C526111,2010-10-08 13:14:00,14322,United Kingdom,2,2,13,56.349999999999994
C540942,2011-01-12 12:30:00,13113,United Kingdom,3,3,6,56.239999999999995
C518363,2010-08-06 16:36:00,14644,United Kingdom,3,3,5,56.15
C545569,2011-03-03 16:25:00,14239,United Kingdom,3,3,6,56.1
C503249,2010-03-31 10:24:00,12533,Germany,5,5,20,56.099999999999994
C540243,2011-01-05 15:32:00,12585,Germany,9,9,20,56.04
C531845,2010-11-10 09:36:00,16839,United Kingdom,2,2,6,55.9
C505010,2010-04-19 13:08:00,17802,United Kingdom,7,7,10,55.88
C566084,2011-09-09 10:11:00,12621,Germany,5,5,17,55.85000000000001
C536212,2010-11-30 13:32:00,15611,United Kingdom,1,1,12,55.8
C542832,2011-02-01 11:28:00,15694,United Kingdom,1,1,12,55.8
C504180,2010-04-12 08:55:00,16019,United Kingdom,3,3,27,55.65
C542245,2011-01-26 15:06:00,13098,United Kingdom,8,8,13,55.6
C543603,2011-02-10 13:40:00,15570,United Kingdom,7,7,9,55.55
C532403,2010-11-11 19:35:00,15874,United Kingdom,10,10,17,55.5
C522832,2010-09-17 10:28:00,16670,United Kingdom,4,4,28,55.4
C542060,2011-01-25 12:01:00,14680,United Kingdom,7,7,14,55.379999999999995
C544557,2011-02-21 12:31:00,17422,United Kingdom,5,5,15,55.35
C515095,2010-07-08 11:42:00,16570,United Kingdom,5,5,28,55.35
C573756,2011-11-01 09:46:00,17865,United Kingdom,4,3,19,55.349999999999994
C560395,2011-07-18 13:47:00,15125,United Kingdom,2,2,26,55.34
C580641,2011-12-05 12:52:00,15621,United Kingdom,1,1,14,55.3
C515011,2010-07-07 16:10:00,,United Kingdom,3,3,65,55.25
C544901,2011-02-24 13:02:00,15078,United Kingdom,5,5,17,55.05
C514095,2010-06-30 12:17:00,12770,Japan,4,4,20,55.0
C572120,2011-10-20 19:29:00,14911,EIRE,9,9,21,54.9
C564956,2011-08-31 13:41:00,16303,United Kingdom,5,5,38,54.8
C560289,2011-07-18 10:14:00,16398,United Kingdom,3,3,11,54.75000000000001
C533802,2010-11-18 19:49:00,13078,United Kingdom,1,1,5,54.75
C543662,2011-02-11 10:49:00,14441,United Kingdom,1,1,5,54.75
C581568,2011-12-09 11:57:00,15311,United Kingdom,1,1,5,54.75
C542714,2011-01-31 13:28:00,12437,France,1,1,5,54.75
C545840,2011-03-07 13:35:00,13089,United Kingdom,1,1,5,54.75
C580886,2011-12-06 12:25:00,15311,United Kingdom,1,1,5,54.75
C515997,2010-07-16 08:31:00,13089,United Kingdom,1,1,5,54.75
C537807,2010-12-08 13:23:00,13495,United Kingdom,4,4,15,54.75
C548356,2011-03-30 15:12:00,12472,Germany,7,7,21,54.65
C543756,2011-02-11 14:50:00,13089,United Kingdom,3,3,24,54.599999999999994
C513748,2010-06-28 12:31:00,14646,Netherlands,1,1,10,54.5
C522616,2010-09-15 14:51:00,15372,United Kingdom,1,1,64,54.4
C504729,2010-04-16 11:21:00,14680,United Kingdom,7,7,19,54.349999999999994
C492653,2009-12-17 17:47:00,13834,United Kingdom,4,4,6,54.3
C502447,2010-03-24 14:04:00,17377,United Kingdom,3,3,11,54.25
C511108,2010-06-07 09:52:00,16875,United Kingdom,4,4,11,54.23
C496219,2010-01-29 13:52:00,13004,United Kingdom,6,6,40,54.22
C521303,2010-09-03 11:47:00,16235,United Kingdom,5,5,6,54.2
C566942,2011-09-15 16:16:00,17139,United Kingdom,5,5,15,54.1
C508911,2010-05-19 10:19:00,14911,EIRE,2,2,14,54.019999999999996
C508057,2010-05-12 13:20:00,13979,United Kingdom,2,2,8,54.0
C541589,2011-01-19 14:44:00,15831,United Kingdom,1,1,8,54.0
C501873,2010-03-21 12:29:00,14970,United Kingdom,5,5,8,54.0
C511671,2010-06-09 14:42:00,14099,United Kingdom,3,3,8,54.0
C500573,2010-03-08 16:28:00,17661,United Kingdom,1,1,8,54.0
C507653,2010-05-10 16:03:00,17610,United Kingdom,4,4,8,54.0
C506674,2010-05-02 10:22:00,17243,United Kingdom,3,3,8,54.0
C557148,2011-06-17 10:52:00,13735,United Kingdom,4,4,24,54.0
C555244,2011-06-01 14:11:00,12779,Poland,3,3,7,53.91
C543175,2011-02-04 09:46:00,12712,Germany,3,3,6,53.9
C491727,2009-12-14 09:10:00,12439,Cyprus,3,3,30,53.7
C573427,2011-10-31 10:18:00,14560,United Kingdom,1,1,36,53.64
C556640,2011-06-13 15:44:00,13148,United Kingdom,5,5,8,53.629999999999995
C512323,2010-06-15 09:39:00,14911,EIRE,3,3,25,53.55
C562594,2011-08-07 15:44:00,12748,United Kingdom,2,2,72,53.519999999999996
C544038,2011-02-15 11:32:00,14659,United Kingdom,4,4,10,53.5
C520358,2010-08-25 13:35:00,13777,United Kingdom,4,4,18,53.480000000000004
C508186,2010-05-13 12:52:00,17511,United Kingdom,15,15,17,53.4
C567177,2011-09-18 13:42:00,15533,United Kingdom,2,2,28,53.4
C531790,2010-11-09 15:07:00,12476,Germany,7,7,10,53.4
C547091,2011-03-20 16:14:00,,United Kingdom,3,3,17,53.35000000000001
C539603,2010-12-20 14:05:00,14911,EIRE,3,3,5,53.25
C526912,2010-10-13 15:57:00,12709,Germany,4,4,5,53.2
C567705,2011-09-22 09:43:00,14768,United Kingdom,1,1,18,53.1
C545673,2011-03-06 10:14:00,14745,United Kingdom,1,1,18,53.1
C550536,2011-04-19 11:20:00,16325,United Kingdom,1,1,18,53.1
C507209,2010-05-06 17:00:00,17640,United Kingdom,1,1,18,53.1
C504359,2010-04-13 10:31:00,13767,United Kingdom,2,2,5,53.1
C570486,2011-10-10 17:11:00,14533,United Kingdom,2,2,42,53.1
C503366,2010-03-31 14:20:00,15311,United Kingdom,9,9,30,53.07
C564299,2011-08-24 11:00:00,12853,United Kingdom,2,2,12,53.0
C539031,2010-12-15 14:25:00,12647,Germany,6,6,12,52.9
C511842,2010-06-10 17:43:00,13699,United Kingdom,3,3,5,52.75
C510489,2010-06-01 12:00:00,12709,Germany,7,7,31,52.69
C500698,2010-03-09 13:02:00,14911,EIRE,3,3,5,52.55
C557653,2011-06-21 17:25:00,14040,United Kingdom,4,4,10,52.53
C525536,2010-10-05 19:09:00,15093,United Kingdom,1,1,25,52.5
C518844,2010-08-12 11:05:00,14911,EIRE,4,4,17,52.5
C581330,2011-12-08 11:57:00,15877,United Kingdom,2,2,125,52.5
C569986,2011-10-06 19:52:00,16245,United Kingdom,2,2,3,52.45
C517473,2010-07-29 12:00:00,16779,United Kingdom,8,8,16,52.410000000000004
C490768,2009-12-08 11:10:00,14277,France,2,2,2,52.400000000000006
C529172,2010-10-26 18:13:00,12982,United Kingdom,7,7,9,52.25
C502250,2010-03-23 14:21:00,17718,United Kingdom,1,1,36,52.2
C526198,2010-10-10 12:55:00,17085,United Kingdom,4,3,36,52.199999999999996
C520964,2010-09-01 12:17:00,12721,France,9,9,14,52.1
C490469,2009-12-06 12:23:00,16395,United Kingdom,4,4,6,52.0
C523404,2010-09-21 20:29:00,13534,United Kingdom,5,5,36,52.0
C489813,2009-12-02 13:02:00,17867,United Kingdom,2,2,2,51.900000000000006
C496312,2010-01-31 12:14:00,13190,United Kingdom,1,1,2,51.9
C523401,2010-09-21 20:23:00,18223,United Kingdom,4,4,7,51.85
C519259,2010-08-15 15:50:00,17340,United Kingdom,2,2,10,51.800000000000004
C546886,2011-03-17 18:13:00,12520,Germany,3,3,9,51.75
C493090,2009-12-22 10:52:00,13958,United Kingdom,5,5,11,51.75
C528332,2010-10-21 13:41:00,15885,United Kingdom,2,2,8,51.599999999999994
C515103,2010-07-08 12:13:00,13668,United Kingdom,3,3,10,51.5
C543050,2011-02-03 10:14:00,12625,Germany,4,4,34,51.5
C489958,2009-12-03 10:58:00,14895,United Kingdom,2,2,4,51.27
C575608,2011-11-10 12:38:00,16133,United Kingdom,5,5,21,51.19
C529184,2010-10-26 18:39:00,16950,United Kingdom,2,2,85,51.18
C531451,2010-11-08 13:02:00,13466,United Kingdom,3,3,11,51.15
C539063,2010-12-15 16:50:00,15107,United Kingdom,1,1,6,51.0
C578077,2011-11-22 16:18:00,12936,United Kingdom,1,1,20,51.0
C505486,2010-04-22 12:48:00,13552,United Kingdom,1,1,4,51.0
C542991,2011-02-02 11:54:00,14460,United Kingdom,1,1,12,51.0
C514142,2010-06-30 13:51:00,14492,United Kingdom,1,1,4,51.0
C550511,2011-04-18 16:25:00,13798,United Kingdom,1,1,6,51.0
C538702,2010-12-14 10:28:00,13008,United Kingdom,1,1,60,51.0
C552936,2011-05-12 11:29:00,13113,United Kingdom,1,1,6,51.0
C506885,2010-05-05 08:42:00,14292,United Kingdom,1,1,4,51.0
C551509,2011-04-28 18:27:00,15845,United Kingdom,1,1,6,51.0
C503996,2010-04-09 11:31:00,13397,United Kingdom,1,1,4,51.0
C551557,2011-05-03 10:37:00,13113,United Kingdom,1,1,6,51.0
C579438,2011-11-29 13:26:00,14235,United Kingdom,1,1,12,51.0
C549895,2011-04-12 15:40:00,16553,United Kingdom,1,1,4,51.0
C574061,2011-11-02 14:18:00,12474,Germany,1,1,12,51.0
C514526,2010-07-05 09:55:00,15430,United Kingdom,5,5,8,51.0
C521018,2010-09-01 15:06:00,12802,Netherlands,1,1,6,51.0
C504197,2010-04-12 10:28:00,14911,EIRE,1,1,4,51.0
C540347,2011-01-06 13:56:00,16424,United Kingdom,1,1,6,51.0
C548350,2011-03-30 14:49:00,15648,United Kingdom,1,1,6,51.0
C541245,2011-01-16 12:40:00,15535,United Kingdom,1,1,12,51.0
C501283,2010-03-15 14:17:00,17085,United Kingdom,1,1,6,51.0
C569682,2011-10-05 14:33:00,15351,United Kingdom,4,4,10,50.98
C494044,2010-01-11 12:00:00,16103,United Kingdom,1,1,3,50.85
C512413,2010-06-15 13:35:00,15816,United Kingdom,1,1,3,50.85
C554690,2011-05-25 16:56:00,16871,United Kingdom,2,2,3,50.849999999999994
C530839,2010-11-04 14:07:00,14777,United Kingdom,2,2,3,50.849999999999994
C571329,2011-10-17 11:32:00,17706,United Kingdom,2,2,13,50.8
C574493,2011-11-04 13:09:00,14842,United Kingdom,9,9,15,50.74
C554715,2011-05-26 11:02:00,13658,United Kingdom,3,3,6,50.7
C548015,2011-03-29 11:30:00,13802,United Kingdom,1,1,30,50.7
C494453,2010-01-14 13:55:00,15222,United Kingdom,2,2,207,50.55
C553914,2011-05-19 19:50:00,18109,United Kingdom,4,4,7,50.45
C509045,2010-05-20 10:20:00,13835,United Kingdom,2,2,7,50.45
C552173,2011-05-06 13:06:00,15144,United Kingdom,1,1,24,50.400000000000006
C531883,2010-11-10 11:55:00,14725,United Kingdom,2,2,24,50.400000000000006
C508865,2010-05-18 16:14:00,17589,United Kingdom,1,1,24,50.400000000000006
C507198,2010-05-06 16:27:00,13881,United Kingdom,1,1,120,50.4
C525894,2010-10-07 15:12:00,12429,Denmark,1,1,120,50.4
C519459,2010-08-17 11:03:00,17340,United Kingdom,4,4,9,50.349999999999994
C525925,2010-10-07 16:46:00,16584,United Kingdom,6,6,17,50.150000000000006
C518968,2010-08-12 15:48:00,13659,United Kingdom,2,2,5,50.15
C539486,2010-12-20 08:27:00,18256,United Kingdom,4,4,70,50.099999999999994
C574487,2011-11-04 12:57:00,14112,United Kingdom,3,3,17,50.08
C540841,2011-01-11 16:14:00,15602,United Kingdom,1,1,40,50.0
C574489,2011-11-04 13:03:00,18219,United Kingdom,1,1,2,50.0
C528914,2010-10-25 13:54:00,16996,United Kingdom,8,8,23,49.95
C554527,2011-05-24 17:25:00,15251,United Kingdom,3,3,48,49.95
C553905,2011-05-19 18:11:00,15622,United Kingdom,1,1,1,49.95
C560877,2011-07-21 15:14:00,16859,United Kingdom,1,1,1,49.95
C562915,2011-08-10 13:35:00,13388,United Kingdom,1,1,1,49.95
C533129,2010-11-16 12:48:00,14180,United Kingdom,1,1,2,49.9
C539402,2010-12-17 12:19:00,17315,United Kingdom,3,3,16,49.9
C564138,2011-08-23 11:36:00,12753,Japan,8,8,27,49.79
C509624,2010-05-25 09:53:00,16303,United Kingdom,2,2,5,49.75
C535808,2010-11-28 15:11:00,17368,United Kingdom,1,1,5,49.75
C509619,2010-05-25 09:49:00,18172,United Kingdom,2,2,5,49.75
C510234,2010-05-28 09:42:00,14291,United Kingdom,2,2,5,49.75
C532130,2010-11-11 10:46:00,14911,EIRE,1,1,5,49.75
C511812,2010-06-10 15:41:00,16839,United Kingdom,1,1,5,49.75
C490565,2009-12-07 10:44:00,14113,United Kingdom,3,3,51,49.650000000000006
C497231,2010-02-08 09:29:00,15059,United Kingdom,1,1,10,49.5
C550423,2011-04-18 12:06:00,14403,United Kingdom,6,6,6,49.5
C556923,2011-06-15 14:03:00,15400,United Kingdom,1,1,30,49.5
C492669,2009-12-17 18:09:00,17675,United Kingdom,2,2,12,49.5
C557411,2011-06-20 11:37:00,13343,United Kingdom,3,3,9,49.5
C518262,2010-08-05 18:57:00,12910,United Kingdom,1,1,30,49.5
C550812,2011-04-20 16:28:00,15655,United Kingdom,3,3,5,49.35
C556457,2011-06-10 16:50:00,15856,United Kingdom,3,3,7,49.35
C550027,2011-04-14 11:26:00,14195,United Kingdom,1,1,58,49.3
C565237,2011-09-02 09:47:00,14299,United Kingdom,5,5,15,49.25
C515806,2010-07-14 16:47:00,16177,United Kingdom,3,3,8,49.2
C513404,2010-06-24 11:54:00,14911,EIRE,4,4,9,49.050000000000004
C532987,2010-11-15 13:59:00,14911,EIRE,2,2,27,49.05
C529210,2010-10-27 10:28:00,15271,United Kingdom,3,3,31,49.0
C527106,2010-10-14 17:13:00,15380,United Kingdom,2,2,16,48.96000000000001
C506751,2010-05-04 11:43:00,12471,Germany,7,7,11,48.95
C579178,2011-11-28 14:55:00,12362,Belgium,3,3,7,48.85
C562961,2011-08-11 10:24:00,14305,United Kingdom,4,4,19,48.85
C491728,2009-12-14 09:18:00,12471,Germany,7,7,13,48.85
C563606,2011-08-18 06:30:00,13925,United Kingdom,3,3,3,48.849999999999994
C541779,2011-01-21 11:50:00,13102,United Kingdom,3,3,24,48.8
C490987,2009-12-08 17:07:00,14864,United Kingdom,2,2,17,48.75
C533332,2010-11-16 18:01:00,14038,United Kingdom,3,3,6,48.699999999999996
C566784,2011-09-15 10:27:00,14915,United Kingdom,1,1,7,48.65
C561682,2011-07-28 19:27:00,13631,United Kingdom,1,1,7,48.65
C570122,2011-10-07 12:58:00,15874,United Kingdom,12,12,21,48.61
C566209,2011-09-09 15:04:00,16362,United Kingdom,2,2,9,48.55
C522643,2010-09-16 10:32:00,13113,United Kingdom,4,4,7,48.54
C491838,2009-12-14 14:39:00,14113,United Kingdom,2,2,19,48.45
C515798,2010-07-14 16:15:00,13078,United Kingdom,2,2,5,48.449999999999996
C495585,2010-01-26 10:17:00,18223,United Kingdom,11,10,23,48.38
C569949,2011-10-06 18:27:00,12584,Italy,6,6,9,48.35
C571059,2011-10-13 14:27:00,17813,United Kingdom,6,6,12,48.33
C526735,2010-10-12 17:57:00,15291,United Kingdom,2,2,7,48.25
C508238,2010-05-13 19:28:00,14493,United Kingdom,2,2,4,48.2
C492683,2009-12-17 18:25:00,15805,United Kingdom,3,3,9,48.05
C531873,2010-11-10 11:39:00,17340,United Kingdom,3,3,6,48.0
C521231,2010-09-03 11:11:00,,United Kingdom,9,9,9,47.95
C528183,2010-10-21 11:06:00,16550,United Kingdom,2,2,2,47.900000000000006
C503669,2010-04-06 11:50:00,15423,United Kingdom,3,3,5,47.75
C493673,2010-01-05 12:26:00,16779,United Kingdom,14,14,18,47.75
C531846,2010-11-10 09:38:00,14122,United Kingdom,2,2,18,47.7
C539568,2010-12-20 11:59:00,13267,United Kingdom,1,1,6,47.7
C534863,2010-11-24 14:09:00,14047,United Kingdom,1,1,6,47.7
C533994,2010-11-19 14:08:00,17495,United Kingdom,5,5,9,47.65
C537444,2010-12-07 08:42:00,14850,United Kingdom,1,1,8,47.6
C508432,2010-05-14 16:22:00,16166,United Kingdom,2,2,8,47.6
C539065,2010-12-15 16:52:00,14898,United Kingdom,1,1,8,47.6
C535002,2010-11-24 15:50:00,16791,United Kingdom,2,2,18,47.52
C550451,2011-04-18 12:55:00,17204,United Kingdom,2,2,6,47.5
C529571,2010-10-28 18:53:00,18223,United Kingdom,3,3,9,47.5
C509963,2010-05-26 12:59:00,13684,United Kingdom,3,3,11,47.46
C573949,2011-11-02 10:47:00,14511,United Kingdom,3,3,12,47.400000000000006
C493445,2010-01-04 14:00:00,16296,United Kingdom,5,5,7,47.4
C492667,2009-12-17 18:06:00,16168,United Kingdom,5,5,7,47.349999999999994
C511647,2010-06-09 13:45:00,13650,United Kingdom,3,3,27,47.25
C511648,2010-06-09 13:54:00,13650,United Kingdom,3,3,27,47.25
C507384,2010-05-09 12:04:00,17969,United Kingdom,5,5,7,47.25
C507795,2010-05-11 12:42:00,14530,United Kingdom,2,2,7,47.25
C513745,2010-06-28 12:24:00,13089,United Kingdom,2,2,7,47.25
C510206,2010-05-28 07:58:00,13711,United Kingdom,2,2,7,47.25
C519041,2010-08-13 11:27:00,13650,United Kingdom,1,1,7,47.25
C543837,2011-02-14 10:56:00,14431,United Kingdom,4,4,6,47.1
C523396,2010-09-21 20:13:00,13555,United Kingdom,2,2,11,47.05
C534695,2010-11-23 15:48:00,14911,EIRE,2,2,4,46.9
C501036,2010-03-11 19:57:00,16918,United Kingdom,2,2,5,46.85
C547168,2011-03-21 12:10:00,13593,United Kingdom,1,1,24,46.8
C511837,2010-06-10 17:12:00,14156,EIRE,2,2,24,46.8
C494629,2010-01-15 16:48:00,13983,United Kingdom,1,1,72,46.8
C526398,2010-10-11 13:34:00,15311,United Kingdom,9,9,20,46.78
C495516,2010-01-25 14:26:00,13564,United Kingdom,6,6,20,46.75
C559175,2011-07-07 10:17:00,12507,Spain,1,1,11,46.75
C515999,2010-07-16 08:33:00,12975,United Kingdom,3,3,4,46.7
C528934,2010-10-25 15:12:00,13047,United Kingdom,3,3,8,46.7
C560898,2011-07-21 17:30:00,12722,France,2,2,3,46.65
C508355,2010-05-14 12:42:00,13319,United Kingdom,2,2,3,46.65
C514143,2010-06-30 13:53:00,13015,United Kingdom,4,4,7,46.65
C561621,2011-07-28 13:41:00,12722,France,2,2,3,46.65
C539067,2010-12-15 16:55:00,15194,United Kingdom,3,3,18,46.400000000000006
C494205,2010-01-12 11:06:00,16732,United Kingdom,2,2,5,46.349999999999994
C533993,2010-11-19 14:05:00,18221,United Kingdom,3,3,14,46.300000000000004
C562559,2011-08-05 17:08:00,16743,United Kingdom,2,2,37,46.25
C516317,2010-07-19 14:48:00,12471,Germany,6,6,7,46.25
C560866,2011-07-21 14:04:00,14410,United Kingdom,4,4,34,46.2
C543185,2011-02-04 11:22:00,,United Kingdom,2,2,28,46.2
C572991,2011-10-27 10:56:00,17672,United Kingdom,4,4,15,46.050000000000004
C503733,2010-04-07 10:36:00,13148,United Kingdom,4,4,6,46.05
C505850,2010-04-26 12:32:00,17563,United Kingdom,3,3,19,46.05
C548155,2011-03-29 13:18:00,15906,United Kingdom,1,1,6,45.900000000000006
C550668,2011-04-20 09:49:00,12457,Switzerland,1,1,6,45.900000000000006
C496289,2010-01-29 17:27:00,,United Kingdom,3,3,3,45.83
C524410,2010-09-29 09:50:00,14049,United Kingdom,5,5,16,45.78
C504349,2010-04-13 09:44:00,12542,Spain,5,5,7,45.75
C493329,2009-12-23 09:54:00,12472,Germany,5,5,35,45.75
C490153,2009-12-04 10:10:00,12525,France,3,3,5,45.75
C569911,2011-10-06 16:47:00,16653,United Kingdom,7,7,10,45.74
C496071,2010-01-28 16:43:00,16262,United Kingdom,1,1,12,45.72
C535955,2010-11-29 12:20:00,17345,United Kingdom,2,2,24,45.7
C540948,2011-01-12 12:47:00,13093,United Kingdom,4,4,9,45.65
C505527,2010-04-22 17:25:00,12472,Germany,5,5,45,45.65
C541701,2011-01-21 09:26:00,14895,United Kingdom,3,3,7,45.65
C531448,2010-11-08 12:45:00,17735,United Kingdom,2,2,8,45.599999999999994
C519481,2010-08-17 12:55:00,16227,United Kingdom,5,5,16,45.50000000000001
C508240,2010-05-13 19:53:00,14329,United Kingdom,3,3,6,45.5
C558112,2011-06-26 16:08:00,17114,United Kingdom,6,6,7,45.5
C504417,2010-04-13 12:58:00,15303,United Kingdom,2,2,4,45.4
C526117,2010-10-08 13:22:00,12471,Germany,6,6,11,45.35
C559952,2011-07-14 10:57:00,17696,United Kingdom,5,5,15,45.31
C542781,2011-02-01 09:38:00,12626,Germany,2,2,15,45.3
C543764,2011-02-11 15:16:00,17035,United Kingdom,4,4,28,45.199999999999996
C491022,2009-12-08 18:52:00,14817,United Kingdom,3,3,15,45.150000000000006
C521005,2010-09-01 14:19:00,12915,United Kingdom,4,4,7,45.05
C539068,2010-12-15 16:56:00,13266,United Kingdom,1,1,36,45.0
C495705,2010-01-26 13:01:00,15518,United Kingdom,1,1,36,45.0
C535778,2010-11-28 13:43:00,16033,United Kingdom,1,1,12,45.0
C545829,2011-03-07 13:08:00,15290,United Kingdom,2,2,36,45.0
C504422,2010-04-13 13:12:00,14640,United Kingdom,2,2,20,45.0
C547309,2011-03-22 11:17:00,17416,United Kingdom,1,1,12,45.0
C513668,2010-06-28 11:28:00,17389,United Kingdom,1,1,12,45.0
C497164,2010-02-05 16:45:00,16550,United Kingdom,1,1,12,45.0
C538768,2010-12-14 11:34:00,14829,United Kingdom,2,2,36,45.0
C538882,2010-12-14 15:56:00,12797,Portugal,3,3,36,45.0
C528606,2010-10-22 15:29:00,12748,United Kingdom,1,1,12,45.0
C491620,2009-12-11 14:09:00,13768,United Kingdom,4,4,8,45.0
C553667,2011-05-18 12:21:00,14755,United Kingdom,2,2,2,44.900000000000006
C535360,2010-11-25 17:21:00,13823,United Kingdom,3,3,4,44.9
C501332,2010-03-16 10:11:00,14755,United Kingdom,4,4,5,44.85
C548464,2011-03-31 12:14:00,13043,United Kingdom,1,1,3,44.85
C546507,2011-03-14 11:47:00,12712,Germany,3,3,7,44.85
C558081,2011-06-26 11:42:00,18172,United Kingdom,1,1,3,44.85
C557047,2011-06-16 14:36:00,13488,United Kingdom,2,2,3,44.849999999999994
C581148,2011-12-07 14:02:00,12462,Spain,6,6,18,44.78
C549437,2011-04-08 12:37:00,13005,United Kingdom,3,3,5,44.75
C493262,2009-12-22 14:52:00,17865,United Kingdom,3,3,5,44.75
C542101,2011-01-25 13:15:00,12471,Germany,3,3,10,44.699999999999996
C498563,2010-02-21 12:17:00,14505,United Kingdom,7,7,14,44.65
C571838,2011-10-19 12:12:00,17841,United Kingdom,2,2,8,44.6
C511809,2010-06-10 15:32:00,17499,United Kingdom,2,2,9,44.550000000000004
C516274,2010-07-19 12:45:00,16954,United Kingdom,1,1,9,44.55
C497595,2010-02-11 09:45:00,12644,Germany,1,1,9,44.55
C509866,2010-05-26 10:34:00,17230,United Kingdom,2,2,5,44.55
C539602,2010-12-20 14:02:00,13369,United Kingdom,5,5,22,44.53
C542704,2011-01-31 12:48:00,15189,United Kingdom,1,1,42,44.52
C577753,2011-11-21 14:40:00,13756,United Kingdom,1,1,24,44.400000000000006
C573761,2011-11-01 09:55:00,15489,United Kingdom,5,5,15,44.25000000000001
C535337,2010-11-25 16:13:00,12980,United Kingdom,2,2,3,44.25
C529711,2010-10-29 13:10:00,16652,United Kingdom,3,3,4,44.2
C554871,2011-05-27 10:58:00,18225,United Kingdom,3,3,16,44.2
C557224,2011-06-17 13:22:00,15311,United Kingdom,5,5,19,44.17
C566167,2011-09-09 12:00:00,17865,United Kingdom,3,3,5,44.150000000000006
C565752,2011-09-06 12:58:00,17841,United Kingdom,2,2,2,44.1
C554517,2011-05-24 16:55:00,15434,United Kingdom,4,4,9,44.0
C518956,2010-08-12 15:22:00,14370,United Kingdom,2,2,6,44.0
C517519,2010-07-29 13:55:00,13584,United Kingdom,4,4,85,44.0
C522853,2010-09-17 11:24:00,16150,United Kingdom,7,7,9,43.95
C514547,2010-07-05 10:54:00,16161,United Kingdom,2,2,5,43.95
C503967,2010-04-08 17:13:00,13871,United Kingdom,2,2,27,43.95
C508243,2010-05-13 19:59:00,13856,United Kingdom,3,3,5,43.95
C489527,2009-12-01 11:50:00,16128,United Kingdom,3,3,21,43.95
C530995,2010-11-05 11:06:00,12476,Germany,1,1,2,43.9
C534442,2010-11-22 15:23:00,17894,United Kingdom,7,7,42,43.82
C541688,2011-01-20 16:15:00,12683,France,1,1,4,43.8
C544080,2011-02-15 15:46:00,17819,United Kingdom,1,1,4,43.8
C542640,2011-01-31 11:22:00,16839,United Kingdom,1,1,4,43.8
C557947,2011-06-23 16:15:00,13089,United Kingdom,1,1,4,43.8
C491208,2009-12-10 14:16:00,14564,Channel Islands,4,4,7,43.8
C534732,2010-11-23 18:57:00,15100,United Kingdom,1,1,4,43.8
C555255,2011-06-01 15:19:00,17621,United Kingdom,1,1,4,43.8
C494985,2010-01-20 11:29:00,13965,United Kingdom,3,3,7,43.75
C504570,2010-04-14 14:23:00,17511,United Kingdom,6,6,7,43.71
C510216,2010-05-28 08:19:00,16131,United Kingdom,1,1,8,43.6
C533124,2010-11-16 12:41:00,15281,United Kingdom,4,4,4,43.599999999999994
C576561,2011-11-15 13:22:00,15311,United Kingdom,13,13,23,43.57
C561083,2011-07-24 16:20:00,13230,United Kingdom,1,1,121,43.56
C510832,2010-06-03 20:14:00,17581,United Kingdom,9,9,14,43.45
C545446,2011-03-02 16:33:00,12753,Japan,5,5,17,43.39
C527480,2010-10-18 11:37:00,,United Kingdom,1,1,17,43.35
C522752,2010-09-16 13:33:00,16705,United Kingdom,2,2,5,43.35
C540846,2011-01-11 16:59:00,13162,United Kingdom,3,3,50,43.3
C522713,2010-09-16 11:49:00,12472,Germany,10,10,35,43.3
C574825,2011-11-07 10:58:00,16678,United Kingdom,2,2,13,43.25
C496630,2010-02-03 10:35:00,12647,Germany,2,2,24,43.2
C528099,2010-10-20 13:31:00,14952,United Kingdom,2,2,32,43.2
C580913,2011-12-06 13:41:00,17857,United Kingdom,1,1,120,43.2
C532027,2010-11-10 13:20:00,13735,United Kingdom,2,2,4,43.2
C501340,2010-03-16 10:41:00,16705,United Kingdom,4,4,26,43.199999999999996
C542866,2011-02-01 12:14:00,15311,United Kingdom,3,3,6,43.1
C571346,2011-10-17 11:46:00,16101,United Kingdom,6,6,18,43.09
C506477,2010-04-30 10:25:00,16652,United Kingdom,3,3,8,43.0
C515790,2010-07-14 15:53:00,16180,United Kingdom,6,6,14,42.9
C551587,2011-05-03 11:27:00,13505,Switzerland,2,2,4,42.8
C532368,2010-11-11 17:54:00,12505,Italy,4,4,10,42.7
C549905,2011-04-12 16:21:00,17576,United Kingdom,2,2,3,42.65
C552406,2011-05-09 12:39:00,12709,Germany,4,4,8,42.63
C554540,2011-05-24 17:49:00,15125,United Kingdom,4,4,7,42.57
C523398,2010-09-21 20:17:00,12474,Germany,3,3,9,42.55
C538115,2010-12-09 15:30:00,16817,United Kingdom,4,4,34,42.5
C539195,2010-12-16 12:05:00,12748,United Kingdom,1,1,5,42.5
C532417,2010-11-12 08:50:00,12924,United Kingdom,1,1,10,42.5
C567945,2011-09-23 07:57:00,17340,United Kingdom,2,2,6,42.5
C504485,2010-04-14 10:54:00,13266,United Kingdom,1,1,34,42.5
C532552,2010-11-12 12:26:00,17954,United Kingdom,1,1,10,42.5
C502878,2010-03-29 10:33:00,,Bahrain,1,1,10,42.5
C507274,2010-05-07 12:49:00,14824,United Kingdom,1,1,10,42.5
C564908,2011-08-31 12:26:00,17705,United Kingdom,5,5,6,42.4
C534733,2010-11-23 19:01:00,16590,United Kingdom,4,4,6,42.3
C539667,2010-12-21 10:47:00,13148,United Kingdom,6,6,57,42.05
C541231,2011-01-14 16:55:00,13455,United Kingdom,6,6,8,42.04
C506153,2010-04-27 17:11:00,17865,United Kingdom,5,5,16,42.019999999999996
C575064,2011-11-08 12:39:00,12472,Germany,6,6,14,42.01
C538082,2010-12-09 14:30:00,13777,United Kingdom,1,1,20,42.0
C553032,2011-05-12 19:44:00,13320,United Kingdom,3,3,18,42.0
C527460,2010-10-18 10:35:00,15574,United Kingdom,1,1,100,42.0
C524947,2010-10-01 12:35:00,12471,Germany,5,5,9,41.95
C578144,2011-11-23 11:06:00,16201,United Kingdom,4,4,19,41.95
C516762,2010-07-22 17:00:00,17113,United Kingdom,3,3,7,41.85
C503715,2010-04-06 14:55:00,15867,United Kingdom,3,3,9,41.85
C505562,2010-04-23 10:30:00,13813,Germany,4,4,5,41.849999999999994
C552858,2011-05-11 15:46:00,14180,United Kingdom,3,3,3,41.849999999999994
C540781,2011-01-11 11:22:00,16875,United Kingdom,6,6,14,41.849999999999994
C531874,2010-11-10 11:42:00,15906,United Kingdom,3,3,3,41.849999999999994
C559461,2011-07-08 13:04:00,14680,United Kingdom,10,10,22,41.77
C516771,2010-07-22 18:30:00,,United Kingdom,1,1,6,41.7
C545307,2011-03-01 13:05:00,17027,United Kingdom,2,2,6,41.7
C514094,2010-06-30 12:14:00,14648,United Kingdom,5,5,24,41.7
C577547,2011-11-20 14:48:00,17841,United Kingdom,11,11,22,41.66
C525044,2010-10-03 13:21:00,17612,United Kingdom,4,4,7,41.65
C501584,2010-03-18 10:29:00,17477,United Kingdom,1,1,7,41.65
C494488,2010-01-14 17:13:00,16875,United Kingdom,2,2,2,41.64
C580773,2011-12-06 11:05:00,16523,United Kingdom,1,1,20,41.6
C564998,2011-08-31 16:14:00,17581,United Kingdom,1,1,20,41.6
C559294,2011-07-07 12:29:00,17861,United Kingdom,1,1,20,41.6
C507579,2010-05-10 12:40:00,13407,United Kingdom,3,3,9,41.550000000000004
C517368,2010-07-28 17:01:00,13089,United Kingdom,3,3,9,41.55
C525529,2010-10-05 19:01:00,13198,United Kingdom,4,4,6,41.5
C489911,2009-12-03 10:26:00,12705,Germany,3,3,10,41.5
C574137,2011-11-03 11:21:00,14505,United Kingdom,1,1,10,41.5
C574850,2011-11-07 12:03:00,14702,United Kingdom,1,1,10,41.5
C543791,2011-02-11 17:13:00,15270,United Kingdom,4,4,18,41.4
C504672,2010-04-15 15:20:00,15722,United Kingdom,4,4,4,41.4
C526956,2010-10-14 11:01:00,15339,United Kingdom,3,3,4,41.4
C565050,2011-08-31 17:10:00,12381,Norway,4,4,25,41.35
C555532,2011-06-05 12:01:00,15722,United Kingdom,3,3,5,41.35
C558082,2011-06-26 11:43:00,16239,United Kingdom,2,2,10,41.300000000000004
C551683,2011-05-03 12:47:00,13209,United Kingdom,1,1,14,41.3
C522732,2010-09-16 12:44:00,17612,United Kingdom,4,4,10,41.3
C567712,2011-09-22 10:08:00,13282,United Kingdom,1,1,11,41.25
C528392,2010-10-21 18:41:00,12589,France,2,2,5,41.25
C517469,2010-07-29 11:53:00,14680,United Kingdom,12,12,26,41.239999999999995
C536023,2010-11-29 16:06:00,15555,United Kingdom,9,9,129,41.150000000000006
C527589,2010-10-18 13:39:00,16772,United Kingdom,2,2,26,41.1
C579866,2011-11-30 16:39:00,17528,United Kingdom,1,1,2,41.0
C564362,2011-08-24 16:20:00,13148,United Kingdom,4,4,6,40.95
C491019,2009-12-08 18:47:00,15137,United Kingdom,3,3,38,40.9
C535093,2010-11-25 10:26:00,15291,United Kingdom,2,2,3,40.85
C517380,2010-07-28 17:16:00,15079,United Kingdom,2,2,4,40.8
C494877,2010-01-19 12:39:00,14113,United Kingdom,1,1,48,40.8
C543787,2011-02-11 17:05:00,15061,United Kingdom,1,1,48,40.8
C543671,2011-02-11 11:24:00,18087,United Kingdom,2,2,48,40.8
C491398,2009-12-10 16:45:00,12933,United Kingdom,2,2,48,40.8
C540938,2011-01-12 12:10:00,15061,United Kingdom,1,1,48,40.8
C529908,2010-10-31 14:12:00,16928,United Kingdom,2,2,48,40.8
C540787,2011-01-11 11:45:00,13408,United Kingdom,2,2,16,40.8
C538536,2010-12-13 10:40:00,15881,United Kingdom,1,1,48,40.8
C521323,2010-09-03 12:20:00,14045,United Kingdom,1,1,16,40.8
C507598,2010-05-10 13:22:00,15555,United Kingdom,4,4,8,40.8
C577819,2011-11-22 09:23:00,17313,United Kingdom,4,4,20,40.71
C540535,2011-01-09 14:17:00,15005,United Kingdom,13,12,15,40.65
C547237,2011-03-21 16:29:00,16080,United Kingdom,1,1,24,40.56
C553483,2011-05-17 12:10:00,17527,United Kingdom,1,1,24,40.56
C570484,2011-10-10 17:08:00,14911,EIRE,2,2,18,40.50000000000001
C511674,2010-06-09 14:52:00,17411,United Kingdom,3,3,6,40.5
C515307,2010-07-09 16:18:00,13612,United Kingdom,2,2,6,40.5
C495635,2010-01-26 10:54:00,15950,United Kingdom,1,1,6,40.5
C567688,2011-09-21 16:48:00,13282,United Kingdom,1,1,6,40.5
C555881,2011-06-07 15:37:00,12473,Germany,7,7,71,40.46
C521131,2010-09-02 12:49:00,13564,United Kingdom,6,6,6,40.45
C527606,2010-10-18 13:43:00,18075,United Kingdom,4,4,9,40.45
C580826,2011-12-06 11:37:00,17490,United Kingdom,2,2,32,40.4
C499917,2010-03-03 12:16:00,14298,United Kingdom,1,1,96,40.32
C526743,2010-10-12 18:30:00,12993,United Kingdom,2,2,96,40.32
C498506,2010-02-19 11:35:00,17949,United Kingdom,1,1,96,40.32
C543659,2011-02-11 10:40:00,16730,United Kingdom,2,2,96,40.32
C536195,2010-11-30 12:50:00,14756,United Kingdom,3,3,4,40.3
C491466,2009-12-11 11:52:00,13958,United Kingdom,7,7,14,40.3
C559502,2011-07-08 14:53:00,13338,United Kingdom,4,4,8,40.2
C557142,2011-06-17 10:06:00,12678,France,2,2,24,40.2
C538833,2010-12-14 13:05:00,14680,United Kingdom,5,5,8,40.199999999999996
C521022,2010-09-01 15:12:00,12720,Germany,6,6,18,40.14
C545457,2011-03-02 17:18:00,17428,United Kingdom,4,4,9,40.05
C519661,2010-08-19 12:04:00,12801,Sweden,1,1,1,39.95
C575056,2011-11-08 12:24:00,17736,United Kingdom,1,1,1,39.95
C541787,2011-01-21 12:56:00,12829,United Kingdom,1,1,1,39.95
C501861,2010-03-21 11:36:00,14080,United Kingdom,1,1,1,39.95
C522154,2010-09-13 10:48:00,16985,United Kingdom,1,1,1,39.95
C563459,2011-08-16 14:51:00,17048,United Kingdom,1,1,1,39.95
C538314,2010-12-10 13:52:00,15514,United Kingdom,1,1,47,39.95
C548982,2011-04-05 12:27:00,15018,United Kingdom,1,1,1,39.95
C553563,2011-05-17 17:39:00,14342,United Kingdom,1,1,6,39.900000000000006
C492709,2009-12-18 09:40:00,12471,Germany,6,6,10,39.9
C576565,2011-11-15 13:39:00,13066,United Kingdom,1,1,2,39.9
C573097,2011-10-27 14:42:00,15038,United Kingdom,3,3,30,39.9
C575055,2011-11-08 12:22:00,14329,United Kingdom,1,1,2,39.9
C544696,2011-02-23 09:41:00,14735,United Kingdom,2,2,18,39.9
C564207,2011-08-24 09:06:00,15270,United Kingdom,3,3,44,39.89
C520965,2010-09-01 12:19:00,13777,United Kingdom,4,4,18,39.86
C520853,2010-08-31 13:13:00,12709,Germany,4,4,6,39.849999999999994
C524385,2010-09-28 17:56:00,13635,United Kingdom,4,4,13,39.84
C534029,2010-11-19 15:09:00,15329,United Kingdom,1,1,4,39.8
C514145,2010-06-30 13:57:00,13920,United Kingdom,2,2,4,39.8
C569456,2011-10-04 11:22:00,17675,United Kingdom,2,2,4,39.8
C576325,2011-11-14 15:13:00,15050,United Kingdom,1,1,4,39.8
C536252,2010-11-30 14:50:00,13329,United Kingdom,1,1,4,39.8
C558439,2011-06-29 12:53:00,12584,Italy,3,3,4,39.8
C541817,2011-01-21 16:11:00,13929,United Kingdom,1,1,4,39.8
C490985,2009-12-08 17:04:00,15903,United Kingdom,1,1,4,39.8
C565001,2011-08-31 16:23:00,17675,United Kingdom,1,1,4,39.8
C530284,2010-11-02 12:10:00,14897,United Kingdom,1,1,4,39.8
C492447,2009-12-17 11:23:00,15903,United Kingdom,1,1,4,39.8
C541829,2011-01-21 17:08:00,14175,United Kingdom,2,2,4,39.8
C579532,2011-11-30 09:21:00,12494,France,1,1,4,39.8
C533778,2010-11-18 16:16:00,14911,EIRE,2,2,4,39.8
C514031,2010-06-30 11:37:00,14156,EIRE,2,2,8,39.8
C507663,2010-05-10 16:58:00,14430,United Kingdom,1,1,4,39.8
C501823,2010-03-19 15:27:00,13564,United Kingdom,1,1,5,39.75
C511622,2010-06-09 12:40:00,17888,United Kingdom,1,1,5,39.75
C517562,2010-07-30 07:47:00,15827,United Kingdom,3,3,4,39.7
C562124,2011-08-02 17:23:00,13081,United Kingdom,7,7,35,39.7
C534031,2010-11-19 15:13:00,13961,United Kingdom,2,2,4,39.7
C562423,2011-08-04 17:06:00,12584,Italy,3,3,5,39.65
C523383,2010-09-21 19:44:00,18136,United Kingdom,3,3,7,39.65
C490929,2009-12-08 13:42:00,13915,United Kingdom,2,2,8,39.6
C517468,2010-07-29 11:48:00,16176,United Kingdom,2,2,24,39.6
C566472,2011-09-12 18:19:00,16187,United Kingdom,1,1,8,39.6
C558764,2011-07-03 13:08:00,15023,United Kingdom,1,1,8,39.6
C561069,2011-07-24 14:50:00,16570,United Kingdom,1,1,24,39.6
C577345,2011-11-18 15:16:00,15563,United Kingdom,1,1,8,39.6
C541261,2011-01-16 15:48:00,14404,United Kingdom,1,1,8,39.6
C576183,2011-11-14 11:23:00,12476,Germany,2,2,24,39.6
C553875,2011-05-19 14:44:00,15660,United Kingdom,1,1,8,39.6
C494043,2010-01-11 11:59:00,12709,Germany,1,1,24,39.6
C539830,2010-12-22 13:13:00,14944,United Kingdom,1,1,8,39.6
C524935,2010-10-01 11:52:00,17389,United Kingdom,1,1,10,39.5
C502092,2010-03-22 16:50:00,17539,United Kingdom,1,1,10,39.5
C531858,2010-11-10 10:25:00,17702,United Kingdom,4,4,5,39.45
C531384,2010-11-07 17:44:00,,United Kingdom,2,2,35,39.410000000000004
C495147,2010-01-21 11:40:00,17172,United Kingdom,2,2,12,39.400000000000006
C540270,2011-01-06 11:40:00,14680,United Kingdom,4,4,8,39.39999999999999
C570478,2011-10-10 16:55:00,14644,United Kingdom,2,2,5,39.349999999999994
C504565,2010-04-14 14:13:00,14916,United Kingdom,2,2,22,39.3
C548976,2011-04-05 11:50:00,17725,United Kingdom,3,3,16,39.2
C548713,2011-04-03 14:53:00,17337,United Kingdom,3,3,16,39.2
C567331,2011-09-19 14:50:00,16609,United Kingdom,3,3,8,39.2
C547889,2011-03-28 10:02:00,14410,United Kingdom,9,9,11,39.150000000000006
C515994,2010-07-16 08:30:00,12633,Germany,3,3,7,39.15
C517465,2010-07-29 11:44:00,17865,United Kingdom,4,4,15,39.14
C574065,2011-11-02 14:43:00,13271,United Kingdom,5,5,72,39.12
C536015,2010-11-29 15:32:00,15005,United Kingdom,6,6,8,39.0
C537234,2010-12-06 09:40:00,16161,United Kingdom,1,1,20,39.0
C495714,2010-01-26 13:53:00,14194,United Kingdom,1,1,12,39.0
C504366,2010-04-13 10:50:00,15125,United Kingdom,2,2,6,39.0
C577163,2011-11-18 10:27:00,16678,United Kingdom,1,1,12,39.0
C499462,2010-02-28 11:22:00,13564,United Kingdom,5,5,21,38.95
C517463,2010-07-29 11:39:00,13102,United Kingdom,3,3,5,38.95
C490513,2009-12-06 14:58:00,17610,United Kingdom,9,9,10,38.95
C492674,2009-12-17 18:15:00,14606,United Kingdom,3,3,4,38.9
C562921,2011-08-10 14:17:00,13767,United Kingdom,4,4,6,38.9
C491610,2009-12-11 13:42:00,14135,United Kingdom,1,1,23,38.87
C564854,2011-08-31 08:56:00,17865,United Kingdom,3,3,5,38.75
C525078,2010-10-03 15:31:00,13590,United Kingdom,1,1,6,38.7
C564104,2011-08-23 10:38:00,12530,Germany,2,2,13,38.650000000000006
C581464,2011-12-08 18:57:00,15951,United Kingdom,2,2,7,38.650000000000006
C549898,2011-04-12 16:00:00,13078,United Kingdom,3,3,5,38.65
C495814,2010-01-27 10:21:00,14137,United Kingdom,3,3,62,38.6
C501350,2010-03-16 10:52:00,18094,United Kingdom,3,3,18,38.6
C541821,2011-01-21 16:41:00,15281,United Kingdom,5,5,8,38.5
C506001,2010-04-27 11:00:00,13281,United Kingdom,3,3,25,38.45
C576230,2011-11-14 13:15:00,17602,United Kingdom,4,4,5,38.45
C572488,2011-10-24 13:57:00,12474,Germany,3,3,15,38.45
C505205,2010-04-20 16:41:00,16057,United Kingdom,2,2,24,38.4
C524344,2010-09-28 16:11:00,13729,United Kingdom,4,4,12,38.4
C489518,2009-12-01 11:35:00,15461,United Kingdom,3,3,4,38.4
C557650,2011-06-21 17:17:00,15152,United Kingdom,2,2,3,38.4
C525651,2010-10-06 12:13:00,13554,United Kingdom,5,5,9,38.35
C509174,2010-05-20 15:59:00,12820,United Kingdom,2,2,36,38.28
C513488,2010-06-24 18:31:00,14857,United Kingdom,1,1,3,38.25
C526839,2010-10-13 11:56:00,15611,United Kingdom,1,1,3,38.25
C511822,2010-06-10 16:25:00,15633,United Kingdom,1,1,9,38.25
C568418,2011-09-27 11:11:00,15763,United Kingdom,2,2,3,38.25
C506385,2010-04-29 12:41:00,18009,United Kingdom,1,1,9,38.25
C528401,2010-10-22 08:53:00,17147,United Kingdom,1,1,3,38.25
C528339,2010-10-21 14:04:00,15255,United Kingdom,2,2,15,38.25
C525560,2010-10-05 19:56:00,17146,United Kingdom,1,1,3,38.25
C549582,2011-04-11 09:45:00,12656,France,1,1,3,38.25
C521232,2010-09-03 11:13:00,16292,United Kingdom,1,1,3,38.25
C549945,2011-04-13 12:39:00,18270,United Kingdom,1,1,3,38.25
C523869,2010-09-24 12:53:00,14994,United Kingdom,8,8,85,38.230000000000004
C550485,2011-04-18 14:15:00,13317,United Kingdom,3,3,17,38.21
C520053,2010-08-23 14:58:00,13798,United Kingdom,11,11,29,38.199999999999996
C561227,2011-07-26 10:15:00,12431,Australia,1,1,36,38.16
C572554,2011-10-24 17:16:00,17317,United Kingdom,1,1,36,38.16
C572556,2011-10-24 17:26:00,17317,United Kingdom,1,1,36,38.16
C531588,2010-11-09 11:11:00,14482,United Kingdom,1,1,36,38.16
C491369,2009-12-10 15:57:00,12979,United Arab Emirates,1,1,36,38.16
C519043,2010-08-13 11:29:00,13511,United Kingdom,1,1,7,38.15
C498854,2010-02-23 12:16:00,12523,France,3,3,5,38.15
C493849,2010-01-07 15:32:00,15222,United Kingdom,9,9,38,38.059999999999995
C562281,2011-08-04 10:36:00,12476,Germany,5,5,10,38.050000000000004
C559030,2011-07-05 14:51:00,16571,United Kingdom,9,9,36,37.96
C575839,2011-11-11 11:40:00,12517,Germany,2,2,23,37.95
C491441,2009-12-11 10:32:00,15311,United Kingdom,6,6,9,37.95
C510418,2010-05-30 11:31:00,14546,United Kingdom,1,1,23,37.95
C546903,2011-03-17 18:31:00,16217,United Kingdom,3,3,14,37.8
C561328,2011-07-26 13:54:00,12471,Germany,2,2,4,37.8
C502304,2010-03-24 09:32:00,18187,United Kingdom,5,5,5,37.75
C499288,2010-02-25 19:21:00,18172,United Kingdom,2,2,6,37.7
C492887,2009-12-21 12:01:00,17908,United Kingdom,2,2,26,37.7
C506490,2010-04-30 10:50:00,15221,United Kingdom,2,2,7,37.650000000000006
C571925,2011-10-19 16:31:00,13115,United Kingdom,3,3,7,37.65
C536822,2010-12-02 17:19:00,14625,United Kingdom,2,2,3,37.65
C540250,2011-01-05 16:02:00,17511,United Kingdom,8,8,10,37.6
C580711,2011-12-05 16:36:00,16057,United Kingdom,3,3,4,37.6
C530521,2010-11-03 12:40:00,13554,United Kingdom,5,5,5,37.589999999999996
C574954,2011-11-08 09:52:00,18223,United Kingdom,4,4,11,37.57
C564907,2011-08-31 12:24:00,18225,United Kingdom,7,7,9,37.55
C518372,2010-08-08 10:40:00,15580,United Kingdom,10,10,14,37.54
C533833,2010-11-19 10:32:00,17396,United Kingdom,1,1,30,37.5
C575142,2011-11-08 15:36:00,17183,United Kingdom,1,1,30,37.5
C521346,2010-09-03 14:07:00,16289,United Kingdom,1,1,10,37.5
C534962,2010-11-24 15:35:00,17998,United Kingdom,1,1,30,37.5
C542593,2011-01-28 16:50:00,15549,United Kingdom,1,1,10,37.5
C554849,2011-05-26 19:58:00,17865,United Kingdom,4,4,7,37.48
C491402,2009-12-10 17:16:00,14507,United Kingdom,7,7,21,37.44
C568419,2011-09-27 11:16:00,13694,United Kingdom,1,1,96,37.44
C570902,2011-10-13 10:53:00,17724,United Kingdom,5,5,11,37.35
C580751,2011-12-06 09:56:00,12921,United Kingdom,2,2,12,37.3
C555272,2011-06-01 16:29:00,16496,United Kingdom,2,2,20,37.3
C545997,2011-03-08 14:35:00,12679,France,3,3,15,37.25
C551018,2011-04-26 11:19:00,12705,Germany,9,9,16,37.25
C509449,2010-05-24 09:19:00,,United Kingdom,3,3,3,37.2
C508741,2010-05-18 11:30:00,14680,United Kingdom,4,4,21,37.120000000000005
C506987,2010-05-05 13:29:00,16131,United Kingdom,3,3,5,37.05
C558745,2011-07-01 17:02:00,14415,United Kingdom,8,8,23,37.01
C489588,2009-12-01 14:01:00,13711,United Kingdom,3,3,5,36.95
C527032,2010-10-14 12:16:00,17720,United Kingdom,2,2,4,36.9
C490051,2009-12-03 13:06:00,16163,United Kingdom,2,2,4,36.9
C570515,2011-10-11 10:39:00,12719,France,3,3,13,36.85000000000001
C564427,2011-08-25 11:18:00,17841,United Kingdom,6,6,7,36.82
C502332,2010-03-24 10:42:00,14911,EIRE,5,5,6,36.8
C567518,2011-09-20 16:28:00,,EIRE,2,2,13,36.75
C552021,2011-05-05 17:57:00,15125,United Kingdom,1,1,51,36.72
C538713,2010-12-14 10:53:00,16570,United Kingdom,2,2,3,36.65
C502325,2010-03-24 10:23:00,14645,United Kingdom,6,6,13,36.65
C513477,2010-06-24 16:56:00,14459,United Kingdom,1,1,1,36.6
C578062,2011-11-22 15:30:00,12471,Germany,3,3,10,36.6
C532283,2010-11-11 13:11:00,13246,United Kingdom,2,2,19,36.550000000000004
C507486,2010-05-10 11:58:00,12474,Germany,3,3,7,36.55
C530673,2010-11-04 10:58:00,14276,United Kingdom,4,4,27,36.55
C545728,2011-03-07 11:41:00,12484,Spain,3,3,5,36.5
C530286,2010-11-02 12:13:00,13824,United Kingdom,3,3,7,36.45
C551948,2011-05-05 11:21:00,17511,United Kingdom,8,8,11,36.43
C503209,2010-03-30 15:55:00,12681,France,4,4,10,36.4
C491614,2009-12-11 13:55:00,15179,United Kingdom,5,5,21,36.4
C506349,2010-04-29 11:59:00,14680,United Kingdom,7,7,12,36.4
C506486,2010-04-30 10:38:00,14156,EIRE,5,5,34,36.4
C547232,2011-03-21 16:15:00,12994,United Kingdom,6,6,7,36.2
C519225,2010-08-15 12:35:00,15311,United Kingdom,5,5,12,36.15
C581466,2011-12-08 19:20:00,13883,United Kingdom,5,5,7,36.15
C571860,2011-10-19 13:42:00,14175,United Kingdom,7,7,9,36.14
C563107,2011-08-12 10:17:00,12709,Germany,4,4,15,36.050000000000004
C507612,2010-05-10 14:03:00,15311,United Kingdom,6,6,10,36.040000000000006
C571707,2011-10-18 15:33:00,14056,United Kingdom,11,11,18,36.019999999999996
C565962,2011-09-08 11:25:00,14410,United Kingdom,10,10,43,36.0
C517647,2010-07-30 13:42:00,14828,United Kingdom,1,1,48,36.0
C564217,2011-08-24 09:24:00,12994,United Kingdom,6,6,12,36.0
C539661,2010-12-21 10:16:00,12971,United Kingdom,1,1,48,36.0
C502302,2010-03-24 09:29:00,15291,United Kingdom,4,4,8,35.95
C500026,2010-03-04 11:18:00,14527,United Kingdom,1,1,1,35.95
C570203,2011-10-07 16:49:00,15311,United Kingdom,11,11,20,35.81
C543605,2011-02-10 14:11:00,13110,United Kingdom,1,1,4,35.8
C502335,2010-03-24 10:44:00,16556,United Kingdom,5,5,6,35.8
C532645,2010-11-14 09:59:00,16444,United Kingdom,1,1,4,35.8
C549955,2011-04-13 13:38:00,12359,Cyprus,2,2,4,35.8
C576409,2011-11-15 11:20:00,15298,United Kingdom,1,1,4,35.8
C515785,2010-07-14 15:40:00,14020,United Kingdom,4,4,7,35.75
C550489,2011-04-18 14:30:00,16033,United Kingdom,1,1,6,35.7
C535276,2010-11-25 13:56:00,15021,United Kingdom,1,1,6,35.7
C518256,2010-08-05 18:12:00,13047,United Kingdom,2,2,7,35.650000000000006
C497193,2010-02-07 10:29:00,14546,United Kingdom,9,9,11,35.65
C556414,2011-06-10 12:14:00,13985,United Kingdom,2,2,8,35.6
C493851,2010-01-07 15:44:00,13905,United Kingdom,2,2,5,35.5
C514162,2010-06-30 15:32:00,16283,United Kingdom,6,6,8,35.5
C541964,2011-01-24 13:13:00,15291,United Kingdom,1,1,21,35.49
C510236,2010-05-28 09:50:00,13418,United Kingdom,2,2,4,35.45
C517466,2010-07-29 11:46:00,13288,United Kingdom,2,2,3,35.45
C507219,2010-05-06 19:14:00,14713,United Kingdom,5,5,7,35.45
C553025,2011-05-12 19:33:00,13971,United Kingdom,5,5,16,35.440000000000005
C499821,2010-03-02 16:09:00,12663,Germany,1,1,12,35.400000000000006
C544413,2011-02-18 14:36:00,14760,United Kingdom,2,2,12,35.400000000000006
C527915,2010-10-19 13:07:00,13093,United Kingdom,1,1,12,35.400000000000006
C527621,2010-10-18 13:47:00,13368,United Kingdom,1,1,12,35.400000000000006
C543042,2011-02-02 17:09:00,17337,United Kingdom,1,1,12,35.400000000000006
C539600,2010-12-20 13:57:00,13329,United Kingdom,1,1,12,35.400000000000006
C509778,2010-05-25 16:53:00,16658,United Kingdom,1,1,12,35.400000000000006
C554152,2011-05-23 11:21:00,18257,United Kingdom,1,1,12,35.400000000000006
C499413,2010-02-26 15:52:00,16807,United Kingdom,1,1,12,35.400000000000006
C575044,2011-11-08 12:07:00,14948,United Kingdom,1,1,12,35.400000000000006
C510815,2010-06-03 19:42:00,17448,United Kingdom,4,4,12,35.400000000000006
C580764,2011-12-06 10:38:00,14562,United Kingdom,1,1,12,35.400000000000006
C539301,2010-12-16 17:33:00,13496,United Kingdom,1,1,12,35.400000000000006
C538717,2010-12-14 11:09:00,18141,United Kingdom,1,1,12,35.400000000000006
C493078,2009-12-22 09:51:00,17411,United Kingdom,2,2,12,35.400000000000006
C580392,2011-12-04 10:46:00,16283,United Kingdom,1,1,12,35.400000000000006
C534533,2010-11-23 12:06:00,12380,Belgium,3,3,12,35.400000000000006
C559334,2011-07-07 15:50:00,16581,United Kingdom,2,2,12,35.400000000000006
C567541,2011-09-21 10:15:00,15498,United Kingdom,2,2,12,35.400000000000006
C504706,2010-04-15 19:45:00,13542,United Kingdom,3,3,3,35.4
C491260,2009-12-10 15:01:00,15916,United Kingdom,3,3,4,35.4
C492829,2009-12-20 15:14:00,17677,United Kingdom,3,3,20,35.3
C571029,2011-10-13 12:23:00,13035,United Kingdom,3,3,17,35.25
C572831,2011-10-26 11:37:00,14895,United Kingdom,2,2,13,35.2
C557405,2011-06-20 11:28:00,12708,Germany,4,4,8,35.14
C539054,2010-12-15 16:34:00,17044,United Kingdom,3,3,6,35.1
C498781,2010-02-23 10:50:00,12647,Germany,2,2,10,35.1
C502729,2010-03-26 11:41:00,15443,United Kingdom,2,2,36,35.04
C500090,2010-03-04 12:03:00,17763,United Kingdom,6,6,14,35.0
C580740,2011-12-06 09:25:00,12479,Germany,2,2,28,35.0
C526671,2010-10-12 16:03:00,16422,United Kingdom,1,1,700,35.0
C523988,2010-09-26 14:14:00,15101,United Kingdom,1,1,1,34.95
C502295,2010-03-24 08:58:00,18223,United Kingdom,6,6,21,34.95
C516604,2010-07-21 14:22:00,17680,United Kingdom,1,1,1,34.95
C527934,2010-10-19 13:35:00,12921,United Kingdom,3,3,7,34.95
C569320,2011-10-03 12:19:00,15301,United Kingdom,2,2,4,34.9
C534727,2010-11-23 18:42:00,13624,United Kingdom,2,2,6,34.9
C543763,2011-02-11 15:14:00,13050,United Kingdom,2,2,3,34.849999999999994
C543109,2011-02-03 12:39:00,12775,Netherlands,1,1,24,34.8
C539655,2010-12-20 17:07:00,13089,United Kingdom,1,1,24,34.8
C548915,2011-04-05 09:53:00,12668,Germany,2,2,24,34.8
C567332,2011-09-19 14:52:00,13767,United Kingdom,3,3,6,34.8
C545852,2011-03-07 13:49:00,14048,United Kingdom,3,3,14,34.8
C530305,2010-11-02 13:15:00,16255,United Kingdom,1,1,24,34.8
C530179,2010-11-02 10:23:00,13648,United Kingdom,3,3,23,34.75
C524576,2010-09-29 16:05:00,12524,Germany,2,2,5,34.75
C524114,2010-09-27 13:41:00,16531,United Kingdom,2,2,5,34.75
C559882,2011-07-13 11:34:00,16156,United Kingdom,1,1,12,34.68
C573010,2011-10-27 12:29:00,13735,United Kingdom,3,3,13,34.65
C571507,2011-10-17 15:24:00,13919,Denmark,5,5,37,34.65
C540377,2011-01-06 17:31:00,16656,United Kingdom,2,2,15,34.65
C491013,2009-12-08 18:28:00,14911,EIRE,3,3,8,34.6
C504561,2010-04-14 13:59:00,17469,United Kingdom,3,3,8,34.599999999999994
C576850,2011-11-16 15:40:00,13924,United Kingdom,4,4,7,34.55
C531455,2010-11-08 13:17:00,12681,France,2,2,5,34.55
C504343,2010-04-13 09:16:00,13050,United Kingdom,4,4,7,34.55
C491618,2009-12-11 14:08:00,14627,United Kingdom,5,5,10,34.5
C559007,2011-07-05 12:42:00,13534,United Kingdom,2,2,13,34.38
C518264,2010-08-05 19:01:00,18075,United Kingdom,3,3,5,34.35
C511312,2010-06-07 16:17:00,13995,United Kingdom,4,4,15,34.35
C494365,2010-01-13 16:06:00,16057,United Kingdom,4,4,4,34.349999999999994
C499380,2010-02-26 12:04:00,12854,United Kingdom,4,4,15,34.2
C579902,2011-12-01 08:39:00,13365,United Kingdom,4,4,9,34.150000000000006
C495186,2010-01-21 14:30:00,15311,United Kingdom,8,8,11,34.15
C495964,2010-01-28 10:43:00,12531,Germany,6,6,15,34.15
C558727,2011-07-01 14:35:00,12709,Germany,6,6,7,34.129999999999995
C491461,2009-12-11 11:35:00,17581,United Kingdom,4,4,6,34.099999999999994
C498784,2010-02-23 10:58:00,12755,Japan,19,19,19,34.06
C524844,2010-09-30 18:19:00,14269,United Kingdom,4,4,9,34.05
C521919,2010-09-09 14:16:00,12621,Germany,1,1,4,34.0
C548375,2011-03-30 16:39:00,14256,United Kingdom,1,1,4,34.0
C505390,2010-04-22 09:32:00,18064,United Kingdom,1,1,40,34.0
C501170,2010-03-15 10:20:00,12495,Sweden,2,2,4,34.0
C548341,2011-03-30 14:30:00,13089,United Kingdom,1,1,4,34.0
C505021,2010-04-19 14:10:00,,United Kingdom,1,1,1,34.0
C550358,2011-04-18 10:37:00,13113,United Kingdom,1,1,4,34.0
C518258,2010-08-05 18:17:00,17049,United Kingdom,1,1,4,34.0
C527476,2010-10-18 11:29:00,17667,United Kingdom,1,1,4,34.0
C537333,2010-12-06 12:00:00,12474,Germany,1,1,4,34.0
C521021,2010-09-01 15:09:00,16103,United Kingdom,1,1,4,34.0
C521017,2010-09-01 15:04:00,16133,United Kingdom,1,1,4,34.0
C541705,2011-01-21 10:29:00,13854,United Kingdom,1,1,4,34.0
C546773,2011-03-16 15:42:00,14505,United Kingdom,2,2,4,34.0
C569946,2011-10-06 18:16:00,16462,United Kingdom,1,1,4,34.0
C530057,2010-11-01 11:22:00,16163,United Kingdom,1,1,4,34.0
C569963,2011-10-06 18:45:00,13131,United Kingdom,2,2,4,34.0
C569112,2011-09-30 12:47:00,17405,United Kingdom,7,7,12,33.96
C549051,2011-04-06 10:17:00,14747,United Kingdom,1,1,2,33.9
C509626,2010-05-25 09:54:00,14442,Channel Islands,1,1,2,33.9
C491626,2009-12-11 14:31:00,16512,United Kingdom,1,1,2,33.9
C538734,2010-12-14 11:24:00,16810,United Kingdom,1,1,2,33.9
C527661,2010-10-18 14:25:00,13663,United Kingdom,2,2,2,33.9
C534867,2010-11-24 14:26:00,13883,United Kingdom,1,1,2,33.9
C528171,2010-10-21 10:06:00,14644,United Kingdom,2,2,2,33.9
C548387,2011-03-30 16:49:00,14794,United Kingdom,1,1,2,33.9
C532009,2010-11-10 12:42:00,14180,United Kingdom,1,1,2,33.9
C540393,2011-01-06 18:08:00,17428,United Kingdom,5,5,8,33.9
C535362,2010-11-25 17:23:00,13078,United Kingdom,2,2,4,33.8
C499888,2010-03-03 11:22:00,12426,Germany,5,5,7,33.8
C562097,2011-08-02 13:19:00,15311,United Kingdom,9,9,12,33.760000000000005
C520994,2010-09-01 13:32:00,16670,United Kingdom,1,1,5,33.75
C542404,2011-01-27 16:08:00,13534,United Kingdom,3,3,5,33.75
C524560,2010-09-29 14:39:00,14825,United Kingdom,2,2,5,33.75
C506257,2010-04-28 14:20:00,17965,United Kingdom,3,3,5,33.75
C513595,2010-06-27 11:11:00,15998,United Kingdom,4,4,5,33.75
C506828,2010-05-04 13:10:00,13042,United Kingdom,1,1,5,33.75
C514010,2010-06-30 10:04:00,14738,United Kingdom,1,1,5,33.75
C509946,2010-05-26 12:44:00,16176,United Kingdom,2,2,5,33.75
C525026,2010-10-03 12:07:00,13534,United Kingdom,6,6,14,33.7
C529561,2010-10-28 18:10:00,17034,United Kingdom,4,4,17,33.65
C542642,2011-01-31 11:27:00,15827,United Kingdom,3,3,4,33.6
C578932,2011-11-27 12:44:00,15351,United Kingdom,2,2,4,33.6
C498426,2010-02-18 17:08:00,16351,United Kingdom,5,5,36,33.599999999999994
C537853,2010-12-08 15:57:00,13370,United Kingdom,5,5,7,33.55
C558444,2011-06-29 13:29:00,15311,United Kingdom,12,12,20,33.55
C542273,2011-01-27 10:01:00,12578,Italy,5,5,22,33.5
C519510,2010-08-17 16:25:00,17663,United Kingdom,3,3,6,33.5
C493689,2010-01-05 12:45:00,14606,United Kingdom,3,3,20,33.5
C574504,2011-11-04 13:20:00,17434,United Kingdom,3,3,7,33.45
C509613,2010-05-25 09:21:00,17716,United Kingdom,3,3,7,33.45
C499448,2010-02-26 17:29:00,14322,United Kingdom,2,2,3,33.45
C553748,2011-05-19 09:57:00,16676,United Kingdom,3,3,5,33.4
C502299,2010-03-24 09:05:00,15221,United Kingdom,2,2,5,33.4
C547342,2011-03-22 11:54:00,15044,United Kingdom,2,2,3,33.4
C575156,2011-11-08 16:18:00,16602,United Kingdom,3,3,19,33.35
C579889,2011-12-01 08:12:00,13853,United Kingdom,1,1,8,33.2
C556493,2011-06-12 14:56:00,17802,United Kingdom,7,7,9,33.2
C504322,2010-04-12 14:56:00,13564,United Kingdom,4,4,11,33.2
C505484,2010-04-22 12:47:00,16040,United Kingdom,3,3,24,33.2
C577799,2011-11-21 16:55:00,13458,United Kingdom,1,1,8,33.2
C575153,2011-11-08 16:15:00,,United Kingdom,1,1,1,33.17
C563856,2011-08-19 15:39:00,13090,United Kingdom,2,2,39,33.15
C532381,2010-11-11 18:20:00,13359,United Kingdom,4,4,5,33.05
C555328,2011-06-02 11:07:00,16449,United Kingdom,3,3,8,33.0
C566468,2011-09-12 18:14:00,13319,United Kingdom,5,5,5,33.0
C534782,2010-11-24 11:17:00,14911,EIRE,2,2,4,33.0
C575592,2011-11-10 12:10:00,12619,Germany,2,2,20,33.0
C499278,2010-02-25 18:43:00,14732,United Kingdom,2,2,8,33.0
C496621,2010-02-03 09:16:00,12510,Spain,1,1,20,33.0
C574337,2011-11-04 10:03:00,16979,United Kingdom,1,1,4,33.0
C496240,2010-01-29 14:45:00,14460,United Kingdom,2,2,34,32.9
C533493,2010-11-17 13:30:00,12766,Portugal,3,3,18,32.9
C541693,2011-01-20 17:02:00,14309,United Kingdom,6,6,14,32.85
C546168,2011-03-10 10:22:00,16670,United Kingdom,2,2,15,32.85
C501417,2010-03-16 11:38:00,15058,United Kingdom,1,1,3,32.849999999999994
C502296,2010-03-24 09:00:00,13397,United Kingdom,1,1,3,32.849999999999994
C549908,2011-04-12 16:39:00,13324,United Kingdom,1,1,3,32.849999999999994
C525005,2010-10-03 10:42:00,14156,EIRE,1,1,3,32.849999999999994
C524705,2010-09-30 12:30:00,16210,United Kingdom,1,1,3,32.849999999999994
C554541,2011-05-24 17:50:00,13078,United Kingdom,1,1,3,32.849999999999994
C541786,2011-01-21 12:54:00,14441,United Kingdom,1,1,3,32.849999999999994
C515430,2010-07-12 14:18:00,14295,United Kingdom,1,1,3,32.849999999999994
C541117,2011-01-13 17:09:00,15100,United Kingdom,1,1,3,32.849999999999994
C544442,2011-02-20 10:30:00,15465,United Kingdom,1,1,3,32.849999999999994
C502630,2010-03-25 15:40:00,15518,United Kingdom,1,1,3,32.849999999999994
C564941,2011-08-31 13:18:00,13709,United Kingdom,2,2,6,32.8
C506284,2010-04-28 16:45:00,13520,Switzerland,3,3,21,32.75
C543830,2011-02-14 09:54:00,12476,Germany,3,3,5,32.75
C567978,2011-09-23 10:40:00,14546,United Kingdom,6,6,7,32.75
C508698,2010-05-17 17:04:00,13905,United Kingdom,1,1,6,32.7
C543445,2011-02-08 11:45:00,12662,Germany,2,2,18,32.7
C516460,2010-07-20 13:50:00,17426,United Kingdom,1,1,6,32.7
C579781,2011-11-30 15:20:00,17451,United Kingdom,2,2,7,32.650000000000006
C499790,2010-03-02 15:01:00,12972,United Kingdom,5,5,9,32.65
C577397,2011-11-18 17:12:00,12504,Germany,3,3,3,32.65
C557512,2011-06-20 16:52:00,15700,United Kingdom,3,3,29,32.65
C538684,2010-12-14 09:26:00,16161,United Kingdom,3,3,3,32.65
C564913,2011-08-31 12:39:00,12560,Germany,6,6,32,32.620000000000005
C505449,2010-04-22 11:18:00,17563,United Kingdom,2,2,9,32.550000000000004
C532409,2010-11-11 19:44:00,13394,United Kingdom,2,2,13,32.550000000000004
C494496,2010-01-14 17:56:00,13394,United Kingdom,2,2,5,32.55
C551865,2011-05-04 16:23:00,17644,United Kingdom,3,3,15,32.55
C549041,2011-04-05 17:22:00,17644,United Kingdom,3,3,15,32.55
C581490,2011-12-09 09:57:00,14397,United Kingdom,2,2,23,32.53
C502437,2010-03-24 13:10:00,17372,United Kingdom,8,8,41,32.53
C495281,2010-01-22 12:27:00,16229,United Kingdom,4,4,6,32.5
C522607,2010-09-15 13:47:00,16005,United Kingdom,1,1,11,32.45
C501915,2010-03-22 09:52:00,17508,Greece,1,1,11,32.45
C505215,2010-04-21 10:17:00,14081,United Kingdom,1,1,11,32.45
C504354,2010-04-13 10:01:00,13443,United Kingdom,1,1,11,32.45
C545068,2011-02-27 15:07:00,14157,United Kingdom,1,1,11,32.45
C526939,2010-10-14 10:11:00,15898,United Kingdom,1,1,11,32.45
C552546,2011-05-10 10:33:00,13767,United Kingdom,1,1,11,32.45
C568184,2011-09-25 13:55:00,15429,United Kingdom,1,1,11,32.45
C558329,2011-06-28 12:09:00,17900,United Kingdom,2,2,24,32.4
C568584,2011-09-28 10:13:00,15706,United Kingdom,2,2,3,32.4
C500835,2010-03-10 11:51:00,12437,France,4,4,16,32.4
C547675,2011-03-24 14:07:00,17754,United Kingdom,1,1,49,32.34
C534798,2010-11-24 11:51:00,16903,United Kingdom,3,3,26,32.3
C515283,2010-07-09 14:01:00,12576,Poland,3,3,6,32.3
C577153,2011-11-18 09:54:00,13266,United Kingdom,5,5,28,32.1
C509176,2010-05-20 16:09:00,13092,United Kingdom,4,4,18,32.1
C498703,2010-02-22 12:37:00,14680,United Kingdom,8,8,15,32.08
C544669,2011-02-22 15:22:00,18055,United Kingdom,3,3,5,32.050000000000004
C510247,2010-05-28 10:24:00,17442,United Kingdom,2,2,5,32.05
C580762,2011-12-06 10:32:00,14543,United Kingdom,4,4,5,32.05
C555727,2011-06-06 16:24:00,15737,United Kingdom,2,2,4,32.0
C579277,2011-11-29 10:16:00,17450,United Kingdom,1,1,10,32.0
C540386,2011-01-06 17:57:00,12417,Belgium,3,3,5,31.95
C535363,2010-11-25 17:24:00,13317,United Kingdom,3,3,7,31.85
C528878,2010-10-25 12:15:00,15039,United Kingdom,3,3,3,31.85
C537797,2010-12-08 13:07:00,13113,United Kingdom,3,3,4,31.849999999999998
C519685,2010-08-19 13:04:00,14521,United Kingdom,3,3,8,31.800000000000004
C503205,2010-03-30 15:49:00,13082,United Kingdom,1,1,30,31.8
C529176,2010-10-26 18:17:00,15940,United Kingdom,1,1,4,31.8
C523076,2010-09-20 12:09:00,16919,United Kingdom,2,2,4,31.8
C542139,2011-01-25 17:24:00,17094,United Kingdom,1,1,4,31.8
C529182,2010-10-26 18:37:00,15377,United Kingdom,1,1,4,31.8
C538699,2010-12-14 10:23:00,16422,United Kingdom,1,1,4,31.8
C542403,2011-01-27 16:07:00,13534,United Kingdom,2,2,4,31.8
C491020,2009-12-08 18:49:00,12747,United Kingdom,1,1,4,31.8
C540006,2011-01-04 10:48:00,14606,United Kingdom,3,3,3,31.8
C494500,2010-01-14 18:06:00,13711,United Kingdom,3,3,4,31.8
C536855,2010-12-03 10:11:00,18225,United Kingdom,1,1,4,31.8
C509620,2010-05-25 09:50:00,13004,United Kingdom,2,2,4,31.799999999999997
C520977,2010-09-01 12:56:00,13078,United Kingdom,2,2,4,31.799999999999997
C521265,2010-09-03 11:30:00,17049,United Kingdom,5,5,14,31.7
C575651,2011-11-10 14:26:00,17653,United Kingdom,6,6,8,31.68
C538803,2010-12-14 11:55:00,16262,United Kingdom,3,3,5,31.65
C523392,2010-09-21 20:03:00,15182,United Kingdom,1,1,8,31.6
C524309,2010-09-28 14:05:00,17696,United Kingdom,5,5,10,31.6
C518254,2010-08-05 18:09:00,12525,France,5,5,5,31.55
C494474,2010-01-14 15:06:00,12471,Germany,3,3,8,31.5
C551508,2011-04-28 18:16:00,13102,United Kingdom,2,2,14,31.5
C534206,2010-11-21 15:43:00,15579,United Kingdom,3,3,75,31.5
C516600,2010-07-21 14:07:00,13012,United Kingdom,3,3,17,31.43
C523378,2010-09-21 19:37:00,15766,United Kingdom,2,2,4,31.4
C549783,2011-04-12 11:50:00,16558,United Kingdom,6,6,12,31.39
C521011,2010-09-01 14:40:00,12519,Germany,2,2,7,31.35
C539950,2010-12-23 11:50:00,13534,United Kingdom,3,3,13,31.35
C554340,2011-05-23 17:40:00,17017,United Kingdom,2,2,19,31.25
C491030,2009-12-08 19:07:00,14113,United Kingdom,1,1,48,31.200000000000003
C532847,2010-11-15 10:37:00,17696,United Kingdom,1,1,16,31.2
C497150,2010-02-05 15:56:00,15137,United Kingdom,2,2,48,31.2
C518657,2010-08-10 13:51:00,17754,United Kingdom,1,1,16,31.2
C579753,2011-11-30 14:48:00,15484,United Kingdom,1,1,16,31.2
C514392,2010-07-02 11:59:00,16571,United Kingdom,3,3,10,31.2
C555360,2011-06-02 14:06:00,16133,United Kingdom,2,2,11,31.15
C572485,2011-10-24 13:50:00,14952,United Kingdom,2,2,4,31.1
C521814,2010-09-08 15:10:00,15555,United Kingdom,1,1,20,31.0
C511642,2010-06-09 13:27:00,,United Kingdom,4,4,15,30.950000000000003
C500731,2010-03-09 16:07:00,15827,United Kingdom,3,3,3,30.95
C546529,2011-03-14 13:05:00,15502,United Kingdom,2,2,2,30.9
C532376,2010-11-11 18:01:00,16677,United Kingdom,2,2,3,30.85
C503908,2010-04-08 12:30:00,13890,United Kingdom,3,3,19,30.85
C505155,2010-04-20 11:56:00,12471,Germany,6,6,17,30.849999999999998
C554150,2011-05-23 11:07:00,14573,United Kingdom,3,3,3,30.849999999999998
C578274,2011-11-23 13:42:00,17828,Malta,5,5,8,30.81
C579929,2011-12-01 09:34:00,17828,Malta,5,5,8,30.81
C530063,2010-11-01 11:40:00,12931,United Kingdom,1,1,56,30.800000000000004
C572989,2011-10-27 10:53:00,15786,United Kingdom,4,4,5,30.8
C518680,2010-08-10 17:09:00,17799,United Kingdom,2,2,4,30.799999999999997
C523389,2010-09-21 19:57:00,13440,United Kingdom,5,5,9,30.75
C533808,2010-11-19 08:27:00,13317,United Kingdom,3,3,9,30.75
C523408,2010-09-21 20:36:00,13440,United Kingdom,5,5,9,30.75
C530929,2010-11-04 17:03:00,16777,United Kingdom,2,2,5,30.75
C577849,2011-11-22 10:59:00,14534,United Kingdom,3,3,6,30.700000000000003
C525559,2010-10-05 19:55:00,15658,United Kingdom,3,3,6,30.7
C541492,2011-01-18 14:24:00,,United Kingdom,8,8,8,30.7
C520531,2010-08-26 15:10:00,12836,United Kingdom,3,3,3,30.65
C540177,2011-01-05 12:42:00,16316,United Kingdom,1,1,4,30.6
C538100,2010-12-09 15:00:00,16579,United Kingdom,1,1,12,30.6
C529576,2010-10-28 18:57:00,,EIRE,1,1,12,30.6
C507605,2010-05-10 13:45:00,15633,United Kingdom,3,3,8,30.6
C500726,2010-03-09 15:47:00,14112,United Kingdom,1,1,36,30.6
C556327,2011-06-10 11:22:00,17659,United Kingdom,1,1,36,30.6
C490306,2009-12-04 14:40:00,17193,United Kingdom,1,1,36,30.6
C541418,2011-01-17 16:45:00,13883,United Kingdom,1,1,12,30.6
C514144,2010-06-30 13:54:00,17512,United Kingdom,1,1,12,30.6
C565403,2011-09-02 17:53:00,16187,United Kingdom,1,1,36,30.6
C543784,2011-02-11 16:59:00,13089,United Kingdom,1,1,4,30.6
C572916,2011-10-26 16:29:00,16325,United Kingdom,1,1,12,30.6
C536228,2010-11-30 14:08:00,17342,United Kingdom,1,1,4,30.6
C513478,2010-06-24 17:03:00,15513,United Kingdom,1,1,12,30.6
C499068,2010-02-24 15:00:00,14944,United Kingdom,2,2,12,30.6
C527609,2010-10-18 13:44:00,13922,United Kingdom,1,1,12,30.6
C548738,2011-04-04 11:22:00,14711,United Kingdom,2,2,12,30.6
C527109,2010-10-14 17:22:00,17935,United Kingdom,2,2,12,30.6
C526667,2010-10-12 15:30:00,14846,United Kingdom,1,1,12,30.6
C561019,2011-07-22 16:52:00,15187,United Kingdom,1,1,12,30.6
C518075,2010-08-04 13:39:00,14455,United Kingdom,2,2,36,30.599999999999998
C564493,2011-08-25 14:19:00,13089,United Kingdom,3,3,13,30.550000000000004
C572761,2011-10-26 09:38:00,12584,Italy,4,4,6,30.55
C578124,2011-11-23 10:30:00,14049,United Kingdom,12,12,13,30.55
C525930,2010-10-07 16:54:00,16145,United Kingdom,5,5,30,30.53
C542734,2011-01-31 15:36:00,14442,Channel Islands,2,2,4,30.5
C546930,2011-03-18 10:37:00,14701,United Kingdom,6,6,9,30.450000000000003
C500507,2010-03-08 13:50:00,16103,United Kingdom,2,2,7,30.450000000000003
C521113,2010-09-02 10:56:00,13648,United Kingdom,2,2,7,30.450000000000003
C514202,2010-06-30 16:09:00,13662,United Kingdom,4,4,9,30.35
C507217,2010-05-06 18:02:00,12982,United Kingdom,5,5,7,30.35
C521960,2010-09-09 18:16:00,14112,United Kingdom,2,2,12,30.300000000000004
C491615,2009-12-11 13:57:00,18094,United Kingdom,2,2,18,30.3
C489643,2009-12-01 16:26:00,15750,United Kingdom,5,5,6,30.3
C577513,2011-11-20 12:59:00,18110,United Kingdom,3,3,7,30.25
C530639,2010-11-03 16:22:00,16147,United Kingdom,3,3,72,30.240000000000002
C524168,2010-09-27 16:24:00,17524,United Kingdom,2,2,72,30.24
C539448,2010-12-17 16:25:00,15157,United Kingdom,2,2,72,30.24
C569944,2011-10-06 18:12:00,17405,United Kingdom,5,5,9,30.230000000000004
C513421,2010-06-24 12:39:00,17696,United Kingdom,2,2,20,30.200000000000003
C546854,2011-03-17 13:55:00,17511,United Kingdom,7,7,19,30.13
C503214,2010-03-30 16:08:00,15789,United Kingdom,2,2,24,30.0
C519039,2010-08-13 11:23:00,14025,United Kingdom,1,1,8,30.0
C530336,2010-11-02 14:14:00,16372,United Kingdom,1,1,24,30.0
C576199,2011-11-14 12:13:00,12610,Italy,3,3,8,30.0
C565290,2011-09-02 11:46:00,16092,United Kingdom,1,1,24,30.0
C563773,2011-08-19 11:18:00,13048,United Kingdom,1,1,8,30.0
C491412,2009-12-10 19:05:00,16450,United Kingdom,1,1,24,30.0
C537157,2010-12-05 13:09:00,15880,United Kingdom,1,1,24,30.0
C537998,2010-12-09 11:42:00,17411,United Kingdom,2,2,8,30.0
C558575,2011-06-30 14:58:00,12674,France,1,1,24,30.0
C520991,2010-09-01 13:28:00,18226,United Kingdom,1,1,24,30.0
C540783,2011-01-11 11:38:00,17629,United Kingdom,1,1,8,30.0
C543838,2011-02-14 10:59:00,15827,United Kingdom,1,1,8,30.0
C575752,2011-11-11 10:40:00,13500,United Kingdom,2,2,24,30.0
C560899,2011-07-21 17:32:00,15260,United Kingdom,1,1,24,30.0
C513481,2010-06-24 17:30:00,13552,United Kingdom,1,1,24,30.0
C520962,2010-09-01 12:15:00,15980,United Kingdom,1,1,24,30.0
C559651,2011-07-11 12:43:00,13184,United Kingdom,1,1,24,30.0
C490343,2009-12-04 15:48:00,14087,United Kingdom,1,1,24,30.0
C499514,2010-03-01 09:29:00,16202,United Kingdom,1,1,24,30.0
C538763,2010-12-14 11:33:00,17722,United Kingdom,1,1,8,30.0
C498040,2010-02-16 10:23:00,12472,Germany,3,3,9,29.95
C535432,2010-11-26 12:29:00,17921,United Kingdom,1,1,1,29.95
C554493,2011-05-24 13:59:00,16818,United Kingdom,1,1,1,29.95
C554346,2011-05-23 17:48:00,18260,United Kingdom,3,3,3,29.95
C517461,2010-07-29 11:35:00,14911,EIRE,1,1,1,29.95
C524940,2010-10-01 12:09:00,17360,United Kingdom,1,1,1,29.95
C546664,2011-03-15 14:41:00,16061,United Kingdom,1,1,1,29.95
C507123,2010-05-06 11:57:00,,United Kingdom,1,1,1,29.95
C543640,2011-02-10 17:06:00,12967,United Kingdom,1,1,1,29.95
C541254,2011-01-16 13:53:00,17841,United Kingdom,1,1,2,29.9
C536625,2010-12-02 10:46:00,14766,United Kingdom,1,1,2,29.9
C528173,2010-10-21 10:13:00,14644,United Kingdom,2,2,2,29.9
C566748,2011-09-14 15:37:00,12822,United Kingdom,1,1,2,29.9
C491818,2009-12-14 13:43:00,14372,United Kingdom,1,1,2,29.9
C554331,2011-05-23 17:13:00,16523,United Kingdom,1,1,2,29.9
C576788,2011-11-16 13:56:00,15344,United Kingdom,1,1,2,29.9
C514550,2010-07-05 11:06:00,15754,United Kingdom,1,1,2,29.9
C496320,2010-01-31 12:36:00,15751,United Kingdom,2,2,2,29.9
C543785,2011-02-11 17:01:00,13098,United Kingdom,1,1,2,29.9
C553924,2011-05-20 09:34:00,12476,Germany,2,2,2,29.9
C574350,2011-11-04 10:36:00,16637,United Kingdom,3,3,36,29.880000000000003
C571919,2011-10-19 16:08:00,17350,United Kingdom,1,1,36,29.88
C575616,2011-11-10 12:51:00,15805,United Kingdom,2,2,6,29.86
C549580,2011-04-11 09:35:00,13501,Switzerland,1,1,3,29.85
C527501,2010-10-18 12:21:00,16133,United Kingdom,1,1,3,29.85
C548647,2011-04-01 13:17:00,12888,United Kingdom,1,1,3,29.85
C578136,2011-11-23 10:57:00,14156,EIRE,4,4,9,29.85
C508250,2010-05-14 10:28:00,15218,United Kingdom,3,3,19,29.85
C548503,2011-03-31 14:23:00,14410,United Kingdom,5,5,7,29.85
C531449,2010-11-08 12:54:00,14209,United Kingdom,1,1,3,29.85
C556669,2011-06-13 16:28:00,16133,United Kingdom,2,2,15,29.85
C556530,2011-06-13 11:42:00,18109,United Kingdom,1,1,3,29.85
C566960,2011-09-15 17:02:00,12616,France,1,1,3,29.85
C576397,2011-11-15 10:48:00,13081,United Kingdom,1,1,3,29.85
C507220,2010-05-06 19:26:00,12915,United Kingdom,2,2,7,29.85
C532390,2010-11-11 19:12:00,12437,France,2,2,3,29.849999999999998
C539069,2010-12-15 16:57:00,12947,United Kingdom,2,2,3,29.849999999999998
C515262,2010-07-09 12:31:00,12935,United Kingdom,2,2,3,29.849999999999998
C541961,2011-01-24 12:58:00,17799,United Kingdom,2,2,3,29.849999999999998
C511036,2010-06-06 11:05:00,14415,United Kingdom,3,3,3,29.849999999999998
C499783,2010-03-02 14:33:00,12525,France,2,2,3,29.849999999999998
C565077,2011-08-31 17:31:00,17451,United Kingdom,4,4,17,29.849999999999998
C542264,2011-01-26 17:25:00,15215,United Kingdom,2,2,3,29.849999999999998
C566741,2011-09-14 14:55:00,15618,United Kingdom,4,4,26,29.82
C555877,2011-06-07 15:28:00,16218,United Kingdom,6,6,11,29.810000000000002
C537832,2010-12-08 14:52:00,16858,United Kingdom,3,3,8,29.8
C533126,2010-11-16 12:44:00,17389,United Kingdom,1,1,7,29.75
C571928,2011-10-19 16:44:00,12720,Germany,1,1,5,29.75
C572479,2011-10-24 13:43:00,12463,Belgium,2,2,13,29.75
C515686,2010-07-14 12:02:00,13901,United Kingdom,2,2,3,29.75
C491037,2009-12-09 09:28:00,12896,United Kingdom,1,1,5,29.75
C526803,2010-10-13 11:37:00,12480,Germany,3,3,5,29.75
C577154,2011-11-18 09:55:00,15502,United Kingdom,1,1,35,29.75
C567624,2011-09-21 12:50:00,13448,United Kingdom,1,1,5,29.75
C539608,2010-12-20 14:10:00,16873,United Kingdom,2,2,3,29.75
C508916,2010-05-19 10:37:00,16699,United Kingdom,1,1,6,29.700000000000003
C574003,2011-11-02 11:44:00,14390,United Kingdom,1,1,6,29.700000000000003
C553029,2011-05-12 19:41:00,14201,United Kingdom,1,1,6,29.700000000000003
C491595,2009-12-11 13:14:00,17017,United Kingdom,1,1,6,29.700000000000003
C541691,2011-01-20 16:22:00,13090,United Kingdom,1,1,6,29.700000000000003
C556453,2011-06-10 16:33:00,14525,United Kingdom,1,1,6,29.700000000000003
C534372,2010-11-22 12:13:00,12616,France,1,1,6,29.700000000000003
C524372,2010-09-28 17:32:00,15681,United Kingdom,1,1,6,29.700000000000003
C553230,2011-05-16 11:09:00,14201,United Kingdom,1,1,6,29.700000000000003
C490544,2009-12-07 09:46:00,16163,United Kingdom,1,1,6,29.700000000000003
C509614,2010-05-25 09:34:00,15633,United Kingdom,1,1,6,29.700000000000003
C523405,2010-09-21 20:30:00,13557,United Kingdom,1,1,6,29.700000000000003
C539947,2010-12-23 11:47:00,13854,United Kingdom,1,1,6,29.700000000000003
C539983,2010-12-23 14:49:00,15856,United Kingdom,1,1,6,29.700000000000003
C557651,2011-06-21 17:20:00,17428,United Kingdom,3,3,5,29.700000000000003
C508239,2010-05-13 19:51:00,16092,United Kingdom,1,1,6,29.700000000000003
C534916,2010-11-24 15:17:00,15476,United Kingdom,1,1,6,29.700000000000003
C500551,2010-03-08 15:33:00,12708,Germany,1,1,6,29.700000000000003
C539278,2010-12-16 15:39:00,18269,United Kingdom,1,1,6,29.700000000000003
C538805,2010-12-14 11:57:00,14708,United Kingdom,1,1,6,29.700000000000003
C504461,2010-04-13 16:22:00,13408,United Kingdom,1,1,6,29.700000000000003
C502435,2010-03-24 13:02:00,15998,United Kingdom,1,1,6,29.700000000000003
C528535,2010-10-22 12:35:00,17757,United Kingdom,2,2,6,29.7
C514548,2010-07-05 10:56:00,13299,United Kingdom,2,2,6,29.7
C550647,2011-04-19 16:33:00,13134,United Kingdom,2,2,8,29.7
C508236,2010-05-13 19:26:00,12567,France,2,2,6,29.7
C520199,2010-08-24 15:35:00,17675,United Kingdom,2,2,10,29.7
C513414,2010-06-24 12:15:00,13338,United Kingdom,2,2,2,29.7
C520576,2010-08-27 10:22:00,17649,United Kingdom,2,2,6,29.7
C516585,2010-07-21 13:24:00,15732,United Kingdom,2,2,6,29.7
C512317,2010-06-15 09:12:00,16133,United Kingdom,4,4,8,29.7
C525908,2010-10-07 16:11:00,16979,United Kingdom,2,2,6,29.7
C570683,2011-10-11 16:09:00,16161,United Kingdom,8,8,9,29.64
C500725,2010-03-09 15:45:00,14112,United Kingdom,5,5,8,29.6
C511444,2010-06-08 12:26:00,16791,United Kingdom,3,3,5,29.55
C489610,2009-12-01 14:52:00,17485,United Kingdom,6,6,9,29.55
C568370,2011-09-26 16:43:00,15154,United Kingdom,4,4,4,29.55
C541707,2011-01-21 11:07:00,18223,United Kingdom,4,4,18,29.54
C519482,2010-08-17 13:06:00,13081,United Kingdom,9,9,57,29.51
C517464,2010-07-29 11:42:00,16670,United Kingdom,1,1,10,29.5
C499916,2010-03-03 12:11:00,15311,United Kingdom,3,3,10,29.5
C525432,2010-10-05 13:14:00,15490,United Kingdom,1,1,10,29.5
C515306,2010-07-09 16:05:00,13408,United Kingdom,1,1,10,29.5
C562709,2011-08-08 14:32:00,17511,United Kingdom,9,9,11,29.490000000000002
C526467,2010-10-11 16:26:00,15078,United Kingdom,2,2,14,29.400000000000002
C568582,2011-09-28 10:02:00,13014,United Kingdom,4,4,6,29.4
C527931,2010-10-19 13:33:00,17204,United Kingdom,3,3,3,29.35
C500002,2010-03-04 09:39:00,17213,United Kingdom,4,4,5,29.35
C566313,2011-09-12 09:43:00,13577,United Kingdom,2,2,20,29.3
C525229,2010-10-04 14:07:00,12631,Finland,3,3,14,29.3
C500831,2010-03-10 11:32:00,14680,United Kingdom,8,8,8,29.299999999999997
C562119,2011-08-02 16:26:00,13505,Switzerland,3,3,11,29.250000000000004
C580703,2011-12-05 16:26:00,16705,United Kingdom,2,2,3,29.25
C567330,2011-09-19 14:46:00,13552,United Kingdom,2,2,3,29.25
C528174,2010-10-21 10:14:00,14388,United Kingdom,3,3,4,29.2
C580313,2011-12-02 15:10:00,12668,Germany,5,5,15,29.169999999999998
C517733,2010-08-01 14:17:00,18207,United Kingdom,2,2,13,29.15
C501329,2010-03-16 10:06:00,13037,United Kingdom,3,3,15,29.15
C543026,2011-02-02 14:44:00,16717,United Kingdom,3,3,6,29.1
C574872,2011-11-07 13:00:00,13993,United Kingdom,1,1,2,29.1
C567627,2011-09-21 13:01:00,17511,United Kingdom,9,9,11,29.06
C575980,2011-11-13 13:39:00,12867,United Kingdom,4,4,9,29.049999999999997
C561233,2011-07-26 10:24:00,17422,United Kingdom,6,6,33,29.009999999999998
C548995,2011-04-05 14:08:00,17841,United Kingdom,5,5,6,29.0
C546680,2011-03-15 16:51:00,13121,United Kingdom,3,3,25,29.0
C575572,2011-11-10 11:33:00,17528,United Kingdom,3,3,3,29.0
C508388,2010-05-14 14:25:00,13093,United Kingdom,1,1,20,29.0
C541868,2011-01-24 09:30:00,14796,United Kingdom,5,5,12,28.98
C549269,2011-04-07 12:47:00,16701,United Kingdom,2,2,14,28.9
C556269,2011-06-09 19:36:00,13456,United Kingdom,2,2,9,28.9
C513976,2010-06-30 08:14:00,15248,United Kingdom,5,5,8,28.9
C518374,2010-08-08 10:46:00,16525,United Kingdom,2,2,25,28.87
C525901,2010-10-07 15:42:00,12578,Italy,3,3,21,28.85
C533099,2010-11-16 11:14:00,13353,United Kingdom,3,3,3,28.849999999999998
C490866,2009-12-08 12:51:00,17213,United Kingdom,5,5,5,28.8
C545850,2011-03-07 13:45:00,15811,United Kingdom,2,2,4,28.8
C543643,2011-02-10 17:44:00,16161,United Kingdom,7,7,12,28.75
C555267,2011-06-01 16:15:00,16359,United Kingdom,1,1,23,28.75
C502179,2010-03-23 11:33:00,18247,United Kingdom,3,3,7,28.75
C525076,2010-10-03 15:25:00,16485,United Kingdom,5,5,8,28.75
C515968,2010-07-16 07:49:00,14640,United Kingdom,5,5,6,28.7
C548389,2011-03-30 16:54:00,16713,United Kingdom,2,2,3,28.65
C530175,2010-11-02 10:03:00,17044,United Kingdom,3,3,7,28.65
C552535,2011-05-10 09:59:00,13269,United Kingdom,3,3,3,28.65
C493835,2010-01-07 13:46:00,16600,United Kingdom,2,2,11,28.65
C521218,2010-09-03 10:00:00,16553,United Kingdom,2,2,19,28.64
C567543,2011-09-21 10:19:00,13418,United Kingdom,4,4,39,28.59
C497181,2010-02-05 17:30:00,13468,United Kingdom,3,3,5,28.55
C509376,2010-05-21 14:48:00,13555,United Kingdom,2,2,3,28.45
C556297,2011-06-10 09:55:00,15609,United Kingdom,2,2,3,28.45
C529565,2010-10-28 18:19:00,12790,Netherlands,3,3,6,28.4
C547763,2011-03-25 11:31:00,14194,United Kingdom,5,5,18,28.380000000000003
C530935,2010-11-04 17:16:00,14847,United Kingdom,3,3,4,28.35
C575630,2011-11-10 13:35:00,15830,United Kingdom,2,2,6,28.3
C530181,2010-11-02 10:34:00,15337,United Kingdom,3,3,8,28.3
C533068,2010-11-15 17:26:00,16161,United Kingdom,7,7,9,28.25
C517886,2010-08-03 08:53:00,14388,United Kingdom,4,4,9,28.25
C561613,2011-07-28 12:46:00,14194,United Kingdom,3,3,6,28.2
C537530,2010-12-07 11:47:00,13319,United Kingdom,3,3,5,28.15
C544558,2011-02-21 12:33:00,16073,United Kingdom,1,1,11,28.05
C555271,2011-06-01 16:26:00,14338,United Kingdom,2,2,5,28.05
C524393,2010-09-28 18:32:00,12993,United Kingdom,4,4,7,28.05
C565789,2011-09-07 09:07:00,16735,United Kingdom,2,2,17,28.05
C511088,2010-06-06 15:03:00,14667,United Kingdom,2,2,17,28.05
C502061,2010-03-22 14:56:00,13093,United Kingdom,4,4,5,28.049999999999997
C549252,2011-04-07 12:18:00,16584,United Kingdom,3,3,11,28.049999999999997
C559012,2011-07-05 12:50:00,17017,United Kingdom,3,3,10,27.979999999999997
C531134,2010-11-05 14:01:00,16984,United Kingdom,7,7,7,27.95
C527031,2010-10-14 12:14:00,15696,United Kingdom,7,7,7,27.95
C559149,2011-07-06 14:47:00,17469,United Kingdom,2,2,9,27.91
C555605,2011-06-06 11:38:00,15281,United Kingdom,3,3,6,27.900000000000002
C572440,2011-10-24 12:06:00,17811,United Kingdom,5,5,16,27.9
C501424,2010-03-16 11:55:00,14824,United Kingdom,3,3,10,27.9
C544559,2011-02-21 12:38:00,14329,United Kingdom,1,1,6,27.9
C491600,2009-12-11 13:23:00,13874,United Kingdom,1,1,6,27.9
C543792,2011-02-11 17:14:00,13725,United Kingdom,3,3,3,27.85
C549753,2011-04-12 11:17:00,13268,United Kingdom,2,2,9,27.85
C517378,2010-07-28 17:13:00,14000,United Kingdom,1,1,4,27.8
C491418,2009-12-10 19:20:00,13408,United Kingdom,1,1,4,27.8
C539072,2010-12-15 17:05:00,15664,United Kingdom,2,2,16,27.8
C495813,2010-01-27 10:19:00,14640,United Kingdom,3,3,6,27.8
C512311,2010-06-14 17:08:00,16359,United Kingdom,1,1,4,27.8
C557154,2011-06-17 11:07:00,15296,United Kingdom,2,2,4,27.799999999999997
C517565,2010-07-30 07:55:00,13455,United Kingdom,5,5,10,27.77
C494497,2010-01-14 17:59:00,13360,United Kingdom,4,4,7,27.75
C572968,2011-10-27 10:46:00,14764,United Kingdom,1,1,15,27.75
C520089,2010-08-24 11:07:00,14156,EIRE,2,2,5,27.75
C538723,2010-12-14 11:12:00,12434,Australia,3,3,13,27.75
C506002,2010-04-27 11:10:00,16550,United Kingdom,3,3,4,27.7
C539709,2010-12-21 12:33:00,18176,United Kingdom,3,3,4,27.7
C517364,2010-07-28 16:43:00,14898,United Kingdom,2,2,4,27.6
C538112,2010-12-09 15:28:00,14898,United Kingdom,2,2,4,27.6
C510807,2010-06-03 19:13:00,13175,United Kingdom,3,3,26,27.6
C560556,2011-07-19 13:04:00,13089,United Kingdom,4,4,12,27.6
C499818,2010-03-02 16:02:00,13513,United Kingdom,2,2,12,27.6
C555398,2011-06-02 17:30:00,17375,United Kingdom,2,2,6,27.6
C554847,2011-05-26 19:56:00,12909,United Kingdom,2,2,4,27.6
C499328,2010-02-26 11:26:00,14680,United Kingdom,5,5,8,27.599999999999998
C530415,2010-11-02 19:16:00,12594,Italy,2,2,24,27.599999999999998
C518265,2010-08-05 19:02:00,14211,United Kingdom,3,3,4,27.599999999999998
C515693,2010-07-14 12:11:00,17342,United Kingdom,3,3,16,27.599999999999998
C494358,2010-01-13 15:07:00,13078,United Kingdom,2,2,4,27.55
C553532,2011-05-17 15:13:00,14911,EIRE,2,2,13,27.51
C576871,2011-11-16 16:23:00,14441,United Kingdom,2,2,3,27.5
C577375,2011-11-18 16:21:00,14441,United Kingdom,2,2,3,27.5
C512052,2010-06-13 10:27:00,13736,United Kingdom,5,5,5,27.45
C500709,2010-03-09 13:58:00,15722,United Kingdom,5,5,6,27.45
C576919,2011-11-17 10:44:00,15529,United Kingdom,2,2,7,27.45
C491604,2009-12-11 13:32:00,12533,Germany,4,4,17,27.45
C501334,2010-03-16 10:29:00,15719,United Kingdom,2,2,3,27.45
C579970,2011-12-01 11:13:00,14388,United Kingdom,3,3,5,27.35
C496727,2010-02-03 14:22:00,15785,United Kingdom,4,4,6,27.339999999999996
C552709,2011-05-10 16:27:00,12886,United Kingdom,4,4,9,27.31
C532098,2010-11-10 16:14:00,15031,United Kingdom,1,1,13,27.3
C563948,2011-08-22 10:30:00,13089,United Kingdom,3,3,18,27.3
C489553,2009-12-01 12:41:00,13545,United Kingdom,2,2,7,27.29
C581465,2011-12-08 18:59:00,15755,United Kingdom,4,4,10,27.25
C497199,2010-02-07 11:21:00,13700,United Kingdom,4,4,11,27.25
C574515,2011-11-04 13:38:00,15159,United Kingdom,5,5,27,27.25
C524839,2010-09-30 17:48:00,12705,Germany,1,1,5,27.25
C499871,2010-03-02 17:24:00,13093,United Kingdom,3,3,7,27.25
C550825,2011-04-21 10:00:00,18177,United Kingdom,1,1,5,27.25
C497487,2010-02-09 15:59:00,15580,United Kingdom,4,4,11,27.25
C496226,2010-01-29 14:05:00,13455,United Kingdom,4,4,4,27.2
C572486,2011-10-24 13:51:00,14156,EIRE,1,1,32,27.2
C512785,2010-06-18 08:24:00,14505,United Kingdom,2,2,18,27.2
C502329,2010-03-24 10:33:00,14857,United Kingdom,3,3,4,27.2
C553533,2011-05-17 15:13:00,17612,United Kingdom,3,3,14,27.18
C522845,2010-09-17 11:00:00,17147,United Kingdom,3,3,3,27.15
C564134,2011-08-23 11:02:00,12456,Switzerland,4,4,17,27.15
C520086,2010-08-24 10:52:00,13911,United Kingdom,2,2,7,27.15
C537893,2010-12-09 10:14:00,12721,France,3,3,5,27.15
C525545,2010-10-05 19:23:00,16570,United Kingdom,2,2,3,27.15
C515794,2010-07-14 16:03:00,13552,United Kingdom,2,2,3,27.15
C581117,2011-12-07 12:24:00,16393,United Kingdom,7,7,11,27.15
C515981,2010-07-16 08:13:00,13050,United Kingdom,3,3,5,27.1
C559253,2011-07-07 11:44:00,12472,Germany,9,9,11,27.09
C516578,2010-07-21 13:16:00,15827,United Kingdom,3,3,5,27.049999999999997
C567532,2011-09-21 09:44:00,15888,United Kingdom,2,2,16,27.04
C505208,2010-04-20 17:12:00,13089,United Kingdom,1,1,4,27.0
C565215,2011-09-01 17:22:00,16474,United Kingdom,1,1,12,27.0
C489538,2009-12-01 12:18:00,15796,United Kingdom,1,1,4,27.0
C553568,2011-05-18 09:20:00,13650,United Kingdom,2,2,4,27.0
C507184,2010-05-06 16:01:00,16255,United Kingdom,1,1,4,27.0
C512913,2010-06-18 15:06:00,16838,United Kingdom,1,1,4,27.0
C506827,2010-05-04 13:08:00,17667,United Kingdom,1,1,4,27.0
C522717,2010-09-16 12:03:00,13479,United Kingdom,1,1,4,27.0
C507284,2010-05-07 13:49:00,14264,United Kingdom,1,1,4,27.0
C508076,2010-05-12 16:05:00,17092,United Kingdom,1,1,4,27.0
C514939,2010-07-07 11:31:00,14621,United Kingdom,2,2,4,27.0
C509034,2010-05-20 09:24:00,16615,United Kingdom,1,1,4,27.0
C514223,2010-07-01 10:11:00,12431,Australia,1,1,4,27.0
C518070,2010-08-04 13:18:00,16227,United Kingdom,1,1,36,27.0
C507191,2010-05-06 16:17:00,17496,United Kingdom,2,2,4,27.0
C527389,2010-10-17 13:14:00,17211,United Kingdom,1,1,4,27.0
C499794,2010-03-02 15:16:00,13431,United Kingdom,1,1,4,27.0
C537314,2010-12-06 11:42:00,13497,United Kingdom,1,1,4,27.0
C511031,2010-06-06 10:52:00,16335,United Kingdom,1,1,4,27.0
C527432,2010-10-17 16:38:00,15551,United Kingdom,1,1,4,27.0
C528877,2010-10-25 12:14:00,13267,United Kingdom,2,2,4,27.0
C499424,2010-02-26 16:39:00,13089,United Kingdom,1,1,4,27.0
C527653,2010-10-18 13:57:00,15252,United Kingdom,2,2,3,26.95
C523380,2010-09-21 19:40:00,15966,United Kingdom,5,5,7,26.95
C532362,2010-11-11 17:24:00,13365,United Kingdom,2,2,2,26.9
C535460,2010-11-26 12:58:00,12474,Germany,2,2,4,26.9
C493986,2010-01-10 12:27:00,15527,United Kingdom,2,2,3,26.85
C524282,2010-09-28 12:18:00,15311,United Kingdom,3,3,3,26.849999999999998
C490744,2009-12-07 18:00:00,16556,United Kingdom,5,5,5,26.75
C516577,2010-07-21 13:15:00,15791,United Kingdom,5,5,9,26.75
C515797,2010-07-14 16:12:00,16894,United Kingdom,5,5,5,26.75
C515960,2010-07-16 07:17:00,13267,United Kingdom,2,2,3,26.75
C579891,2011-12-01 08:18:00,13644,United Kingdom,2,2,7,26.74
C495034,2010-01-20 14:14:00,16556,United Kingdom,4,4,6,26.700000000000003
C503211,2010-03-30 16:00:00,14175,United Kingdom,8,8,8,26.65
C548723,2011-04-04 09:02:00,15874,United Kingdom,5,5,7,26.599999999999998
C491820,2009-12-14 13:49:00,15015,United Kingdom,4,4,9,26.55
C506431,2010-04-29 15:31:00,12672,France,3,3,7,26.55
C562795,2011-08-09 14:23:00,13709,United Kingdom,4,4,5,26.54
C546209,2011-03-10 11:31:00,15596,United Kingdom,2,2,8,26.500000000000004
C574486,2011-11-04 12:56:00,15329,United Kingdom,2,2,4,26.5
C533724,2010-11-18 13:29:00,12471,Germany,4,4,6,26.5
C557022,2011-06-16 12:56:00,16942,United Kingdom,2,2,4,26.479999999999997
C567065,2011-09-16 11:51:00,16108,United Kingdom,1,1,16,26.4
C537805,2010-12-08 13:18:00,15311,United Kingdom,9,9,15,26.38
C491080,2009-12-09 13:07:00,14593,United Kingdom,2,2,5,26.369999999999997
C524642,2010-09-30 11:31:00,14195,United Kingdom,1,1,31,26.35
C504632,2010-04-15 13:03:00,15311,United Kingdom,2,2,13,26.35
C490980,2009-12-08 16:55:00,15194,United Kingdom,3,3,7,26.35
C552704,2011-05-10 16:05:00,13098,United Kingdom,6,6,8,26.34
C548487,2011-03-31 12:57:00,14952,United Kingdom,3,3,10,26.299999999999997
C558898,2011-07-04 15:59:00,14952,United Kingdom,3,3,10,26.299999999999997
C516597,2010-07-21 14:03:00,16701,United Kingdom,1,1,7,26.25
C506752,2010-05-04 11:46:00,12647,Germany,1,1,7,26.25
C544034,2011-02-15 11:28:00,14701,United Kingdom,6,6,11,26.25
C525557,2010-10-05 19:52:00,16490,United Kingdom,3,3,7,26.25
C524397,2010-09-28 18:36:00,,United Kingdom,1,1,21,26.25
C566751,2011-09-14 15:42:00,14911,EIRE,3,3,7,26.249999999999996
C544780,2011-02-23 12:05:00,16701,United Kingdom,2,2,8,26.150000000000002
C526740,2010-10-12 18:15:00,13455,United Kingdom,4,4,5,26.15
C575641,2011-11-10 14:03:00,15814,United Kingdom,1,1,18,26.1
C504543,2010-04-14 12:21:00,17675,United Kingdom,4,4,8,26.08
C554532,2011-05-24 17:32:00,14194,United Kingdom,4,4,7,26.02
C577383,2011-11-18 16:48:00,13091,United Kingdom,3,3,16,26.0
C562687,2011-08-08 13:53:00,15157,United Kingdom,5,5,77,25.99
C573321,2011-10-30 10:35:00,14546,United Kingdom,6,6,6,25.95
C508367,2010-05-14 13:19:00,12472,Germany,4,4,14,25.9
C502231,2010-03-23 12:15:00,12472,Germany,3,3,6,25.9
C509650,2010-05-25 11:55:00,17841,United Kingdom,6,6,7,25.86
C574507,2011-11-04 13:24:00,15345,United Kingdom,3,3,3,25.85
C548695,2011-04-03 10:08:00,17243,United Kingdom,3,3,3,25.849999999999998
C543442,2011-02-08 11:40:00,14911,EIRE,2,2,4,25.8
C539251,2010-12-16 14:15:00,17213,United Kingdom,2,2,4,25.8
C545510,2011-03-03 11:56:00,15281,United Kingdom,3,3,4,25.8
C546867,2011-03-17 15:48:00,18218,United Kingdom,2,2,36,25.799999999999997
C500314,2010-03-07 11:51:00,16136,United Kingdom,2,2,52,25.72
C503228,2010-03-30 16:51:00,13078,United Kingdom,4,4,6,25.71
C554685,2011-05-25 16:30:00,16161,United Kingdom,3,3,3,25.7
C502068,2010-03-22 15:29:00,16571,United Kingdom,2,2,8,25.7
C581468,2011-12-08 19:26:00,13599,United Kingdom,2,2,22,25.68
C500016,2010-03-04 10:34:00,12391,Cyprus,6,6,8,25.6
C526523,2010-10-12 11:16:00,,United Kingdom,5,5,6,25.599999999999998
C508859,2010-05-18 15:30:00,,United Kingdom,1,1,1,25.52
C536506,2010-12-01 12:38:00,17897,United Kingdom,1,1,6,25.5
C550751,2011-04-20 11:48:00,15465,United Kingdom,1,1,2,25.5
C515689,2010-07-14 12:06:00,17531,United Kingdom,1,1,2,25.5
C510878,2010-06-04 09:59:00,12424,Australia,1,1,3,25.5
C537408,2010-12-06 14:55:00,15502,United Kingdom,2,2,18,25.5
C491761,2009-12-14 12:37:00,16163,United Kingdom,1,1,2,25.5
C526840,2010-10-13 11:58:00,14329,United Kingdom,1,1,2,25.5
C527484,2010-10-18 11:39:00,16558,United Kingdom,1,1,2,25.5
C527844,2010-10-19 11:29:00,15885,United Kingdom,1,1,2,25.5
C517373,2010-07-28 17:06:00,15394,United Kingdom,1,1,2,25.5
C515623,2010-07-14 10:00:00,12431,Australia,1,1,2,25.5
C533122,2010-11-16 12:39:00,17695,United Kingdom,1,1,6,25.5
C526203,2010-10-10 13:11:00,14693,United Kingdom,1,1,2,25.5
C526133,2010-10-08 14:20:00,14564,Channel Islands,1,1,2,25.5
C561590,2011-07-28 11:16:00,18268,United Kingdom,1,1,2,25.5
C505454,2010-04-22 11:34:00,14493,United Kingdom,1,1,2,25.5
C526511,2010-10-12 11:02:00,13849,United Kingdom,1,1,2,25.5
C575157,2011-11-08 16:19:00,16379,United Kingdom,1,1,2,25.5
C550029,2011-04-14 11:27:00,13539,United Kingdom,1,1,6,25.5
C561681,2011-07-28 19:14:00,15370,United Kingdom,1,1,2,25.5
C508618,2010-05-17 13:39:00,13758,United Kingdom,1,1,2,25.5
C508391,2010-05-14 14:43:00,13317,United Kingdom,1,1,6,25.5
C539277,2010-12-16 15:37:00,15777,United Kingdom,1,1,3,25.5
C502879,2010-03-29 10:37:00,18245,United Kingdom,2,2,10,25.5
C525541,2010-10-05 19:15:00,17706,United Kingdom,1,1,2,25.5
C525546,2010-10-05 19:25:00,14776,United Kingdom,2,2,6,25.5
C501419,2010-03-16 11:40:00,13078,United Kingdom,1,1,2,25.5
C545848,2011-03-07 13:41:00,17672,United Kingdom,1,1,3,25.5
C494238,2010-01-12 15:30:00,14081,United Kingdom,2,2,2,25.5
C519220,2010-08-15 12:10:00,15311,United Kingdom,1,1,3,25.5
C513433,2010-06-24 13:53:00,15858,United Kingdom,1,1,2,25.5
C513947,2010-06-29 13:45:00,17191,United Kingdom,1,1,2,25.5
C492679,2009-12-17 18:20:00,13394,United Kingdom,1,1,2,25.5
C534881,2010-11-24 14:44:00,17340,United Kingdom,1,1,2,25.5
C552719,2011-05-11 09:47:00,13098,United Kingdom,1,1,2,25.5
C506864,2010-05-04 15:07:00,13267,United Kingdom,1,1,2,25.5
C510827,2010-06-03 20:05:00,16233,United Kingdom,2,2,2,25.5
C567521,2011-09-20 16:33:00,12540,Spain,2,2,2,25.5
C528398,2010-10-22 08:46:00,14553,United Kingdom,1,1,2,25.5
C567091,2011-09-16 12:45:00,12513,France,1,1,6,25.5
C519003,2010-08-12 18:49:00,18053,United Kingdom,1,1,3,25.5
C501337,2010-03-16 10:34:00,13280,United Kingdom,1,1,2,25.5
C501331,2010-03-16 10:09:00,18151,United Kingdom,1,1,6,25.5
C499791,2010-03-02 15:03:00,16631,United Kingdom,1,1,2,25.5
C567956,2011-09-23 08:54:00,12895,United Kingdom,2,2,6,25.5
C500742,2010-03-09 17:16:00,15856,United Kingdom,1,1,6,25.5
C538700,2010-12-14 10:25:00,16499,United Kingdom,1,1,2,25.5
C541512,2011-01-18 16:52:00,17576,United Kingdom,1,1,6,25.5
C491036,2009-12-09 09:16:00,12487,Sweden,1,1,30,25.5
C499162,2010-02-24 17:01:00,14558,United Kingdom,1,1,2,25.5
C549960,2011-04-13 13:49:00,16652,United Kingdom,1,1,2,25.5
C494793,2010-01-18 14:10:00,13110,United Kingdom,1,1,2,25.5
C529769,2010-10-29 15:05:00,14081,United Kingdom,1,1,2,25.5
C500729,2010-03-09 16:02:00,15291,United Kingdom,1,1,2,25.5
C518362,2010-08-06 16:33:00,13552,United Kingdom,1,1,2,25.5
C534883,2010-11-24 14:46:00,14817,United Kingdom,1,1,2,25.5
C542924,2011-02-02 09:39:00,12559,Germany,1,1,2,25.5
C570194,2011-10-07 15:36:00,16918,United Kingdom,2,2,13,25.479999999999997
C541694,2011-01-20 17:06:00,17364,United Kingdom,3,3,21,25.45
C532389,2010-11-11 19:11:00,17476,United Kingdom,2,2,2,25.45
C565023,2011-08-31 16:30:00,12901,United Kingdom,1,1,24,25.44
C543634,2011-02-10 16:31:00,13599,United Kingdom,2,2,48,25.439999999999998
C492668,2009-12-17 18:08:00,15680,United Kingdom,1,1,4,25.4
C579926,2011-12-01 09:19:00,14389,United Kingdom,8,8,15,25.4
C497810,2010-02-12 14:37:00,14415,United Kingdom,5,5,7,25.35
C530700,2010-11-04 11:08:00,13362,United Kingdom,2,2,7,25.35
C499287,2010-02-25 19:15:00,13317,United Kingdom,4,4,6,25.3
C503227,2010-03-30 16:49:00,,United Kingdom,1,1,6,25.26
C579521,2011-11-29 18:19:00,12748,United Kingdom,3,3,8,25.259999999999998
C500969,2010-03-11 12:51:00,16933,United Kingdom,5,5,7,25.25
C539565,2010-12-20 11:56:00,14113,United Kingdom,2,2,7,25.25
C545833,2011-03-07 13:14:00,16013,United Kingdom,4,4,12,25.25
C525558,2010-10-05 19:54:00,16600,United Kingdom,5,5,13,25.25
C502625,2010-03-25 15:21:00,17696,United Kingdom,2,2,11,25.25
C539284,2010-12-16 15:54:00,16770,United Kingdom,1,1,12,25.200000000000003
C551388,2011-04-28 11:41:00,17874,United Kingdom,1,1,12,25.200000000000003
C528899,2010-10-25 13:10:00,16153,United Kingdom,1,1,12,25.200000000000003
C489565,2009-12-01 13:14:00,13526,United Kingdom,1,1,12,25.200000000000003
C529575,2010-10-28 18:55:00,16700,United Kingdom,1,1,12,25.200000000000003
C539719,2010-12-21 13:15:00,14643,United Kingdom,3,3,60,25.200000000000003
C569978,2011-10-06 19:27:00,13988,United Kingdom,1,1,12,25.200000000000003
C538344,2010-12-10 14:32:00,13448,United Kingdom,1,1,12,25.200000000000003
C558258,2011-06-27 17:28:00,13014,United Kingdom,2,2,4,25.2
C515258,2010-07-09 11:53:00,13337,United Kingdom,2,2,24,25.2
C511293,2010-06-07 15:04:00,17588,United Kingdom,3,3,7,25.15
C548857,2011-04-04 13:28:00,15311,United Kingdom,3,3,12,25.09
C548851,2011-04-04 13:14:00,15311,United Kingdom,3,3,12,25.09
C574057,2011-11-02 14:10:00,14102,United Kingdom,2,2,13,25.049999999999997
C557946,2011-06-23 16:13:00,17340,United Kingdom,2,2,13,25.049999999999997
C554973,2011-05-27 16:48:00,14976,United Kingdom,1,1,4,25.0
C555421,2011-06-03 10:36:00,12779,Poland,1,1,4,25.0
C579928,2011-12-01 09:29:00,14121,United Kingdom,1,1,1,25.0
C499492,2010-02-28 14:07:00,14064,United Kingdom,1,1,20,25.0
C576903,2011-11-17 09:15:00,12712,Germany,1,1,1,25.0
C576921,2011-11-17 10:51:00,17613,United Kingdom,1,1,20,25.0
C536222,2010-11-30 13:55:00,13534,United Kingdom,5,5,18,25.0
C562887,2011-08-10 11:43:00,17994,United Kingdom,1,1,20,25.0
C555254,2011-06-01 15:17:00,14740,United Kingdom,4,4,6,25.0
C558883,2011-07-04 14:51:00,17063,United Kingdom,1,1,4,25.0
C538725,2010-12-14 11:16:00,16955,United Kingdom,1,1,20,25.0
C573869,2011-11-01 12:23:00,12523,France,1,1,1,25.0
C570207,2011-10-09 10:20:00,16326,United Kingdom,1,1,20,25.0
C551512,2011-04-28 19:51:00,14032,United Kingdom,1,1,12,24.96
C508242,2010-05-13 19:59:00,13842,United Kingdom,3,3,7,24.950000000000003
C536734,2010-12-02 12:50:00,16042,United Kingdom,2,2,5,24.95
C542091,2011-01-25 12:41:00,17091,United Kingdom,3,3,3,24.95
C527083,2010-10-14 15:33:00,13485,United Kingdom,1,1,1,24.95
C554537,2011-05-24 17:45:00,16057,United Kingdom,2,2,13,24.95
C536198,2010-11-30 13:03:00,,United Kingdom,1,1,1,24.95
C567963,2011-09-23 09:19:00,14141,United Kingdom,4,4,15,24.95
C538109,2010-12-09 15:23:00,16042,United Kingdom,2,2,5,24.95
C576241,2011-11-14 13:35:00,13447,United Kingdom,3,3,7,24.91
C577392,2011-11-18 17:05:00,16560,United Kingdom,1,1,6,24.9
C504544,2010-04-14 12:23:00,17457,United Kingdom,3,3,14,24.9
C576223,2011-11-14 13:02:00,15993,United Kingdom,3,3,4,24.9
C493830,2010-01-07 13:25:00,13594,United Kingdom,2,2,2,24.9
C571264,2011-10-16 11:07:00,17769,United Kingdom,2,2,2,24.9
C490742,2009-12-07 17:58:00,13807,United Kingdom,2,2,2,24.9
C511821,2010-06-10 16:21:00,13338,United Kingdom,2,2,2,24.9
C555487,2011-06-03 13:21:00,16484,United Kingdom,1,1,6,24.9
C505442,2010-04-22 10:47:00,17457,United Kingdom,3,3,14,24.9
C558080,2011-06-26 11:35:00,15104,United Kingdom,2,2,2,24.9
C571543,2011-10-17 16:53:00,17677,United Kingdom,1,1,6,24.9
C562121,2011-08-02 17:15:00,16523,United Kingdom,2,2,2,24.9
C554100,2011-05-22 13:27:00,15555,United Kingdom,10,10,12,24.87
C578276,2011-11-23 13:48:00,17511,United Kingdom,8,8,10,24.86
C512592,2010-06-16 16:34:00,16347,United Kingdom,2,2,3,24.849999999999998
C525722,2010-10-06 15:01:00,18272,United Kingdom,2,2,3,24.849999999999998
C561229,2011-07-26 10:18:00,17096,United Kingdom,2,2,3,24.849999999999998
C515256,2010-07-09 11:52:00,17531,United Kingdom,2,2,5,24.849999999999998
C499293,2010-02-25 19:34:00,13599,United Kingdom,5,5,6,24.8
C563220,2011-08-14 14:22:00,16150,United Kingdom,3,3,12,24.8
C525582,2010-10-06 11:15:00,13674,United Kingdom,2,2,4,24.799999999999997
C525534,2010-10-05 19:07:00,16108,United Kingdom,2,2,4,24.799999999999997
C547858,2011-03-27 12:16:00,14911,EIRE,3,3,3,24.79
C498344,2010-02-18 11:20:00,13658,United Kingdom,3,3,14,24.78
C571862,2011-10-19 13:45:00,13422,United Kingdom,1,1,5,24.75
C554905,2011-05-27 11:17:00,14191,United Kingdom,4,4,5,24.75
C558257,2011-06-27 17:27:00,18198,United Kingdom,4,4,15,24.75
C502428,2010-03-24 12:42:00,16735,United Kingdom,1,1,5,24.75
C567365,2011-09-19 16:59:00,15443,United Kingdom,3,3,3,24.75
C490348,2009-12-04 16:22:00,17884,United Kingdom,3,3,7,24.75
C528931,2010-10-25 15:08:00,12437,France,2,2,13,24.75
C573034,2011-10-27 13:41:00,14227,United Kingdom,2,2,3,24.75
C560910,2011-07-21 17:57:00,14733,United Kingdom,2,2,6,24.7
C540380,2011-01-06 17:36:00,16094,United Kingdom,2,2,12,24.7
C516979,2010-07-26 10:56:00,16150,United Kingdom,4,4,5,24.55
C513479,2010-06-24 17:04:00,12982,United Kingdom,5,5,12,24.5
C546191,2011-03-10 10:57:00,16422,United Kingdom,1,1,35,24.5
C555864,2011-06-07 14:29:00,15189,United Kingdom,3,3,8,24.450000000000003
C566460,2011-09-12 17:19:00,18223,United Kingdom,5,5,7,24.45
C510787,2010-06-03 15:55:00,15867,United Kingdom,3,3,5,24.45
C534806,2010-11-24 12:30:00,,United Kingdom,2,2,3,24.4
C490509,2009-12-06 14:34:00,15822,United Kingdom,2,2,3,24.4
C508737,2010-05-18 11:04:00,12600,Germany,3,3,3,24.4
C563570,2011-08-17 14:51:00,17949,United Kingdom,1,1,23,24.380000000000003
C492657,2009-12-17 17:52:00,14290,United Kingdom,4,4,5,24.35
C528228,2010-10-21 11:39:00,17422,United Kingdom,1,1,64,24.32
C567147,2011-09-16 15:14:00,12709,Germany,3,3,26,24.240000000000002
C546519,2011-03-14 12:27:00,14350,United Kingdom,3,3,17,24.229999999999997
C556793,2011-06-14 13:54:00,12818,Austria,2,2,6,24.2
C490283,2009-12-04 12:49:00,12349,Italy,5,5,5,24.15
C577350,2011-11-18 15:35:00,14315,United Kingdom,3,3,11,24.15
C532375,2010-11-11 17:59:00,13049,United Kingdom,2,2,14,24.1
C566462,2011-09-12 17:49:00,14276,United Kingdom,3,3,9,24.05
C527663,2010-10-18 14:26:00,17422,United Kingdom,2,2,21,24.049999999999997
C531859,2010-11-10 10:27:00,13615,United Kingdom,5,5,9,24.0
C534026,2010-11-19 15:06:00,14907,United Kingdom,3,3,18,24.0
C506158,2010-04-27 17:22:00,13659,United Kingdom,3,3,10,24.0
C567717,2011-09-22 10:20:00,15601,United Kingdom,2,2,3,24.0
C524996,2010-10-01 16:45:00,13141,United Kingdom,2,2,14,24.0
C502899,2010-03-29 12:03:00,14680,United Kingdom,4,4,10,23.9
C526270,2010-10-11 11:12:00,14590,United Kingdom,4,4,6,23.880000000000003
C493415,2010-01-04 10:33:00,14590,United Kingdom,1,1,3,23.85
C520202,2010-08-24 16:01:00,12720,Germany,3,3,6,23.85
C556888,2011-06-15 12:37:00,15005,United Kingdom,7,7,7,23.85
C517672,2010-07-30 16:40:00,12733,USA,1,1,3,23.85
C536807,2010-12-02 16:45:00,15834,United Kingdom,2,2,3,23.849999999999998
C553516,2011-05-17 14:07:00,14911,EIRE,2,2,3,23.849999999999998
C509190,2010-05-20 17:32:00,17663,United Kingdom,2,2,3,23.849999999999998
C525539,2010-10-05 19:12:00,14120,United Kingdom,1,1,4,23.8
C493092,2009-12-22 10:55:00,16830,United Kingdom,3,3,6,23.8
C502330,2010-03-24 10:34:00,13089,United Kingdom,1,1,4,23.8
C527422,2010-10-17 16:02:00,15551,United Kingdom,1,1,4,23.8
C497877,2010-02-14 11:05:00,16822,United Kingdom,1,1,4,23.8
C532359,2010-11-11 17:06:00,16670,United Kingdom,1,1,4,23.8
C558252,2011-06-27 17:02:00,18155,United Kingdom,3,3,8,23.8
C546400,2011-03-11 15:02:00,17994,United Kingdom,2,2,4,23.8
C547838,2011-03-27 10:47:00,12916,United Kingdom,2,2,8,23.8
C581462,2011-12-08 18:51:00,12985,United Kingdom,2,2,120,23.759999999999998
C561013,2011-07-22 16:12:00,16705,United Kingdom,3,3,3,23.75
C493861,2010-01-07 16:19:00,13767,United Kingdom,2,2,5,23.75
C545438,2011-03-02 15:54:00,14231,United Kingdom,3,3,5,23.75
C557487,2011-06-20 14:44:00,14796,United Kingdom,1,1,19,23.75
C566252,2011-09-11 12:14:00,13527,United Kingdom,1,1,19,23.75
C536215,2010-11-30 13:37:00,13750,United Kingdom,1,1,7,23.73
C542032,2011-01-25 11:45:00,15311,United Kingdom,1,1,7,23.73
C492681,2009-12-17 18:23:00,13078,United Kingdom,1,1,7,23.73
C532561,2010-11-12 13:03:00,13821,United Kingdom,1,1,6,23.700000000000003
C579935,2011-12-01 09:46:00,14188,United Kingdom,1,1,6,23.700000000000003
C550611,2011-04-19 12:23:00,12569,Germany,1,1,6,23.700000000000003
C512100,2010-06-13 13:35:00,17841,United Kingdom,4,4,6,23.7
C519893,2010-08-22 12:58:00,15311,United Kingdom,8,7,13,23.7
C498583,2010-02-21 15:02:00,17547,United Kingdom,3,3,6,23.7
C501506,2010-03-17 11:06:00,14680,United Kingdom,2,2,6,23.7
C501368,2010-03-16 10:58:00,13126,United Kingdom,2,2,7,23.650000000000002
C498606,2010-02-21 16:19:00,12747,United Kingdom,2,2,3,23.65
C517379,2010-07-28 17:14:00,17677,United Kingdom,2,2,3,23.65
C550494,2011-04-18 14:54:00,15311,United Kingdom,7,7,14,23.6
C520969,2010-09-01 12:22:00,16170,United Kingdom,4,4,8,23.6
C517484,2010-07-29 12:31:00,17612,United Kingdom,2,2,8,23.6
C562267,2011-08-03 16:33:00,14056,United Kingdom,4,4,8,23.6
C499747,2010-03-02 11:38:00,16807,United Kingdom,1,1,8,23.6
C556787,2011-06-14 13:26:00,16745,United Kingdom,1,1,8,23.6
C516606,2010-07-21 14:30:00,14766,United Kingdom,5,5,10,23.55
C546904,2011-03-17 18:33:00,16150,United Kingdom,4,4,7,23.55
C574753,2011-11-07 09:20:00,13924,United Kingdom,3,3,7,23.55
C575065,2011-11-08 12:40:00,13924,United Kingdom,3,3,7,23.55
C556729,2011-06-14 11:37:00,13319,United Kingdom,3,3,4,23.55
C503223,2010-03-30 16:24:00,15819,United Kingdom,4,3,15,23.509999999999998
C526616,2010-10-12 12:26:00,17841,United Kingdom,2,2,13,23.5
C534784,2010-11-24 11:19:00,17096,United Kingdom,2,2,3,23.45
C495999,2010-01-28 11:53:00,,United Kingdom,2,2,2,23.45
C570508,2011-10-11 10:14:00,15706,United Kingdom,1,1,12,23.4
C494501,2010-01-14 18:07:00,15358,United Kingdom,1,1,12,23.4
C499750,2010-03-02 11:44:00,15382,United Kingdom,1,1,12,23.4
C530519,2010-11-03 12:39:00,15694,United Kingdom,1,1,12,23.4
C546864,2011-03-17 15:42:00,13319,United Kingdom,2,2,4,23.4
C558436,2011-06-29 12:45:00,15805,United Kingdom,1,1,36,23.4
C503518,2010-04-01 13:04:00,15997,United Kingdom,1,1,12,23.4
C515803,2010-07-14 16:28:00,13484,United Kingdom,1,1,12,23.4
C506488,2010-04-30 10:44:00,15981,United Kingdom,1,1,12,23.4
C526463,2010-10-11 16:14:00,13107,United Kingdom,1,1,12,23.4
C566745,2011-09-14 15:15:00,16150,United Kingdom,5,5,8,23.4
C504563,2010-04-14 14:04:00,15252,United Kingdom,1,1,12,23.4
C546363,2011-03-11 11:30:00,16912,United Kingdom,1,1,12,23.4
C523169,2010-09-20 15:39:00,16947,United Kingdom,1,1,36,23.4
C568097,2011-09-23 15:12:00,15804,United Kingdom,1,1,12,23.4
C540784,2011-01-11 11:39:00,13126,United Kingdom,1,1,12,23.4
C507596,2010-05-10 13:18:00,16843,United Kingdom,1,1,36,23.4
C505391,2010-04-22 09:33:00,14068,United Kingdom,1,1,12,23.4
C505388,2010-04-22 09:30:00,17675,United Kingdom,1,1,12,23.4
C541009,2011-01-13 10:56:00,17581,United Kingdom,4,4,4,23.4
C501400,2010-03-16 11:28:00,12483,Sweden,1,1,12,23.4
C560687,2011-07-20 11:51:00,14606,United Kingdom,2,2,28,23.37
C494334,2010-01-13 12:16:00,14769,United Kingdom,4,4,10,23.36
C566970,2011-09-16 08:51:00,13993,United Kingdom,2,2,5,23.35
C555600,2011-06-06 11:17:00,12633,Germany,2,2,13,23.35
C489583,2009-12-01 13:47:00,14621,United Kingdom,4,4,5,23.35
C551285,2011-04-27 14:07:00,15005,United Kingdom,6,6,6,23.28
C547854,2011-03-27 12:12:00,14586,United Kingdom,2,2,48,23.28
C536826,2010-12-02 17:30:00,17924,United Kingdom,2,1,5,23.25
C579944,2011-12-01 10:38:00,15021,United Kingdom,2,2,2,23.24
C566671,2011-09-14 11:39:00,17841,United Kingdom,5,5,5,23.22
C558739,2011-07-01 15:35:00,16570,United Kingdom,2,2,32,23.2
C497621,2010-02-11 12:23:00,15005,United Kingdom,7,7,8,23.18
C580180,2011-12-02 12:00:00,14688,United Kingdom,3,3,12,23.14
C569967,2011-10-06 18:54:00,17490,United Kingdom,3,3,16,23.13
C525982,2010-10-08 11:24:00,13564,United Kingdom,7,7,7,23.12
C576324,2011-11-14 15:10:00,16161,United Kingdom,5,5,11,23.1
C570684,2011-10-11 16:24:00,14535,United Kingdom,3,3,6,23.1
C544424,2011-02-18 15:29:00,18093,United Kingdom,2,2,11,23.1
C551178,2011-04-26 17:26:00,15805,United Kingdom,3,3,8,23.05
C546323,2011-03-11 09:48:00,13975,United Kingdom,2,2,7,23.05
C554686,2011-05-25 16:43:00,15729,United Kingdom,1,1,4,23.0
C554528,2011-05-24 17:26:00,14217,United Kingdom,1,1,4,23.0
C494492,2010-01-14 17:21:00,12712,Germany,4,4,20,23.0
C567948,2011-09-23 08:21:00,14769,United Kingdom,2,2,27,23.0
C555288,2011-06-02 09:57:00,12431,Australia,2,2,8,23.0
C548193,2011-03-29 15:27:00,14680,United Kingdom,7,7,11,22.95
C511443,2010-06-08 12:24:00,15101,United Kingdom,2,2,13,22.95
C491430,2009-12-11 09:39:00,14606,United Kingdom,3,3,5,22.95
C494363,2010-01-13 16:00:00,13319,United Kingdom,3,3,5,22.95
C513645,2010-06-27 15:51:00,14505,United Kingdom,2,2,6,22.9
C576858,2011-11-16 15:52:00,17183,United Kingdom,2,2,2,22.9
C545720,2011-03-07 10:33:00,15039,United Kingdom,2,2,2,22.9
C577828,2011-11-22 09:53:00,14911,EIRE,1,1,11,22.880000000000003
C506474,2010-04-30 09:53:00,12747,United Kingdom,2,2,3,22.85
C564948,2011-08-31 13:29:00,14895,United Kingdom,2,2,3,22.849999999999998
C574524,2011-11-04 13:53:00,17841,United Kingdom,6,6,12,22.810000000000002
C538802,2010-12-14 11:54:00,17017,United Kingdom,2,2,8,22.8
C524984,2010-10-01 15:36:00,16177,United Kingdom,2,2,4,22.8
C523385,2010-09-21 19:50:00,18260,United Kingdom,4,4,4,22.8
C540165,2011-01-05 12:05:00,18109,United Kingdom,3,3,3,22.8
C504545,2010-04-14 12:24:00,16656,United Kingdom,1,1,24,22.8
C536192,2010-11-30 12:48:00,13319,United Kingdom,2,2,4,22.799999999999997
C554266,2011-05-23 12:48:00,12474,Germany,5,5,10,22.759999999999998
C499286,2010-02-25 19:14:00,14276,United Kingdom,4,4,9,22.75
C519679,2010-08-19 12:37:00,16278,United Kingdom,2,2,9,22.75
C514561,2010-07-05 11:46:00,14426,United Kingdom,4,4,4,22.75
C568388,2011-09-27 10:05:00,14808,United Kingdom,1,1,35,22.75
C493085,2009-12-22 10:24:00,15810,United Kingdom,3,3,18,22.740000000000002
C566445,2011-09-12 15:35:00,14286,United Kingdom,4,4,20,22.74
C541822,2011-01-21 16:53:00,15658,United Kingdom,4,4,6,22.700000000000003
C505528,2010-04-22 17:27:00,12998,United Kingdom,3,3,22,22.7
C498296,2010-02-18 09:05:00,14370,United Kingdom,2,2,2,22.7
C522173,2010-09-13 11:44:00,12683,France,2,2,2,22.7
C547992,2011-03-29 09:58:00,18225,United Kingdom,2,2,4,22.7
C495155,2010-01-21 12:33:00,13623,United Kingdom,2,2,2,22.7
C561608,2011-07-28 12:19:00,15827,United Kingdom,3,3,6,22.7
C543811,2011-02-13 14:28:00,15640,United Kingdom,2,2,2,22.7
C518903,2010-08-12 14:16:00,17243,United Kingdom,2,2,2,22.7
C530933,2010-11-04 17:10:00,12393,Australia,5,5,6,22.7
C566956,2011-09-15 16:45:00,14019,United Kingdom,2,2,3,22.65
C528381,2010-10-21 17:51:00,17646,United Kingdom,3,3,3,22.65
C560589,2011-07-19 15:50:00,15249,United Kingdom,5,5,17,22.65
C562438,2011-08-04 17:58:00,14621,United Kingdom,4,4,6,22.6
C508394,2010-05-14 14:46:00,14175,United Kingdom,4,4,4,22.6
C543239,2011-02-04 13:47:00,14462,United Kingdom,3,3,17,22.57
C515921,2010-07-15 13:42:00,15542,United Kingdom,2,2,17,22.55
C561623,2011-07-28 13:43:00,17677,United Kingdom,2,2,10,22.5
C493854,2010-01-07 15:56:00,13599,United Kingdom,3,3,18,22.5
C525409,2010-10-05 12:32:00,16362,United Kingdom,1,1,6,22.5
C545841,2011-03-07 13:36:00,17675,United Kingdom,3,3,6,22.5
C504182,2010-04-12 08:59:00,16554,United Kingdom,4,4,16,22.5
C530005,2010-11-01 09:31:00,14437,United Kingdom,1,1,6,22.5
C548628,2011-04-01 12:19:00,13184,United Kingdom,1,1,6,22.5
C559003,2011-07-05 12:19:00,13089,United Kingdom,1,1,6,22.5
C553409,2011-05-17 09:23:00,18136,United Kingdom,1,1,6,22.5
C549686,2011-04-11 13:26:00,15646,United Kingdom,1,1,6,22.5
C566205,2011-09-09 14:58:00,16362,United Kingdom,4,4,12,22.5
C504566,2010-04-14 14:14:00,17738,United Kingdom,1,1,6,22.5
C524547,2010-09-29 14:00:00,18136,United Kingdom,1,1,6,22.5
C528149,2010-10-20 16:12:00,16019,United Kingdom,1,1,6,22.5
C553031,2011-05-12 19:43:00,13908,United Kingdom,4,4,8,22.5
C491705,2009-12-13 14:09:00,17802,United Kingdom,1,1,6,22.5
C510233,2010-05-28 09:42:00,,United Kingdom,1,1,6,22.5
C529800,2010-10-31 10:12:00,16444,United Kingdom,1,1,6,22.5
C500774,2010-03-10 10:42:00,16946,United Kingdom,1,1,6,22.5
C552012,2011-05-05 17:29:00,13552,United Kingdom,1,1,6,22.5
C513988,2010-06-30 08:31:00,14840,United Kingdom,2,2,6,22.5
C491417,2009-12-10 19:20:00,15079,United Kingdom,2,2,11,22.45
C515701,2010-07-14 12:25:00,18217,United Kingdom,2,2,15,22.45
C554374,2011-05-24 11:27:00,15128,United Kingdom,2,2,7,22.45
C534826,2010-11-24 12:58:00,14869,United Kingdom,7,7,10,22.439999999999998
C555273,2011-06-01 16:33:00,12708,Germany,4,4,8,22.400000000000002
C535357,2010-11-25 17:14:00,17930,United Kingdom,2,2,23,22.4
C489570,2009-12-01 13:28:00,15967,United Kingdom,4,4,4,22.4
C508307,2010-05-14 11:12:00,13178,United Kingdom,3,3,8,22.35
C554848,2011-05-26 19:56:00,13659,United Kingdom,4,4,15,22.35
C553478,2011-05-17 11:47:00,17677,United Kingdom,3,3,3,22.349999999999998
C569038,2011-09-30 10:46:00,12940,United Kingdom,3,3,4,22.3
C505674,2010-04-23 14:55:00,12709,Germany,6,6,13,22.29
C540360,2011-01-06 15:35:00,18041,United Kingdom,2,2,9,22.25
C510867,2010-06-04 09:53:00,12809,Portugal,4,4,5,22.25
C546865,2011-03-17 15:46:00,14226,United Kingdom,4,4,5,22.25
C542424,2011-01-28 09:18:00,18075,United Kingdom,5,5,11,22.25
C509629,2010-05-25 10:03:00,14911,EIRE,1,1,4,22.2
C495173,2010-01-21 12:55:00,15805,United Kingdom,3,3,4,22.2
C528446,2010-10-22 11:01:00,14440,United Kingdom,1,1,4,22.2
C513406,2010-06-24 11:56:00,15358,United Kingdom,3,3,5,22.2
C497616,2010-02-11 12:13:00,14527,United Kingdom,3,3,3,22.15
C549184,2011-04-07 09:28:00,12428,Finland,2,2,29,22.11
C511788,2010-06-10 13:50:00,18168,United Kingdom,4,4,6,22.1
C506240,2010-04-28 12:43:00,15311,United Kingdom,1,1,26,22.1
C566742,2011-09-14 14:56:00,17422,United Kingdom,5,5,6,22.080000000000002
C501330,2010-03-16 10:07:00,16558,United Kingdom,3,3,15,22.05
C541499,2011-01-18 15:23:00,13693,United Kingdom,3,3,5,22.05
C504345,2010-04-13 09:29:00,14893,United Kingdom,2,2,11,22.05
C520995,2010-09-01 13:35:00,13093,United Kingdom,2,2,9,22.049999999999997
C524386,2010-09-28 17:58:00,17735,United Kingdom,2,2,16,22.0
C499868,2010-03-02 17:22:00,13287,United Kingdom,2,2,8,22.0
C528379,2010-10-21 17:46:00,16810,United Kingdom,3,3,3,22.0
C526526,2010-10-12 11:22:00,18260,United Kingdom,2,2,7,21.950000000000003
C539711,2010-12-21 12:38:00,13319,United Kingdom,2,2,5,21.95
C548392,2011-03-30 17:09:00,18075,United Kingdom,1,1,1,21.95
C518731,2010-08-11 11:36:00,13097,United Kingdom,1,1,1,21.95
C556635,2011-06-13 15:25:00,13505,Switzerland,4,4,5,21.95
C538693,2010-12-14 09:59:00,16558,United Kingdom,3,3,6,21.95
C509744,2010-05-25 13:25:00,14426,United Kingdom,1,1,1,21.95
C514535,2010-07-05 10:36:00,13861,United Kingdom,2,2,5,21.95
C548609,2011-04-01 11:22:00,15589,United Kingdom,1,1,1,21.95
C493940,2010-01-08 12:03:00,17243,United Kingdom,4,4,4,21.900000000000002
C505541,2010-04-22 18:12:00,15231,United Kingdom,3,3,8,21.900000000000002
C515151,2010-07-08 14:56:00,14154,United Kingdom,1,1,2,21.9
C516605,2010-07-21 14:27:00,14299,United Kingdom,1,1,2,21.9
C520957,2010-09-01 12:03:00,16700,United Kingdom,1,1,2,21.9
C489689,2009-12-02 10:46:00,15353,United Kingdom,1,1,2,21.9
C540643,2011-01-10 14:08:00,12471,Germany,1,1,2,21.9
C530287,2010-11-02 12:14:00,16019,United Kingdom,1,1,2,21.9
C494949,2010-01-20 10:48:00,14225,United Kingdom,4,4,13,21.9
C549962,2011-04-13 13:51:00,16652,United Kingdom,1,1,2,21.9
C547676,2011-03-24 14:15:00,15189,United Kingdom,1,1,2,21.9
C539258,2010-12-16 14:30:00,16233,United Kingdom,1,1,2,21.9
C533312,2010-11-16 17:04:00,12471,Germany,1,1,2,21.9
C520996,2010-09-01 13:37:00,13329,United Kingdom,1,1,2,21.9
C506990,2010-05-05 13:35:00,14211,United Kingdom,1,1,2,21.9
C524361,2010-09-28 17:07:00,13552,United Kingdom,1,1,2,21.9
C553840,2011-05-19 12:15:00,12471,Germany,1,1,2,21.9
C525027,2010-10-03 12:08:00,17416,United Kingdom,1,1,2,21.9
C506893,2010-05-05 09:03:00,15674,United Kingdom,1,1,2,21.9
C577692,2011-11-21 11:47:00,14426,United Kingdom,3,3,12,21.880000000000003
C542792,2011-02-01 10:49:00,14627,United Kingdom,5,5,5,21.85
C558521,2011-06-30 10:31:00,13113,United Kingdom,2,2,4,21.8
C548467,2011-03-31 12:20:00,16619,United Kingdom,2,2,4,21.8
C576232,2011-11-14 13:25:00,15839,United Kingdom,2,2,4,21.8
C559880,2011-07-13 11:32:00,15493,United Kingdom,1,1,4,21.8
C510822,2010-06-03 19:51:00,15805,United Kingdom,1,1,4,21.8
C549987,2011-04-13 16:06:00,14367,United Kingdom,4,4,4,21.799999999999997
C571003,2011-10-13 12:04:00,15801,United Kingdom,5,5,8,21.759999999999998
C506495,2010-04-30 10:55:00,14926,United Kingdom,1,1,15,21.75
C556911,2011-06-15 13:25:00,17511,United Kingdom,2,2,3,21.729999999999997
C526880,2010-10-13 14:19:00,17511,United Kingdom,11,11,11,21.71
C563109,2011-08-12 10:31:00,12656,France,2,2,10,21.700000000000003
C514390,2010-07-02 11:57:00,17841,United Kingdom,5,5,5,21.65
C574347,2011-11-04 10:28:00,12500,Germany,2,2,4,21.65
C508340,2010-05-14 12:18:00,12621,Germany,3,3,5,21.65
C549731,2011-04-11 16:36:00,13266,United Kingdom,3,2,51,21.61
C524371,2010-09-28 17:30:00,15329,United Kingdom,3,3,4,21.6
C494954,2010-01-20 10:49:00,17469,United Kingdom,2,2,4,21.6
C540366,2011-01-06 16:14:00,15061,United Kingdom,1,1,30,21.6
C569851,2011-10-06 14:02:00,17511,United Kingdom,6,6,6,21.57
C572110,2011-10-20 19:11:00,14910,United Kingdom,2,2,4,21.56
C549019,2011-04-05 15:22:00,12474,Germany,5,5,7,21.55
C543621,2011-02-10 14:59:00,14475,United Kingdom,3,3,3,21.549999999999997
C497026,2010-02-05 13:17:00,15311,United Kingdom,6,6,17,21.519999999999996
C556896,2011-06-15 12:51:00,12843,United Kingdom,5,5,28,21.5
C577398,2011-11-18 17:15:00,16839,United Kingdom,2,2,8,21.5
C519588,2010-08-18 14:20:00,14680,United Kingdom,5,5,12,21.499999999999996
C495019,2010-01-20 13:16:00,13152,United Kingdom,2,2,7,21.450000000000003
C531743,2010-11-09 12:50:00,16960,United Kingdom,1,1,11,21.45
C518988,2010-08-12 17:17:00,15786,United Kingdom,2,2,54,21.419999999999998
C512094,2010-06-13 13:14:00,17969,United Kingdom,3,3,12,21.4
C574712,2011-11-06 14:25:00,14502,United Kingdom,4,4,4,21.4
C516965,2010-07-26 09:29:00,12451,Switzerland,2,2,13,21.35
C563223,2011-08-14 14:30:00,16292,United Kingdom,2,2,3,21.349999999999998
C564281,2011-08-24 10:54:00,14796,United Kingdom,7,7,7,21.27
C542094,2011-01-25 12:47:00,13310,United Kingdom,2,2,3,21.25
C513462,2010-06-24 16:05:00,15827,United Kingdom,2,2,5,21.25
C492676,2009-12-17 18:16:00,13037,United Kingdom,2,2,4,21.25
C518964,2010-08-12 15:40:00,13059,United Kingdom,2,2,3,21.25
C558522,2011-06-30 10:33:00,15932,United Kingdom,1,1,5,21.25
C532374,2010-11-11 17:58:00,14194,United Kingdom,2,2,15,21.25
C543771,2011-02-11 15:43:00,15658,United Kingdom,2,2,2,21.25
C497613,2010-02-11 11:55:00,15044,United Kingdom,2,2,2,21.25
C553656,2011-05-18 11:21:00,17389,United Kingdom,2,2,2,21.25
C547408,2011-03-23 08:55:00,15658,United Kingdom,2,2,2,21.25
C575161,2011-11-08 16:25:00,15271,United Kingdom,1,1,5,21.25
C491004,2009-12-08 17:38:00,14286,United Kingdom,3,3,8,21.200000000000003
C545453,2011-03-02 16:57:00,14639,United Kingdom,2,2,2,21.2
C549921,2011-04-13 09:53:00,15109,United Kingdom,3,3,4,21.2
C564960,2011-08-31 14:24:00,14525,United Kingdom,2,2,12,21.18
C567997,2011-09-23 11:31:00,13097,United Kingdom,3,3,3,21.15
C562618,2011-08-08 12:32:00,13186,United Kingdom,3,3,9,21.05
C490702,2009-12-07 14:43:00,12424,Australia,2,2,4,21.0
C502903,2010-03-29 12:33:00,12472,Germany,1,1,10,21.0
C537379,2010-12-06 13:12:00,15882,United Kingdom,1,1,10,21.0
C525782,2010-10-07 11:25:00,12748,United Kingdom,2,2,50,21.0
C493068,2009-12-21 17:24:00,,United Kingdom,1,1,1,21.0
C515882,2010-07-15 11:59:00,12891,United Kingdom,1,1,50,21.0
C517959,2010-08-03 12:27:00,17511,United Kingdom,9,9,9,20.99
C545650,2011-03-04 13:14:00,15311,United Kingdom,2,2,7,20.98
C559663,2011-07-11 13:33:00,17706,United Kingdom,3,3,4,20.95
C572491,2011-10-24 14:02:00,13047,United Kingdom,4,4,6,20.9
C508365,2010-05-14 13:16:00,13830,United Kingdom,2,2,2,20.9
C517846,2010-08-02 12:59:00,,United Kingdom,2,2,2,20.9
C523397,2010-09-21 20:16:00,17865,United Kingdom,2,2,2,20.9
C506370,2010-04-29 12:06:00,14527,United Kingdom,2,2,2,20.9
C575081,2011-11-08 13:30:00,12483,Sweden,2,2,6,20.85
C501341,2010-03-16 10:42:00,14112,United Kingdom,1,1,3,20.85
C506875,2010-05-04 16:28:00,16736,United Kingdom,1,1,3,20.85
C491740,2009-12-14 10:57:00,14113,United Kingdom,1,1,3,20.85
C528148,2010-10-20 16:07:00,14911,EIRE,1,1,3,20.85
C509293,2010-05-21 11:54:00,15622,United Kingdom,2,2,3,20.85
C537821,2010-12-08 14:20:00,18193,United Kingdom,1,1,3,20.85
C496241,2010-01-29 14:48:00,15182,United Kingdom,1,1,3,20.85
C536827,2010-12-02 17:31:00,13408,United Kingdom,1,1,3,20.85
C560206,2011-07-15 13:56:00,17068,United Kingdom,1,1,10,20.8
C544397,2011-02-18 12:21:00,12462,Spain,4,4,4,20.8
C507214,2010-05-06 17:56:00,13081,United Kingdom,3,3,5,20.8
C575962,2011-11-13 12:30:00,14547,United Kingdom,1,1,10,20.8
C580099,2011-12-01 15:06:00,13171,United Kingdom,1,1,1,20.8
C554693,2011-05-25 16:59:00,14292,United Kingdom,1,1,10,20.8
C572530,2011-10-24 15:55:00,15782,United Kingdom,1,1,1,20.8
C512600,2010-06-16 17:00:00,17677,United Kingdom,2,2,4,20.8
C578131,2011-11-23 10:49:00,13171,United Kingdom,1,1,1,20.8
C574900,2011-11-07 15:11:00,17014,United Kingdom,1,1,5,20.75
C504186,2010-04-12 09:39:00,16570,United Kingdom,2,2,5,20.75
C504567,2010-04-14 14:15:00,15298,United Kingdom,4,4,6,20.700000000000003
C508227,2010-05-13 16:24:00,15805,United Kingdom,3,3,3,20.7
C546278,2011-03-10 15:06:00,13476,United Kingdom,2,2,2,20.7
C505485,2010-04-22 12:48:00,15615,United Kingdom,2,2,4,20.7
C498390,2010-02-18 14:48:00,15005,United Kingdom,2,2,2,20.7
C580686,2011-12-05 15:28:00,15984,United Kingdom,5,5,10,20.7
C515979,2010-07-16 08:10:00,17581,United Kingdom,3,3,6,20.7
C564214,2011-08-24 09:20:00,16996,United Kingdom,2,2,7,20.650000000000002
C567885,2011-09-22 15:17:00,12879,United Kingdom,2,2,7,20.650000000000002
C568597,2011-09-28 11:17:00,13089,United Kingdom,1,1,7,20.65
C506492,2010-04-30 10:52:00,15268,United Kingdom,5,5,6,20.65
C556644,2011-06-13 16:06:00,17115,United Kingdom,3,3,3,20.65
C500833,2010-03-10 11:35:00,17377,United Kingdom,1,1,7,20.65
C517374,2010-07-28 17:10:00,15600,United Kingdom,3,3,6,20.6
C535256,2010-11-25 13:13:00,14415,United Kingdom,6,6,6,20.6
C492939,2009-12-21 12:19:00,13641,United Kingdom,3,3,9,20.55
C492661,2009-12-17 17:57:00,14831,United Kingdom,3,3,3,20.55
C499251,2010-02-25 14:42:00,14898,United Kingdom,3,3,5,20.549999999999997
C572469,2011-10-24 13:31:00,13534,United Kingdom,5,5,8,20.51
C574505,2011-11-04 13:22:00,13534,United Kingdom,5,5,8,20.51
C503203,2010-03-30 15:47:00,15607,United Kingdom,2,2,5,20.450000000000003
C519136,2010-08-13 12:36:00,12633,Germany,2,2,11,20.45
C579887,2011-11-30 17:42:00,16717,United Kingdom,3,3,5,20.45
C521013,2010-09-01 14:55:00,13024,United Kingdom,3,3,7,20.45
C493191,2009-12-22 13:13:00,15581,United Kingdom,10,10,14,20.410000000000004
C489858,2009-12-02 14:43:00,12471,Germany,2,2,10,20.400000000000002
C524356,2010-09-28 16:57:00,12481,Germany,1,1,24,20.4
C564218,2011-08-24 09:25:00,16302,United Kingdom,1,1,24,20.4
C548513,2011-03-31 15:54:00,13777,United Kingdom,1,1,8,20.4
C525168,2010-10-04 12:15:00,14911,EIRE,1,1,24,20.4
C528987,2010-10-26 11:11:00,15207,United Kingdom,1,1,24,20.4
C498140,2010-02-17 08:49:00,12645,Germany,2,2,24,20.4
C519949,2010-08-23 10:45:00,16234,United Kingdom,1,1,8,20.4
C556324,2011-06-10 11:15:00,14287,United Kingdom,1,1,24,20.4
C534678,2010-11-23 14:38:00,12748,United Kingdom,1,1,24,20.4
C545837,2011-03-07 13:32:00,12598,France,1,1,24,20.4
C538088,2010-12-09 14:45:00,14766,United Kingdom,1,1,24,20.4
C514006,2010-06-30 09:40:00,15255,United Kingdom,2,2,4,20.4
C548717,2011-04-04 08:50:00,16297,United Kingdom,1,1,24,20.4
C552570,2011-05-10 12:07:00,15676,United Kingdom,2,2,4,20.4
C519250,2010-08-15 15:18:00,17107,United Kingdom,7,7,10,20.4
C497239,2010-02-08 10:47:00,17865,United Kingdom,3,3,8,20.4
C536232,2010-11-30 14:12:00,12935,United Kingdom,1,1,24,20.4
C499060,2010-02-24 14:03:00,14590,United Kingdom,3,3,4,20.4
C533696,2010-11-18 13:20:00,12807,Sweden,1,1,24,20.4
C495017,2010-01-20 13:14:00,14861,United Kingdom,2,2,5,20.37
C505382,2010-04-22 09:14:00,15321,United Kingdom,3,3,8,20.35
C566280,2011-09-11 14:12:00,12748,United Kingdom,3,3,4,20.35
C548495,2011-03-31 13:34:00,17075,United Kingdom,3,3,3,20.35
C523701,2010-09-23 15:01:00,17743,United Kingdom,2,2,13,20.349999999999998
C499920,2010-03-03 12:20:00,15015,United Kingdom,3,3,4,20.34
C499984,2010-03-03 16:02:00,12598,France,2,2,16,20.32
C493867,2010-01-07 17:14:00,16296,United Kingdom,4,4,6,20.3
C510231,2010-05-28 09:40:00,16701,United Kingdom,2,2,4,20.3
C500732,2010-03-09 16:11:00,17049,United Kingdom,3,3,4,20.3
C506877,2010-05-04 16:40:00,13047,United Kingdom,3,3,4,20.3
C514309,2010-07-01 13:13:00,13503,United Kingdom,3,3,6,20.3
C554539,2011-05-24 17:47:00,14911,EIRE,2,2,5,20.3
C511518,2010-06-08 16:25:00,13503,United Kingdom,3,3,6,20.3
C538075,2010-12-09 14:12:00,13021,United Kingdom,1,1,12,20.28
C500013,2010-03-04 10:26:00,15015,United Kingdom,1,1,12,20.28
C539640,2010-12-20 15:27:00,15311,United Kingdom,4,4,7,20.27
C503199,2010-03-30 15:42:00,13874,United Kingdom,1,1,3,20.25
C506832,2010-05-04 13:34:00,15298,United Kingdom,1,1,3,20.25
C506535,2010-04-30 11:16:00,14655,United Kingdom,1,1,3,20.25
C516602,2010-07-21 14:19:00,14938,Channel Islands,4,4,7,20.25
C572111,2011-10-20 19:13:00,13136,United Kingdom,4,4,7,20.25
C495582,2010-01-26 10:09:00,16719,United Kingdom,3,3,3,20.25
C508143,2010-05-13 11:03:00,13021,United Kingdom,1,1,3,20.25
C499832,2010-03-02 16:13:00,13711,United Kingdom,1,1,3,20.25
C506903,2010-05-05 10:19:00,16934,United Kingdom,3,3,3,20.25
C519387,2010-08-16 14:37:00,,United Kingdom,2,2,4,20.240000000000002
C559105,2011-07-06 11:10:00,16393,United Kingdom,4,4,6,20.23
C494926,2010-01-20 10:25:00,15298,United Kingdom,2,2,8,20.200000000000003
C574318,2011-11-03 19:11:00,16729,United Kingdom,2,2,7,20.2
C512099,2010-06-13 13:31:00,17231,United Kingdom,3,3,4,20.2
C538971,2010-12-15 11:39:00,12865,Austria,1,1,48,20.16
C524376,2010-09-28 17:40:00,13799,United Kingdom,1,1,48,20.16
C516571,2010-07-21 12:47:00,17676,United Kingdom,1,1,48,20.16
C515942,2010-07-15 15:17:00,17757,United Kingdom,1,1,48,20.16
C511820,2010-06-10 16:18:00,15260,United Kingdom,2,2,5,20.15
C550614,2011-04-19 12:40:00,13735,United Kingdom,3,3,3,20.14
C535947,2010-11-29 11:56:00,13113,United Kingdom,3,3,4,20.139999999999997
C538119,2010-12-09 15:34:00,13136,United Kingdom,3,3,4,20.1
C530931,2010-11-04 17:08:00,12720,Germany,3,3,8,20.05
C533331,2010-11-16 17:58:00,15842,United Kingdom,3,3,8,20.05
C551316,2011-04-27 15:12:00,15220,United Kingdom,2,2,16,20.04
C574875,2011-11-07 13:06:00,16416,United Kingdom,1,1,16,20.0
C507131,2010-05-06 12:25:00,14543,United Kingdom,1,1,16,20.0
C569422,2011-10-04 10:38:00,12546,Spain,1,1,16,20.0
C575679,2011-11-10 15:23:00,16863,United Kingdom,1,1,16,20.0
C571466,2011-10-17 14:31:00,16463,United Kingdom,1,1,16,20.0
C551463,2011-04-28 16:13:00,13534,United Kingdom,3,3,4,19.98
C551551,2011-05-03 10:08:00,17841,United Kingdom,5,5,8,19.98
C553510,2011-05-17 13:46:00,14342,United Kingdom,1,1,3,19.950000000000003
C573754,2011-11-01 09:39:00,13126,United Kingdom,1,1,1,19.95
C506734,2010-05-04 10:17:00,14867,United Kingdom,1,1,1,19.95
C521965,2010-09-09 18:25:00,15981,United Kingdom,2,2,13,19.95
C509218,2010-05-21 10:41:00,17678,United Kingdom,1,1,1,19.95
C575669,2011-11-10 15:00:00,12417,Belgium,1,1,1,19.95
C524391,2010-09-28 18:25:00,12921,United Kingdom,2,2,3,19.95
C573541,2011-10-31 12:57:00,14738,United Kingdom,1,1,1,19.95
C520070,2010-08-23 17:08:00,14329,United Kingdom,1,1,1,19.95
C573148,2011-10-27 19:16:00,15469,United Kingdom,1,1,1,19.95
C573771,2011-11-01 10:13:00,16164,United Kingdom,1,1,1,19.95
C560044,2011-07-14 14:47:00,14258,United Kingdom,1,1,2,19.9
C512603,2010-06-17 09:25:00,14978,United Kingdom,1,1,2,19.9
C526135,2010-10-08 14:22:00,13005,United Kingdom,1,1,2,19.9
C579186,2011-11-28 15:30:00,13238,United Kingdom,1,1,2,19.9
C494367,2010-01-13 16:09:00,15827,United Kingdom,2,2,2,19.9
C506150,2010-04-27 17:03:00,13080,United Kingdom,1,1,2,19.9
C532112,2010-11-10 16:46:00,12621,Germany,1,1,2,19.9
C539601,2010-12-20 13:58:00,14119,United Kingdom,1,1,2,19.9
C530704,2010-11-04 11:13:00,14870,United Kingdom,1,1,2,19.9
C530707,2010-11-04 11:22:00,18225,United Kingdom,1,1,2,19.9
C527469,2010-10-18 11:13:00,17841,United Kingdom,2,2,2,19.9
C515967,2010-07-16 07:48:00,13735,United Kingdom,1,1,2,19.9
C547791,2011-03-25 12:07:00,17979,United Kingdom,1,1,2,19.9
C537596,2010-12-07 12:31:00,17954,United Kingdom,1,1,2,19.9
C534833,2010-11-24 13:04:00,16121,United Kingdom,1,1,2,19.9
C533927,2010-11-19 12:02:00,12471,Germany,1,1,2,19.9
C555404,2011-06-02 18:28:00,17231,United Kingdom,1,1,2,19.9
C517736,2010-08-01 14:23:00,13089,United Kingdom,1,1,2,19.9
C544057,2011-02-15 12:55:00,13623,United Kingdom,2,2,2,19.9
C553569,2011-05-18 09:23:00,16116,United Kingdom,1,1,2,19.9
C515789,2010-07-14 15:52:00,17644,United Kingdom,1,1,2,19.9
C579893,2011-12-01 08:25:00,13468,United Kingdom,1,1,2,19.9
C526348,2010-10-11 12:16:00,16919,United Kingdom,1,1,2,19.9
C551331,2011-04-27 16:19:00,16398,United Kingdom,1,1,2,19.9
C541861,2011-01-23 15:48:00,13742,United Kingdom,1,1,2,19.9
C566174,2011-09-09 12:26:00,16309,United Kingdom,2,2,2,19.9
C491404,2009-12-10 17:34:00,14030,United Kingdom,1,1,2,19.9
C563596,2011-08-18 06:19:00,12749,United Kingdom,1,1,2,19.9
C509918,2010-05-26 12:03:00,14112,United Kingdom,1,1,2,19.9
C563258,2011-08-15 12:08:00,15311,United Kingdom,3,3,4,19.9
C490773,2009-12-08 11:19:00,16593,United Kingdom,2,2,2,19.9
C534824,2010-11-24 12:56:00,14206,United Kingdom,1,1,2,19.9
C573244,2011-10-28 12:08:00,14623,United Kingdom,1,1,2,19.9
C542732,2011-01-31 15:31:00,14180,United Kingdom,1,1,2,19.9
C511646,2010-06-09 13:43:00,15260,United Kingdom,1,1,2,19.9
C528410,2010-10-22 09:22:00,16465,United Kingdom,1,1,2,19.9
C539707,2010-12-21 12:17:00,18223,United Kingdom,1,1,2,19.9
C538704,2010-12-14 10:31:00,14206,United Kingdom,1,1,2,19.9
C546858,2011-03-17 14:24:00,14081,United Kingdom,2,2,2,19.9
C496225,2010-01-29 14:02:00,17706,United Kingdom,4,4,6,19.9
C572736,2011-10-25 15:37:00,15836,United Kingdom,2,2,2,19.9
C528439,2010-10-22 10:41:00,12553,France,1,1,2,19.9
C497003,2010-02-05 12:00:00,15465,United Kingdom,1,1,2,19.9
C573030,2011-10-27 13:34:00,15468,United Kingdom,3,3,3,19.85
C494361,2010-01-13 15:48:00,12709,Germany,4,4,4,19.84
C502253,2010-03-23 14:30:00,14590,United Kingdom,1,1,4,19.8
C506814,2010-05-04 12:31:00,12588,Finland,2,2,4,19.8
C518952,2010-08-12 15:11:00,15296,United Kingdom,1,1,12,19.8
C511824,2010-06-10 16:32:00,13767,United Kingdom,1,1,4,19.8
C506306,2010-04-29 10:50:00,12613,Germany,3,3,4,19.8
C567952,2011-09-23 08:26:00,18226,United Kingdom,1,1,4,19.8
C516636,2010-07-22 11:14:00,12693,Germany,1,1,4,19.8
C491985,2009-12-15 09:46:00,13097,United Kingdom,1,1,4,19.8
C572722,2011-10-25 15:08:00,16869,United Kingdom,1,1,4,19.8
C518078,2010-08-04 13:52:00,17714,United Kingdom,1,1,12,19.8
C520971,2010-09-01 12:34:00,12771,Portugal,1,1,4,19.8
C542088,2011-01-25 12:36:00,12553,France,1,1,12,19.8
C513418,2010-06-24 12:36:00,17696,United Kingdom,2,2,20,19.8
C531514,2010-11-08 16:32:00,15314,United Kingdom,1,1,12,19.8
C573098,2011-10-27 14:45:00,15088,United Kingdom,3,3,3,19.8
C574339,2011-11-04 10:07:00,14629,United Kingdom,1,1,4,19.8
C526734,2010-10-12 17:53:00,13440,United Kingdom,1,1,4,19.8
C528107,2010-10-20 13:45:00,15291,United Kingdom,1,1,4,19.8
C517888,2010-08-03 08:56:00,17442,United Kingdom,1,1,12,19.8
C517956,2010-08-03 11:57:00,15023,United Kingdom,1,1,4,19.8
C573760,2011-11-01 09:52:00,16648,United Kingdom,2,2,12,19.8
C544118,2011-02-16 11:49:00,16306,United Kingdom,1,1,12,19.8
C520385,2010-08-25 15:07:00,18062,United Kingdom,1,1,4,19.8
C509969,2010-05-26 13:21:00,12632,Germany,1,1,12,19.8
C512424,2010-06-15 14:41:00,16622,United Kingdom,2,2,4,19.8
C558469,2011-06-29 15:31:00,17757,United Kingdom,1,1,4,19.8
C501416,2010-03-16 11:37:00,13979,United Kingdom,2,2,4,19.8
C538084,2010-12-09 14:42:00,12649,Germany,2,2,12,19.8
C552212,2011-05-06 15:08:00,17422,United Kingdom,2,2,4,19.8
C522764,2010-09-16 13:53:00,18075,United Kingdom,1,1,4,19.8
C503601,2010-04-06 09:43:00,13803,United Kingdom,1,1,12,19.8
C562848,2011-08-10 09:35:00,15201,United Kingdom,1,1,4,19.8
C504258,2010-04-12 14:01:00,14101,United Kingdom,1,1,12,19.8
C571045,2011-10-13 13:32:00,15606,United Kingdom,1,1,12,19.8
C568748,2011-09-28 16:59:00,16389,United Kingdom,1,1,12,19.8
C568903,2011-09-29 13:29:00,16156,United Kingdom,1,1,12,19.8
C530944,2010-11-04 17:51:00,15602,United Kingdom,2,2,8,19.8
C541790,2011-01-21 13:07:00,14175,United Kingdom,3,3,36,19.8
C534159,2010-11-21 12:51:00,14912,Italy,1,1,12,19.8
C547856,2011-03-27 12:14:00,16256,United Kingdom,1,1,4,19.8
C565089,2011-09-01 10:27:00,12645,Germany,1,1,12,19.8
C567538,2011-09-21 09:54:00,14198,United Kingdom,1,1,4,19.8
C539302,2010-12-16 17:33:00,15392,United Kingdom,1,1,12,19.8
C518971,2010-08-12 15:53:00,17156,United Kingdom,2,2,6,19.799999999999997
C514539,2010-07-05 10:41:00,18217,United Kingdom,2,2,15,19.79
C547808,2011-03-25 13:42:00,13014,United Kingdom,2,2,5,19.75
C520386,2010-08-25 15:12:00,16186,United Kingdom,3,3,13,19.75
C532395,2010-11-11 19:18:00,15694,United Kingdom,1,1,5,19.75
C499870,2010-03-02 17:24:00,14113,United Kingdom,2,2,6,19.7
C534698,2010-11-23 15:59:00,16242,United Kingdom,4,4,4,19.7
C522834,2010-09-17 10:32:00,16652,United Kingdom,2,2,2,19.7
C503722,2010-04-06 15:51:00,15311,United Kingdom,4,4,5,19.7
C516972,2010-07-26 10:33:00,14205,United Kingdom,2,2,2,19.7
C544171,2011-02-16 14:13:00,13001,United Kingdom,2,2,7,19.65
C498023,2010-02-15 17:13:00,16858,United Kingdom,2,2,5,19.65
C521309,2010-09-03 11:49:00,13468,United Kingdom,2,2,7,19.65
C566749,2011-09-14 15:38:00,13999,United Kingdom,2,2,7,19.65
C550463,2011-04-18 13:28:00,13157,United Kingdom,2,2,9,19.65
C579897,2011-12-01 08:29:00,17636,United Kingdom,4,4,6,19.630000000000003
C533016,2010-11-15 15:52:00,12709,Germany,6,6,6,19.6
C579764,2011-11-30 15:07:00,14936,Channel Islands,2,2,2,19.599999999999998
C570996,2011-10-13 12:02:00,14849,United Kingdom,2,2,36,19.56
C517735,2010-08-01 14:20:00,13715,United Kingdom,3,3,7,19.55
C501809,2010-03-19 14:40:00,15218,United Kingdom,4,4,8,19.52
C489555,2009-12-01 12:44:00,16955,United Kingdom,1,1,6,19.5
C531823,2010-11-09 17:30:00,13772,United Kingdom,2,2,22,19.5
C514538,2010-07-05 10:39:00,16835,United Kingdom,2,2,10,19.5
C498271,2010-02-17 15:28:00,15640,United Kingdom,1,1,10,19.5
C500750,2010-03-10 10:25:00,12931,United Kingdom,2,2,14,19.5
C516594,2010-07-21 14:00:00,15981,United Kingdom,1,1,10,19.5
C502127,2010-03-23 11:16:00,14680,United Kingdom,3,3,7,19.5
C558256,2011-06-27 17:08:00,13552,United Kingdom,2,2,8,19.5
C498425,2010-02-18 17:05:00,15078,United Kingdom,1,1,10,19.5
C512105,2010-06-13 13:51:00,12747,United Kingdom,1,1,10,19.5
C545502,2011-03-03 11:33:00,15078,United Kingdom,1,1,10,19.5
C553866,2011-05-19 14:14:00,14620,United Kingdom,4,4,26,19.5
C546207,2011-03-10 11:17:00,14211,United Kingdom,3,3,4,19.5
C533151,2010-11-16 13:53:00,13597,United Kingdom,1,1,10,19.5
C525904,2010-10-07 15:46:00,14321,United Kingdom,2,2,4,19.48
C562280,2011-08-04 10:31:00,16133,United Kingdom,2,2,25,19.46
C543195,2011-02-04 12:29:00,13113,United Kingdom,2,2,2,19.45
C503206,2010-03-30 15:51:00,14928,United Kingdom,3,3,5,19.45
C501429,2010-03-16 12:41:00,13047,United Kingdom,3,3,3,19.45
C548187,2011-03-29 15:06:00,17511,United Kingdom,3,3,3,19.45
C492575,2009-12-17 14:26:00,15311,United Kingdom,2,2,2,19.45
C492180,2009-12-15 15:28:00,15311,United Kingdom,2,2,2,19.45
C494801,2010-01-18 14:58:00,15005,United Kingdom,6,6,8,19.4
C511645,2010-06-09 13:42:00,13503,United Kingdom,3,3,6,19.4
C577395,2011-11-18 17:10:00,12779,Poland,3,3,8,19.36
C505483,2010-04-22 12:42:00,12468,Germany,6,6,9,19.35
C514146,2010-06-30 14:00:00,15639,United Kingdom,2,2,5,19.35
C577147,2011-11-18 09:42:00,13396,United Kingdom,3,3,5,19.35
C568445,2011-09-27 11:31:00,16156,United Kingdom,3,3,10,19.32
C526470,2010-10-11 16:38:00,13871,United Kingdom,2,2,6,19.3
C521966,2010-09-09 18:31:00,13787,United Kingdom,4,4,6,19.3
C531813,2010-11-09 16:40:00,14105,United Kingdom,4,4,6,19.3
C512266,2010-06-14 13:23:00,17675,United Kingdom,1,1,7,19.25
C494457,2010-01-14 14:12:00,14667,United Kingdom,2,2,13,19.25
C495172,2010-01-21 12:51:00,15885,United Kingdom,2,2,5,19.25
C579140,2011-11-28 13:05:00,16393,United Kingdom,5,5,7,19.21
C504342,2010-04-12 17:32:00,17048,United Kingdom,1,1,24,19.200000000000003
C581316,2011-12-08 11:46:00,12523,France,3,3,3,19.2
C504899,2010-04-18 14:36:00,17085,United Kingdom,1,1,4,19.2
C494929,2010-01-20 10:37:00,14256,United Kingdom,2,2,2,19.2
C516565,2010-07-21 12:27:00,12523,France,3,3,10,19.2
C502306,2010-03-24 09:35:00,14258,United Kingdom,2,2,5,19.189999999999998
C579883,2011-11-30 17:32:00,14194,United Kingdom,2,2,5,19.150000000000002
C496362,2010-02-01 10:22:00,17365,United Kingdom,2,2,3,19.15
C525918,2010-10-07 16:26:00,13623,United Kingdom,3,3,3,19.14
C567540,2011-09-21 10:00:00,12384,Switzerland,3,3,5,19.11
C512778,2010-06-17 17:45:00,15023,United Kingdom,3,3,3,19.09
C529145,2010-10-26 15:33:00,15874,United Kingdom,1,1,3,19.05
C490979,2009-12-08 16:51:00,13468,United Kingdom,1,1,3,19.05
C491076,2009-12-09 12:52:00,14173,United Kingdom,1,1,3,19.05
C565597,2011-09-05 14:29:00,12709,Germany,4,4,5,19.03
C491414,2009-12-10 19:13:00,14389,United Kingdom,8,8,16,19.0
C568532,2011-09-27 13:54:00,14356,United Kingdom,2,2,7,18.99
C564506,2011-08-25 14:26:00,15315,United Kingdom,1,1,24,18.96
C502894,2010-03-29 11:46:00,15039,United Kingdom,1,1,1,18.95
C529578,2010-10-28 19:01:00,13510,United Kingdom,2,2,3,18.95
C495587,2010-01-26 10:19:00,15046,United Kingdom,1,1,1,18.95
C511311,2010-06-07 16:15:00,13787,United Kingdom,1,1,1,18.95
C516589,2010-07-21 13:40:00,15005,United Kingdom,4,4,5,18.95
C498196,2010-02-17 13:06:00,13115,United Kingdom,1,1,1,18.95
C521382,2010-09-05 12:43:00,15751,United Kingdom,1,1,1,18.95
C508056,2010-05-12 13:18:00,14527,United Kingdom,2,2,2,18.9
C568348,2011-09-26 15:34:00,17997,United Kingdom,1,1,9,18.9
C547581,2011-03-24 10:58:00,12474,Germany,4,4,4,18.9
C540860,2011-01-12 11:04:00,15953,United Kingdom,2,2,2,18.9
C561596,2011-07-28 11:23:00,16558,United Kingdom,3,3,8,18.86
C535755,2010-11-28 13:23:00,14508,United Kingdom,1,1,13,18.85
C530549,2010-11-03 13:18:00,13317,United Kingdom,2,2,3,18.85
C492654,2009-12-17 17:48:00,16717,United Kingdom,3,3,11,18.85
C547857,2011-03-27 12:14:00,13050,United Kingdom,2,2,5,18.85
C499796,2010-03-02 15:27:00,13393,United Kingdom,3,3,3,18.85
C555639,2011-06-06 12:58:00,13458,United Kingdom,3,3,4,18.8
C526469,2010-10-11 16:36:00,16558,United Kingdom,3,3,4,18.8
C527930,2010-10-19 13:32:00,16795,United Kingdom,6,6,8,18.8
C531331,2010-11-07 12:23:00,16401,United Kingdom,1,1,15,18.75
C562911,2011-08-10 13:06:00,13384,United Kingdom,1,1,5,18.75
C556639,2011-06-13 15:37:00,13856,United Kingdom,1,1,5,18.75
C575079,2011-11-08 13:28:00,14911,EIRE,3,3,5,18.75
C553502,2011-05-17 13:03:00,17677,United Kingdom,1,1,5,18.75
C560208,2011-07-15 13:58:00,13013,United Kingdom,1,1,5,18.75
C505459,2010-04-22 11:39:00,17676,United Kingdom,3,3,17,18.75
C577042,2011-11-17 13:35:00,13894,United Kingdom,2,2,9,18.75
C557505,2011-06-20 16:05:00,17490,United Kingdom,1,1,5,18.75
C510730,2010-06-03 10:42:00,15359,United Kingdom,1,1,15,18.75
C579992,2011-12-01 11:21:00,13408,United Kingdom,1,1,5,18.75
C557521,2011-06-20 17:20:00,13694,United Kingdom,1,1,48,18.72
C555342,2011-06-02 11:42:00,17578,United Kingdom,1,1,48,18.72
C496035,2010-01-28 14:25:00,17115,United Kingdom,2,2,2,18.7
C534063,2010-11-21 11:06:00,16768,United Kingdom,2,2,2,18.7
C499161,2010-02-24 17:01:00,16406,United Kingdom,2,2,22,18.7
C530516,2010-11-03 12:31:00,14769,United Kingdom,2,2,13,18.7
C557664,2011-06-21 18:00:00,,EIRE,2,2,2,18.7
C530678,2010-11-04 10:59:00,13461,United Kingdom,2,2,2,18.7
C502666,2010-03-25 18:52:00,13187,United Kingdom,1,1,22,18.7
C507658,2010-05-10 16:36:00,14182,United Kingdom,2,2,2,18.7
C508584,2010-05-17 11:57:00,13148,United Kingdom,2,2,3,18.65
C549822,2011-04-12 12:35:00,12854,United Kingdom,3,3,3,18.65
C489554,2009-12-01 12:43:00,13767,United Kingdom,2,2,5,18.65
C510736,2010-06-03 11:35:00,12656,France,2,2,4,18.6
C522836,2010-09-17 10:39:00,13304,United Kingdom,3,3,20,18.6
C517701,2010-07-30 17:08:00,14031,United Kingdom,1,1,4,18.6
C518999,2010-08-12 17:52:00,13319,United Kingdom,2,2,4,18.6
C541007,2011-01-13 10:47:00,13078,United Kingdom,1,1,4,18.6
C497034,2010-02-05 14:06:00,14640,United Kingdom,2,2,4,18.6
C508639,2010-05-17 15:13:00,14655,United Kingdom,3,3,10,18.599999999999998
C523657,2010-09-23 13:33:00,15005,United Kingdom,5,5,5,18.59
C512793,2010-06-18 09:39:00,17017,United Kingdom,2,2,15,18.58
C517458,2010-07-29 11:30:00,17188,United Kingdom,4,4,5,18.55
C575385,2011-11-09 15:19:00,15916,United Kingdom,3,3,3,18.55
C577394,2011-11-18 17:09:00,14902,United Kingdom,4,4,9,18.55
C532102,2010-11-10 16:19:00,15276,United Kingdom,4,4,4,18.5
C563483,2011-08-16 15:59:00,14175,United Kingdom,3,3,5,18.5
C564759,2011-08-30 10:40:00,14911,EIRE,3,3,4,18.5
C502298,2010-03-24 09:03:00,18247,United Kingdom,3,3,6,18.5
C501243,2010-03-15 12:39:00,17460,United Kingdom,2,2,3,18.49
C505427,2010-04-22 10:33:00,17460,United Kingdom,2,2,3,18.49
C555346,2011-06-02 11:54:00,12710,Germany,2,2,2,18.45
C544827,2011-02-24 09:45:00,17147,United Kingdom,2,2,2,18.45
C514832,2010-07-06 14:00:00,17867,United Kingdom,2,2,2,18.45
C546128,2011-03-09 15:05:00,15622,United Kingdom,3,3,3,18.45
C533323,2010-11-16 17:34:00,15270,United Kingdom,4,4,9,18.43
C489568,2009-12-01 13:20:00,15005,United Kingdom,4,4,4,18.4
C554012,2011-05-20 12:56:00,15125,United Kingdom,2,2,4,18.4
C546208,2011-03-10 11:19:00,12417,Belgium,2,2,7,18.4
C580761,2011-12-06 10:31:00,17528,United Kingdom,3,3,3,18.4
C523974,2010-09-26 13:59:00,15513,United Kingdom,3,3,4,18.4
C555364,2011-06-02 14:17:00,14903,United Kingdom,3,3,4,18.4
C555054,2011-05-31 11:32:00,14903,United Kingdom,3,3,4,18.4
C560561,2011-07-19 13:28:00,17651,United Kingdom,2,2,4,18.369999999999997
C562953,2011-08-11 10:12:00,16180,United Kingdom,7,7,7,18.35
C552029,2011-05-05 18:11:00,15622,United Kingdom,7,7,9,18.35
C562147,2011-08-03 10:47:00,16180,United Kingdom,7,7,7,18.35
C514602,2010-07-05 12:19:00,12755,Japan,10,10,10,18.3
C528430,2010-10-22 10:06:00,13927,United Kingdom,3,3,6,18.3
C537788,2010-12-08 12:49:00,15916,United Kingdom,2,2,2,18.3
C558736,2011-07-01 15:14:00,18075,United Kingdom,3,3,4,18.28
C560563,2011-07-19 13:37:00,14911,EIRE,2,2,3,18.25
C541826,2011-01-21 17:04:00,18260,United Kingdom,3,3,6,18.25
C528182,2010-10-21 10:58:00,12511,Greece,4,4,5,18.25
C530994,2010-11-05 11:05:00,12476,Germany,5,5,7,18.25
C545436,2011-03-02 15:52:00,13093,United Kingdom,3,3,3,18.25
C544679,2011-02-22 16:15:00,12616,France,2,2,7,18.25
C549050,2011-04-06 10:17:00,13767,United Kingdom,2,2,5,18.200000000000003
C500724,2010-03-09 15:44:00,14156,EIRE,2,2,6,18.2
C510809,2010-06-03 19:18:00,18223,United Kingdom,5,5,12,18.2
C531465,2010-11-08 13:54:00,12720,Germany,1,1,11,18.15
C526516,2010-10-12 11:10:00,12471,Germany,5,5,5,18.15
C563219,2011-08-14 14:17:00,17644,United Kingdom,1,1,11,18.15
C550530,2011-04-19 10:52:00,13082,United Kingdom,2,2,11,18.15
C568649,2011-09-28 11:51:00,16626,United Kingdom,2,2,11,18.15
C528986,2010-10-26 11:07:00,15626,United Kingdom,2,2,5,18.15
C567348,2011-09-19 15:57:00,15755,United Kingdom,4,4,20,18.119999999999997
C510808,2010-06-03 19:17:00,16218,United Kingdom,3,3,4,18.1
C542588,2011-01-28 15:57:00,12997,United Kingdom,3,3,8,18.1
C500542,2010-03-08 15:30:00,12525,France,4,4,6,18.1
C512267,2010-06-14 13:25:00,13112,United Kingdom,2,2,11,18.090000000000003
C519139,2010-08-13 12:39:00,16656,United Kingdom,2,2,11,18.090000000000003
C517261,2010-07-27 17:17:00,13178,United Kingdom,3,3,5,18.05
C554867,2011-05-27 10:48:00,13050,United Kingdom,4,4,5,18.05
C547409,2011-03-23 08:59:00,13092,United Kingdom,1,1,8,18.0
C550014,2011-04-14 10:52:00,16133,United Kingdom,1,1,8,18.0
C493795,2010-01-07 11:00:00,12471,Germany,3,3,4,18.0
C575155,2011-11-08 16:17:00,13709,United Kingdom,3,3,3,17.95
C500727,2010-03-09 15:49:00,13662,United Kingdom,2,2,13,17.95
C522714,2010-09-16 11:53:00,15291,United Kingdom,3,3,3,17.95
C502431,2010-03-24 12:53:00,15822,United Kingdom,4,4,5,17.95
C492665,2009-12-17 18:02:00,15602,United Kingdom,2,2,5,17.95
C569128,2011-09-30 13:34:00,15034,United Kingdom,4,4,5,17.95
C492656,2009-12-17 17:51:00,17476,United Kingdom,1,1,2,17.9
C491467,2009-12-11 11:59:00,14319,United Kingdom,1,1,2,17.9
C495525,2010-01-25 14:37:00,14606,United Kingdom,2,2,2,17.9
C513465,2010-06-24 16:14:00,16225,United Kingdom,2,2,2,17.9
C565085,2011-09-01 09:40:00,12474,Germany,1,1,2,17.9
C559049,2011-07-05 15:50:00,12494,France,1,1,2,17.9
C489543,2009-12-01 12:19:00,14292,United Kingdom,1,1,2,17.9
C535410,2010-11-26 11:25:00,17377,United Kingdom,2,2,2,17.9
C519874,2010-08-22 10:08:00,15240,United Kingdom,5,5,5,17.9
C547235,2011-03-21 16:25:00,15291,United Kingdom,1,1,2,17.9
C533335,2010-11-16 18:09:00,13506,United Kingdom,1,1,2,17.9
C543768,2011-02-11 15:20:00,14497,United Kingdom,2,2,2,17.9
C527342,2010-10-15 15:37:00,13446,United Kingdom,2,2,2,17.9
C563752,2011-08-19 10:38:00,12362,Belgium,3,3,8,17.9
C555361,2011-06-02 14:12:00,13308,United Kingdom,3,3,3,17.9
C502744,2010-03-26 12:40:00,14994,United Kingdom,1,1,2,17.9
C538091,2010-12-09 14:48:00,16499,United Kingdom,1,1,2,17.9
C534463,2010-11-23 09:47:00,13651,United Kingdom,1,1,2,17.9
C526477,2010-10-11 17:08:00,18241,United Kingdom,1,1,2,17.9
C531822,2010-11-09 17:24:00,,EIRE,1,1,12,17.88
C506836,2010-05-04 13:45:00,17696,United Kingdom,1,1,12,17.88
C491411,2009-12-10 18:58:00,15309,United Kingdom,2,2,3,17.85
C577096,2011-11-17 16:40:00,17095,United Kingdom,1,1,3,17.85
C525111,2010-10-04 11:08:00,16057,United Kingdom,1,1,3,17.85
C554334,2011-05-23 17:16:00,13089,United Kingdom,1,1,3,17.85
C545824,2011-03-07 13:00:00,15241,United Kingdom,1,1,3,17.85
C575575,2011-11-10 11:44:00,17652,United Kingdom,1,1,3,17.85
C554029,2011-05-20 13:54:00,12681,France,2,2,3,17.85
C577781,2011-11-21 16:14:00,15406,United Kingdom,1,1,3,17.85
C517887,2010-08-03 08:55:00,16094,United Kingdom,3,3,3,17.85
C550650,2011-04-19 16:39:00,18171,United Kingdom,1,1,3,17.85
C572029,2011-10-20 11:48:00,17651,United Kingdom,1,1,3,17.85
C523299,2010-09-21 12:35:00,12600,Germany,2,2,3,17.85
C569979,2011-10-06 19:29:00,17652,United Kingdom,1,1,3,17.85
C515153,2010-07-08 15:02:00,12693,Germany,1,1,3,17.85
C546881,2011-03-17 17:17:00,15159,United Kingdom,1,1,3,17.85
C528933,2010-10-25 15:11:00,13836,United Kingdom,2,2,3,17.85
C558712,2011-07-01 13:06:00,17338,United Kingdom,2,2,3,17.85
C566965,2011-09-15 17:37:00,12919,United Kingdom,1,1,3,17.85
C555409,2011-06-03 09:18:00,13854,United Kingdom,1,1,7,17.849999999999998
C568571,2011-09-28 09:05:00,17581,United Kingdom,2,2,21,17.849999999999998
C514341,2010-07-01 15:06:00,17578,United Kingdom,2,2,5,17.83
C543606,2011-02-10 14:13:00,14665,United Kingdom,2,2,2,17.8
C533970,2010-11-19 13:17:00,15311,United Kingdom,5,5,13,17.79
C526144,2010-10-08 14:51:00,15144,United Kingdom,1,1,6,17.700000000000003
C569956,2011-10-06 18:36:00,14944,United Kingdom,1,1,6,17.700000000000003
C566963,2011-09-15 17:09:00,17573,United Kingdom,1,1,6,17.700000000000003
C491420,2009-12-10 19:26:00,15680,United Kingdom,1,1,6,17.700000000000003
C539949,2010-12-23 11:49:00,17581,United Kingdom,1,1,6,17.700000000000003
C539599,2010-12-20 13:55:00,17951,United Kingdom,1,1,6,17.700000000000003
C518503,2010-08-09 13:00:00,16835,United Kingdom,1,1,6,17.700000000000003
C562661,2011-08-08 13:40:00,13588,United Kingdom,1,1,6,17.700000000000003
C532540,2010-11-12 12:07:00,13607,United Kingdom,1,1,6,17.700000000000003
C515799,2010-07-14 16:18:00,15489,United Kingdom,2,2,6,17.700000000000003
C546234,2011-03-10 12:31:00,13599,United Kingdom,1,1,6,17.700000000000003
C524689,2010-09-30 11:45:00,12576,Poland,1,1,6,17.700000000000003
C542637,2011-01-31 10:44:00,14688,United Kingdom,1,1,6,17.700000000000003
C546125,2011-03-09 14:52:00,16316,United Kingdom,1,1,6,17.700000000000003
C579783,2011-11-30 15:21:00,17727,United Kingdom,1,1,6,17.700000000000003
C514546,2010-07-05 10:54:00,15628,United Kingdom,1,1,6,17.700000000000003
C493822,2010-01-07 12:43:00,16554,United Kingdom,1,1,6,17.700000000000003
C519036,2010-08-13 11:14:00,15596,United Kingdom,1,1,6,17.700000000000003
C492666,2009-12-17 18:04:00,13089,United Kingdom,1,1,6,17.700000000000003
C542643,2011-01-31 11:29:00,13615,United Kingdom,1,1,6,17.700000000000003
C501844,2010-03-21 10:04:00,17477,United Kingdom,1,1,6,17.700000000000003
C498922,2010-02-24 09:26:00,14911,EIRE,1,1,6,17.700000000000003
C506608,2010-04-30 15:36:00,14648,United Kingdom,1,1,6,17.700000000000003
C501311,2010-03-16 09:11:00,13446,United Kingdom,1,1,6,17.700000000000003
C513346,2010-06-24 10:58:00,16518,United Kingdom,1,1,6,17.700000000000003
C553558,2011-05-17 17:11:00,14112,United Kingdom,1,1,6,17.700000000000003
C529566,2010-10-28 18:21:00,13485,United Kingdom,1,1,6,17.700000000000003
C535046,2010-11-24 17:05:00,12933,United Kingdom,1,1,6,17.700000000000003
C532402,2010-11-11 19:32:00,16265,United Kingdom,1,1,6,17.700000000000003
C535793,2010-11-28 14:32:00,17322,United Kingdom,2,2,6,17.700000000000003
C533899,2010-11-19 11:50:00,13993,United Kingdom,1,1,6,17.700000000000003
C527029,2010-10-14 12:11:00,15289,United Kingdom,1,1,6,17.700000000000003
C522162,2010-09-13 11:03:00,13203,United Kingdom,1,1,6,17.700000000000003
C518979,2010-08-12 16:38:00,17059,United Kingdom,1,1,6,17.700000000000003
C519265,2010-08-16 09:19:00,18145,United Kingdom,1,1,6,17.700000000000003
C537414,2010-12-06 15:09:00,16861,United Kingdom,1,1,6,17.700000000000003
C555338,2011-06-02 11:22:00,14323,United Kingdom,1,1,6,17.700000000000003
C502067,2010-03-22 15:27:00,17593,United Kingdom,2,2,6,17.700000000000003
C527485,2010-10-18 11:40:00,14961,United Kingdom,1,1,6,17.700000000000003
C527546,2010-10-18 13:24:00,13971,United Kingdom,1,1,6,17.700000000000003
C490977,2009-12-08 16:43:00,15317,United Kingdom,1,1,6,17.700000000000003
C536070,2010-11-30 10:51:00,17688,United Kingdom,1,1,6,17.700000000000003
C532970,2010-11-15 13:04:00,17231,United Kingdom,3,3,3,17.7
C497040,2010-02-05 14:35:00,18168,United Kingdom,5,5,8,17.7
C520090,2010-08-24 11:09:00,17865,United Kingdom,2,2,2,17.7
C525962,2010-10-07 20:00:00,,United Kingdom,7,7,9,17.7
C536224,2010-11-30 14:02:00,13952,United Kingdom,2,2,2,17.7
C545843,2011-03-07 13:37:00,12921,United Kingdom,2,2,2,17.7
C502297,2010-03-24 09:01:00,17158,United Kingdom,2,2,4,17.7
C512061,2010-06-13 11:10:00,16768,United Kingdom,2,2,2,17.7
C503210,2010-03-30 15:57:00,13371,United Kingdom,2,2,2,17.7
C522827,2010-09-17 10:19:00,13324,United Kingdom,2,2,6,17.7
C579894,2011-12-01 08:26:00,13098,United Kingdom,3,3,8,17.68
C521956,2010-09-09 18:08:00,16177,United Kingdom,3,3,5,17.65
C499489,2010-02-28 13:50:00,16283,United Kingdom,3,3,3,17.65
C496497,2010-02-02 08:48:00,15296,United Kingdom,3,3,3,17.65
C491018,2009-12-08 18:43:00,13107,United Kingdom,2,2,3,17.65
C492660,2009-12-17 17:56:00,14112,United Kingdom,3,3,5,17.65
C498609,2010-02-21 16:22:00,13163,United Kingdom,2,2,3,17.65
C513999,2010-06-30 09:17:00,14211,United Kingdom,2,2,7,17.65
C572115,2011-10-20 19:16:00,16394,United Kingdom,2,2,42,17.64
C528163,2010-10-21 09:33:00,15750,United Kingdom,1,1,2,17.6
C566459,2011-09-12 17:17:00,13236,United Kingdom,3,3,5,17.58
C500345,2010-03-07 14:49:00,17969,United Kingdom,2,2,7,17.55
C520057,2010-08-23 15:26:00,16396,United Kingdom,2,2,17,17.55
C536160,2010-11-30 12:01:00,15596,United Kingdom,2,2,3,17.55
C536080,2010-11-30 11:11:00,13626,United Kingdom,2,2,3,17.55
C517570,2010-07-30 09:08:00,14861,United Kingdom,2,2,7,17.55
C550780,2011-04-20 13:39:00,17211,United Kingdom,2,2,13,17.55
C520060,2010-08-23 15:51:00,16396,United Kingdom,2,2,17,17.55
C515802,2010-07-14 16:22:00,14849,United Kingdom,2,2,14,17.5
C572747,2011-10-25 16:49:00,17423,United Kingdom,1,1,14,17.5
C551329,2011-04-27 16:13:00,14626,United Kingdom,2,2,14,17.5
C502077,2010-03-22 15:44:00,15791,United Kingdom,2,2,6,17.5
C526110,2010-10-08 13:03:00,13113,United Kingdom,4,4,8,17.5
C500723,2010-03-09 15:43:00,17644,United Kingdom,4,4,5,17.5
C512274,2010-06-14 13:35:00,14615,United Kingdom,3,3,14,17.5
C559136,2011-07-06 13:21:00,17511,United Kingdom,8,8,13,17.490000000000002
C533309,2010-11-16 17:01:00,16642,United Kingdom,2,2,30,17.490000000000002
C553763,2011-05-19 10:39:00,15081,United Kingdom,2,2,2,17.45
C549430,2011-04-08 12:09:00,13846,United Kingdom,3,3,5,17.45
C556648,2011-06-13 16:15:00,16038,United Kingdom,2,2,3,17.45
C510061,2010-05-27 10:45:00,15827,United Kingdom,1,1,12,17.4
C544653,2011-02-22 12:55:00,13113,United Kingdom,2,2,2,17.4
C512796,2010-06-18 10:25:00,16797,United Kingdom,3,3,3,17.4
C565683,2011-09-06 10:42:00,15521,United Kingdom,1,1,12,17.4
C522724,2010-09-16 12:37:00,15639,United Kingdom,1,1,12,17.4
C512324,2010-06-15 09:43:00,15980,United Kingdom,1,1,12,17.4
C555357,2011-06-02 13:38:00,16422,United Kingdom,1,1,12,17.4
C569955,2011-10-06 18:35:00,17644,United Kingdom,2,2,4,17.4
C549913,2011-04-13 09:02:00,14267,United Kingdom,1,1,12,17.4
C559140,2011-07-06 13:42:00,13420,United Kingdom,1,1,12,17.4
C542748,2011-01-31 16:53:00,15881,United Kingdom,1,1,12,17.4
C579519,2011-11-29 18:11:00,12748,United Kingdom,1,1,12,17.4
C548947,2011-04-05 10:45:00,14546,United Kingdom,5,5,5,17.369999999999997
C509382,2010-05-21 15:35:00,13555,United Kingdom,2,2,5,17.35
C567950,2011-09-23 08:24:00,17069,United Kingdom,1,1,6,17.34
C575653,2011-11-10 14:28:00,13988,United Kingdom,3,3,6,17.31
C523980,2010-09-26 14:02:00,12782,Portugal,5,5,8,17.3
C523394,2010-09-21 20:07:00,17728,United Kingdom,3,3,4,17.3
C523772,2010-09-24 11:04:00,12782,Portugal,5,5,8,17.3
C492662,2009-12-17 17:58:00,13611,United Kingdom,2,2,6,17.3
C518345,2010-08-06 14:04:00,18257,United Kingdom,3,3,4,17.3
C553486,2011-05-17 12:29:00,17423,United Kingdom,1,1,24,17.28
C490993,2009-12-08 17:13:00,13902,Denmark,2,2,4,17.2
C564368,2011-08-25 09:29:00,16493,United Kingdom,3,3,40,17.16
C494712,2010-01-18 12:20:00,17841,United Kingdom,3,3,3,17.15
C543475,2011-02-08 15:15:00,14415,United Kingdom,5,5,5,17.15
C493868,2010-01-07 17:17:00,14911,EIRE,2,2,3,17.15
C545003,2011-02-25 12:46:00,18231,United Kingdom,2,2,13,17.1
C547502,2011-03-23 12:42:00,14513,United Kingdom,6,6,6,17.1
C578355,2011-11-24 10:13:00,14397,United Kingdom,4,4,12,17.1
C499410,2010-02-26 15:01:00,15309,United Kingdom,1,1,2,17.0
C499406,2010-02-26 14:42:00,15309,United Kingdom,1,1,2,17.0
C575531,2011-11-10 11:12:00,12544,Spain,1,1,4,17.0
C527927,2010-10-19 13:25:00,14911,EIRE,3,3,4,17.0
C554523,2011-05-24 17:17:00,12863,United Kingdom,1,1,2,17.0
C557657,2011-06-21 17:40:00,13763,United Kingdom,1,1,2,17.0
C504357,2010-04-13 10:09:00,15638,United Kingdom,1,1,2,17.0
C535361,2010-11-25 17:22:00,13050,United Kingdom,1,1,2,17.0
C555723,2011-06-06 16:21:00,15737,United Kingdom,1,1,2,17.0
C556735,2011-06-14 12:01:00,14527,United Kingdom,1,1,2,17.0
C539279,2010-12-16 15:40:00,13267,United Kingdom,1,1,2,17.0
C492721,2009-12-18 10:54:00,15858,United Kingdom,1,1,4,17.0
C552335,2011-05-09 11:25:00,12683,France,1,1,2,17.0
C492701,2009-12-17 19:11:00,16029,United Kingdom,1,1,4,17.0
C550534,2011-04-19 11:08:00,14326,United Kingdom,1,1,4,17.0
C533768,2010-11-18 15:29:00,16634,United Kingdom,1,1,2,17.0
C533467,2010-11-17 12:22:00,14515,United Kingdom,1,1,2,17.0
C525911,2010-10-07 16:14:00,13964,United Kingdom,1,1,2,17.0
C508478,2010-05-16 12:15:00,17582,United Kingdom,1,1,2,17.0
C544570,2011-02-21 12:59:00,12471,Germany,1,1,2,17.0
C495881,2010-01-27 11:44:00,15638,United Kingdom,1,1,2,17.0
C568501,2011-09-27 12:13:00,16713,United Kingdom,1,1,2,17.0
C558530,2011-06-30 11:26:00,15039,United Kingdom,1,1,2,17.0
C525535,2010-10-05 19:08:00,14564,Channel Islands,1,1,2,17.0
C490510,2009-12-06 14:37:00,13211,United Kingdom,2,2,4,17.0
C503396,2010-03-31 15:35:00,15309,United Kingdom,1,1,2,17.0
C502075,2010-03-22 15:41:00,18178,United Kingdom,1,1,2,17.0
C502072,2010-03-22 15:33:00,13599,United Kingdom,1,1,2,17.0
C506126,2010-04-27 14:18:00,18009,United Kingdom,2,2,2,17.0
C520970,2010-09-01 12:23:00,12621,Germany,1,1,2,17.0
C503200,2010-03-30 15:43:00,14156,EIRE,1,1,2,17.0
C571619,2011-10-18 10:58:00,16140,United Kingdom,1,1,2,17.0
C562160,2011-08-03 11:50:00,13106,United Kingdom,1,1,4,17.0
C491533,2009-12-11 12:32:00,14621,United Kingdom,2,2,4,17.0
C524634,2010-09-30 11:25:00,12921,United Kingdom,1,1,2,17.0
C577349,2011-11-18 15:32:00,16168,United Kingdom,1,1,4,17.0
C568575,2011-09-28 09:22:00,13134,United Kingdom,3,3,4,17.0
C491823,2009-12-14 13:55:00,13078,United Kingdom,3,3,6,17.0
C538103,2010-12-09 15:13:00,17442,United Kingdom,1,1,2,17.0
C512463,2010-06-16 10:31:00,16101,United Kingdom,1,1,2,17.0
C571251,2011-10-14 16:57:00,13814,Germany,1,1,2,17.0
C512668,2010-06-17 11:33:00,16158,United Kingdom,1,1,2,17.0
C564424,2011-08-25 11:10:00,12955,United Kingdom,1,1,20,17.0
C509140,2010-05-20 12:26:00,13089,United Kingdom,1,1,2,17.0
C537232,2010-12-06 09:31:00,12586,Italy,1,1,2,17.0
C536622,2010-12-02 10:37:00,12471,Germany,1,1,2,17.0
C494810,2010-01-18 16:28:00,,United Kingdom,1,1,1,16.98
C536230,2010-11-30 14:10:00,17720,United Kingdom,1,1,1,16.95
C535941,2010-11-29 11:49:00,16161,United Kingdom,1,1,1,16.95
C564131,2011-08-23 10:55:00,14407,United Kingdom,1,1,1,16.95
C555100,2011-05-31 13:45:00,12493,France,1,1,1,16.95
C502081,2010-03-22 15:49:00,16705,United Kingdom,1,1,1,16.95
C538114,2010-12-09 15:29:00,14217,United Kingdom,1,1,1,16.95
C536820,2010-12-02 17:14:00,18168,United Kingdom,4,4,4,16.95
C524993,2010-10-01 16:42:00,13257,United Kingdom,1,1,1,16.95
C572993,2011-10-27 10:58:00,16690,United Kingdom,1,1,1,16.95
C511795,2010-06-10 14:23:00,13659,United Kingdom,1,1,1,16.95
C560860,2011-07-21 13:30:00,13668,United Kingdom,1,1,1,16.95
C492689,2009-12-17 18:44:00,12957,United Kingdom,1,1,1,16.95
C492648,2009-12-17 17:39:00,15302,United Kingdom,1,1,1,16.95
C513982,2010-06-30 08:20:00,13050,United Kingdom,1,1,1,16.95
C514003,2010-06-30 09:26:00,16860,United Kingdom,1,1,1,16.95
C565804,2011-09-07 10:50:00,17491,United Kingdom,1,1,1,16.95
C525046,2010-10-03 13:23:00,15960,United Kingdom,1,1,1,16.95
C511966,2010-06-11 13:35:00,14180,United Kingdom,1,1,1,16.95
C498599,2010-02-21 16:06:00,15538,United Kingdom,1,1,1,16.95
C559531,2011-07-10 12:07:00,14808,United Kingdom,1,1,1,16.95
C539071,2010-12-15 17:04:00,17820,United Kingdom,3,3,3,16.95
C506155,2010-04-27 17:13:00,15622,United Kingdom,1,1,1,16.95
C550306,2011-04-17 10:38:00,16905,United Kingdom,1,1,1,16.95
C581100,2011-12-07 11:44:00,14534,United Kingdom,1,1,1,16.95
C508630,2010-05-17 14:27:00,14678,United Kingdom,1,1,1,16.95
C555860,2011-06-07 14:24:00,16763,United Kingdom,1,1,1,16.95
C491028,2009-12-08 19:06:00,13872,United Kingdom,1,1,1,16.95
C532396,2010-11-11 19:20:00,14794,United Kingdom,1,1,1,16.95
C507043,2010-05-05 16:52:00,17406,United Kingdom,2,2,3,16.95
C562992,2011-08-11 11:48:00,12885,United Kingdom,1,1,1,16.95
C579502,2011-11-29 16:19:00,16759,United Kingdom,1,1,1,16.95
C553998,2011-05-20 11:50:00,16618,United Kingdom,1,1,1,16.95
C554521,2011-05-24 17:11:00,14407,United Kingdom,1,1,1,16.95
C499501,2010-02-28 14:45:00,13044,United Kingdom,1,1,1,16.95
C528907,2010-10-25 13:29:00,14534,United Kingdom,1,1,1,16.95
C528867,2010-10-25 11:29:00,14618,United Kingdom,1,1,1,16.95
C527357,2010-10-17 10:37:00,14044,United Kingdom,1,1,1,16.95
C543663,2011-02-11 10:50:00,18118,United Kingdom,1,1,1,16.95
C578673,2011-11-24 18:05:00,16016,United Kingdom,1,1,1,16.95
C514562,2010-07-05 11:47:00,16961,United Kingdom,1,1,1,16.95
C531238,2010-11-07 10:26:00,14534,United Kingdom,1,1,1,16.95
C557666,2011-06-21 18:03:00,12947,United Kingdom,1,1,1,16.95
C533564,2010-11-18 10:12:00,14441,United Kingdom,1,1,1,16.95
C508091,2010-05-12 17:08:00,13980,United Kingdom,1,1,1,16.95
C504360,2010-04-13 10:32:00,14370,United Kingdom,1,1,1,16.95
C543052,2011-02-03 10:20:00,14180,United Kingdom,1,1,1,16.95
C573306,2011-10-28 16:15:00,17837,United Kingdom,2,2,2,16.9
C535013,2010-11-24 15:55:00,15164,United Kingdom,2,2,2,16.9
C554530,2011-05-24 17:28:00,15596,United Kingdom,2,2,2,16.9
C553561,2011-05-17 17:24:00,15596,United Kingdom,2,2,2,16.9
C504175,2010-04-12 08:16:00,13852,United Kingdom,2,2,6,16.9
C534736,2010-11-23 19:08:00,14649,United Kingdom,2,2,2,16.9
C560317,2011-07-18 10:54:00,15527,United Kingdom,2,2,3,16.85
C554856,2011-05-27 09:55:00,17166,United Kingdom,2,2,3,16.85
C577693,2011-11-21 11:48:00,12628,Germany,2,2,3,16.85
C498985,2010-02-24 11:41:00,14527,United Kingdom,3,3,3,16.85
C571902,2011-10-19 14:39:00,14488,United Kingdom,3,3,6,16.85
C503231,2010-03-30 16:57:00,13881,United Kingdom,2,2,3,16.85
C563207,2011-08-14 12:10:00,17613,United Kingdom,5,5,5,16.83
C493855,2010-01-07 16:00:00,16656,United Kingdom,1,1,8,16.8
C542261,2011-01-26 17:13:00,17306,United Kingdom,2,2,8,16.8
C512129,2010-06-14 10:20:00,14902,United Kingdom,2,2,4,16.8
C526466,2010-10-11 16:25:00,17095,United Kingdom,1,1,8,16.8
C558361,2011-06-28 15:13:00,15128,United Kingdom,5,5,8,16.8
C567536,2011-09-21 09:52:00,14284,United Kingdom,2,2,4,16.8
C558313,2011-06-28 11:31:00,13870,United Kingdom,2,2,4,16.8
C495174,2010-01-21 12:59:00,13901,United Kingdom,1,1,8,16.8
C569318,2011-10-03 12:14:00,13505,Switzerland,3,3,5,16.75
C502324,2010-03-24 10:15:00,17838,United Kingdom,2,2,5,16.75
C574078,2011-11-02 16:16:00,14911,EIRE,2,2,2,16.75
C503357,2010-03-31 13:42:00,12510,Spain,3,3,6,16.700000000000003
C493431,2010-01-04 11:46:00,17372,United Kingdom,3,3,6,16.7
C542078,2011-01-25 12:11:00,12854,United Kingdom,2,2,2,16.7
C493870,2010-01-07 17:21:00,16592,United Kingdom,3,3,6,16.7
C529056,2010-10-26 11:57:00,14546,United Kingdom,6,6,7,16.650000000000002
C579766,2011-11-30 15:08:00,15793,United Kingdom,1,1,1,16.65
C574028,2011-11-02 12:33:00,14493,United Kingdom,2,2,5,16.65
C538376,2010-12-12 11:21:00,16393,United Kingdom,2,2,13,16.65
C540384,2011-01-06 17:48:00,14961,United Kingdom,3,3,7,16.65
C576240,2011-11-14 13:34:00,14441,United Kingdom,1,1,1,16.65
C551465,2011-04-28 16:17:00,14640,United Kingdom,3,3,5,16.65
C562154,2011-08-03 11:23:00,13520,Switzerland,1,1,4,16.6
C567350,2011-09-19 16:02:00,17677,United Kingdom,1,1,4,16.6
C579892,2011-12-01 08:23:00,13310,United Kingdom,1,1,4,16.6
C538105,2010-12-09 15:18:00,16781,United Kingdom,2,2,2,16.599999999999998
C566955,2011-09-15 16:42:00,13026,United Kingdom,1,1,21,16.59
C530798,2010-11-04 12:29:00,12708,Germany,3,3,3,16.55
C514977,2010-07-07 13:22:00,17841,United Kingdom,3,3,3,16.549999999999997
C573759,2011-11-01 09:51:00,17193,United Kingdom,2,2,14,16.54
C569549,2011-10-04 17:32:00,15955,United Kingdom,1,1,10,16.5
C564504,2011-08-25 14:24:00,16722,United Kingdom,1,1,10,16.5
C575648,2011-11-10 14:22:00,16523,United Kingdom,1,1,2,16.5
C570480,2011-10-10 17:00:00,17552,United Kingdom,1,1,10,16.5
C569421,2011-10-04 10:37:00,15339,United Kingdom,2,2,2,16.5
C528930,2010-10-25 15:06:00,14551,United Kingdom,1,1,10,16.5
C506888,2010-05-05 08:48:00,13021,United Kingdom,2,2,4,16.5
C557652,2011-06-21 17:21:00,16145,United Kingdom,1,1,10,16.5
C573101,2011-10-27 14:50:00,16592,United Kingdom,1,1,2,16.5
C519662,2010-08-19 12:08:00,12484,Spain,3,3,3,16.5
C544828,2011-02-24 09:49:00,17147,United Kingdom,2,2,2,16.5
C570291,2011-10-10 11:56:00,12731,France,1,1,10,16.5
C579931,2011-12-01 09:39:00,13115,United Kingdom,1,1,10,16.5
C561684,2011-07-28 19:36:00,13136,United Kingdom,2,2,2,16.5
C539838,2010-12-22 13:59:00,13458,United Kingdom,1,1,10,16.5
C536229,2010-11-30 14:09:00,13495,United Kingdom,3,3,6,16.5
C498299,2010-02-18 09:12:00,18267,United Kingdom,3,3,4,16.5
C538362,2010-12-10 17:05:00,15179,United Kingdom,1,1,30,16.5
C567686,2011-09-21 16:42:00,17702,United Kingdom,1,1,10,16.5
C576515,2011-11-15 12:16:00,13950,United Kingdom,1,1,2,16.5
C563899,2011-08-21 10:55:00,17097,Spain,2,2,2,16.5
C544840,2011-02-24 11:06:00,16719,United Kingdom,2,2,2,16.5
C533322,2010-11-16 17:30:00,15197,United Kingdom,2,2,4,16.5
C504931,2010-04-19 11:10:00,12742,United Arab Emirates,1,1,10,16.5
C542740,2011-01-31 15:59:00,12853,United Kingdom,3,3,5,16.450000000000003
C533303,2010-11-16 16:51:00,12982,United Kingdom,2,2,3,16.45
C517730,2010-08-01 13:27:00,17618,United Kingdom,2,2,2,16.45
C543638,2011-02-10 16:40:00,16403,United Kingdom,5,5,11,16.45
C581305,2011-12-08 11:42:00,16933,United Kingdom,2,2,2,16.45
C531821,2010-11-09 17:22:00,14047,United Kingdom,2,2,2,16.45
C495373,2010-01-24 13:00:00,12748,United Kingdom,2,2,12,16.439999999999998
C579739,2011-11-30 14:28:00,16956,United Kingdom,2,2,2,16.4
C540786,2011-01-11 11:42:00,15194,United Kingdom,4,4,12,16.4
C517572,2010-07-30 09:37:00,15298,United Kingdom,2,2,11,16.39
C542638,2011-01-31 11:15:00,13396,United Kingdom,1,1,3,16.35
C493856,2010-01-07 16:10:00,13089,United Kingdom,1,1,3,16.35
C506756,2010-05-04 11:59:00,13983,United Kingdom,1,1,3,16.35
C489591,2009-12-01 14:17:00,12921,United Kingdom,1,1,3,16.35
C494791,2010-01-18 14:04:00,12649,Germany,2,2,5,16.35
C521967,2010-09-09 18:32:00,16316,United Kingdom,1,1,3,16.35
C534817,2010-11-24 12:52:00,15611,United Kingdom,1,1,3,16.35
C574912,2011-11-07 15:51:00,13324,United Kingdom,1,1,2,16.3
C579869,2011-11-30 16:44:00,14189,United Kingdom,1,1,2,16.3
C508375,2010-05-14 13:44:00,13510,United Kingdom,5,5,8,16.3
C553536,2011-05-17 15:24:00,14051,United Kingdom,1,1,2,16.3
C506978,2010-05-05 13:07:00,14680,United Kingdom,6,6,8,16.3
C493440,2010-01-04 13:30:00,12709,Germany,3,3,3,16.29
C496494,2010-02-02 08:42:00,15222,United Kingdom,5,5,30,16.259999999999998
C489632,2009-12-01 15:18:00,13381,United Kingdom,2,1,13,16.25
C514804,2010-07-06 10:56:00,13813,Germany,3,3,7,16.25
C559468,2011-07-08 13:36:00,14905,United Kingdom,1,1,13,16.25
C494466,2010-01-14 14:25:00,17032,United Kingdom,3,3,3,16.25
C501364,2010-03-16 10:56:00,15224,United Kingdom,2,1,13,16.25
C571023,2011-10-13 12:18:00,15239,United Kingdom,3,3,3,16.25
C491029,2009-12-08 19:07:00,15615,United Kingdom,3,3,6,16.2
C499896,2010-03-03 11:52:00,13097,United Kingdom,3,3,3,16.2
C497151,2010-02-05 15:59:00,17412,United Kingdom,3,3,23,16.2
C560365,2011-07-18 12:17:00,14390,United Kingdom,2,2,2,16.2
C533159,2010-11-16 14:06:00,13468,United Kingdom,2,2,4,16.2
C572850,2011-10-26 12:22:00,17841,United Kingdom,2,2,2,16.2
C538650,2010-12-13 15:05:00,15311,United Kingdom,3,3,3,16.15
C564212,2011-08-24 09:13:00,13209,United Kingdom,5,5,5,16.15
C528988,2010-10-26 11:15:00,13055,United Kingdom,2,2,13,16.15
C502566,2010-03-25 12:03:00,14685,United Kingdom,2,2,3,16.15
C518137,2010-08-04 15:36:00,17589,United Kingdom,2,2,11,16.15
C565762,2011-09-06 14:05:00,14040,United Kingdom,1,1,19,16.15
C577391,2011-11-18 17:03:00,13078,United Kingdom,2,2,15,16.14
C557654,2011-06-21 17:34:00,14243,United Kingdom,3,3,4,16.14
C492678,2009-12-17 18:19:00,18223,United Kingdom,5,5,14,16.11
C499224,2010-02-25 11:46:00,13735,United Kingdom,5,5,6,16.1
C491040,2009-12-09 09:37:00,16163,United Kingdom,3,3,6,16.1
C555596,2011-06-06 10:17:00,17644,United Kingdom,2,2,6,16.06
C519873,2010-08-22 10:06:00,13037,United Kingdom,3,3,5,16.05
C501418,2010-03-16 11:39:00,16177,United Kingdom,2,2,3,16.05
C538085,2010-12-09 14:43:00,16350,United Kingdom,3,3,3,16.0
C564964,2011-08-31 15:00:00,17315,United Kingdom,5,5,6,16.0
C566463,2011-09-12 17:50:00,17449,United Kingdom,2,2,7,16.0
C547043,2011-03-20 11:19:00,16156,United Kingdom,3,3,3,16.0
C532583,2010-11-12 14:24:00,15311,United Kingdom,4,4,4,15.97
C559344,2011-07-07 17:09:00,17837,United Kingdom,1,1,1,15.95
C512790,2010-06-18 09:35:00,13297,United Kingdom,1,1,1,15.95
C523174,2010-09-20 15:58:00,15722,United Kingdom,3,3,3,15.95
C523983,2010-09-26 14:04:00,16053,United Kingdom,2,2,5,15.95
C579912,2011-12-01 08:54:00,17044,United Kingdom,1,1,11,15.95
C493430,2010-01-04 11:43:00,14680,United Kingdom,4,4,5,15.95
C541674,2011-01-20 13:19:00,16892,United Kingdom,1,1,1,15.95
C505156,2010-04-20 11:56:00,17908,United Kingdom,1,1,1,15.95
C566743,2011-09-14 14:58:00,14299,United Kingdom,1,1,1,15.95
C490997,2009-12-08 17:24:00,14911,EIRE,2,2,7,15.95
C563226,2011-08-14 14:36:00,13116,United Kingdom,1,1,1,15.95
C534004,2010-11-19 14:28:00,15138,United Kingdom,2,2,22,15.93
C499746,2010-03-02 11:33:00,16109,United Kingdom,1,1,2,15.9
C489549,2009-12-01 12:33:00,13768,United Kingdom,1,1,2,15.9
C580766,2011-12-06 10:46:00,14562,United Kingdom,4,4,4,15.9
C500546,2010-03-08 15:32:00,12809,Portugal,1,1,2,15.9
C549540,2011-04-10 10:12:00,17114,United Kingdom,2,2,2,15.9
C522158,2010-09-13 10:58:00,14147,United Kingdom,1,1,2,15.9
C548724,2011-04-04 09:04:00,15632,United Kingdom,1,1,2,15.9
C542257,2011-01-26 17:06:00,14341,United Kingdom,1,1,2,15.9
C547574,2011-03-24 10:13:00,14223,United Kingdom,1,1,2,15.9
C574876,2011-11-07 13:13:00,14426,United Kingdom,1,1,2,15.9
C525445,2010-10-05 13:54:00,14978,United Kingdom,1,1,2,15.9
C534778,2010-11-24 11:10:00,13756,United Kingdom,1,1,2,15.9
C506414,2010-04-29 14:16:00,14401,United Kingdom,1,1,2,15.9
C493541,2010-01-04 16:00:00,13768,United Kingdom,1,1,2,15.9
C509642,2010-05-25 11:23:00,14745,United Kingdom,2,2,2,15.9
C509042,2010-05-20 10:11:00,12951,United Kingdom,1,1,2,15.9
C581463,2011-12-08 18:56:00,17526,United Kingdom,1,1,2,15.9
C568599,2011-09-28 11:20:00,14395,United Kingdom,1,1,2,15.9
C495914,2010-01-27 13:10:00,15885,United Kingdom,1,1,2,15.9
C575327,2011-11-09 13:47:00,14911,EIRE,1,1,2,15.9
C495959,2010-01-28 10:01:00,14442,Channel Islands,1,1,2,15.9
C496437,2010-02-01 12:43:00,13074,United Kingdom,1,1,2,15.9
C568664,2011-09-28 12:50:00,14911,EIRE,1,1,2,15.9
C545450,2011-03-02 16:46:00,16839,United Kingdom,1,1,2,15.9
C520541,2010-08-26 16:06:00,12720,Germany,2,2,10,15.9
C495035,2010-01-20 14:16:00,15358,United Kingdom,1,1,2,15.9
C546167,2011-03-10 10:13:00,15611,United Kingdom,1,1,2,15.9
C558189,2011-06-27 12:16:00,15996,United Kingdom,1,1,2,15.9
C558129,2011-06-27 11:18:00,12919,United Kingdom,1,1,2,15.9
C492712,2009-12-18 10:10:00,12471,Germany,1,1,2,15.9
C553514,2011-05-17 13:58:00,17700,United Kingdom,1,1,2,15.9
C507100,2010-05-06 11:02:00,14461,United Kingdom,1,1,2,15.9
C532367,2010-11-11 17:51:00,17374,United Kingdom,1,1,2,15.9
C499296,2010-02-25 20:10:00,17883,United Kingdom,1,1,2,15.9
C489605,2009-12-01 14:47:00,14558,United Kingdom,1,1,2,15.9
C506132,2010-04-27 15:01:00,16736,United Kingdom,2,2,2,15.899999999999999
C495309,2010-01-22 14:16:00,17243,United Kingdom,2,2,2,15.899999999999999
C558254,2011-06-27 17:05:00,16670,United Kingdom,2,2,2,15.899999999999999
C575058,2011-11-08 12:25:00,16013,United Kingdom,2,2,2,15.899999999999999
C502555,2010-03-25 11:44:00,16550,United Kingdom,3,3,9,15.85
C513866,2010-06-29 11:36:00,16155,United Kingdom,2,2,13,15.85
C581390,2011-12-08 13:13:00,13081,United Kingdom,2,2,13,15.849999999999998
C564949,2011-08-31 13:31:00,17706,United Kingdom,1,1,12,15.84
C561017,2011-07-22 16:49:00,13050,United Kingdom,1,1,2,15.8
C521959,2010-09-09 18:14:00,16570,United Kingdom,1,1,4,15.8
C538798,2010-12-14 11:45:00,17041,United Kingdom,1,1,4,15.8
C554140,2011-05-23 10:34:00,13004,United Kingdom,1,1,4,15.8
C504179,2010-04-12 08:40:00,12359,Cyprus,2,2,4,15.8
C518498,2010-08-09 12:38:00,14217,United Kingdom,1,1,4,15.8
C565761,2011-09-06 13:59:00,16278,United Kingdom,1,1,4,15.8
C538670,2010-12-13 16:19:00,13448,United Kingdom,1,1,4,15.8
C555341,2011-06-02 11:42:00,13004,United Kingdom,1,1,4,15.8
C560902,2011-07-21 17:45:00,17593,United Kingdom,2,2,6,15.78
C564751,2011-08-30 10:06:00,17828,Malta,2,2,5,15.75
C572275,2011-10-23 09:42:00,12572,Germany,2,2,2,15.7
C511560,2010-06-09 10:39:00,18231,United Kingdom,2,2,2,15.7
C534828,2010-11-24 12:59:00,18280,United Kingdom,2,2,2,15.7
C522840,2010-09-17 10:47:00,13863,United Kingdom,2,2,2,15.7
C522151,2010-09-13 10:45:00,14229,United Kingdom,2,2,2,15.7
C538628,2010-12-13 13:09:00,17231,United Kingdom,2,2,2,15.7
C528458,2010-10-22 11:32:00,13299,United Kingdom,2,2,2,15.7
C560560,2011-07-19 13:26:00,17738,United Kingdom,2,2,2,15.7
C563603,2011-08-18 06:28:00,17302,United Kingdom,2,2,2,15.7
C538124,2010-12-09 15:43:00,15329,United Kingdom,2,2,2,15.7
C555873,2011-06-07 15:12:00,15498,United Kingdom,2,2,2,15.7
C558753,2011-07-03 11:54:00,15033,United Kingdom,3,3,3,15.65
C561232,2011-07-26 10:21:00,16133,United Kingdom,3,3,6,15.600000000000001
C499289,2010-02-25 19:23:00,15270,United Kingdom,3,3,14,15.6
C579757,2011-11-30 14:56:00,,United Kingdom,1,1,24,15.6
C554926,2011-05-27 12:59:00,16422,United Kingdom,1,1,24,15.6
C511436,2010-06-08 11:57:00,17201,United Kingdom,1,1,24,15.6
C522715,2010-09-16 11:55:00,17422,United Kingdom,1,1,8,15.6
C564232,2011-08-24 10:25:00,13517,United Kingdom,1,1,8,15.6
C512264,2010-06-14 13:20:00,17746,United Kingdom,1,1,24,15.6
C543779,2011-02-11 16:32:00,15240,United Kingdom,2,2,5,15.55
C520360,2010-08-25 13:40:00,13154,United Kingdom,3,3,3,15.55
C570447,2011-10-10 14:50:00,16791,United Kingdom,2,2,4,15.5
C516320,2010-07-19 14:58:00,13999,United Kingdom,2,2,4,15.5
C505414,2010-04-22 10:27:00,14905,United Kingdom,2,2,9,15.45
C530555,2010-11-03 13:31:00,13018,United Kingdom,2,2,4,15.4
C539066,2010-12-15 16:54:00,17912,United Kingdom,2,2,2,15.399999999999999
C574095,2011-11-03 09:54:00,12674,France,5,5,5,15.39
C568689,2011-09-28 14:42:00,17841,United Kingdom,4,4,10,15.35
C510837,2010-06-03 20:27:00,13408,United Kingdom,1,1,6,15.3
C518846,2010-08-12 11:30:00,16170,United Kingdom,1,1,6,15.3
C507016,2010-05-05 14:30:00,15097,United Kingdom,1,1,6,15.3
C517763,2010-08-02 11:12:00,12748,United Kingdom,1,1,6,15.3
C489504,2009-12-01 11:10:00,13916,United Kingdom,1,1,6,15.3
C490939,2009-12-08 14:00:00,16736,United Kingdom,1,1,6,15.3
C500131,2010-03-04 14:58:00,13610,United Kingdom,1,1,6,15.3
C520976,2010-09-01 12:55:00,15615,United Kingdom,2,2,10,15.3
C502727,2010-03-26 11:27:00,15329,United Kingdom,1,1,6,15.3
C522326,2010-09-13 15:54:00,17454,United Kingdom,1,1,6,15.3
C579907,2011-12-01 08:48:00,,EIRE,1,1,2,15.3
C535986,2010-11-29 13:19:00,14008,United Kingdom,1,1,6,15.3
C528442,2010-10-22 10:56:00,15489,United Kingdom,1,1,6,15.3
C503225,2010-03-30 16:26:00,15329,United Kingdom,1,1,6,15.3
C523393,2010-09-21 20:05:00,13324,United Kingdom,2,2,6,15.3
C512325,2010-06-15 09:48:00,15812,United Kingdom,1,1,18,15.3
C524542,2010-09-29 13:52:00,14510,United Kingdom,1,1,6,15.3
C494270,2010-01-13 09:23:00,13410,United Kingdom,1,1,6,15.3
C521485,2010-09-06 13:30:00,16325,United Kingdom,1,1,6,15.3
C530055,2010-11-01 11:17:00,14648,United Kingdom,1,1,6,15.3
C557661,2011-06-21 17:44:00,13936,United Kingdom,1,1,6,15.3
C570490,2011-10-10 17:16:00,14356,United Kingdom,3,3,4,15.299999999999999
C505531,2010-04-22 17:40:00,16176,United Kingdom,5,5,10,15.299999999999999
C577351,2011-11-18 15:37:00,17728,United Kingdom,3,3,4,15.299999999999999
C575035,2011-11-08 11:38:00,15005,United Kingdom,6,6,6,15.28
C517895,2010-08-03 09:02:00,14961,United Kingdom,3,3,3,15.25
C496224,2010-01-29 13:57:00,12949,United Kingdom,2,2,3,15.25
C570845,2011-10-12 14:29:00,17017,United Kingdom,5,5,13,15.22
C572927,2011-10-27 09:25:00,14233,United Kingdom,1,1,9,15.21
C568244,2011-09-26 12:21:00,12583,France,2,2,14,15.200000000000001
C526519,2010-10-12 11:12:00,13468,United Kingdom,2,2,8,15.2
C545773,2011-03-07 12:06:00,17139,United Kingdom,2,2,2,15.2
C491599,2009-12-11 13:20:00,13768,United Kingdom,2,2,2,15.2
C551513,2011-04-28 19:52:00,16592,United Kingdom,3,3,5,15.2
C573750,2011-11-01 09:29:00,16150,United Kingdom,3,3,5,15.15
C562956,2011-08-11 10:14:00,13186,United Kingdom,2,2,7,15.149999999999999
C523390,2010-09-21 20:00:00,16143,United Kingdom,2,2,13,15.149999999999999
C568911,2011-09-29 13:44:00,15050,United Kingdom,1,1,36,15.12
C491846,2009-12-14 14:58:00,,United Kingdom,1,1,36,15.12
C556637,2011-06-13 15:32:00,15382,United Kingdom,3,3,8,15.100000000000001
C508935,2010-05-19 11:28:00,12494,France,2,2,8,15.100000000000001
C557516,2011-06-20 17:07:00,17651,United Kingdom,2,2,3,15.08
C557515,2011-06-20 17:05:00,17463,United Kingdom,4,4,5,15.05
C548374,2011-03-30 16:36:00,13047,United Kingdom,3,3,5,15.05
C547594,2011-03-24 11:19:00,12693,Germany,1,1,4,15.0
C523403,2010-09-21 20:26:00,13319,United Kingdom,1,1,12,15.0
C502292,2010-03-24 08:50:00,14911,EIRE,1,1,12,15.0
C496687,2010-02-03 13:08:00,14399,United Kingdom,3,3,8,15.0
C579431,2011-11-29 13:09:00,17584,United Kingdom,1,1,12,15.0
C536194,2010-11-30 12:49:00,13786,United Kingdom,1,1,12,15.0
C544635,2011-02-22 11:04:00,18257,United Kingdom,1,1,12,15.0
C518770,2010-08-11 15:21:00,16571,United Kingdom,1,1,12,15.0
C567289,2011-09-19 11:50:00,17612,United Kingdom,1,1,4,15.0
C533327,2010-11-16 17:45:00,12431,Australia,1,1,12,15.0
C545439,2011-03-02 15:58:00,14243,United Kingdom,1,1,4,15.0
C562041,2011-08-02 10:05:00,15120,United Kingdom,1,1,4,15.0
C490475,2009-12-06 12:34:00,16395,United Kingdom,1,1,12,15.0
C510515,2010-06-01 12:56:00,14680,United Kingdom,5,5,6,15.0
C563838,2011-08-19 13:13:00,18241,United Kingdom,1,1,4,15.0
C562959,2011-08-11 10:21:00,17389,United Kingdom,2,2,12,15.0
C569116,2011-09-30 12:52:00,13320,United Kingdom,1,1,12,15.0
C509691,2010-05-25 12:11:00,14680,United Kingdom,4,4,4,15.0
C555248,2011-06-01 14:49:00,17682,United Kingdom,1,1,2,15.0
C569941,2011-10-06 18:06:00,16909,United Kingdom,1,1,2,15.0
C498308,2010-02-18 09:54:00,16714,United Kingdom,1,1,12,15.0
C490131,2009-12-03 18:29:00,17663,United Kingdom,1,1,12,15.0
C575841,2011-11-11 11:58:00,13408,United Kingdom,1,1,12,15.0
C556117,2011-06-09 09:44:00,12802,Netherlands,1,1,12,15.0
C556930,2011-06-15 15:28:00,15625,United Kingdom,1,1,12,15.0
C562651,2011-08-08 13:25:00,16951,United Kingdom,1,1,12,15.0
C493332,2009-12-23 10:00:00,13883,United Kingdom,1,1,12,15.0
C562144,2011-08-03 10:43:00,12757,Portugal,1,1,12,15.0
C532155,2010-11-11 12:17:00,16945,United Kingdom,1,1,12,15.0
C510160,2010-05-27 13:46:00,13501,Switzerland,1,1,12,15.0
C517136,2010-07-27 10:34:00,15051,United Kingdom,1,1,12,15.0
C570658,2011-10-11 14:14:00,16120,United Kingdom,2,2,12,15.0
C504178,2010-04-12 08:30:00,15981,United Kingdom,1,1,12,15.0
C539948,2010-12-23 11:48:00,,EIRE,1,1,4,15.0
C554005,2011-05-20 12:23:00,15620,United Kingdom,1,1,12,15.0
C555629,2011-06-06 12:04:00,14543,United Kingdom,1,1,4,15.0
C501323,2010-03-16 09:57:00,14911,EIRE,1,1,4,15.0
C526727,2010-10-12 17:29:00,16325,United Kingdom,2,2,4,15.0
C530176,2010-11-02 10:03:00,18136,United Kingdom,1,1,4,15.0
C577360,2011-11-18 16:12:00,13012,United Kingdom,1,1,4,15.0
C580708,2011-12-05 16:33:00,14546,United Kingdom,1,1,12,15.0
C531127,2010-11-05 13:26:00,14286,United Kingdom,1,1,12,15.0
C557659,2011-06-21 17:42:00,16186,United Kingdom,1,1,12,15.0
C540559,2011-01-10 10:07:00,,EIRE,1,1,4,15.0
C579415,2011-11-29 12:52:00,15311,United Kingdom,1,1,4,15.0
C569993,2011-10-06 20:28:00,17633,United Kingdom,1,1,4,15.0
C546559,2011-03-15 10:24:00,12727,France,1,1,12,15.0
C538720,2010-12-14 11:11:00,17526,United Kingdom,1,1,4,15.0
C549230,2011-04-07 10:59:00,12949,United Kingdom,1,1,12,15.0
C506480,2010-04-30 10:29:00,15093,United Kingdom,1,1,12,15.0
C568237,2011-09-26 11:59:00,13481,United Kingdom,1,1,12,15.0
C538373,2010-12-12 11:13:00,16779,United Kingdom,1,1,12,15.0
C524946,2010-10-01 12:33:00,12648,Germany,1,1,4,15.0
C546022,2011-03-08 17:28:00,14507,United Kingdom,2,2,12,15.0
C576401,2011-11-15 10:52:00,13026,United Kingdom,1,1,12,15.0
C504347,2010-04-13 09:32:00,17044,United Kingdom,3,3,6,15.0
C511835,2010-06-10 17:10:00,14316,United Kingdom,1,1,12,15.0
C558106,2011-06-26 14:59:00,13668,United Kingdom,5,5,5,15.0
C494448,2010-01-14 13:36:00,14667,United Kingdom,1,1,12,15.0
C577364,2011-11-18 16:18:00,14140,United Kingdom,1,1,2,15.0
C572223,2011-10-21 13:36:00,14147,United Kingdom,1,1,12,15.0
C495060,2010-01-20 16:20:00,15489,United Kingdom,1,1,12,15.0
C558249,2011-06-27 16:59:00,17562,United Kingdom,1,1,4,15.0
C520087,2010-08-24 11:02:00,16299,United Kingdom,1,1,4,15.0
C519742,2010-08-20 10:50:00,12720,Germany,3,3,3,15.0
C495923,2010-01-27 14:26:00,14032,United Kingdom,1,1,12,15.0
C579914,2011-12-01 08:56:00,13267,United Kingdom,2,2,8,15.0
C514159,2010-06-30 14:36:00,12874,Belgium,1,1,12,15.0
C574483,2011-11-04 12:48:00,14359,United Kingdom,1,1,4,15.0
C559059,2011-07-06 10:00:00,13338,United Kingdom,1,1,1,15.0
C533566,2010-11-18 10:23:00,12779,Poland,1,1,12,15.0
C580698,2011-12-05 16:12:00,17426,United Kingdom,1,1,12,15.0
C559309,2011-07-07 13:18:00,17719,United Kingdom,1,1,4,15.0
C560912,2011-07-21 18:05:00,14400,United Kingdom,1,1,4,15.0
C510156,2010-05-27 13:34:00,18181,United Kingdom,1,1,2,14.98
C525924,2010-10-07 16:43:00,15358,United Kingdom,4,4,7,14.959999999999999
C522951,2010-09-19 11:21:00,13617,United Kingdom,1,1,1,14.95
C557060,2011-06-16 14:54:00,17725,United Kingdom,1,1,1,14.95
C553529,2011-05-17 15:01:00,18118,United Kingdom,1,1,1,14.95
C551541,2011-05-03 08:49:00,13692,United Kingdom,1,1,1,14.95
C566785,2011-09-15 10:28:00,17071,United Kingdom,3,3,5,14.95
C517556,2010-07-29 19:20:00,15998,United Kingdom,1,1,1,14.95
C554197,2011-05-23 12:14:00,14573,United Kingdom,1,1,1,14.95
C532397,2010-11-11 19:25:00,15796,United Kingdom,1,1,1,14.95
C520422,2010-08-26 10:15:00,13150,United Kingdom,1,1,1,14.95
C504419,2010-04-13 13:08:00,16455,United Kingdom,1,1,1,14.95
C498428,2010-02-18 17:12:00,14301,United Kingdom,1,1,1,14.95
C492671,2009-12-17 18:12:00,13643,United Kingdom,1,1,1,14.95
C492422,2009-12-16 17:45:00,17402,United Kingdom,1,1,1,14.95
C541603,2011-01-19 17:21:00,14572,United Kingdom,1,1,1,14.95
C534827,2010-11-24 12:58:00,14911,EIRE,1,1,1,14.95
C503779,2010-04-07 11:21:00,14527,United Kingdom,1,1,1,14.95
C536210,2010-11-30 13:27:00,17402,United Kingdom,1,1,1,14.95
C563604,2011-08-18 06:28:00,15251,United Kingdom,1,1,1,14.95
C489595,2009-12-01 14:20:00,15254,United Kingdom,1,1,1,14.95
C498337,2010-02-18 10:35:00,14256,United Kingdom,1,1,1,14.95
C572492,2011-10-24 14:04:00,12940,United Kingdom,1,1,1,14.95
C493831,2010-01-07 13:26:00,13768,United Kingdom,1,1,1,14.95
C513193,2010-06-22 14:28:00,16894,United Kingdom,1,1,1,14.95
C491001,2009-12-08 17:30:00,17531,United Kingdom,1,1,1,14.95
C543307,2011-02-07 11:58:00,18118,United Kingdom,1,1,1,14.95
C555258,2011-06-01 15:29:00,12947,United Kingdom,1,1,1,14.95
C541852,2011-01-23 14:21:00,17841,United Kingdom,1,1,1,14.95
C550176,2011-04-14 17:13:00,14619,United Kingdom,2,2,7,14.93
C567961,2011-09-23 09:16:00,13430,United Kingdom,3,3,6,14.9
C580714,2011-12-05 16:39:00,12479,Germany,2,2,6,14.9
C537824,2010-12-08 14:27:00,12870,United Kingdom,2,2,2,14.899999999999999
C581178,2011-12-07 15:39:00,15525,United Kingdom,2,2,2,14.899999999999999
C579882,2011-11-30 17:28:00,13050,United Kingdom,2,2,7,14.850000000000001
C518974,2010-08-12 16:07:00,13615,United Kingdom,2,2,3,14.850000000000001
C575953,2011-11-13 11:56:00,16015,United Kingdom,2,2,3,14.850000000000001
C518563,2010-08-10 10:33:00,16225,United Kingdom,2,2,3,14.850000000000001
C557876,2011-06-23 13:10:00,18223,United Kingdom,2,2,3,14.850000000000001
C507592,2010-05-10 13:02:00,12917,United Kingdom,2,2,3,14.850000000000001
C533464,2010-11-17 12:17:00,12838,United Kingdom,2,2,3,14.850000000000001
C562126,2011-08-02 17:31:00,15764,United Kingdom,2,2,3,14.850000000000001
C528437,2010-10-22 10:35:00,16975,United Kingdom,1,1,3,14.85
C511857,2010-06-11 09:32:00,13995,United Kingdom,1,1,3,14.85
C498111,2010-02-16 14:30:00,15260,United Kingdom,1,1,3,14.85
C530554,2010-11-03 13:30:00,17473,United Kingdom,1,1,3,14.85
C506481,2010-04-30 10:30:00,14773,United Kingdom,1,1,3,14.85
C522161,2010-09-13 11:02:00,12889,United Kingdom,1,1,3,14.85
C572538,2011-10-24 16:10:00,14121,United Kingdom,1,1,3,14.85
C534261,2010-11-22 11:10:00,15347,United Kingdom,1,1,3,14.85
C534263,2010-11-22 11:11:00,15347,United Kingdom,1,1,3,14.85
C528416,2010-10-22 09:32:00,12797,Portugal,1,1,3,14.85
C555262,2011-06-01 15:39:00,12909,United Kingdom,1,1,3,14.85
C529170,2010-10-26 18:11:00,14292,United Kingdom,1,1,3,14.85
C509612,2010-05-25 09:17:00,16835,United Kingdom,1,1,3,14.85
C512313,2010-06-15 09:06:00,16499,United Kingdom,1,1,3,14.85
C509342,2010-05-21 12:34:00,14304,United Kingdom,1,1,3,14.85
C523384,2010-09-21 19:46:00,13424,United Kingdom,1,1,3,14.85
C512275,2010-06-14 13:35:00,14128,United Kingdom,1,1,3,14.85
C505400,2010-04-22 10:12:00,18188,United Kingdom,1,1,3,14.85
C497023,2010-02-05 12:52:00,16067,United Kingdom,2,2,5,14.85
C508632,2010-05-17 14:30:00,15240,United Kingdom,1,1,3,14.85
C490309,2009-12-04 14:56:00,15767,United Kingdom,1,1,3,14.85
C532144,2010-11-11 11:46:00,15729,United Kingdom,1,1,3,14.85
C508293,2010-05-14 11:09:00,14110,United Kingdom,1,1,9,14.85
C565581,2011-09-05 12:37:00,14565,United Kingdom,1,1,3,14.85
C490923,2009-12-08 13:25:00,16163,United Kingdom,1,1,3,14.85
C558733,2011-07-01 15:06:00,16498,United Kingdom,1,1,3,14.85
C537835,2010-12-08 14:57:00,14618,United Kingdom,1,1,3,14.85
C492213,2009-12-15 17:04:00,13089,United Kingdom,2,2,9,14.85
C525531,2010-10-05 19:04:00,17612,United Kingdom,1,1,3,14.85
C538889,2010-12-14 16:24:00,12797,Portugal,1,1,3,14.85
C508241,2010-05-13 19:55:00,12839,United Kingdom,1,1,3,14.85
C549533,2011-04-08 17:08:00,12408,Belgium,1,1,3,14.85
C498544,2010-02-19 16:38:00,15544,United Kingdom,1,1,3,14.85
C520556,2010-08-26 16:38:00,14342,United Kingdom,1,1,3,14.85
C580701,2011-12-05 16:25:00,14793,United Kingdom,1,1,3,14.85
C514385,2010-07-02 11:37:00,18053,United Kingdom,1,1,3,14.85
C561604,2011-07-28 12:08:00,18223,United Kingdom,1,1,3,14.85
C507892,2010-05-11 16:48:00,13267,United Kingdom,2,2,13,14.85
C514154,2010-06-30 14:14:00,13750,United Kingdom,1,1,3,14.85
C514381,2010-07-02 11:07:00,13425,United Kingdom,1,1,3,14.85
C514528,2010-07-05 09:58:00,12708,Germany,1,1,3,14.85
C505493,2010-04-22 13:01:00,18056,United Kingdom,1,1,3,14.85
C525561,2010-10-05 19:56:00,13883,United Kingdom,1,1,3,14.85
C525556,2010-10-05 19:51:00,15144,United Kingdom,1,1,3,14.85
C515467,2010-07-12 16:02:00,15650,United Kingdom,1,1,3,14.85
C504201,2010-04-12 11:13:00,15713,United Kingdom,1,1,3,14.85
C521311,2010-09-03 11:52:00,12450,Spain,1,1,3,14.85
C506550,2010-04-30 11:24:00,18276,United Kingdom,1,1,3,14.85
C530907,2010-11-04 15:50:00,12917,United Kingdom,1,1,3,14.85
C517488,2010-07-29 12:35:00,13239,United Kingdom,1,1,3,14.85
C509777,2010-05-25 16:52:00,16835,United Kingdom,1,1,3,14.85
C544419,2011-02-18 15:16:00,12395,Belgium,1,1,3,14.85
C571907,2011-10-19 14:55:00,14297,United Kingdom,1,1,3,14.85
C580507,2011-12-04 13:37:00,15867,United Kingdom,2,2,2,14.85
C551947,2011-05-05 11:20:00,15147,United Kingdom,1,1,3,14.85
C570276,2011-10-10 11:03:00,17419,United Kingdom,1,1,3,14.85
C499808,2010-03-02 15:51:00,12785,Portugal,1,1,3,14.85
C526095,2010-10-08 12:27:00,13257,United Kingdom,1,1,3,14.85
C525916,2010-10-07 16:16:00,18178,United Kingdom,1,1,3,14.85
C492692,2009-12-17 18:46:00,15321,United Kingdom,1,1,3,14.85
C507030,2010-05-05 14:55:00,15732,United Kingdom,1,1,3,14.85
C517220,2010-07-27 12:38:00,,United Kingdom,1,1,3,14.85
C552258,2011-05-08 11:09:00,16923,United Kingdom,2,2,2,14.83
C499776,2010-03-02 13:57:00,15633,United Kingdom,2,2,5,14.8
C568386,2011-09-27 09:56:00,12720,Germany,2,2,5,14.750000000000002
C540390,2011-01-06 18:01:00,16191,United Kingdom,2,2,5,14.750000000000002
C542726,2011-01-31 15:08:00,16191,United Kingdom,2,2,5,14.750000000000002
C527253,2010-10-15 12:32:00,16061,United Kingdom,1,1,5,14.75
C528756,2010-10-24 15:25:00,13564,United Kingdom,5,5,6,14.75
C533985,2010-11-19 13:50:00,12755,Japan,1,1,5,14.75
C522852,2010-09-17 11:21:00,17735,United Kingdom,1,1,5,14.75
C519034,2010-08-13 11:10:00,15222,United Kingdom,1,1,5,14.75
C557061,2011-06-16 14:55:00,14895,United Kingdom,1,1,5,14.75
C539573,2010-12-20 12:19:00,14107,United Kingdom,1,1,5,14.75
C526744,2010-10-12 18:33:00,15358,United Kingdom,1,1,5,14.75
C545507,2011-03-03 11:43:00,12565,Saudi Arabia,1,1,5,14.75
C574288,2011-11-03 15:13:00,,United Kingdom,1,1,1,14.75
C499748,2010-03-02 11:40:00,12909,United Kingdom,3,3,3,14.75
C531841,2010-11-10 09:03:00,13089,United Kingdom,1,1,5,14.75
C501328,2010-03-16 10:05:00,13979,United Kingdom,1,1,5,14.75
C526925,2010-10-13 17:22:00,13199,United Kingdom,1,1,5,14.75
C496229,2010-01-29 14:12:00,16434,United Kingdom,1,1,7,14.7
C515973,2010-07-16 07:57:00,14911,EIRE,2,2,4,14.7
C517363,2010-07-28 16:40:00,14590,United Kingdom,2,2,2,14.7
C504361,2010-04-13 10:34:00,14771,United Kingdom,3,3,14,14.7
C517894,2010-08-03 09:01:00,15253,United Kingdom,1,1,7,14.7
C566777,2011-09-15 09:55:00,14911,EIRE,2,2,2,14.7
C550771,2011-04-20 13:11:00,17856,United Kingdom,1,1,7,14.7
C526119,2010-10-08 13:26:00,17696,United Kingdom,1,1,7,14.7
C495943,2010-01-27 16:14:00,14606,United Kingdom,2,2,2,14.7
C553530,2011-05-17 15:08:00,13777,United Kingdom,3,3,7,14.66
C542271,2011-01-27 09:40:00,12637,France,3,3,9,14.65
C514052,2010-06-30 11:44:00,13097,United Kingdom,2,2,9,14.65
C547198,2011-03-21 12:50:00,14606,United Kingdom,3,3,3,14.65
C573219,2011-10-28 11:49:00,14415,United Kingdom,5,5,6,14.63
C553512,2011-05-17 13:50:00,15005,United Kingdom,3,3,3,14.62
C521802,2010-09-08 14:24:00,15555,United Kingdom,2,2,2,14.600000000000001
C566961,2011-09-15 17:04:00,13319,United Kingdom,3,3,3,14.59
C562142,2011-08-03 10:37:00,15189,United Kingdom,1,1,7,14.56
C558882,2011-07-04 14:47:00,13767,United Kingdom,2,2,8,14.55
C530551,2010-11-03 13:19:00,17511,United Kingdom,6,6,7,14.55
C562139,2011-08-03 10:10:00,12921,United Kingdom,3,3,7,14.55
C536828,2010-12-02 17:35:00,14264,United Kingdom,2,2,4,14.5
C503173,2010-03-30 13:55:00,14607,United Kingdom,1,1,10,14.5
C539270,2010-12-16 15:27:00,14777,United Kingdom,2,2,8,14.5
C579989,2011-12-01 11:18:00,15745,United Kingdom,2,2,6,14.5
C549253,2011-04-07 12:20:00,12408,Belgium,5,5,5,14.48
C559189,2011-07-07 10:25:00,12626,Germany,2,2,28,14.48
C530713,2010-11-04 11:34:00,14400,United Kingdom,3,3,9,14.47
C515264,2010-07-09 12:37:00,13113,United Kingdom,2,2,5,14.46
C506732,2010-05-04 10:15:00,15311,United Kingdom,1,1,17,14.45
C532410,2010-11-11 19:46:00,14732,United Kingdom,2,2,2,14.45
C493576,2010-01-05 11:13:00,,United Kingdom,4,4,5,14.45
C578803,2011-11-25 12:55:00,16764,United Kingdom,2,2,2,14.45
C570835,2011-10-12 13:46:00,12457,Switzerland,1,1,5,14.45
C550962,2011-04-21 16:42:00,14834,United Kingdom,2,2,2,14.45
C522854,2010-09-17 11:26:00,13384,United Kingdom,3,3,4,14.44
C545504,2011-03-03 11:35:00,13630,United Kingdom,2,2,3,14.4
C498813,2010-02-23 11:28:00,12500,Germany,2,2,4,14.4
C511519,2010-06-08 16:31:00,17962,United Kingdom,2,2,2,14.4
C543290,2011-02-07 10:44:00,16686,United Kingdom,2,2,4,14.4
C564491,2011-08-25 14:15:00,18204,United Kingdom,2,2,2,14.4
C509048,2010-05-20 10:55:00,12471,Germany,3,3,14,14.399999999999999
C539657,2010-12-20 17:24:00,16134,United Kingdom,3,3,14,14.399999999999999
C550646,2011-04-19 16:32:00,16873,United Kingdom,4,4,6,14.399999999999999
C506989,2010-05-05 13:34:00,16543,United Kingdom,2,2,14,14.399999999999999
C547187,2011-03-21 12:20:00,12779,Poland,3,3,9,14.39
C495922,2010-01-27 14:09:00,,United Kingdom,1,1,1,14.38
C498605,2010-02-21 16:17:00,14038,United Kingdom,3,3,3,14.35
C569980,2011-10-06 19:31:00,13767,United Kingdom,2,2,4,14.35
C563363,2011-08-15 16:20:00,15342,United Kingdom,2,2,7,14.33
C502849,2010-03-28 14:15:00,17954,United Kingdom,4,4,34,14.3
C505416,2010-04-22 10:28:00,17146,United Kingdom,3,3,5,14.3
C535284,2010-11-25 14:23:00,12408,Belgium,2,2,32,14.299999999999999
C576670,2011-11-16 11:55:00,16393,United Kingdom,6,6,6,14.290000000000001
C550455,2011-04-18 13:02:00,13098,United Kingdom,3,3,3,14.25
C517075,2010-07-26 14:04:00,16656,United Kingdom,1,1,15,14.25
C495944,2010-01-27 16:19:00,13758,United Kingdom,3,3,3,14.25
C538083,2010-12-09 14:40:00,15750,United Kingdom,2,2,7,14.25
C518992,2010-08-12 17:43:00,16103,United Kingdom,2,2,7,14.25
C570199,2011-10-07 15:52:00,13090,United Kingdom,2,2,7,14.249999999999998
C546320,2011-03-11 09:39:00,12708,Germany,2,2,7,14.249999999999998
C568561,2011-09-27 16:45:00,15505,United Kingdom,1,1,18,14.22
C549900,2011-04-12 16:10:00,17180,United Kingdom,2,2,2,14.2
C527967,2010-10-20 09:58:00,15281,United Kingdom,2,2,2,14.2
C510237,2010-05-28 09:52:00,13047,United Kingdom,2,2,2,14.2
C580741,2011-12-06 09:29:00,17659,United Kingdom,2,2,3,14.11
C507204,2010-05-06 16:44:00,13342,United Kingdom,2,2,4,14.100000000000001
C506999,2010-05-05 14:07:00,13856,United Kingdom,2,2,4,14.100000000000001
C491099,2009-12-09 14:11:00,15005,United Kingdom,4,4,4,14.1
C567919,2011-09-22 17:20:00,17037,United Kingdom,2,2,4,14.1
C564208,2011-08-24 09:07:00,15469,United Kingdom,2,2,2,14.1
C575160,2011-11-08 16:23:00,14911,EIRE,3,3,5,14.09
C496084,2010-01-28 18:15:00,17460,United Kingdom,5,5,5,14.09
C559498,2011-07-08 14:06:00,15078,United Kingdom,2,2,4,14.06
C493811,2010-01-07 11:52:00,15409,United Kingdom,3,3,5,14.05
C506883,2010-05-04 17:10:00,15791,United Kingdom,5,5,5,14.05
C564257,2011-08-24 10:45:00,16607,United Kingdom,1,1,36,14.04
C540503,2011-01-09 10:59:00,13668,United Kingdom,3,3,3,14.0
C520743,2010-08-31 10:36:00,13889,United Kingdom,2,2,14,14.0
C539273,2010-12-16 15:30:00,13209,United Kingdom,2,2,2,14.0
C490721,2009-12-07 15:45:00,14156,EIRE,2,2,2,14.0
C520961,2010-09-01 12:12:00,13650,United Kingdom,2,2,6,14.0
C493441,2010-01-04 13:35:00,14156,EIRE,2,2,2,14.0
C533812,2010-11-19 08:31:00,15468,United Kingdom,3,3,5,13.95
C510133,2010-05-27 12:14:00,14648,United Kingdom,3,3,5,13.95
C493084,2009-12-22 10:17:00,,United Kingdom,3,3,9,13.95
C543972,2011-02-14 15:15:00,17924,United Kingdom,1,1,3,13.95
C579746,2011-11-30 14:40:00,13078,United Kingdom,1,1,3,13.95
C576231,2011-11-14 13:24:00,14868,United Kingdom,3,3,6,13.95
C515777,2010-07-14 15:14:00,14679,United Kingdom,3,3,4,13.94
C543817,2011-02-13 15:28:00,17841,United Kingdom,3,3,5,13.93
C491842,2009-12-14 14:49:00,14286,United Kingdom,2,2,48,13.919999999999998
C561649,2011-07-28 15:27:00,15746,United Kingdom,1,1,48,13.919999999999998
C519281,2010-08-16 10:44:00,14872,United Kingdom,1,1,48,13.919999999999998
C537834,2010-12-08 14:54:00,13267,United Kingdom,3,3,5,13.900000000000002
C493807,2010-01-07 11:33:00,16163,United Kingdom,2,2,2,13.9
C576363,2011-11-14 17:23:00,14794,United Kingdom,1,1,2,13.9
C501659,2010-03-18 13:28:00,17307,United Kingdom,1,1,2,13.9
C566473,2011-09-12 18:25:00,16705,United Kingdom,1,1,2,13.9
C572917,2011-10-26 16:33:00,15296,United Kingdom,1,1,2,13.9
C501027,2010-03-11 17:01:00,13627,United Kingdom,1,1,2,13.9
C532797,2010-11-14 14:39:00,17802,United Kingdom,2,2,2,13.9
C536816,2010-12-02 17:06:00,14443,United Kingdom,1,1,2,13.9
C494247,2010-01-12 16:35:00,15100,United Kingdom,1,1,2,13.9
C524633,2010-09-30 11:23:00,17188,United Kingdom,1,1,2,13.9
C519950,2010-08-23 10:57:00,18226,United Kingdom,1,1,2,13.9
C499827,2010-03-02 16:12:00,14944,United Kingdom,1,1,2,13.9
C533470,2010-11-17 12:40:00,15402,United Kingdom,2,2,2,13.899999999999999
C502904,2010-03-29 12:33:00,17612,United Kingdom,2,2,2,13.899999999999999
C571711,2011-10-18 16:21:00,15296,United Kingdom,2,2,2,13.899999999999999
C542787,2011-02-01 10:22:00,15864,United Kingdom,3,3,4,13.899999999999999
C492759,2009-12-18 14:22:00,14031,United Kingdom,2,2,2,13.860000000000001
C556920,2011-06-15 13:49:00,13047,United Kingdom,2,2,3,13.850000000000001
C508368,2010-05-14 13:25:00,16145,United Kingdom,3,3,5,13.850000000000001
C530794,2010-11-04 12:24:00,15580,United Kingdom,2,2,3,13.850000000000001
C531211,2010-11-05 16:12:00,15628,United Kingdom,2,2,3,13.850000000000001
C535146,2010-11-25 11:42:00,17068,United Kingdom,2,2,3,13.85
C564094,2011-08-23 10:30:00,16550,United Kingdom,2,2,4,13.8
C552720,2011-05-11 09:49:00,18272,United Kingdom,4,4,6,13.8
C548727,2011-04-04 09:45:00,17725,United Kingdom,2,2,4,13.8
C525929,2010-10-07 16:51:00,13599,United Kingdom,2,2,4,13.8
C566088,2011-09-09 10:24:00,14911,EIRE,2,2,4,13.8
C499786,2010-03-02 14:50:00,18257,United Kingdom,4,4,5,13.799999999999999
C557646,2011-06-21 17:11:00,17306,United Kingdom,1,1,13,13.78
C524531,2010-09-29 13:29:00,17511,United Kingdom,4,4,4,13.76
C547853,2011-03-27 12:11:00,15615,United Kingdom,3,3,7,13.75
C562909,2011-08-10 13:00:00,17602,United Kingdom,1,1,11,13.75
C497886,2010-02-14 12:07:00,15965,United Kingdom,2,2,5,13.75
C574508,2011-11-04 13:25:00,16463,United Kingdom,1,1,11,13.75
C501794,2010-03-19 13:40:00,13464,United Kingdom,1,1,11,13.75
C501324,2010-03-16 10:00:00,15603,United Kingdom,1,1,11,13.75
C505003,2010-04-19 12:40:00,17552,United Kingdom,2,2,6,13.74
C495021,2010-01-20 13:25:00,13050,United Kingdom,2,2,4,13.7
C555252,2011-06-01 15:13:00,12987,United Kingdom,2,2,2,13.7
C509281,2010-05-21 11:39:00,18258,United Kingdom,2,2,4,13.7
C502475,2010-03-24 15:54:00,15222,United Kingdom,1,1,36,13.68
C573764,2011-11-01 09:56:00,13032,United Kingdom,4,4,8,13.66
C492532,2009-12-17 12:59:00,17377,United Kingdom,3,3,3,13.65
C579903,2011-12-01 08:41:00,18130,United Kingdom,1,1,7,13.65
C551892,2011-05-05 09:58:00,16265,United Kingdom,1,1,7,13.65
C573864,2011-11-01 11:55:00,15311,United Kingdom,5,5,7,13.61
C518537,2010-08-09 17:33:00,12621,Germany,2,2,8,13.6
C558253,2011-06-27 17:04:00,13611,United Kingdom,2,2,4,13.6
C577889,2011-11-22 11:42:00,16191,United Kingdom,1,1,16,13.6
C557647,2011-06-21 17:13:00,17139,United Kingdom,2,2,2,13.6
C505408,2010-04-22 10:24:00,15326,United Kingdom,2,2,3,13.6
C578007,2011-11-22 12:40:00,16474,United Kingdom,4,4,6,13.580000000000002
C545723,2011-03-07 11:16:00,17048,United Kingdom,3,3,4,13.58
C529312,2010-10-27 13:07:00,12647,Germany,1,1,4,13.56
C571066,2011-10-13 15:05:00,12709,Germany,4,4,5,13.56
C541573,2011-01-19 12:47:00,15311,United Kingdom,1,1,4,13.56
C510833,2010-06-03 20:15:00,13078,United Kingdom,1,1,4,13.56
C493823,2010-01-07 12:44:00,13408,United Kingdom,1,1,4,13.56
C566384,2011-09-12 12:41:00,17811,United Kingdom,3,3,3,13.55
C505544,2010-04-22 18:30:00,12643,France,2,2,8,13.52
C495933,2010-01-27 15:27:00,18268,United Kingdom,3,3,7,13.51
C539945,2010-12-23 11:40:00,17069,United Kingdom,4,4,6,13.500000000000002
C551196,2011-04-27 11:26:00,17069,United Kingdom,4,4,6,13.500000000000002
C569942,2011-10-06 18:08:00,14907,United Kingdom,1,1,2,13.5
C492010,2009-12-15 11:41:00,13577,United Kingdom,1,1,2,13.5
C528885,2010-10-25 12:23:00,17646,United Kingdom,2,2,2,13.5
C506829,2010-05-04 13:13:00,16200,United Kingdom,1,1,2,13.5
C506833,2010-05-04 13:39:00,17700,United Kingdom,1,1,2,13.5
C496015,2010-01-28 13:16:00,12703,Germany,2,2,2,13.5
C530710,2010-11-04 11:31:00,17362,United Kingdom,2,2,2,13.5
C496001,2010-01-28 12:05:00,13820,United Kingdom,2,2,2,13.5
C514153,2010-06-30 14:12:00,17342,United Kingdom,1,1,2,13.5
C501325,2010-03-16 10:01:00,18226,United Kingdom,1,1,2,13.5
C512707,2010-06-17 12:14:00,,United Kingdom,6,6,6,13.5
C501336,2010-03-16 10:31:00,14870,United Kingdom,2,2,2,13.5
C507652,2010-05-10 16:02:00,17611,United Kingdom,1,1,2,13.5
C506826,2010-05-04 13:07:00,13693,United Kingdom,1,1,2,13.5
C506908,2010-05-05 10:40:00,15550,United Kingdom,2,2,2,13.5
C558466,2011-06-29 15:20:00,12951,United Kingdom,1,1,2,13.5
C550482,2011-04-18 14:12:00,17204,United Kingdom,1,1,2,13.5
C517873,2010-08-02 15:27:00,,United Kingdom,1,1,2,13.5
C544831,2011-02-24 10:01:00,15146,United Kingdom,4,4,14,13.5
C492677,2009-12-17 18:18:00,14861,United Kingdom,1,1,2,13.5
C511776,2010-06-10 12:30:00,16713,United Kingdom,2,2,2,13.5
C491459,2009-12-11 11:30:00,13711,United Kingdom,1,1,2,13.5
C491455,2009-12-11 11:20:00,17344,United Kingdom,1,1,2,13.5
C560874,2011-07-21 14:53:00,17677,United Kingdom,2,2,6,13.5
C549535,2011-04-08 17:14:00,14110,United Kingdom,1,1,2,13.5
C558360,2011-06-28 15:10:00,16701,United Kingdom,3,3,20,13.46
C566947,2011-09-15 16:28:00,13871,United Kingdom,2,2,5,13.450000000000001
C490269,2009-12-04 12:33:00,14527,United Kingdom,2,2,2,13.45
C562522,2011-08-05 12:49:00,13813,Germany,2,2,2,13.45
C568557,2011-09-27 15:48:00,12681,France,2,2,5,13.45
C553877,2011-05-19 14:47:00,13319,United Kingdom,2,2,3,13.45
C537856,2010-12-08 15:59:00,14388,United Kingdom,2,2,3,13.45
C508376,2010-05-14 13:46:00,14156,EIRE,2,2,4,13.45
C489503,2009-12-01 11:04:00,16011,United Kingdom,2,2,3,13.45
C575590,2011-11-10 12:08:00,15785,United Kingdom,2,2,16,13.44
C553687,2011-05-18 14:01:00,15311,United Kingdom,5,5,8,13.43
C544830,2011-02-24 09:59:00,13118,United Kingdom,2,2,9,13.41
C545456,2011-03-02 17:15:00,17865,United Kingdom,3,3,4,13.4
C542256,2011-01-26 17:04:00,17722,United Kingdom,4,4,15,13.399999999999999
C515962,2010-07-16 07:21:00,17412,United Kingdom,2,2,3,13.39
C537043,2010-12-05 10:48:00,15351,United Kingdom,2,2,7,13.389999999999999
C571859,2011-10-19 13:39:00,15159,United Kingdom,3,3,14,13.38
C560649,2011-07-20 11:35:00,17581,United Kingdom,3,3,14,13.38
C502062,2010-03-22 15:00:00,17596,United Kingdom,2,2,7,13.35
C577750,2011-11-21 14:30:00,12878,United Kingdom,2,2,11,13.35
C550013,2011-04-14 10:49:00,12982,United Kingdom,6,6,10,13.34
C576375,2011-11-15 08:52:00,16878,United Kingdom,3,3,12,13.3
C572489,2011-10-24 13:59:00,17119,United Kingdom,3,3,7,13.3
C511823,2010-06-10 16:30:00,12525,France,3,3,3,13.299999999999999
C564211,2011-08-24 09:11:00,17652,United Kingdom,2,2,2,13.25
C495076,2010-01-21 09:19:00,16150,United Kingdom,2,2,5,13.25
C568421,2011-09-27 11:19:00,16626,United Kingdom,2,2,8,13.200000000000001
C494372,2010-01-13 16:27:00,15719,United Kingdom,2,2,2,13.2
C506899,2010-05-05 09:38:00,12876,Belgium,1,1,8,13.2
C538698,2010-12-14 10:21:00,13329,United Kingdom,1,1,24,13.2
C527914,2010-10-19 13:07:00,,United Kingdom,1,1,8,13.2
C555268,2011-06-01 16:17:00,18257,United Kingdom,2,2,6,13.2
C543637,2011-02-10 16:35:00,15738,United Kingdom,1,1,8,13.2
C495025,2010-01-20 13:43:00,12921,United Kingdom,1,1,24,13.2
C515691,2010-07-14 12:09:00,14634,United Kingdom,1,1,24,13.2
C503216,2010-03-30 16:09:00,15785,United Kingdom,2,2,2,13.2
C541201,2011-01-14 12:05:00,13081,United Kingdom,1,1,24,13.2
C522851,2010-09-17 11:20:00,14911,EIRE,1,1,8,13.2
C548729,2011-04-04 09:57:00,12434,Australia,1,1,8,13.2
C556869,2011-06-15 11:46:00,13199,United Kingdom,1,1,4,13.16
C564592,2011-08-26 11:27:00,13408,United Kingdom,1,1,4,13.16
C566185,2011-09-09 13:02:00,18167,United Kingdom,3,3,4,13.15
C494151,2010-01-11 15:03:00,13178,United Kingdom,2,2,4,13.100000000000001
C551588,2011-05-03 11:28:00,12708,Germany,3,3,8,13.100000000000001
C538099,2010-12-09 14:58:00,15279,United Kingdom,2,2,4,13.100000000000001
C550808,2011-04-20 15:57:00,14323,United Kingdom,4,4,4,13.100000000000001
C559608,2011-07-11 11:44:00,14690,United Kingdom,4,4,7,13.090000000000002
C556880,2011-06-15 12:12:00,18073,United Kingdom,3,3,10,13.08
C522830,2010-09-17 10:25:00,13784,United Kingdom,2,2,5,13.05
C525043,2010-10-03 13:19:00,16218,United Kingdom,3,3,9,13.05
C522800,2010-09-16 15:38:00,16756,United Kingdom,2,2,5,13.05
C497789,2010-02-12 12:17:00,16873,United Kingdom,2,2,3,13.05
C523968,2010-09-26 13:37:00,17406,United Kingdom,4,4,5,13.05
C576925,2011-11-17 10:54:00,14102,United Kingdom,2,2,9,13.049999999999999
C555384,2011-06-02 15:20:00,13534,United Kingdom,5,5,5,13.04
C510248,2010-05-28 10:28:00,16571,United Kingdom,2,2,7,13.02
C554336,2011-05-23 17:20:00,12474,Germany,4,4,5,13.01
C566758,2011-09-14 16:05:00,14292,United Kingdom,2,2,4,13.000000000000002
C495190,2010-01-21 14:47:00,14606,United Kingdom,3,3,3,13.0
C501171,2010-03-15 10:39:00,16984,United Kingdom,3,3,3,13.0
C527580,2010-10-18 13:36:00,14911,EIRE,1,1,4,13.0
C557463,2011-06-20 13:03:00,14584,United Kingdom,1,1,4,13.0
C505350,2010-04-21 14:06:00,15580,United Kingdom,1,1,4,13.0
C579710,2011-11-30 14:16:00,15467,United Kingdom,1,1,4,13.0
C550353,2011-04-18 10:29:00,17841,United Kingdom,6,6,7,12.97
C569959,2011-10-06 18:39:00,13983,United Kingdom,5,5,13,12.969999999999999
C579092,2011-11-28 10:50:00,16900,United Kingdom,1,1,108,12.96
C543353,2011-02-07 13:41:00,16033,United Kingdom,4,4,5,12.95
C528428,2010-10-22 09:58:00,14051,United Kingdom,2,2,9,12.95
C492756,2009-12-18 14:00:00,,United Kingdom,1,1,1,12.95
C563599,2011-08-18 06:22:00,15152,United Kingdom,3,3,3,12.95
C544682,2011-02-22 16:29:00,17511,United Kingdom,4,4,5,12.95
C495685,2010-01-26 12:04:00,14527,United Kingdom,2,2,2,12.9
C533002,2010-11-15 14:58:00,18260,United Kingdom,2,2,2,12.9
C517369,2010-07-28 17:02:00,15283,United Kingdom,1,1,2,12.9
C577817,2011-11-22 09:17:00,13081,United Kingdom,2,2,2,12.9
C538500,2010-12-12 12:51:00,13715,United Kingdom,1,1,2,12.9
C502308,2010-03-24 09:36:00,14210,United Kingdom,2,2,2,12.9
C540555,2011-01-10 09:56:00,16279,United Kingdom,2,2,2,12.9
C529177,2010-10-26 18:21:00,14301,United Kingdom,3,3,6,12.9
C528409,2010-10-22 09:21:00,13136,United Kingdom,2,2,2,12.9
C537203,2010-12-05 14:44:00,14606,United Kingdom,2,2,2,12.899999999999999
C534938,2010-11-24 15:24:00,13329,United Kingdom,2,2,2,12.899999999999999
C538834,2010-12-14 13:06:00,14415,United Kingdom,2,2,2,12.899999999999999
C533811,2010-11-19 08:29:00,15750,United Kingdom,2,2,2,12.899999999999999
C539574,2010-12-20 12:23:00,16713,United Kingdom,2,2,2,12.899999999999999
C527923,2010-10-19 13:19:00,13078,United Kingdom,2,2,2,12.899999999999999
C524980,2010-10-01 15:23:00,13093,United Kingdom,2,2,2,12.899999999999999
C491605,2009-12-11 13:33:00,16094,United Kingdom,2,2,2,12.899999999999999
C550127,2011-04-14 13:12:00,15212,United Kingdom,2,2,3,12.85
C549692,2011-04-11 13:43:00,13668,United Kingdom,7,7,8,12.82
C569971,2011-10-06 19:20:00,16875,United Kingdom,3,3,7,12.81
C562954,2011-08-11 10:13:00,17429,United Kingdom,3,3,8,12.8
C501326,2010-03-16 10:02:00,14426,United Kingdom,1,1,1,12.75
C509853,2010-05-26 09:19:00,12675,Italy,1,1,1,12.75
C500972,2010-03-11 13:11:00,14172,United Kingdom,1,1,1,12.75
C554846,2011-05-26 19:55:00,16700,United Kingdom,1,1,1,12.75
C545440,2011-03-02 16:03:00,16843,United Kingdom,1,1,5,12.75
C562051,2011-08-02 11:58:00,15602,United Kingdom,1,1,1,12.75
C526131,2010-10-08 14:12:00,14229,United Kingdom,1,1,1,12.75
C526137,2010-10-08 14:24:00,14425,United Kingdom,1,1,3,12.75
C545846,2011-03-07 13:39:00,13081,United Kingdom,1,1,1,12.75
C539289,2010-12-16 16:30:00,18065,United Kingdom,1,1,3,12.75
C563221,2011-08-14 14:23:00,17611,United Kingdom,1,1,3,12.75
C510223,2010-05-28 08:42:00,13591,United Kingdom,1,1,1,12.75
C544897,2011-02-24 12:27:00,17867,United Kingdom,1,1,1,12.75
C490986,2009-12-08 17:05:00,16822,United Kingdom,1,1,1,12.75
C525562,2010-10-05 19:57:00,14425,United Kingdom,1,1,3,12.75
C499987,2010-03-03 16:13:00,13044,United Kingdom,1,1,1,12.75
C525547,2010-10-05 19:27:00,13648,United Kingdom,1,1,1,12.75
C519506,2010-08-17 15:13:00,15251,United Kingdom,1,1,1,12.75
C519495,2010-08-17 14:02:00,17612,United Kingdom,2,2,2,12.75
C489524,2009-12-01 11:48:00,15614,United Kingdom,1,1,1,12.75
C575172,2011-11-08 17:53:00,16790,United Kingdom,1,1,3,12.75
C539035,2010-12-15 14:33:00,15535,United Kingdom,1,1,1,12.75
C495026,2010-01-20 13:46:00,15607,United Kingdom,1,1,1,12.75
C581121,2011-12-07 12:28:00,14087,United Kingdom,1,1,1,12.75
C495181,2010-01-21 13:45:00,14421,United Kingdom,1,1,1,12.75
C551732,2011-05-04 10:10:00,15382,United Kingdom,1,1,1,12.75
C581393,2011-12-08 13:14:00,16892,United Kingdom,1,1,3,12.75
C541824,2011-01-21 16:58:00,15939,United Kingdom,1,1,3,12.75
C546894,2011-03-17 18:21:00,14334,United Kingdom,1,1,1,12.75
C513429,2010-06-24 13:33:00,16623,United Kingdom,1,1,1,12.75
C512928,2010-06-20 11:02:00,16710,United Kingdom,1,1,1,12.75
C516958,2010-07-25 16:00:00,14938,Channel Islands,1,1,1,12.75
C491545,2009-12-11 12:37:00,17679,United Kingdom,1,1,5,12.75
C491494,2009-12-11 12:15:00,14867,United Kingdom,1,1,1,12.75
C527723,2010-10-18 15:37:00,14572,United Kingdom,1,1,1,12.75
C501421,2010-03-16 11:49:00,15696,United Kingdom,1,1,1,12.75
C512530,2010-06-16 11:58:00,13078,United Kingdom,1,1,5,12.75
C546536,2011-03-14 14:28:00,15493,United Kingdom,1,1,1,12.75
C512777,2010-06-17 17:41:00,15432,United Kingdom,1,1,1,12.75
C491015,2009-12-08 18:30:00,17612,United Kingdom,1,1,1,12.75
C559568,2011-07-11 11:09:00,13627,United Kingdom,1,1,1,12.75
C559500,2011-07-08 14:27:00,14016,EIRE,1,1,1,12.75
C498286,2010-02-17 16:46:00,17230,United Kingdom,1,1,1,12.75
C538632,2010-12-13 13:28:00,14085,United Kingdom,1,1,1,12.75
C532401,2010-11-11 19:30:00,13329,United Kingdom,1,1,1,12.75
C501796,2010-03-19 13:43:00,15030,United Kingdom,1,1,1,12.75
C508853,2010-05-18 15:10:00,13097,United Kingdom,1,1,1,12.75
C532392,2010-11-11 19:14:00,13453,United Kingdom,1,1,1,12.75
C517903,2010-08-03 09:29:00,16161,United Kingdom,1,1,1,12.75
C549922,2011-04-13 09:55:00,15674,United Kingdom,1,1,1,12.75
C560220,2011-07-15 15:22:00,14572,United Kingdom,1,1,1,12.75
C525405,2010-10-05 11:59:00,16065,United Kingdom,1,1,1,12.75
C498608,2010-02-21 16:21:00,16225,United Kingdom,1,1,1,12.75
C576866,2011-11-16 16:09:00,16278,United Kingdom,1,1,1,12.75
C516947,2010-07-25 15:25:00,13276,United Kingdom,1,1,1,12.75
C561212,2011-07-25 17:00:00,17175,United Kingdom,1,1,1,12.75
C546362,2011-03-11 11:18:00,16419,United Kingdom,1,1,1,12.75
C509539,2010-05-24 12:25:00,16607,United Kingdom,1,1,3,12.75
C532414,2010-11-11 19:51:00,16143,United Kingdom,1,1,1,12.75
C509274,2010-05-21 11:28:00,14936,Channel Islands,1,1,1,12.75
C526543,2010-10-12 11:31:00,17706,United Kingdom,1,1,1,12.75
C501139,2010-03-14 12:10:00,14532,United Kingdom,1,1,1,12.75
C574248,2011-11-03 13:00:00,13925,United Kingdom,1,1,1,12.75
C538755,2010-12-14 11:30:00,16782,United Kingdom,1,1,1,12.75
C576194,2011-11-14 12:03:00,16790,United Kingdom,1,1,3,12.75
C499292,2010-02-25 19:33:00,16560,United Kingdom,1,1,1,12.75
C511511,2010-06-08 15:37:00,13901,United Kingdom,1,1,1,12.75
C525501,2010-10-05 16:53:00,15808,United Kingdom,1,1,1,12.75
C525034,2010-10-03 12:32:00,13642,United Kingdom,1,1,1,12.75
C501238,2010-03-15 12:36:00,12471,Germany,1,1,1,12.75
C501270,2010-03-15 13:21:00,14667,United Kingdom,2,2,3,12.75
C562798,2011-08-09 14:30:00,12929,United Kingdom,1,1,1,12.75
C500004,2010-03-04 09:45:00,17861,United Kingdom,1,1,1,12.75
C546080,2011-03-09 11:18:00,15078,United Kingdom,1,1,1,12.75
C525927,2010-10-07 16:47:00,14909,United Kingdom,1,1,1,12.75
C511049,2010-06-06 11:40:00,12748,United Kingdom,1,1,1,12.75
C552856,2011-05-11 15:17:00,14288,United Kingdom,1,1,1,12.75
C550642,2011-04-19 16:09:00,15027,United Kingdom,1,1,1,12.75
C518998,2010-08-12 17:50:00,13319,United Kingdom,1,1,1,12.75
C558531,2011-06-30 11:31:00,15039,United Kingdom,1,1,1,12.75
C524382,2010-09-28 17:49:00,15628,United Kingdom,1,1,1,12.75
C528415,2010-10-22 09:31:00,13093,United Kingdom,1,1,1,12.75
C558735,2011-07-01 15:09:00,16700,United Kingdom,1,1,1,12.75
C513654,2010-06-28 10:00:00,12621,Germany,1,1,1,12.75
C577323,2011-11-18 13:57:00,17904,United Kingdom,1,1,1,12.75
C543706,2011-02-11 11:44:00,15044,United Kingdom,1,1,1,12.75
C528373,2010-10-21 17:13:00,14853,United Kingdom,1,1,1,12.75
C566782,2011-09-15 10:12:00,16048,United Kingdom,1,1,1,12.75
C543607,2011-02-10 14:13:00,15602,United Kingdom,1,1,1,12.75
C531860,2010-11-10 10:39:00,13138,United Kingdom,1,1,1,12.75
C566197,2011-09-09 13:54:00,18109,United Kingdom,1,1,1,12.75
C497930,2010-02-15 09:22:00,14911,EIRE,1,1,1,12.75
C506406,2010-04-29 13:44:00,,United Kingdom,1,1,1,12.75
C529181,2010-10-26 18:35:00,12530,Germany,1,1,1,12.75
C542645,2011-01-31 11:37:00,14180,United Kingdom,1,1,1,12.75
C506160,2010-04-27 17:27:00,14156,EIRE,1,1,1,12.75
C571855,2011-10-19 13:36:00,17462,United Kingdom,1,1,3,12.75
C528716,2010-10-24 13:12:00,17377,United Kingdom,1,1,1,12.75
C567940,2011-09-22 18:21:00,16984,United Kingdom,1,1,1,12.75
C503364,2010-03-31 14:18:00,14770,United Kingdom,1,1,1,12.75
C550807,2011-04-20 15:56:00,13717,United Kingdom,1,1,1,12.75
C552047,2011-05-06 09:55:00,14796,United Kingdom,1,1,1,12.75
C520542,2010-08-26 16:08:00,13485,United Kingdom,1,1,1,12.75
C531461,2010-11-08 13:38:00,13937,United Kingdom,1,1,1,12.75
C531339,2010-11-07 12:48:00,16928,United Kingdom,1,1,1,12.75
C531454,2010-11-08 13:16:00,12708,Germany,1,1,1,12.75
C557478,2011-06-20 13:52:00,13408,United Kingdom,1,1,3,12.75
C514151,2010-06-30 14:11:00,17588,United Kingdom,1,1,5,12.75
C567440,2011-09-20 11:58:00,17841,United Kingdom,1,1,1,12.75
C516765,2010-07-22 17:10:00,17145,United Kingdom,1,1,1,12.75
C543112,2011-02-03 12:59:00,14133,United Kingdom,1,1,3,12.75
C506892,2010-05-05 09:02:00,14533,United Kingdom,1,1,1,12.75
C572299,2011-10-23 14:35:00,13598,United Kingdom,1,1,1,12.75
C546880,2011-03-17 17:16:00,13093,United Kingdom,1,1,1,12.75
C538121,2010-12-09 15:36:00,15535,United Kingdom,1,1,1,12.75
C507201,2010-05-06 16:32:00,16317,United Kingdom,1,1,1,12.75
C502291,2010-03-24 08:49:00,14952,United Kingdom,1,1,1,12.75
C572864,2011-10-26 12:54:00,12856,United Kingdom,1,1,1,12.75
C549045,2011-04-06 09:25:00,14407,United Kingdom,1,1,1,12.75
C506166,2010-04-28 09:47:00,17147,United Kingdom,1,1,1,12.75
C515410,2010-07-12 12:42:00,18135,United Kingdom,1,1,1,12.75
C537814,2010-12-08 13:43:00,12712,Germany,1,1,3,12.75
C503781,2010-04-07 11:55:00,13727,United Kingdom,1,1,3,12.75
C504124,2010-04-11 10:41:00,15015,United Kingdom,1,1,1,12.75
C522849,2010-09-17 11:17:00,14334,United Kingdom,1,1,1,12.75
C557054,2011-06-16 14:43:00,17828,Malta,2,2,3,12.75
C494333,2010-01-13 12:10:00,14151,United Kingdom,1,1,1,12.75
C490666,2009-12-07 12:32:00,16404,United Kingdom,1,1,1,12.75
C571051,2011-10-13 13:49:00,14626,United Kingdom,1,1,1,12.75
C505410,2010-04-22 10:25:00,15067,United Kingdom,1,1,1,12.75
C490492,2009-12-06 13:20:00,15751,United Kingdom,1,1,3,12.75
C504170,2010-04-12 07:49:00,13019,United Kingdom,1,1,1,12.75
C506161,2010-04-27 17:29:00,17147,United Kingdom,1,1,1,12.75
C557649,2011-06-21 17:15:00,15498,United Kingdom,1,1,1,12.75
C505407,2010-04-22 10:23:00,16053,United Kingdom,1,1,1,12.75
C540854,2011-01-12 09:54:00,,United Kingdom,1,1,1,12.75
C530930,2010-11-04 17:06:00,15535,United Kingdom,1,1,1,12.75
C505164,2010-04-20 12:28:00,17841,United Kingdom,1,1,1,12.75
C496202,2010-01-29 12:39:00,15898,United Kingdom,1,1,1,12.75
C496739,2010-02-03 14:27:00,13478,United Kingdom,1,1,1,12.75
C537373,2010-12-06 12:55:00,14487,United Kingdom,1,1,1,12.75
C550170,2011-04-14 16:43:00,17017,United Kingdom,1,1,3,12.75
C569909,2011-10-06 16:43:00,17611,United Kingdom,2,2,2,12.75
C505353,2010-04-21 14:40:00,12402,Belgium,1,1,1,12.75
C569251,2011-10-03 10:37:00,12957,United Kingdom,1,1,1,12.75
C490495,2009-12-06 13:38:00,17848,United Kingdom,1,1,1,12.75
C522838,2010-09-17 10:42:00,16735,United Kingdom,1,1,3,12.75
C535843,2010-11-29 10:22:00,16292,United Kingdom,1,1,1,12.75
C523107,2010-09-20 12:26:00,16919,United Kingdom,1,1,1,12.75
C522837,2010-09-17 10:41:00,12949,United Kingdom,1,1,1,12.75
C579933,2011-12-01 09:44:00,14853,United Kingdom,1,1,1,12.75
C491370,2009-12-10 15:58:00,17239,United Kingdom,1,1,1,12.75
C530705,2010-11-04 11:14:00,15329,United Kingdom,1,1,1,12.75
C504568,2010-04-14 14:17:00,12542,Spain,1,1,1,12.75
C569961,2011-10-06 18:44:00,13704,United Kingdom,1,1,3,12.75
C542086,2011-01-25 12:34:00,18277,United Kingdom,1,1,1,12.75
C542089,2011-01-25 12:39:00,12681,France,2,2,5,12.749999999999998
C546496,2011-03-14 11:44:00,17646,United Kingdom,3,3,3,12.73
C497611,2010-02-11 11:47:00,17961,United Kingdom,1,1,2,12.7
C490460,2009-12-06 12:06:00,15059,United Kingdom,1,1,2,12.7
C556518,2011-06-13 10:53:00,16794,United Kingdom,1,1,2,12.7
C496244,2010-01-29 14:54:00,14949,United Kingdom,2,2,4,12.7
C527019,2010-10-14 11:49:00,14680,United Kingdom,5,5,8,12.67
C539467,2010-12-19 12:46:00,15044,United Kingdom,3,3,3,12.65
C565323,2011-09-02 13:16:00,14606,United Kingdom,3,3,3,12.65
C501321,2010-03-16 09:53:00,12972,United Kingdom,3,3,6,12.600000000000001
C545443,2011-03-02 16:20:00,17442,United Kingdom,2,2,2,12.600000000000001
C545444,2011-03-02 16:24:00,13767,United Kingdom,3,3,4,12.600000000000001
C577081,2011-11-17 15:24:00,18230,United Kingdom,1,1,6,12.6
C489476,2009-12-01 10:55:00,13293,United Kingdom,1,1,6,12.6
C522512,2010-09-15 11:34:00,16940,United Kingdom,1,1,6,12.6
C491016,2009-12-08 18:35:00,14907,United Kingdom,1,1,6,12.6
C556668,2011-06-13 16:26:00,15827,United Kingdom,3,3,10,12.6
C515700,2010-07-14 12:24:00,16576,United Kingdom,1,1,6,12.6
C553851,2011-05-19 13:04:00,15811,United Kingdom,3,3,4,12.6
C507225,2010-05-06 19:32:00,13539,United Kingdom,1,1,6,12.6
C530188,2010-11-02 11:10:00,15645,United Kingdom,1,1,6,12.6
C493853,2010-01-07 15:54:00,16325,United Kingdom,1,1,6,12.6
C500308,2010-03-07 11:05:00,15279,United Kingdom,1,1,60,12.6
C546081,2011-03-09 11:23:00,15974,United Kingdom,1,1,6,12.6
C561589,2011-07-28 10:57:00,16133,United Kingdom,4,4,6,12.6
C515965,2010-07-16 07:46:00,16576,United Kingdom,1,1,6,12.6
C531847,2010-11-10 09:39:00,13557,United Kingdom,1,1,6,12.6
C549824,2011-04-12 12:43:00,15189,United Kingdom,3,3,6,12.55
C494592,2010-01-15 12:08:00,15898,United Kingdom,3,3,3,12.55
C524492,2010-09-29 12:24:00,14451,United Kingdom,2,2,3,12.55
C542092,2011-01-25 12:45:00,14389,United Kingdom,6,6,8,12.54
C574658,2011-11-06 11:44:00,15426,United Kingdom,7,7,10,12.54
C580768,2011-12-06 10:54:00,13914,United Kingdom,1,1,1,12.5
C569972,2011-10-06 19:21:00,13317,United Kingdom,1,1,1,12.5
C498342,2010-02-18 11:14:00,16481,United Kingdom,1,1,10,12.5
C577389,2011-11-18 16:59:00,13381,United Kingdom,1,1,2,12.5
C577327,2011-11-18 14:13:00,17779,United Kingdom,1,1,1,12.5
C556649,2011-06-13 16:15:00,15238,United Kingdom,1,1,2,12.5
C504562,2010-04-14 14:02:00,15331,United Kingdom,2,2,4,12.5
C553780,2011-05-19 10:53:00,15730,United Kingdom,3,3,6,12.5
C504423,2010-04-13 13:13:00,14606,United Kingdom,2,2,2,12.5
C576856,2011-11-16 15:51:00,16912,United Kingdom,1,1,1,12.5
C500722,2010-03-09 15:40:00,15538,United Kingdom,4,4,10,12.5
C499493,2010-02-28 14:09:00,14064,United Kingdom,1,1,10,12.5
C511644,2010-06-09 13:39:00,14194,United Kingdom,1,1,10,12.5
C561210,2011-07-25 16:58:00,17841,United Kingdom,1,1,10,12.5
C504191,2010-04-12 10:06:00,16054,United Kingdom,3,3,10,12.5
C539726,2010-12-21 14:24:00,17007,United Kingdom,1,1,10,12.5
C572535,2011-10-24 16:07:00,15411,United Kingdom,1,1,2,12.5
C508287,2010-05-14 11:08:00,13655,United Kingdom,1,1,10,12.5
C576360,2011-11-14 17:10:00,14910,United Kingdom,1,1,6,12.48
C564946,2011-08-31 13:27:00,13534,United Kingdom,3,3,6,12.48
C557629,2011-06-21 14:52:00,14776,United Kingdom,1,1,6,12.48
C568646,2011-09-28 11:45:00,13430,United Kingdom,1,1,6,12.48
C557467,2011-06-20 13:13:00,17157,United Kingdom,2,2,3,12.450000000000001
C569970,2011-10-06 18:57:00,13055,United Kingdom,2,2,3,12.450000000000001
C510825,2010-06-03 20:02:00,14210,United Kingdom,2,2,3,12.45
C559953,2011-07-14 11:00:00,13815,Germany,1,1,3,12.45
C571897,2011-10-19 14:19:00,16157,United Kingdom,1,1,3,12.45
C579756,2011-11-30 14:54:00,14733,United Kingdom,2,2,2,12.45
C555883,2011-06-07 15:42:00,13862,United Kingdom,1,1,3,12.45
C538642,2010-12-13 14:37:00,12476,Germany,2,2,2,12.45
C531446,2010-11-08 12:37:00,12651,France,2,2,3,12.45
C538643,2010-12-13 14:38:00,12476,Germany,2,2,2,12.45
C541656,2011-01-20 12:07:00,17315,United Kingdom,3,3,3,12.45
C571858,2011-10-19 13:38:00,14257,United Kingdom,1,1,5,12.45
C560907,2011-07-21 17:55:00,16875,United Kingdom,1,1,3,12.45
C565666,2011-09-05 17:46:00,15856,United Kingdom,2,2,3,12.45
C543039,2011-02-02 16:31:00,16992,United Kingdom,2,2,3,12.45
C576235,2011-11-14 13:28:00,17769,United Kingdom,1,1,3,12.45
C514216,2010-06-30 17:38:00,17593,United Kingdom,5,5,6,12.42
C498293,2010-02-18 08:57:00,13510,United Kingdom,2,2,4,12.4
C531091,2010-11-05 12:19:00,13113,United Kingdom,2,2,2,12.399999999999999
C552706,2011-05-10 16:15:00,13014,United Kingdom,2,2,2,12.399999999999999
C523387,2010-09-21 19:54:00,16042,United Kingdom,3,3,3,12.319999999999999
C534000,2010-11-19 14:21:00,16218,United Kingdom,7,7,10,12.309999999999999
C546889,2011-03-17 18:16:00,13971,United Kingdom,3,3,8,12.3
C525062,2010-10-03 14:20:00,13032,United Kingdom,3,3,4,12.3
C561239,2011-07-26 10:32:00,,EIRE,3,3,6,12.3
C494650,2010-01-17 12:29:00,17969,United Kingdom,2,2,2,12.3
C495018,2010-01-20 13:15:00,16933,United Kingdom,3,3,3,12.25
C524625,2010-09-30 10:50:00,15107,United Kingdom,2,2,2,12.25
C543773,2011-02-11 15:47:00,12410,Switzerland,2,2,2,12.25
C556535,2011-06-13 12:23:00,17169,United Kingdom,3,3,3,12.25
C501003,2010-03-11 14:08:00,17841,United Kingdom,2,2,4,12.25
C555885,2011-06-07 15:50:00,14842,United Kingdom,2,2,2,12.25
C547234,2011-03-21 16:21:00,12428,Finland,2,2,2,12.2
C508405,2010-05-14 15:42:00,12748,United Kingdom,6,6,6,12.2
C501642,2010-03-18 12:30:00,17377,United Kingdom,3,3,3,12.15
C541415,2011-01-17 16:20:00,14292,United Kingdom,3,3,3,12.15
C508386,2010-05-14 14:23:00,14831,United Kingdom,3,3,3,12.15
C509622,2010-05-25 09:52:00,13295,United Kingdom,3,3,9,12.05
C565016,2011-08-31 16:28:00,15764,United Kingdom,3,3,8,12.049999999999999
C542150,2011-01-26 10:30:00,14049,United Kingdom,5,5,11,12.02
C539596,2010-12-20 13:51:00,13694,United Kingdom,1,1,16,12.0
C531483,2010-11-08 14:40:00,13004,United Kingdom,3,3,6,12.0
C496087,2010-01-28 19:44:00,15861,United Kingdom,4,4,4,12.0
C517470,2010-07-29 11:55:00,12472,Germany,5,5,10,12.0
C504892,2010-04-18 14:01:00,14415,United Kingdom,4,4,4,11.950000000000001
C572102,2011-10-20 15:56:00,13519,United Kingdom,1,1,1,11.95
C503446,2010-04-01 10:54:00,14796,United Kingdom,3,3,3,11.94
C530279,2010-11-02 12:02:00,13983,United Kingdom,1,1,8,11.92
C519581,2010-08-18 13:29:00,16316,United Kingdom,1,1,2,11.9
C550810,2011-04-20 15:58:00,15135,United Kingdom,1,1,2,11.9
C508373,2010-05-14 13:42:00,17552,United Kingdom,2,2,6,11.9
C573099,2011-10-27 14:47:00,12921,United Kingdom,1,1,2,11.9
C531850,2010-11-10 09:47:00,17894,United Kingdom,1,1,2,11.9
C569733,2011-10-06 09:57:00,12500,Germany,1,1,2,11.9
C544416,2011-02-18 15:11:00,16713,United Kingdom,1,1,2,11.9
C498297,2010-02-18 09:10:00,14952,United Kingdom,1,1,2,11.9
C544435,2011-02-18 16:32:00,15122,United Kingdom,2,2,6,11.9
C548625,2011-04-01 12:14:00,13078,United Kingdom,1,1,2,11.9
C514937,2010-07-07 11:24:00,15044,United Kingdom,1,1,2,11.9
C492590,2009-12-17 15:39:00,16987,United Kingdom,1,1,2,11.9
C510052,2010-05-27 09:36:00,12712,Germany,1,1,2,11.9
C573765,2011-11-01 09:57:00,18226,United Kingdom,1,1,2,11.9
C571014,2011-10-13 12:16:00,17509,United Kingdom,1,1,2,11.9
C500000,2010-03-04 09:38:00,13948,United Kingdom,1,1,2,11.9
C491130,2009-12-09 16:03:00,16395,United Kingdom,1,1,2,11.9
C551333,2011-04-27 16:28:00,12681,France,1,1,2,11.9
C490988,2009-12-08 17:08:00,12746,United Kingdom,2,2,2,11.9
C519675,2010-08-19 12:28:00,16756,United Kingdom,1,1,2,11.9
C490991,2009-12-08 17:10:00,13414,United Kingdom,2,2,2,11.9
C561588,2011-07-28 10:53:00,15781,United Kingdom,1,1,2,11.9
C526386,2010-10-11 12:47:00,15708,United Kingdom,1,1,2,11.9
C529506,2010-10-28 14:20:00,15198,United Kingdom,1,1,2,11.9
C492828,2009-12-20 15:09:00,14911,EIRE,1,1,2,11.9
C545903,2011-03-08 08:34:00,13345,United Kingdom,2,2,2,11.899999999999999
C528491,2010-10-22 12:09:00,18065,United Kingdom,2,2,2,11.899999999999999
C532387,2010-11-11 19:10:00,18075,United Kingdom,2,2,10,11.899999999999999
C577752,2011-11-21 14:37:00,16670,United Kingdom,3,3,11,11.89
C561793,2011-07-29 13:08:00,14414,United Kingdom,1,1,3,11.85
C520993,2010-09-01 13:30:00,13980,United Kingdom,1,1,3,11.85
C510253,2010-05-28 10:44:00,16556,United Kingdom,1,1,3,11.85
C568587,2011-09-28 10:15:00,18225,United Kingdom,2,2,5,11.849999999999998
C497617,2010-02-11 12:17:00,12712,Germany,3,3,5,11.849999999999998
C567715,2011-09-22 10:12:00,16160,United Kingdom,1,1,7,11.83
C550174,2011-04-14 17:07:00,16394,United Kingdom,6,6,22,11.82
C502289,2010-03-24 08:47:00,13089,United Kingdom,1,1,4,11.8
C532353,2010-11-11 16:32:00,,Unspecified,1,1,4,11.8
C541229,2011-01-14 16:43:00,16359,United Kingdom,1,1,4,11.8
C522737,2010-09-16 13:02:00,16218,United Kingdom,1,1,4,11.8
C489541,2009-12-01 12:18:00,15091,United Kingdom,1,1,4,11.8
C581124,2011-12-07 12:38:00,13109,United Kingdom,1,1,4,11.8
C542097,2011-01-25 12:52:00,14215,United Kingdom,1,1,4,11.8
C524699,2010-09-30 12:15:00,13767,United Kingdom,2,2,4,11.8
C525542,2010-10-05 19:19:00,17732,United Kingdom,1,1,4,11.8
C544665,2011-02-22 14:56:00,12852,United Kingdom,3,3,4,11.8
C569981,2011-10-06 19:36:00,12679,France,2,2,4,11.8
C536760,2010-12-02 14:29:00,17547,United Kingdom,2,2,4,11.8
C515483,2010-07-13 10:24:00,13874,United Kingdom,2,2,4,11.8
C543004,2011-02-02 12:40:00,13939,United Kingdom,1,1,4,11.8
C571320,2011-10-17 10:57:00,13089,United Kingdom,1,1,4,11.8
C513980,2010-06-30 08:19:00,12746,United Kingdom,1,1,4,11.8
C506980,2010-05-05 13:11:00,13643,United Kingdom,1,1,4,11.8
C557288,2011-06-19 12:48:00,18109,United Kingdom,1,1,4,11.8
C495036,2010-01-20 14:18:00,13319,United Kingdom,2,2,2,11.799999999999999
C525955,2010-10-07 19:28:00,13360,United Kingdom,2,2,2,11.799999999999999
C521976,2010-09-09 20:02:00,17884,United Kingdom,3,3,4,11.75
C550099,2011-04-14 12:28:00,16933,United Kingdom,2,2,2,11.75
C510415,2010-05-30 11:15:00,14546,United Kingdom,3,3,3,11.75
C563595,2011-08-18 06:15:00,13769,United Kingdom,2,2,3,11.75
C564711,2011-08-28 10:31:00,16768,United Kingdom,3,3,3,11.75
C566180,2011-09-09 12:52:00,16173,United Kingdom,3,3,4,11.75
C579945,2011-12-01 10:41:00,15993,United Kingdom,4,4,4,11.700000000000001
C578110,2011-11-23 09:23:00,15804,United Kingdom,3,3,6,11.700000000000001
C502070,2010-03-22 15:31:00,13406,United Kingdom,1,1,6,11.7
C566945,2011-09-15 16:26:00,13319,United Kingdom,1,1,6,11.7
C540820,2011-01-11 13:09:00,15518,United Kingdom,1,1,6,11.7
C577731,2011-11-21 13:06:00,17811,United Kingdom,1,1,6,11.7
C509341,2010-05-21 12:31:00,13162,United Kingdom,1,1,18,11.7
C492649,2009-12-17 17:41:00,16670,United Kingdom,2,2,2,11.7
C534734,2010-11-23 19:05:00,14499,United Kingdom,1,1,6,11.7
C503213,2010-03-30 16:08:00,12840,United Kingdom,1,1,6,11.7
C511482,2010-06-08 14:01:00,13300,United Kingdom,1,1,6,11.7
C552701,2011-05-10 15:58:00,16094,United Kingdom,2,2,2,11.7
C560990,2011-07-22 13:24:00,14056,United Kingdom,1,1,6,11.7
C546241,2011-03-10 13:04:00,14903,United Kingdom,1,1,18,11.7
C568534,2011-09-27 13:57:00,12579,France,1,1,6,11.7
C545769,2011-03-07 12:05:00,14903,United Kingdom,1,1,18,11.7
C494332,2010-01-13 12:08:00,13696,United Kingdom,1,1,6,11.7
C521894,2010-09-09 12:15:00,14152,United Kingdom,1,1,6,11.7
C512315,2010-06-15 09:09:00,17146,United Kingdom,2,2,8,11.7
C501314,2010-03-16 09:29:00,14142,United Kingdom,3,3,5,11.65
C579911,2011-12-01 08:53:00,14525,United Kingdom,2,2,2,11.65
C505022,2010-04-19 14:11:00,12982,United Kingdom,3,3,7,11.649999999999999
C501554,2010-03-17 16:01:00,13983,United Kingdom,3,3,7,11.649999999999999
C547024,2011-03-18 16:36:00,15065,United Kingdom,2,2,3,11.649999999999999
C505403,2010-04-22 10:21:00,12982,United Kingdom,3,3,7,11.649999999999999
C575257,2011-11-09 11:59:00,13623,United Kingdom,2,2,2,11.639999999999999
C570406,2011-10-10 12:52:00,17841,United Kingdom,2,2,2,11.6
C540847,2011-01-11 17:35:00,13458,United Kingdom,2,2,8,11.6
C522147,2010-09-13 10:40:00,15719,United Kingdom,2,2,2,11.6
C498427,2010-02-18 17:09:00,14244,United Kingdom,4,4,12,11.6
C538463,2010-12-12 12:31:00,17085,United Kingdom,2,2,2,11.6
C539606,2010-12-20 14:09:00,16145,United Kingdom,3,3,10,11.6
C549288,2011-04-07 18:06:00,14527,United Kingdom,2,2,2,11.6
C538377,2010-12-12 11:23:00,15224,United Kingdom,2,2,2,11.6
C521957,2010-09-09 18:13:00,14156,EIRE,2,2,12,11.559999999999999
C539097,2010-12-16 10:28:00,12621,Germany,1,1,7,11.55
C563693,2011-08-18 13:04:00,17243,United Kingdom,2,2,3,11.55
C562969,2011-08-11 10:58:00,12610,Italy,2,2,13,11.55
C504392,2010-04-13 11:41:00,17841,United Kingdom,2,2,3,11.55
C549899,2011-04-12 16:07:00,14961,United Kingdom,1,1,7,11.55
C570958,2011-10-13 11:30:00,16873,United Kingdom,3,3,5,11.51
C577362,2011-11-18 16:14:00,14073,United Kingdom,1,1,2,11.5
C540527,2011-01-09 13:42:00,14606,United Kingdom,2,2,2,11.5
C530523,2010-11-03 12:43:00,13831,United Kingdom,2,2,2,11.5
C575565,2011-11-10 11:22:00,14401,United Kingdom,1,1,2,11.5
C561586,2011-07-28 10:49:00,14243,United Kingdom,1,1,2,11.5
C574510,2011-11-04 13:25:00,15110,United Kingdom,2,2,3,11.45
C525958,2010-10-07 19:32:00,15122,United Kingdom,2,2,13,11.45
C569966,2011-10-06 18:51:00,13279,United Kingdom,2,2,3,11.45
C550538,2011-04-19 11:26:00,17746,United Kingdom,2,2,3,11.45
C491632,2009-12-11 15:14:00,17841,United Kingdom,2,2,2,11.440000000000001
C565671,2011-09-06 09:30:00,14796,United Kingdom,2,2,2,11.44
C532848,2010-11-15 10:45:00,16523,United Kingdom,2,2,2,11.44
C540470,2011-01-07 14:09:00,14505,United Kingdom,1,1,2,11.44
C536225,2010-11-30 14:04:00,15497,United Kingdom,1,1,3,11.43
C504557,2010-04-14 13:54:00,13407,United Kingdom,2,2,4,11.400000000000002
C527464,2010-10-18 10:48:00,14395,United Kingdom,2,2,2,11.4
C553910,2011-05-19 19:02:00,18168,United Kingdom,4,4,4,11.4
C499885,2010-03-03 11:12:00,12472,Germany,4,4,6,11.4
C502078,2010-03-22 15:45:00,17448,United Kingdom,3,3,6,11.399999999999999
C508347,2010-05-14 12:21:00,13576,United Kingdom,2,2,2,11.33
C568598,2011-09-28 11:19:00,15737,United Kingdom,3,3,5,11.31
C531242,2010-11-07 10:45:00,16746,United Kingdom,3,3,3,11.3
C522718,2010-09-16 12:04:00,16218,United Kingdom,2,2,7,11.3
C502687,2010-03-26 11:12:00,12647,Germany,3,3,12,11.3
C539605,2010-12-20 14:07:00,13050,United Kingdom,2,2,7,11.3
C530668,2010-11-04 10:55:00,12474,Germany,2,2,14,11.299999999999999
C559950,2011-07-14 10:47:00,14562,United Kingdom,1,1,3,11.25
C498295,2010-02-18 09:04:00,17406,United Kingdom,1,1,9,11.25
C578003,2011-11-22 12:31:00,13832,United Kingdom,1,1,3,11.25
C521321,2010-09-03 12:15:00,15759,United Kingdom,1,1,3,11.25
C503218,2010-03-30 16:18:00,12957,United Kingdom,1,1,3,11.25
C520956,2010-09-01 12:02:00,16592,United Kingdom,1,1,3,11.25
C491591,2009-12-11 13:08:00,13819,United Kingdom,3,3,7,11.25
C515970,2010-07-16 07:51:00,14621,United Kingdom,2,2,6,11.25
C500079,2010-03-04 11:51:00,13758,United Kingdom,1,1,3,11.25
C510828,2010-06-03 20:06:00,12982,United Kingdom,4,4,6,11.25
C525915,2010-10-07 16:15:00,13939,United Kingdom,1,1,3,11.25
C567949,2011-09-23 08:22:00,13435,United Kingdom,1,1,3,11.25
C554345,2011-05-23 17:47:00,13767,United Kingdom,2,2,3,11.25
C530283,2010-11-02 12:09:00,13767,United Kingdom,2,2,4,11.25
C512263,2010-06-14 13:18:00,12982,United Kingdom,1,1,3,11.25
C521472,2010-09-06 12:12:00,14680,United Kingdom,3,3,7,11.25
C491413,2009-12-10 19:08:00,17627,United Kingdom,1,1,3,11.25
C547582,2011-03-24 11:06:00,12474,Germany,2,2,5,11.25
C518994,2010-08-12 17:45:00,14040,United Kingdom,2,2,3,11.25
C553479,2011-05-17 11:50:00,13098,United Kingdom,2,2,3,11.25
C501905,2010-03-21 16:01:00,13451,United Kingdom,1,1,3,11.25
C501851,2010-03-21 10:51:00,14451,United Kingdom,1,1,3,11.25
C507365,2010-05-07 16:27:00,12915,United Kingdom,1,1,3,11.25
C564900,2011-08-31 11:34:00,12948,United Kingdom,2,2,3,11.25
C541586,2011-01-19 14:36:00,12383,Belgium,1,1,3,11.25
C524998,2010-10-01 17:00:00,12720,Germany,1,1,3,11.25
C570471,2011-10-10 16:37:00,13408,United Kingdom,1,1,3,11.25
C544436,2011-02-18 16:52:00,18172,United Kingdom,3,3,6,11.25
C498109,2010-02-16 14:10:00,13503,United Kingdom,1,1,3,11.25
C490507,2009-12-06 14:12:00,14606,United Kingdom,3,3,4,11.24
C509950,2010-05-26 12:46:00,17511,United Kingdom,6,6,6,11.23
C581012,2011-12-07 09:24:00,13014,United Kingdom,2,2,2,11.2
C538997,2010-12-15 12:06:00,14426,United Kingdom,2,2,2,11.2
C557791,2011-06-22 16:36:00,14099,United Kingdom,2,2,2,11.2
C495632,2010-01-26 10:47:00,15218,United Kingdom,2,2,6,11.2
C501184,2010-03-15 11:42:00,14527,United Kingdom,2,2,2,11.2
C558357,2011-06-28 15:04:00,15502,United Kingdom,2,2,9,11.17
C579877,2011-11-30 17:07:00,16240,United Kingdom,4,4,4,11.17
C579930,2011-12-01 09:36:00,15563,United Kingdom,2,2,3,11.15
C569945,2011-10-06 18:14:00,14141,United Kingdom,2,2,3,11.15
C534023,2010-11-19 14:57:00,18223,United Kingdom,4,4,8,11.1
C578280,2011-11-23 13:53:00,17841,United Kingdom,5,5,16,11.1
C493089,2009-12-22 10:48:00,13635,United Kingdom,1,1,2,11.1
C576974,2011-11-17 11:52:00,12474,Germany,2,2,3,11.05
C505857,2010-04-26 13:10:00,13446,United Kingdom,2,2,2,11.05
C516596,2010-07-21 14:02:00,13078,United Kingdom,2,2,2,11.05
C546740,2011-03-16 12:13:00,16983,United Kingdom,1,1,13,11.05
C566223,2011-09-09 16:36:00,16145,United Kingdom,1,1,13,11.05
C504208,2010-04-12 11:26:00,15270,United Kingdom,1,1,13,11.05
C506129,2010-04-27 14:43:00,15311,United Kingdom,1,1,13,11.05
C530942,2010-11-04 17:45:00,15294,United Kingdom,2,2,2,11.049999999999999
C545836,2011-03-07 13:19:00,14606,United Kingdom,3,3,3,11.049999999999999
C534090,2010-11-21 11:55:00,13668,United Kingdom,2,2,15,11.03
C503399,2010-03-31 15:52:00,,United Kingdom,1,1,1,11.02
C501122,2010-03-12 15:14:00,,United Kingdom,1,1,1,11.02
C533329,2010-11-16 17:57:00,14258,United Kingdom,1,1,4,11.0
C499978,2010-03-03 15:15:00,13797,United Kingdom,2,2,3,11.0
C512543,2010-06-16 13:17:00,15005,United Kingdom,5,5,6,11.0
C577149,2011-11-18 09:44:00,17034,United Kingdom,2,2,4,10.950000000000001
C545437,2011-03-02 15:52:00,13093,United Kingdom,1,1,1,10.95
C495037,2010-01-20 14:21:00,16143,United Kingdom,1,1,1,10.95
C534725,2010-11-23 18:40:00,13993,United Kingdom,1,1,1,10.95
C521962,2010-09-09 18:18:00,16134,United Kingdom,1,1,1,10.95
C539271,2010-12-16 15:28:00,14639,United Kingdom,1,1,1,10.95
C569495,2011-10-04 13:43:00,,Hong Kong,1,1,1,10.95
C498509,2010-02-19 11:53:00,14909,United Kingdom,1,1,1,10.95
C512278,2010-06-14 13:51:00,17612,United Kingdom,1,1,1,10.95
C578039,2011-11-22 14:13:00,17338,United Kingdom,1,1,1,10.95
C518257,2010-08-05 18:15:00,16782,United Kingdom,1,1,1,10.95
C498129,2010-02-16 16:30:00,14755,United Kingdom,1,1,1,10.95
C515993,2010-07-16 08:28:00,15841,United Kingdom,1,1,1,10.95
C497161,2010-02-05 16:40:00,14896,United Kingdom,1,1,1,10.95
C491415,2009-12-10 19:16:00,14136,United Kingdom,1,1,1,10.95
C509632,2010-05-25 10:19:00,13768,United Kingdom,1,1,1,10.95
C569233,2011-10-02 15:26:00,17841,United Kingdom,3,3,5,10.95
C579758,2011-11-30 14:58:00,14644,United Kingdom,1,1,1,10.95
C524860,2010-09-30 20:11:00,16441,United Kingdom,1,1,1,10.95
C515808,2010-07-14 16:57:00,13304,United Kingdom,1,1,1,10.95
C511831,2010-06-10 17:04:00,16652,United Kingdom,1,1,1,10.95
C511800,2010-06-10 14:57:00,13408,United Kingdom,1,1,1,10.95
C538887,2010-12-14 16:19:00,13198,United Kingdom,1,1,1,10.95
C508591,2010-05-17 12:01:00,17389,United Kingdom,1,1,1,10.95
C497513,2010-02-10 12:30:00,17677,United Kingdom,1,1,1,10.95
C513100,2010-06-21 15:21:00,13421,United Kingdom,1,1,1,10.95
C548357,2011-03-30 15:14:00,15785,United Kingdom,1,1,1,10.95
C527916,2010-10-19 13:09:00,14734,United Kingdom,1,1,1,10.95
C559033,2011-07-05 14:54:00,17389,United Kingdom,1,1,1,10.95
C540156,2011-01-05 11:36:00,12683,France,1,1,1,10.95
C520391,2010-08-25 15:39:00,15093,United Kingdom,1,1,1,10.95
C536265,2010-11-30 15:52:00,17378,United Kingdom,1,1,1,10.95
C515429,2010-07-12 14:17:00,15076,United Kingdom,1,1,1,10.95
C521039,2010-09-02 09:17:00,15142,United Kingdom,1,1,1,10.95
C515699,2010-07-14 12:22:00,15076,United Kingdom,1,1,1,10.95
C542262,2011-01-26 17:15:00,17591,United Kingdom,1,1,1,10.95
C495103,2010-01-21 11:21:00,15547,United Kingdom,1,1,1,10.95
C494986,2010-01-20 11:31:00,13093,United Kingdom,1,1,1,10.95
C520997,2010-09-01 13:38:00,15296,United Kingdom,1,1,1,10.95
C502073,2010-03-22 15:34:00,13658,United Kingdom,1,1,1,10.95
C550349,2011-04-18 09:39:00,15973,United Kingdom,1,1,1,10.95
C540151,2011-01-05 11:13:00,12494,France,1,1,1,10.95
C509272,2010-05-21 11:21:00,12675,Italy,1,1,1,10.95
C540385,2011-01-06 17:52:00,14426,United Kingdom,1,1,1,10.95
C489685,2009-12-02 10:28:00,12523,France,1,1,1,10.95
C491619,2009-12-11 14:08:00,14911,EIRE,1,1,1,10.95
C521918,2010-09-09 14:11:00,16926,United Kingdom,1,1,1,10.95
C508927,2010-05-19 11:21:00,12471,Germany,1,1,1,10.95
C503202,2010-03-30 15:45:00,14016,EIRE,1,1,1,10.95
C498050,2010-02-16 11:25:00,15640,United Kingdom,3,3,5,10.95
C489803,2009-12-02 12:34:00,16797,United Kingdom,1,1,1,10.95
C546671,2011-03-15 15:42:00,15215,United Kingdom,1,1,1,10.95
C517489,2010-07-29 12:40:00,14870,United Kingdom,1,1,1,10.95
C508681,2010-05-17 16:42:00,18064,United Kingdom,1,1,1,10.95
C564813,2011-08-30 11:46:00,17173,United Kingdom,1,1,1,10.95
C490462,2009-12-06 12:09:00,13736,United Kingdom,1,1,1,10.95
C515800,2010-07-14 16:19:00,13468,United Kingdom,1,1,1,10.95
C506484,2010-04-30 10:35:00,14852,United Kingdom,1,1,1,10.95
C545639,2011-03-04 12:28:00,13113,United Kingdom,1,1,1,10.95
C532393,2010-11-11 19:15:00,17135,United Kingdom,1,1,26,10.92
C517472,2010-07-29 11:58:00,14861,United Kingdom,4,4,8,10.91
C509344,2010-05-21 12:57:00,13093,United Kingdom,3,3,5,10.900000000000002
C545556,2011-03-03 15:21:00,15005,United Kingdom,2,2,2,10.9
C531555,2010-11-09 10:01:00,13660,United Kingdom,1,1,2,10.9
C528317,2010-10-21 12:31:00,14606,United Kingdom,2,2,2,10.9
C502309,2010-03-24 09:38:00,14060,United Kingdom,1,1,2,10.9
C493805,2010-01-07 11:25:00,15270,United Kingdom,1,1,2,10.9
C556818,2011-06-15 10:01:00,17284,United Kingdom,2,2,2,10.9
C530290,2010-11-02 12:18:00,14593,United Kingdom,2,2,2,10.9
C513765,2010-06-28 13:20:00,16683,United Kingdom,1,1,2,10.9
C557665,2011-06-21 18:02:00,13384,United Kingdom,2,2,2,10.9
C533834,2010-11-19 10:39:00,16161,United Kingdom,2,2,2,10.899999999999999
C497927,2010-02-15 09:16:00,12665,Germany,3,3,7,10.899999999999999
C546730,2011-03-16 11:39:00,18183,United Kingdom,2,2,3,10.850000000000001
C565025,2011-08-31 16:32:00,13050,United Kingdom,2,2,3,10.850000000000001
C546897,2011-03-17 18:25:00,18183,United Kingdom,2,2,3,10.850000000000001
C508358,2010-05-14 12:45:00,12523,France,2,2,5,10.85
C506534,2010-04-30 11:12:00,14209,United Kingdom,3,3,5,10.8
C520329,2010-08-25 12:25:00,16779,United Kingdom,2,2,4,10.8
C499787,2010-03-02 14:51:00,13287,United Kingdom,1,1,36,10.8
C504207,2010-04-12 11:26:00,15755,United Kingdom,3,3,5,10.799999999999999
C553862,2011-05-19 14:05:00,,United Kingdom,1,1,1,10.76
C556633,2011-06-13 15:10:00,17696,United Kingdom,2,2,3,10.75
C491419,2009-12-10 19:25:00,13175,United Kingdom,2,2,5,10.75
C538898,2010-12-15 09:20:00,15078,United Kingdom,1,1,1,10.75
C546647,2011-03-15 13:55:00,17419,United Kingdom,1,1,1,10.75
C524398,2010-09-28 18:37:00,13980,United Kingdom,1,1,1,10.75
C562802,2011-08-09 14:41:00,15201,United Kingdom,2,2,4,10.74
C516580,2010-07-21 13:18:00,18223,United Kingdom,2,2,9,10.719999999999999
C503876,2010-04-08 11:50:00,,United Kingdom,2,2,2,10.7
C572118,2011-10-20 19:21:00,18228,United Kingdom,2,2,2,10.7
C558463,2011-06-29 15:14:00,13982,United Kingdom,4,4,4,10.7
C500764,2010-03-10 10:35:00,13890,United Kingdom,1,1,1,10.65
C536069,2010-11-30 10:49:00,16782,United Kingdom,3,3,3,10.65
C540788,2011-01-11 11:46:00,13576,United Kingdom,3,3,5,10.65
C493088,2009-12-22 10:46:00,13050,United Kingdom,2,2,3,10.649999999999999
C510830,2010-06-03 20:08:00,13381,United Kingdom,2,2,2,10.600000000000001
C567964,2011-09-23 09:20:00,12995,United Kingdom,2,2,10,10.6
C554793,2011-05-26 12:41:00,12901,United Kingdom,1,1,96,10.56
C554333,2011-05-23 17:15:00,13310,United Kingdom,2,2,5,10.55
C499217,2010-02-25 10:56:00,13787,United Kingdom,3,3,4,10.55
C516576,2010-07-21 13:14:00,14621,United Kingdom,3,3,6,10.55
C539291,2010-12-16 16:42:00,18075,United Kingdom,2,2,11,10.55
C515787,2010-07-14 15:46:00,14621,United Kingdom,4,4,4,10.549999999999999
C510065,2010-05-27 11:01:00,15311,United Kingdom,3,3,5,10.52
C554025,2011-05-20 13:34:00,14565,United Kingdom,1,1,5,10.5
C509149,2010-05-20 12:56:00,15005,United Kingdom,4,4,4,10.5
C555475,2011-06-03 12:11:00,18232,United Kingdom,3,3,3,10.5
C514315,2010-07-01 13:36:00,14755,United Kingdom,1,1,25,10.5
C501826,2010-03-19 15:44:00,16875,United Kingdom,3,3,4,10.5
C547852,2011-03-27 12:11:00,15065,United Kingdom,1,1,25,10.5
C563587,2011-08-17 17:37:00,18248,United Kingdom,1,1,5,10.5
C512757,2010-06-17 15:46:00,13077,United Kingdom,1,1,50,10.5
C491032,2009-12-08 19:10:00,16131,United Kingdom,2,2,2,10.5
C563594,2011-08-18 06:14:00,18248,United Kingdom,1,1,5,10.5
C539276,2010-12-16 15:36:00,16503,United Kingdom,2,2,2,10.5
C546416,2011-03-13 10:48:00,14800,United Kingdom,3,3,8,10.5
C569107,2011-09-30 12:40:00,15150,United Kingdom,1,1,25,10.5
C551646,2011-05-03 11:58:00,12888,United Kingdom,1,1,5,10.5
C491084,2009-12-09 13:24:00,17954,United Kingdom,3,3,3,10.49
C507226,2010-05-06 19:34:00,13126,United Kingdom,2,2,4,10.48
C538372,2010-12-12 11:12:00,16923,United Kingdom,3,3,6,10.450000000000001
C554688,2011-05-25 16:50:00,14442,Channel Islands,2,2,2,10.45
C570687,2011-10-11 16:28:00,14959,United Kingdom,2,2,3,10.45
C572449,2011-10-24 12:34:00,14428,United Kingdom,3,3,4,10.45
C506532,2010-04-30 11:08:00,15538,United Kingdom,2,2,3,10.45
C528932,2010-10-25 15:09:00,17732,United Kingdom,2,2,2,10.45
C557519,2011-06-20 17:15:00,16739,United Kingdom,3,3,3,10.45
C489973,2009-12-03 11:03:00,17865,United Kingdom,2,2,7,10.45
C576227,2011-11-14 13:11:00,14910,United Kingdom,2,2,7,10.45
C504443,2010-04-13 14:29:00,15889,United Kingdom,2,2,7,10.45
C515964,2010-07-16 07:29:00,13047,United Kingdom,3,3,3,10.45
C519940,2010-08-23 09:56:00,16332,United Kingdom,1,1,36,10.44
C506152,2010-04-27 17:07:00,15586,United Kingdom,1,1,36,10.44
C493984,2010-01-10 12:18:00,14685,United Kingdom,1,1,7,10.43
C491824,2009-12-14 13:57:00,16365,United Kingdom,1,1,16,10.4
C574957,2011-11-08 09:57:00,17924,United Kingdom,1,1,5,10.4
C514150,2010-06-30 14:10:00,13295,United Kingdom,1,1,16,10.4
C556643,2011-06-13 15:48:00,17841,United Kingdom,3,3,5,10.370000000000001
C501773,2010-03-19 12:17:00,17673,United Kingdom,1,1,3,10.35
C574010,2011-11-02 11:51:00,17841,United Kingdom,3,3,3,10.35
C515982,2010-07-16 08:14:00,14389,United Kingdom,4,4,10,10.299999999999999
C576393,2011-11-15 10:34:00,13735,United Kingdom,2,2,7,10.27
C493864,2010-01-07 16:52:00,13749,United Kingdom,2,2,7,10.25
C566181,2011-09-09 12:53:00,14243,United Kingdom,2,2,7,10.25
C545449,2011-03-02 16:38:00,16573,United Kingdom,3,3,5,10.25
C509343,2010-05-21 12:44:00,13576,United Kingdom,5,5,5,10.22
C549723,2011-04-11 16:05:00,13995,United Kingdom,1,1,12,10.2
C512314,2010-06-15 09:07:00,17691,United Kingdom,1,1,12,10.2
C509638,2010-05-25 10:53:00,15826,United Kingdom,1,1,12,10.2
C538647,2010-12-13 14:56:00,15808,United Kingdom,2,2,2,10.2
C526474,2010-10-11 17:03:00,14568,Channel Islands,1,1,12,10.2
C530706,2010-11-04 11:15:00,14390,United Kingdom,2,2,2,10.2
C545506,2011-03-03 11:42:00,,EIRE,1,1,12,10.2
C530842,2010-11-04 14:21:00,16563,United Kingdom,1,1,12,10.2
C550969,2011-04-21 17:00:00,14152,United Kingdom,1,1,12,10.2
C565294,2011-09-02 12:00:00,12423,Belgium,1,1,12,10.2
C517890,2010-08-03 08:58:00,18207,United Kingdom,1,1,12,10.2
C543765,2011-02-11 15:16:00,16265,United Kingdom,1,1,12,10.2
C493081,2009-12-22 09:59:00,13008,United Kingdom,1,1,4,10.2
C544422,2011-02-18 15:22:00,12553,France,1,1,12,10.2
C577821,2011-11-22 09:29:00,13777,United Kingdom,2,2,2,10.2
C497836,2010-02-12 15:15:00,,United Arab Emirates,1,1,12,10.2
C573471,2011-10-31 10:58:00,14286,United Kingdom,1,1,12,10.2
C501370,2010-03-16 10:59:00,15382,United Kingdom,1,1,12,10.2
C567519,2011-09-20 16:30:00,12474,Germany,1,1,12,10.2
C519400,2010-08-16 16:52:00,13001,United Kingdom,1,1,12,10.2
C508371,2010-05-14 13:29:00,17069,United Kingdom,1,1,12,10.2
C501310,2010-03-16 09:09:00,15309,United Kingdom,1,1,12,10.2
C574083,2011-11-02 16:39:00,15521,United Kingdom,1,1,12,10.2
C509964,2010-05-26 13:00:00,12632,Germany,1,1,12,10.2
C549450,2011-04-08 14:13:00,13089,United Kingdom,1,1,4,10.2
C561234,2011-07-26 10:25:00,13327,United Kingdom,1,1,12,10.2
C525548,2010-10-05 19:28:00,15382,United Kingdom,1,1,12,10.2
C580749,2011-12-06 09:49:00,18167,United Kingdom,2,2,18,10.2
C497042,2010-02-05 14:42:00,15251,United Kingdom,1,1,4,10.2
C542744,2011-01-31 16:32:00,16191,United Kingdom,2,2,12,10.2
C490122,2009-12-03 17:59:00,16549,United Kingdom,2,2,2,10.2
C521020,2010-09-01 15:08:00,16320,Unspecified,1,1,12,10.2
C504348,2010-04-13 09:33:00,14961,United Kingdom,1,1,12,10.2
C535383,2010-11-25 19:28:00,17921,United Kingdom,1,1,12,10.2
C557408,2011-06-20 11:33:00,12621,Germany,1,1,12,10.2
C567902,2011-09-22 16:29:00,15555,United Kingdom,6,6,6,10.17
C491606,2009-12-11 13:36:00,16220,United Kingdom,1,1,3,10.17
C545831,2011-03-07 13:10:00,15194,United Kingdom,2,2,7,10.15
C564997,2011-08-31 16:13:00,15625,United Kingdom,1,1,7,10.15
C549162,2011-04-06 17:16:00,17438,United Kingdom,2,2,3,10.15
C525956,2010-10-07 19:29:00,13320,United Kingdom,1,1,7,10.15
C539710,2010-12-21 12:35:00,14769,United Kingdom,2,2,3,10.15
C559747,2011-07-12 11:23:00,17069,United Kingdom,2,2,6,10.14
C518364,2010-08-06 16:37:00,17651,United Kingdom,1,1,6,10.14
C560880,2011-07-21 15:39:00,15152,United Kingdom,2,2,4,10.100000000000001
C538111,2010-12-09 15:24:00,17950,United Kingdom,1,1,24,10.08
C552190,2011-05-06 14:11:00,12748,United Kingdom,1,1,24,10.08
C497614,2010-02-11 11:57:00,14451,United Kingdom,1,1,24,10.08
C508633,2010-05-17 14:34:00,13585,United Kingdom,1,1,48,10.08
C546204,2011-03-10 11:13:00,13599,United Kingdom,1,1,24,10.08
C563608,2011-08-18 06:33:00,17719,United Kingdom,2,2,3,10.08
C493488,2010-01-04 14:50:00,,United Kingdom,1,1,24,10.08
C564845,2011-08-30 14:20:00,17416,United Kingdom,1,1,24,10.08
C524962,2010-10-01 13:43:00,12474,Germany,1,1,24,10.08
C567714,2011-09-22 10:11:00,16316,United Kingdom,2,2,7,10.05
C506882,2010-05-04 16:55:00,16858,United Kingdom,2,2,2,10.05
C510219,2010-05-28 08:32:00,17677,United Kingdom,2,2,3,10.05
C535800,2010-11-28 14:54:00,16720,United Kingdom,2,2,2,10.05
C525538,2010-10-05 19:11:00,16817,United Kingdom,2,2,6,10.05
C579554,2011-11-30 11:05:00,13924,United Kingdom,2,2,3,10.030000000000001
C569916,2011-10-06 17:00:00,13777,United Kingdom,1,1,8,10.0
C511707,2010-06-10 10:09:00,16232,United Kingdom,1,1,8,10.0
C511827,2010-06-10 16:43:00,15670,United Kingdom,1,1,8,10.0
C519466,2010-08-17 11:46:00,12412,Denmark,3,3,4,10.0
C519505,2010-08-17 15:12:00,13078,United Kingdom,1,1,8,10.0
C530547,2010-11-03 13:15:00,12417,Belgium,1,1,8,10.0
C568714,2011-09-28 16:04:00,16332,United Kingdom,1,1,8,10.0
C519280,2010-08-16 10:40:00,,United Kingdom,1,1,1,10.0
C569958,2011-10-06 18:38:00,13266,United Kingdom,1,1,8,10.0
C550540,2011-04-19 11:31:00,14339,United Kingdom,1,1,12,9.96
C555355,2011-06-02 13:27:00,15841,United Kingdom,1,1,12,9.96
C516128,2010-07-16 15:04:00,,United Kingdom,1,1,6,9.96
C568157,2011-09-25 12:18:00,14367,United Kingdom,2,2,3,9.950000000000001
C544432,2011-02-18 15:54:00,16979,United Kingdom,1,1,1,9.95
C564320,2011-08-24 13:20:00,16536,United Kingdom,1,1,1,9.95
C498298,2010-02-18 09:11:00,,EIRE,1,1,1,9.95
C501290,2010-03-15 15:29:00,17287,United Kingdom,1,1,1,9.95
C544561,2011-02-21 12:44:00,15687,United Kingdom,1,1,1,9.95
C560243,2011-07-17 12:04:00,14659,United Kingdom,1,1,1,9.95
C570477,2011-10-10 16:55:00,14719,United Kingdom,1,1,1,9.95
C512524,2010-06-16 11:51:00,16037,United Kingdom,1,1,1,9.95
C560045,2011-07-14 14:51:00,16779,United Kingdom,3,3,4,9.95
C498600,2010-02-21 16:07:00,17139,United Kingdom,1,1,1,9.95
C532852,2010-11-15 10:47:00,16033,United Kingdom,1,1,1,9.95
C526478,2010-10-11 17:11:00,16476,United Kingdom,1,1,1,9.95
C563232,2011-08-14 15:55:00,17988,United Kingdom,1,1,1,9.95
C509863,2010-05-26 10:13:00,16075,United Kingdom,1,1,1,9.95
C563602,2011-08-18 06:26:00,14291,United Kingdom,1,1,1,9.95
C517560,2010-07-30 07:41:00,16278,United Kingdom,1,1,1,9.95
C554687,2011-05-25 16:49:00,13479,United Kingdom,1,1,1,9.95
C560242,2011-07-17 12:03:00,14659,United Kingdom,1,1,1,9.95
C545442,2011-03-02 16:17:00,17063,United Kingdom,1,1,1,9.95
C545531,2011-03-03 13:45:00,17675,United Kingdom,1,1,1,9.95
C510804,2010-06-03 18:46:00,16702,United Kingdom,1,1,1,9.95
C500826,2010-03-10 11:09:00,16523,United Kingdom,1,1,1,9.95
C511838,2010-06-10 17:27:00,15696,United Kingdom,1,1,1,9.95
C562943,2011-08-11 09:16:00,12693,Germany,1,1,1,9.95
C510293,2010-05-28 11:50:00,15838,United Kingdom,1,1,1,9.95
C532967,2010-11-15 12:53:00,17757,United Kingdom,1,1,1,9.95
C533150,2010-11-16 13:48:00,13763,United Kingdom,1,1,1,9.95
C545432,2011-03-02 15:15:00,14657,United Kingdom,1,1,1,9.95
C541498,2011-01-18 15:21:00,13693,United Kingdom,1,1,1,9.95
C541502,2011-01-18 15:30:00,18190,United Kingdom,1,1,1,9.95
C570460,2011-10-10 15:42:00,17527,United Kingdom,1,1,1,9.95
C555256,2011-06-01 15:21:00,15955,United Kingdom,1,1,1,9.95
C554874,2011-05-27 11:02:00,15615,United Kingdom,1,1,1,9.95
C552765,2011-05-11 11:40:00,16554,United Kingdom,1,1,1,9.95
C552707,2011-05-10 16:16:00,15696,United Kingdom,1,1,1,9.95
C491031,2009-12-08 19:09:00,14267,United Kingdom,1,1,1,9.95
C579932,2011-12-01 09:42:00,14950,United Kingdom,1,1,1,9.95
C494502,2010-01-14 18:08:00,14290,United Kingdom,1,1,1,9.95
C536231,2010-11-30 14:11:00,14849,United Kingdom,1,1,1,9.95
C519677,2010-08-19 12:34:00,14210,United Kingdom,1,1,1,9.95
C551330,2011-04-27 16:17:00,17115,United Kingdom,1,1,1,9.95
C535678,2010-11-28 12:20:00,13735,United Kingdom,1,1,1,9.95
C535640,2010-11-28 10:21:00,13884,United Kingdom,1,1,1,9.95
C536978,2010-12-03 14:19:00,17954,United Kingdom,1,1,1,9.95
C495368,2010-01-24 12:28:00,13527,United Kingdom,1,1,1,9.95
C515778,2010-07-14 15:23:00,18260,United Kingdom,1,1,1,9.95
C515779,2010-07-14 15:24:00,14952,United Kingdom,1,1,1,9.95
C538749,2010-12-14 11:28:00,15713,United Kingdom,1,1,1,9.95
C499423,2010-02-26 16:36:00,14831,United Kingdom,1,1,1,9.95
C533995,2010-11-19 14:11:00,13510,United Kingdom,1,1,1,9.95
C533809,2010-11-19 08:28:00,16145,United Kingdom,1,1,1,9.95
C510820,2010-06-03 19:48:00,15807,United Kingdom,1,1,1,9.95
C499867,2010-03-02 17:20:00,14831,United Kingdom,1,1,1,9.95
C561591,2011-07-28 11:17:00,15708,United Kingdom,1,1,1,9.95
C525414,2010-10-05 12:40:00,14064,United Kingdom,1,1,1,9.95
C575580,2011-11-10 11:51:00,13599,United Kingdom,1,1,1,9.95
C500127,2010-03-04 14:42:00,15504,United Kingdom,1,1,1,9.95
C533310,2010-11-16 17:02:00,17677,United Kingdom,1,1,1,9.95
C516336,2010-07-19 17:31:00,16746,United Kingdom,1,1,1,9.95
C564971,2011-08-31 15:29:00,13466,United Kingdom,1,1,1,9.95
C490743,2009-12-07 17:59:00,14763,United Kingdom,1,1,1,9.95
C532411,2010-11-11 19:47:00,13453,United Kingdom,1,1,1,9.95
C559738,2011-07-12 10:56:00,18193,United Kingdom,1,1,1,9.95
C528925,2010-10-25 14:51:00,12523,France,1,1,1,9.95
C506483,2010-04-30 10:34:00,14709,United Kingdom,1,1,1,9.95
C518962,2010-08-12 15:38:00,13324,United Kingdom,1,1,1,9.95
C572750,2011-10-25 17:07:00,14395,United Kingdom,1,1,1,9.95
C520752,2010-08-31 11:13:00,13884,United Kingdom,1,1,1,9.95
C514012,2010-06-30 10:19:00,17115,United Kingdom,1,1,1,9.95
C566753,2011-09-14 15:48:00,14911,EIRE,1,1,1,9.95
C518973,2010-08-12 16:05:00,16525,United Kingdom,1,1,1,9.95
C507662,2010-05-10 16:58:00,13974,United Kingdom,1,1,1,9.95
C557971,2011-06-24 10:15:00,18118,United Kingdom,1,1,1,9.95
C547236,2011-03-21 16:27:00,14180,United Kingdom,1,1,1,9.95
C513746,2010-06-28 12:27:00,12417,Belgium,1,1,1,9.95
C491739,2009-12-14 10:51:00,17886,United Kingdom,1,1,1,9.95
C573283,2011-10-28 13:57:00,18030,United Kingdom,1,1,1,9.95
C573024,2011-10-27 12:57:00,14474,United Kingdom,1,1,1,9.95
C543620,2011-02-10 14:52:00,14081,United Kingdom,1,1,1,9.95
C491616,2009-12-11 13:57:00,14156,EIRE,1,1,1,9.95
C565422,2011-09-04 12:15:00,17774,United Kingdom,1,1,1,9.95
C493850,2010-01-07 15:34:00,14267,United Kingdom,1,1,1,9.95
C493839,2010-01-07 13:52:00,13952,United Kingdom,1,1,1,9.95
C538375,2010-12-12 11:19:00,17126,United Kingdom,1,1,1,9.95
C558905,2011-07-04 16:27:00,13826,United Kingdom,1,1,1,9.95
C512774,2010-06-17 17:10:00,16037,United Kingdom,1,1,1,9.95
C559744,2011-07-12 11:13:00,15416,United Kingdom,1,1,1,9.95
C539944,2010-12-23 11:38:00,14560,United Kingdom,1,1,1,9.95
C522268,2010-09-13 12:34:00,12471,Germany,1,1,1,9.95
C516582,2010-07-21 13:21:00,14915,United Kingdom,1,1,1,9.95
C549290,2011-04-07 18:10:00,14395,United Kingdom,1,1,1,9.95
C517945,2010-08-03 11:23:00,14606,United Kingdom,1,1,1,9.95
C531424,2010-11-08 10:45:00,15039,United Kingdom,1,1,1,9.95
C579780,2011-11-30 15:18:00,14217,United Kingdom,1,1,1,9.95
C579782,2011-11-30 15:20:00,17451,United Kingdom,1,1,1,9.95
C494271,2010-01-13 09:42:00,12417,Belgium,1,1,1,9.95
C506493,2010-04-30 10:52:00,17005,United Kingdom,1,1,1,9.95
C555643,2011-06-06 13:22:00,16520,United Kingdom,1,1,1,9.95
C516553,2010-07-21 12:12:00,14952,United Kingdom,1,1,1,9.95
C531045,2010-11-05 12:00:00,14911,EIRE,1,1,1,9.95
C503182,2010-03-30 14:24:00,13958,United Kingdom,1,1,1,9.95
C579778,2011-11-30 15:14:00,14217,United Kingdom,1,1,1,9.95
C566948,2011-09-15 16:30:00,13468,United Kingdom,1,1,1,9.95
C515422,2010-07-12 13:21:00,16883,United Kingdom,1,1,1,9.95
C514536,2010-07-05 10:37:00,13152,United Kingdom,1,1,1,9.95
C547797,2011-03-25 12:34:00,17460,United Kingdom,1,1,1,9.95
C535327,2010-11-25 15:40:00,16292,United Kingdom,1,1,1,9.95
C535364,2010-11-25 17:25:00,17071,United Kingdom,1,1,1,9.95
C515992,2010-07-16 08:26:00,16746,United Kingdom,1,1,1,9.95
C496218,2010-01-29 13:48:00,16523,United Kingdom,1,1,1,9.95
C496021,2010-01-28 13:48:00,16481,United Kingdom,2,2,5,9.95
C569526,2011-10-04 14:51:00,15044,United Kingdom,1,1,1,9.95
C530170,2010-11-02 09:55:00,13126,United Kingdom,1,1,1,9.95
C529535,2010-10-28 16:30:00,16188,United Kingdom,1,1,1,9.95
C540895,2011-01-12 11:45:00,17095,United Kingdom,1,1,1,9.95
C531188,2010-11-05 15:04:00,13921,United Kingdom,1,1,1,9.95
C540853,2011-01-12 09:52:00,12413,France,1,1,1,9.95
C569370,2011-10-03 15:41:00,12484,Spain,1,1,1,9.95
C515805,2010-07-14 16:46:00,12468,Germany,1,1,1,9.95
C522846,2010-09-17 11:02:00,13050,United Kingdom,1,1,1,9.95
C495014,2010-01-20 13:08:00,15312,United Kingdom,1,1,1,9.95
C548471,2011-03-31 12:38:00,14267,United Kingdom,1,1,1,9.95
C541833,2011-01-21 17:18:00,17644,United Kingdom,1,1,1,9.95
C520224,2010-08-25 10:02:00,12826,United Kingdom,1,1,1,9.95
C551999,2011-05-05 15:53:00,14911,EIRE,1,1,1,9.95
C558354,2011-06-28 14:57:00,14854,United Kingdom,4,4,10,9.94
C559079,2011-07-06 10:44:00,17841,United Kingdom,5,5,7,9.93
C551466,2011-04-28 16:18:00,14189,United Kingdom,1,1,6,9.9
C551335,2011-04-27 16:44:00,14198,United Kingdom,2,2,2,9.9
C515698,2010-07-14 12:20:00,13021,United Kingdom,1,1,2,9.9
C556275,2011-06-09 19:48:00,13115,United Kingdom,1,1,6,9.9
C524373,2010-09-28 17:33:00,16133,United Kingdom,1,1,2,9.9
C515505,2010-07-13 11:03:00,15039,United Kingdom,2,2,2,9.9
C523602,2010-09-23 10:30:00,12437,France,1,1,2,9.9
C557709,2011-06-22 10:39:00,15840,United Kingdom,1,1,2,9.9
C548009,2011-03-29 10:55:00,14245,United Kingdom,1,1,2,9.9
C546270,2011-03-10 15:03:00,17567,United Kingdom,1,1,2,9.9
C491458,2009-12-11 11:28:00,15684,United Kingdom,1,1,2,9.9
C555046,2011-05-31 11:29:00,12431,Australia,1,1,6,9.9
C525533,2010-10-05 19:06:00,17340,United Kingdom,1,1,2,9.9
C546501,2011-03-14 11:45:00,12584,Italy,1,1,2,9.9
C524343,2010-09-28 16:09:00,13107,United Kingdom,1,1,2,9.9
C524623,2010-09-30 10:44:00,13729,United Kingdom,1,1,2,9.9
C528433,2010-10-22 10:24:00,15900,United Kingdom,1,1,2,9.9
C517993,2010-08-03 16:07:00,13468,United Kingdom,1,1,2,9.9
C506996,2010-05-05 13:58:00,14422,United Kingdom,1,1,2,9.9
C492690,2009-12-17 18:45:00,13173,United Kingdom,1,1,2,9.9
C492700,2009-12-17 19:07:00,16148,United Kingdom,2,2,2,9.9
C491602,2009-12-11 13:31:00,17645,United Kingdom,1,1,2,9.9
C506533,2010-04-30 11:10:00,18062,United Kingdom,1,1,2,9.9
C542589,2011-01-28 15:58:00,14709,United Kingdom,1,1,2,9.9
C567620,2011-09-21 12:32:00,14306,United Kingdom,2,2,2,9.9
C505359,2010-04-21 15:30:00,17930,United Kingdom,1,1,2,9.9
C491589,2009-12-11 13:04:00,13599,United Kingdom,1,1,2,9.9
C563609,2011-08-18 06:34:00,18178,United Kingdom,1,1,2,9.9
C509275,2010-05-21 11:30:00,14292,United Kingdom,1,1,2,9.9
C509171,2010-05-20 15:15:00,14112,United Kingdom,1,1,2,9.9
C554153,2011-05-23 11:21:00,16033,United Kingdom,1,1,2,9.9
C508619,2010-05-17 13:42:00,13295,United Kingdom,1,1,6,9.9
C509138,2010-05-20 12:23:00,13089,United Kingdom,1,1,2,9.9
C521552,2010-09-06 16:12:00,17685,United Kingdom,1,1,6,9.9
C564478,2011-08-25 13:12:00,14732,United Kingdom,1,1,2,9.9
C508659,2010-05-17 16:17:00,13425,United Kingdom,1,1,2,9.9
C563586,2011-08-17 17:19:00,12697,Sweden,1,1,6,9.9
C562617,2011-08-08 12:31:00,,EIRE,1,1,2,9.9
C561620,2011-07-28 13:40:00,15845,United Kingdom,1,1,2,9.9
C561622,2011-07-28 13:42:00,16572,United Kingdom,1,1,2,9.9
C525270,2010-10-04 16:21:00,15394,United Kingdom,1,1,2,9.9
C576072,2011-11-13 16:05:00,18069,United Kingdom,1,1,2,9.9
C498214,2010-02-17 13:17:00,17377,United Kingdom,1,1,2,9.9
C576908,2011-11-17 09:39:00,12670,France,2,2,6,9.9
C534199,2010-11-21 15:11:00,14606,United Kingdom,1,1,6,9.9
C491836,2009-12-14 14:37:00,15684,United Kingdom,1,1,2,9.9
C496223,2010-01-29 13:55:00,14755,United Kingdom,1,1,2,9.9
C496805,2010-02-04 09:39:00,,United Kingdom,1,1,2,9.9
C578142,2011-11-23 11:04:00,17010,United Kingdom,1,1,2,9.9
C491611,2009-12-11 13:45:00,16717,United Kingdom,1,1,2,9.9
C550533,2011-04-19 11:03:00,17071,United Kingdom,1,1,2,9.9
C575588,2011-11-10 12:04:00,14064,United Kingdom,1,1,6,9.9
C553519,2011-05-17 14:16:00,18218,United Kingdom,1,1,2,9.9
C572022,2011-10-20 10:58:00,16474,United Kingdom,1,1,2,9.9
C535671,2010-11-28 12:04:00,13884,United Kingdom,1,1,2,9.9
C552024,2011-05-05 18:01:00,14961,United Kingdom,1,1,2,9.9
C580707,2011-12-05 16:32:00,12957,United Kingdom,1,1,6,9.9
C492400,2009-12-16 15:38:00,14540,United Kingdom,1,1,2,9.9
C531203,2010-11-05 15:22:00,14496,United Kingdom,1,1,6,9.9
C504202,2010-04-12 11:15:00,16351,United Kingdom,1,1,2,9.9
C566999,2011-09-16 11:14:00,14842,United Kingdom,1,1,2,9.9
C566423,2011-09-12 14:00:00,16984,United Kingdom,1,1,2,9.9
C543635,2011-02-10 16:33:00,13894,United Kingdom,1,1,6,9.9
C508370,2010-05-14 13:25:00,13400,United Kingdom,1,1,2,9.9
C508275,2010-05-14 11:04:00,13711,United Kingdom,1,1,2,9.9
C554004,2011-05-20 12:21:00,15367,United Kingdom,1,1,2,9.9
C528427,2010-10-22 09:56:00,16607,United Kingdom,1,1,6,9.9
C496242,2010-01-29 14:51:00,13557,United Kingdom,1,1,26,9.88
C557943,2011-06-23 16:09:00,14217,United Kingdom,1,1,3,9.87
C560905,2011-07-21 17:54:00,13468,United Kingdom,1,1,3,9.87
C499889,2010-03-03 11:32:00,14606,United Kingdom,2,2,3,9.850000000000001
C538118,2010-12-09 15:33:00,17700,United Kingdom,3,3,3,9.85
C533813,2010-11-19 08:32:00,16602,United Kingdom,3,3,3,9.85
C528425,2010-10-22 09:53:00,18260,United Kingdom,2,2,5,9.76
C497177,2010-02-05 17:27:00,16327,United Kingdom,1,1,3,9.75
C562884,2011-08-10 11:25:00,14056,United Kingdom,1,1,3,9.75
C562118,2011-08-02 16:23:00,12457,Switzerland,1,1,5,9.75
C562613,2011-08-08 12:11:00,15228,United Kingdom,1,1,3,9.75
C547859,2011-03-27 12:16:00,13725,United Kingdom,1,1,5,9.75
C522420,2010-09-14 12:44:00,12474,Germany,2,2,3,9.75
C562115,2011-08-02 16:17:00,17696,United Kingdom,1,1,5,9.75
C579876,2011-11-30 17:02:00,18059,United Kingdom,2,2,5,9.75
C504362,2010-04-13 10:45:00,16634,United Kingdom,1,1,5,9.75
C506124,2010-04-27 14:14:00,13048,United Kingdom,2,2,2,9.7
C563894,2011-08-21 09:18:00,16330,United Kingdom,2,2,2,9.7
C523382,2010-09-21 19:42:00,14911,EIRE,3,3,4,9.7
C554332,2011-05-23 17:14:00,14009,United Kingdom,2,2,4,9.680000000000001
C575042,2011-11-08 12:05:00,16764,United Kingdom,4,4,4,9.67
C563553,2011-08-17 13:14:00,16755,United Kingdom,5,5,5,9.65
C527553,2010-10-18 13:27:00,15321,United Kingdom,3,3,6,9.600000000000001
C570283,2011-10-10 11:20:00,12708,Germany,3,3,5,9.6
C541234,2011-01-14 17:11:00,13862,United Kingdom,2,2,3,9.6
C561012,2011-07-22 16:11:00,13098,United Kingdom,2,2,2,9.6
C498304,2010-02-18 09:31:00,14156,EIRE,1,1,6,9.6
C557842,2011-06-23 10:42:00,14159,United Kingdom,4,4,7,9.56
C504363,2010-04-13 10:48:00,17448,United Kingdom,4,4,7,9.559999999999999
C555196,2011-06-01 11:40:00,14606,United Kingdom,3,3,3,9.55
C520958,2010-09-01 12:04:00,13089,United Kingdom,2,2,5,9.55
C569525,2011-10-04 14:48:00,16474,United Kingdom,2,2,5,9.55
C550770,2011-04-20 12:59:00,17856,United Kingdom,1,1,9,9.54
C528402,2010-10-22 08:58:00,14907,United Kingdom,2,2,4,9.5
C574472,2011-11-04 12:01:00,17690,United Kingdom,2,2,6,9.5
C541959,2011-01-24 12:35:00,14692,United Kingdom,1,1,10,9.5
C501343,2010-03-16 10:45:00,12931,United Kingdom,1,1,50,9.5
C579948,2011-12-01 10:56:00,16376,United Kingdom,3,3,5,9.49
C524635,2010-09-30 11:26:00,15358,United Kingdom,2,2,5,9.45
C511254,2010-06-07 12:39:00,15640,United Kingdom,4,4,4,9.4
C542104,2011-01-25 13:26:00,16191,United Kingdom,2,2,3,9.35
C550356,2011-04-18 10:34:00,13458,United Kingdom,2,2,9,9.35
C537445,2010-12-07 08:57:00,15021,United Kingdom,1,1,11,9.35
C524979,2010-10-01 15:20:00,18075,United Kingdom,2,2,3,9.35
C568572,2011-09-28 09:06:00,15194,United Kingdom,3,3,12,9.31
C525946,2010-10-07 17:45:00,15955,United Kingdom,4,4,4,9.3
C496472,2010-02-01 15:35:00,17905,United Kingdom,1,1,2,9.3
C538102,2010-12-09 15:01:00,14047,United Kingdom,1,1,2,9.3
C499819,2010-03-02 16:06:00,12980,United Kingdom,1,1,2,9.3
C540398,2011-01-07 09:21:00,14047,United Kingdom,1,1,2,9.3
C545452,2011-03-02 16:56:00,16422,United Kingdom,1,1,2,9.3
C497503,2010-02-10 11:20:00,14593,United Kingdom,1,1,2,9.3
C515966,2010-07-16 07:47:00,13059,United Kingdom,1,1,2,9.3
C519461,2010-08-17 11:10:00,14276,United Kingdom,3,3,4,9.299999999999999
C543431,2011-02-08 11:37:00,12474,Germany,4,4,4,9.25
C574424,2011-11-04 11:23:00,16014,United Kingdom,3,3,4,9.25
C543628,2011-02-10 15:51:00,16558,United Kingdom,2,2,5,9.25
C560559,2011-07-19 13:24:00,16145,United Kingdom,3,3,7,9.25
C546170,2011-03-10 10:29:00,15034,United Kingdom,1,1,5,9.25
C513480,2010-06-24 17:06:00,17071,United Kingdom,2,2,3,9.25
C545866,2011-03-07 14:27:00,17841,United Kingdom,3,3,4,9.25
C556458,2011-06-10 17:21:00,15491,United Kingdom,1,1,22,9.24
C548721,2011-04-04 08:59:00,12957,United Kingdom,2,2,6,9.2
C549315,2011-04-08 09:51:00,12949,United Kingdom,3,3,6,9.2
C504185,2010-04-12 09:37:00,13196,United Kingdom,2,2,2,9.2
C518651,2010-08-10 13:04:00,13313,United Kingdom,2,2,4,9.2
C552213,2011-05-06 15:10:00,13499,United Kingdom,2,2,6,9.2
C498582,2010-02-21 15:01:00,13093,United Kingdom,2,2,2,9.2
C522167,2010-09-13 11:21:00,13901,United Kingdom,3,3,4,9.2
C560331,2011-07-18 11:20:00,17706,United Kingdom,2,2,2,9.2
C509177,2010-05-20 16:12:00,13632,United Kingdom,2,2,2,9.2
C503215,2010-03-30 16:09:00,14798,United Kingdom,2,2,2,9.2
C504365,2010-04-13 10:49:00,13093,United Kingdom,4,4,5,9.2
C507033,2010-05-05 15:03:00,14930,Channel Islands,2,2,3,9.19
C558434,2011-06-29 12:36:00,15304,United Kingdom,2,2,3,9.15
C514060,2010-06-30 11:54:00,14555,United Kingdom,2,2,3,9.15
C545537,2011-03-03 14:14:00,16212,United Kingdom,2,2,3,9.15
C576247,2011-11-14 13:42:00,13139,United Kingdom,4,4,7,9.15
C563433,2011-08-16 12:14:00,16033,United Kingdom,3,3,3,9.15
C515767,2010-07-14 14:25:00,15311,United Kingdom,4,4,12,9.08
C554486,2011-05-24 13:25:00,13168,United Kingdom,2,2,2,9.05
C491741,2009-12-14 11:00:00,14113,United Kingdom,2,2,2,9.05
C537383,2010-12-06 13:17:00,16550,United Kingdom,3,3,3,9.05
C565428,2011-09-04 12:53:00,12867,United Kingdom,4,4,9,9.05
C520563,2010-08-26 16:53:00,,United Kingdom,1,1,12,9.0
C573228,2011-10-28 11:54:00,16764,United Kingdom,4,4,4,8.98
C559683,2011-07-11 14:56:00,17337,United Kingdom,1,1,1,8.95
C547054,2011-03-20 12:11:00,16444,United Kingdom,1,1,1,8.95
C515106,2010-07-08 12:18:00,14527,United Kingdom,1,1,1,8.95
C491423,2009-12-10 19:45:00,16798,United Kingdom,1,1,1,8.95
C554300,2011-05-23 14:33:00,13455,United Kingdom,1,1,1,8.95
C491590,2009-12-11 13:07:00,16917,United Kingdom,1,1,1,8.95
C490740,2009-12-07 17:52:00,14209,United Kingdom,1,1,1,8.95
C521023,2010-09-01 15:20:00,15247,United Kingdom,1,1,1,8.95
C533494,2010-11-17 13:31:00,12766,Portugal,1,1,1,8.95
C533567,2010-11-18 10:30:00,16905,United Kingdom,1,1,1,8.95
C491650,2009-12-13 10:32:00,14685,United Kingdom,1,1,1,8.95
C501312,2010-03-16 09:24:00,13173,United Kingdom,1,1,1,8.95
C531443,2010-11-08 12:34:00,14236,United Kingdom,1,1,1,8.95
C534731,2010-11-23 18:55:00,16350,United Kingdom,1,1,1,8.95
C535428,2010-11-26 12:05:00,13202,United Kingdom,1,1,1,8.95
C537320,2010-12-06 11:47:00,14867,United Kingdom,1,1,1,8.95
C544451,2011-02-20 12:31:00,13097,United Kingdom,2,2,2,8.9
C541232,2011-01-14 16:58:00,16235,United Kingdom,2,2,2,8.9
C497790,2010-02-12 12:19:00,12471,Germany,3,3,6,8.899999999999999
C512763,2010-06-17 16:10:00,,United Kingdom,2,2,2,8.89
C509862,2010-05-26 10:12:00,13405,United Kingdom,1,1,3,8.850000000000001
C516882,2010-07-23 14:10:00,14739,United Kingdom,1,1,3,8.850000000000001
C539114,2010-12-16 11:24:00,12494,France,1,1,3,8.850000000000001
C575577,2011-11-10 11:46:00,15597,United Kingdom,1,1,3,8.850000000000001
C569973,2011-10-06 19:23:00,12703,Germany,1,1,3,8.850000000000001
C569957,2011-10-06 18:37:00,15745,United Kingdom,1,1,3,8.850000000000001
C557890,2011-06-23 13:54:00,17204,United Kingdom,1,1,3,8.850000000000001
C517462,2010-07-29 11:36:00,16975,United Kingdom,1,1,3,8.850000000000001
C524378,2010-09-28 17:44:00,14107,United Kingdom,2,2,3,8.850000000000001
C549265,2011-04-07 12:45:00,16245,United Kingdom,1,1,3,8.850000000000001
C577073,2011-11-17 15:02:00,14359,United Kingdom,1,1,3,8.850000000000001
C556272,2011-06-09 19:43:00,15159,United Kingdom,1,1,3,8.850000000000001
C529171,2010-10-26 18:12:00,13050,United Kingdom,1,1,3,8.850000000000001
C561104,2011-07-25 11:36:00,12576,Poland,1,1,3,8.850000000000001
C548485,2011-03-31 12:50:00,14051,United Kingdom,2,2,3,8.850000000000001
C530737,2010-11-04 11:51:00,16491,United Kingdom,1,1,3,8.850000000000001
C532380,2010-11-11 18:12:00,16782,United Kingdom,2,2,3,8.850000000000001
C532406,2010-11-11 19:38:00,13093,United Kingdom,1,1,3,8.850000000000001
C526051,2010-10-08 11:51:00,16156,United Kingdom,1,1,3,8.850000000000001
C580770,2011-12-06 10:56:00,13255,United Kingdom,1,1,3,8.850000000000001
C513986,2010-06-30 08:29:00,14623,United Kingdom,2,2,3,8.85
C513603,2010-06-27 11:33:00,17618,United Kingdom,3,3,3,8.85
C533308,2010-11-16 16:59:00,12951,United Kingdom,3,3,4,8.85
C522168,2010-09-13 11:22:00,14911,EIRE,2,2,3,8.85
C549919,2011-04-13 09:50:00,15201,United Kingdom,4,4,7,8.85
C565140,2011-09-01 12:56:00,17841,United Kingdom,3,3,3,8.85
C543790,2011-02-11 17:12:00,17071,United Kingdom,2,2,6,8.8
C573929,2011-11-02 10:14:00,17811,United Kingdom,3,3,4,8.8
C508377,2010-05-14 13:46:00,13183,United Kingdom,1,1,7,8.75
C506473,2010-04-30 09:50:00,17063,United Kingdom,3,3,3,8.75
C552030,2011-05-05 18:12:00,15189,United Kingdom,1,1,7,8.75
C507618,2010-05-10 14:11:00,17635,United Kingdom,1,1,7,8.75
C501690,2010-03-18 17:08:00,13183,United Kingdom,3,3,7,8.75
C541501,2011-01-18 15:26:00,13458,United Kingdom,1,1,7,8.75
C533100,2010-11-16 11:23:00,13534,United Kingdom,2,2,2,8.7
C505455,2010-04-22 11:34:00,17965,United Kingdom,2,2,2,8.7
C510826,2010-06-03 20:04:00,15805,United Kingdom,2,2,4,8.7
C515695,2010-07-14 12:13:00,18197,United Kingdom,2,2,4,8.7
C558128,2011-06-27 11:14:00,13742,United Kingdom,1,1,6,8.7
C534241,2010-11-22 10:46:00,17251,United Kingdom,2,2,2,8.7
C495528,2010-01-25 15:00:00,17610,United Kingdom,2,2,2,8.7
C536244,2010-11-30 14:43:00,13534,United Kingdom,2,2,2,8.7
C574499,2011-11-04 13:14:00,14412,United Kingdom,2,2,2,8.7
C561237,2011-07-26 10:29:00,13050,United Kingdom,1,1,6,8.7
C525486,2010-10-05 16:10:00,15750,United Kingdom,2,2,2,8.7
C554518,2011-05-24 16:58:00,16592,United Kingdom,2,2,6,8.7
C562962,2011-08-11 10:26:00,17579,United Kingdom,2,2,2,8.7
C557520,2011-06-20 17:18:00,15291,United Kingdom,2,2,4,8.7
C542721,2011-01-31 14:37:00,14502,United Kingdom,2,2,2,8.7
C512660,2010-06-17 11:30:00,13446,United Kingdom,2,2,2,8.7
C580179,2011-12-02 11:58:00,13352,United Kingdom,3,3,6,8.7
C576229,2011-11-14 13:13:00,13816,Germany,1,1,3,8.67
C577363,2011-11-18 16:17:00,12697,Sweden,1,1,3,8.67
C566466,2011-09-12 18:00:00,13850,United Kingdom,1,1,3,8.67
C558059,2011-06-24 15:03:00,14194,United Kingdom,2,2,3,8.65
C498424,2010-02-18 17:04:00,15251,United Kingdom,1,1,12,8.64
C502065,2010-03-22 15:24:00,16108,United Kingdom,3,3,4,8.64
C579905,2011-12-01 08:44:00,13078,United Kingdom,1,1,12,8.64
C567359,2011-09-19 16:33:00,15201,United Kingdom,7,7,14,8.59
C543974,2011-02-14 15:20:00,14606,United Kingdom,2,2,5,8.55
C575963,2011-11-13 12:30:00,16794,United Kingdom,1,1,2,8.5
C551864,2011-05-04 16:18:00,12483,Sweden,1,1,2,8.5
C546868,2011-03-17 15:49:00,15671,United Kingdom,1,1,1,8.5
C531765,2010-11-09 13:55:00,15570,United Kingdom,1,1,1,8.5
C511811,2010-06-10 15:33:00,13901,United Kingdom,1,1,2,8.5
C498092,2010-02-16 12:39:00,12836,United Kingdom,1,1,1,8.5
C568055,2011-09-23 12:50:00,17929,United Kingdom,1,1,1,8.5
C555837,2011-06-07 12:37:00,16092,United Kingdom,1,1,2,8.5
C574946,2011-11-08 08:55:00,12656,France,1,1,2,8.5
C524981,2010-10-01 15:24:00,16293,United Kingdom,1,1,1,8.5
C529538,2010-10-28 16:34:00,14530,United Kingdom,1,1,2,8.5
C550814,2011-04-20 16:41:00,16611,United Kingdom,1,1,1,8.5
C493871,2010-01-07 17:23:00,13078,United Kingdom,1,1,1,8.5
C514135,2010-06-30 13:41:00,18061,United Kingdom,1,1,1,8.5
C499793,2010-03-02 15:15:00,14495,United Kingdom,1,1,1,8.5
C504420,2010-04-13 13:10:00,15311,United Kingdom,1,1,1,8.5
C559470,2011-07-08 13:38:00,15615,United Kingdom,1,1,1,8.5
C524390,2010-09-28 18:24:00,18009,United Kingdom,1,1,1,8.5
C548362,2011-03-30 15:40:00,13268,United Kingdom,1,1,10,8.5
C519277,2010-08-16 10:28:00,13656,United Kingdom,1,1,1,8.5
C494802,2010-01-18 15:01:00,17231,United Kingdom,1,1,1,8.5
C546885,2011-03-17 18:11:00,15671,United Kingdom,1,1,1,8.5
C540793,2011-01-11 11:53:00,14295,United Kingdom,1,1,1,8.5
C546895,2011-03-17 18:22:00,15358,United Kingdom,1,1,1,8.5
C530058,2010-11-01 11:27:00,15039,United Kingdom,1,1,1,8.5
C565799,2011-09-07 10:17:00,13999,United Kingdom,1,1,1,8.5
C510494,2010-06-01 12:30:00,13544,United Kingdom,1,1,1,8.5
C544415,2011-02-18 15:04:00,16133,United Kingdom,1,1,1,8.5
C557479,2011-06-20 13:56:00,16700,United Kingdom,1,1,2,8.5
C542259,2011-01-26 17:09:00,16656,United Kingdom,1,1,1,8.5
C514611,2010-07-05 12:25:00,12583,France,1,1,1,8.5
C564730,2011-08-28 12:47:00,17841,United Kingdom,1,1,1,8.5
C504488,2010-04-14 11:08:00,13097,United Kingdom,1,1,1,8.5
C527920,2010-10-19 13:16:00,13090,United Kingdom,1,1,1,8.5
C530949,2010-11-04 18:11:00,12445,Spain,1,1,2,8.5
C544590,2011-02-21 15:12:00,14744,United Kingdom,1,1,1,8.5
C535649,2010-11-28 10:54:00,13118,United Kingdom,1,1,2,8.5
C513504,2010-06-25 10:39:00,13488,United Kingdom,1,1,10,8.5
C516318,2010-07-19 14:56:00,14156,EIRE,1,1,1,8.5
C575158,2011-11-08 16:20:00,15251,United Kingdom,1,1,1,8.5
C545839,2011-03-07 13:33:00,15110,United Kingdom,1,1,1,8.5
C517621,2010-07-30 11:36:00,13656,United Kingdom,1,1,1,8.5
C537820,2010-12-08 14:10:00,16016,United Kingdom,1,1,1,8.5
C560221,2011-07-15 15:23:00,13408,United Kingdom,1,1,2,8.5
C514149,2010-06-30 14:09:00,14256,United Kingdom,1,1,2,8.5
C501338,2010-03-16 10:35:00,16947,United Kingdom,2,2,2,8.5
C498580,2010-02-21 14:51:00,16797,United Kingdom,1,1,1,8.5
C539274,2010-12-16 15:31:00,13408,United Kingdom,1,1,2,8.5
C557037,2011-06-16 13:56:00,16814,United Kingdom,1,1,1,8.5
C501698,2010-03-18 19:17:00,14702,United Kingdom,1,1,1,8.5
C573187,2011-10-28 11:38:00,12709,Germany,1,1,1,8.5
C517490,2010-07-29 12:44:00,13371,United Kingdom,1,1,1,8.5
C549788,2011-04-12 11:59:00,13098,United Kingdom,1,1,2,8.5
C538696,2010-12-14 10:02:00,13050,United Kingdom,1,1,1,8.5
C538712,2010-12-14 10:51:00,17677,United Kingdom,1,1,1,8.5
C533958,2010-11-19 12:54:00,16602,United Kingdom,1,1,1,8.5
C533817,2010-11-19 09:17:00,18276,United Kingdom,2,2,2,8.5
C554862,2011-05-27 10:34:00,13468,United Kingdom,1,1,2,8.5
C530702,2010-11-04 11:12:00,18215,United Kingdom,1,1,1,8.5
C525552,2010-10-05 19:41:00,14292,United Kingdom,1,1,1,8.5
C510818,2010-06-03 19:46:00,15251,United Kingdom,1,1,1,8.5
C496384,2010-02-01 11:44:00,17841,United Kingdom,1,1,1,8.5
C566490,2011-09-13 10:20:00,16656,United Kingdom,1,1,1,8.5
C562797,2011-08-09 14:29:00,16672,United Kingdom,1,1,1,8.5
C515613,2010-07-13 16:23:00,17145,United Kingdom,1,1,1,8.5
C496511,2010-02-02 11:10:00,13975,United Kingdom,1,1,1,8.5
C532394,2010-11-11 19:16:00,18141,United Kingdom,1,1,1,8.5
C540796,2011-01-11 12:03:00,15107,United Kingdom,1,1,1,8.5
C502085,2010-03-22 15:53:00,13883,United Kingdom,1,1,2,8.5
C556294,2011-06-10 09:34:00,15108,European Community,1,1,2,8.5
C500740,2010-03-09 16:43:00,16947,United Kingdom,2,2,2,8.5
C579919,2011-12-01 09:00:00,17540,United Kingdom,1,1,1,8.5
C495586,2010-01-26 10:18:00,16353,United Kingdom,1,1,2,8.5
C495679,2010-01-26 11:38:00,17353,United Kingdom,1,1,1,8.5
C519845,2010-08-20 15:23:00,16401,United Kingdom,1,1,1,8.5
C551585,2011-05-03 11:23:00,12483,Sweden,1,1,2,8.5
C554339,2011-05-23 17:39:00,15128,United Kingdom,1,1,1,8.5
C548626,2011-04-01 12:16:00,15622,United Kingdom,1,1,1,8.5
C571287,2011-10-16 15:03:00,13610,United Kingdom,1,1,1,8.5
C539577,2010-12-20 12:41:00,17924,United Kingdom,1,1,1,8.5
C548722,2011-04-04 09:00:00,13481,United Kingdom,1,1,2,8.5
C571186,2011-10-14 11:28:00,14390,United Kingdom,1,1,2,8.5
C530831,2010-11-04 13:35:00,15652,United Kingdom,1,1,2,8.5
C553518,2011-05-17 14:14:00,16642,United Kingdom,1,1,1,8.5
C566943,2011-09-15 16:17:00,16293,United Kingdom,1,1,1,8.5
C528389,2010-10-21 18:37:00,16782,United Kingdom,1,1,1,8.5
C493080,2009-12-22 09:52:00,14290,United Kingdom,1,1,1,8.5
C512299,2010-06-14 15:28:00,13319,United Kingdom,1,1,1,8.5
C521659,2010-09-07 14:08:00,13656,United Kingdom,1,1,1,8.5
C489860,2009-12-02 14:49:00,,United Kingdom,1,1,1,8.5
C489828,2009-12-02 13:53:00,13313,United Kingdom,1,1,2,8.5
C524853,2010-09-30 18:59:00,14702,United Kingdom,1,1,1,8.5
C490480,2009-12-06 12:46:00,14717,United Kingdom,1,1,2,8.5
C538098,2010-12-09 14:57:00,14441,United Kingdom,1,1,1,8.5
C543786,2011-02-11 17:01:00,13078,United Kingdom,1,1,1,8.5
C558468,2011-06-29 15:23:00,17389,United Kingdom,1,1,1,8.5
C561380,2011-07-26 17:12:00,17693,United Kingdom,1,1,1,8.5
C492658,2009-12-17 17:53:00,15805,United Kingdom,1,1,1,8.5
C543917,2011-02-14 13:40:00,12951,United Kingdom,1,1,1,8.5
C530285,2010-11-02 12:11:00,15382,United Kingdom,1,1,1,8.5
C559675,2011-07-11 14:21:00,13745,United Kingdom,1,1,10,8.5
C500769,2010-03-10 10:37:00,17442,United Kingdom,1,1,1,8.5
C504330,2010-04-12 16:04:00,12417,Belgium,1,1,1,8.5
C504205,2010-04-12 11:24:00,14492,United Kingdom,1,1,1,8.5
C558884,2011-07-04 14:53:00,13763,United Kingdom,1,1,1,8.5
C542639,2011-01-31 11:18:00,16570,United Kingdom,1,1,1,8.5
C509917,2010-05-26 11:58:00,13082,United Kingdom,1,1,8,8.48
C510588,2010-06-02 09:28:00,,United Kingdom,1,1,1,8.47
C495084,2010-01-21 10:17:00,,United Kingdom,1,1,1,8.47
C553026,2011-05-12 19:35:00,15249,United Kingdom,3,3,3,8.45
C491469,2009-12-11 12:02:00,12835,United Kingdom,2,2,3,8.45
C565864,2011-09-07 15:00:00,15752,United Kingdom,1,1,5,8.45
C513412,2010-06-24 12:13:00,16094,United Kingdom,2,2,3,8.45
C532041,2010-11-10 13:55:00,12474,Germany,2,2,3,8.45
C559667,2011-07-11 13:38:00,13267,United Kingdom,2,2,4,8.4
C557660,2011-06-21 17:43:00,13999,United Kingdom,1,1,4,8.4
C569951,2011-10-06 18:29:00,16394,United Kingdom,2,2,20,8.4
C509135,2010-05-20 12:16:00,14606,United Kingdom,2,2,2,8.4
C540845,2011-01-11 16:57:00,16191,United Kingdom,1,1,4,8.4
C501428,2010-03-16 12:38:00,13047,United Kingdom,1,1,4,8.4
C527425,2010-10-17 16:10:00,14953,United Kingdom,1,1,20,8.4
C525540,2010-10-05 19:13:00,18226,United Kingdom,2,2,8,8.4
C518763,2010-08-11 14:23:00,14156,EIRE,1,1,4,8.4
C501829,2010-03-19 15:59:00,15194,United Kingdom,2,2,2,8.4
C517624,2010-07-30 11:55:00,13082,United Kingdom,1,1,4,8.4
C495468,2010-01-25 12:10:00,16795,United Kingdom,4,4,6,8.4
C524535,2010-09-29 13:38:00,15201,United Kingdom,3,3,3,8.35
C523388,2010-09-21 19:56:00,13126,United Kingdom,2,2,3,8.35
C561041,2011-07-24 12:10:00,15708,United Kingdom,3,3,3,8.35
C537039,2010-12-05 10:25:00,15708,United Kingdom,3,3,3,8.32
C581470,2011-12-08 19:28:00,17924,United Kingdom,1,1,4,8.32
C572276,2011-10-23 10:24:00,16768,United Kingdom,1,1,2,8.3
C554529,2011-05-24 17:27:00,14226,United Kingdom,2,2,2,8.3
C553999,2011-05-20 11:52:00,13408,United Kingdom,1,1,2,8.3
C556677,2011-06-13 17:19:00,15643,United Kingdom,1,1,2,8.3
C579896,2011-12-01 08:27:00,13971,United Kingdom,1,1,2,8.3
C557522,2011-06-20 17:23:00,17193,United Kingdom,1,1,2,8.3
C575672,2011-11-10 15:03:00,13098,United Kingdom,2,2,6,8.3
C566183,2011-09-09 12:59:00,14837,United Kingdom,2,2,6,8.3
C556646,2011-06-13 16:10:00,18221,United Kingdom,1,1,2,8.3
C570692,2011-10-11 16:48:00,13359,United Kingdom,1,1,2,8.3
C579918,2011-12-01 08:58:00,13410,United Kingdom,1,1,2,8.3
C543644,2011-02-10 17:50:00,17609,United Kingdom,1,1,2,8.3
C580168,2011-12-02 11:34:00,12465,Belgium,4,4,4,8.3
C558364,2011-06-28 15:20:00,,United Kingdom,1,1,1,8.29
C542540,2011-01-28 14:20:00,,United Kingdom,1,1,1,8.29
C502074,2010-03-22 15:36:00,12747,United Kingdom,1,1,3,8.25
C555365,2011-06-02 14:24:00,15791,United Kingdom,1,1,1,8.25
C503219,2010-03-30 16:23:00,17640,United Kingdom,1,1,3,8.25
C566011,2011-09-08 12:11:00,14688,United Kingdom,1,1,1,8.25
C538874,2010-12-14 15:16:00,12867,United Kingdom,4,4,5,8.25
C502079,2010-03-22 15:47:00,16735,United Kingdom,1,1,5,8.25
C555874,2011-06-07 15:14:00,17162,United Kingdom,1,1,1,8.25
C556278,2011-06-09 19:53:00,13462,United Kingdom,1,1,1,8.25
C574999,2011-11-08 11:06:00,17289,United Kingdom,1,1,1,8.25
C520051,2010-08-23 14:56:00,15372,United Kingdom,2,2,10,8.24
C520045,2010-08-23 14:36:00,14606,United Kingdom,2,2,2,8.2
C580710,2011-12-05 16:34:00,14198,United Kingdom,2,2,4,8.2
C576348,2011-11-14 15:40:00,13267,United Kingdom,2,2,2,8.2
C576226,2011-11-14 13:10:00,13268,United Kingdom,2,2,2,8.2
C546517,2011-03-14 12:24:00,15308,United Kingdom,2,2,2,8.2
C534022,2010-11-19 14:54:00,13213,United Kingdom,2,2,3,8.15
C560124,2011-07-15 10:36:00,17440,United Kingdom,2,2,11,8.15
C564206,2011-08-24 09:04:00,14301,United Kingdom,3,3,6,8.1
C519503,2010-08-17 15:09:00,13799,United Kingdom,3,3,3,8.09
C562726,2011-08-09 09:05:00,16401,United Kingdom,2,2,3,8.05
C532174,2010-11-11 12:21:00,13246,United Kingdom,2,2,2,8.0
C527659,2010-10-18 14:20:00,15827,United Kingdom,2,2,3,8.0
C532327,2010-11-11 15:28:00,15016,United Kingdom,2,2,3,8.0
C570963,2011-10-13 11:49:00,13816,Germany,4,4,6,7.96
C547711,2011-03-24 19:31:00,13534,United Kingdom,1,1,1,7.95
C551140,2011-04-26 13:11:00,17613,United Kingdom,1,1,1,7.95
C489528,2009-12-01 11:50:00,16714,United Kingdom,1,1,1,7.95
C531360,2010-11-07 14:18:00,13276,United Kingdom,1,1,1,7.95
C497793,2010-02-12 12:31:00,12471,Germany,1,1,1,7.95
C574494,2011-11-04 13:11:00,15468,United Kingdom,1,1,1,7.95
C492698,2009-12-17 19:04:00,14341,United Kingdom,1,1,1,7.95
C577688,2011-11-21 11:29:00,13890,United Kingdom,1,1,1,7.95
C535340,2010-11-25 16:20:00,18260,United Kingdom,1,1,1,7.95
C490931,2009-12-08 13:44:00,14925,United Kingdom,1,1,1,7.95
C520389,2010-08-25 15:25:00,15091,United Kingdom,1,1,1,7.95
C545451,2011-03-02 16:53:00,13477,United Kingdom,1,1,1,7.95
C517475,2010-07-29 12:05:00,13446,United Kingdom,1,1,1,7.95
C505545,2010-04-22 18:32:00,14944,United Kingdom,2,2,3,7.95
C513430,2010-06-24 13:40:00,16500,United Kingdom,1,1,1,7.95
C504211,2010-04-12 11:29:00,16670,United Kingdom,1,1,1,7.95
C533307,2010-11-16 16:59:00,18277,United Kingdom,2,2,3,7.95
C515963,2010-07-16 07:27:00,13488,United Kingdom,1,1,1,7.95
C518390,2010-08-08 12:23:00,14606,United Kingdom,1,1,1,7.95
C534792,2010-11-24 11:37:00,13643,United Kingdom,1,1,1,7.95
C538904,2010-12-15 10:29:00,18168,United Kingdom,1,1,1,7.95
C512794,2010-06-18 10:17:00,15447,United Kingdom,1,1,1,7.95
C494431,2010-01-14 11:27:00,14590,United Kingdom,1,1,1,7.95
C558559,2011-06-30 13:20:00,17648,United Kingdom,1,1,1,7.95
C515980,2010-07-16 08:12:00,12749,United Kingdom,1,1,1,7.95
C540388,2011-01-06 17:59:00,13115,United Kingdom,1,1,1,7.95
C491005,2009-12-08 17:40:00,13112,United Kingdom,1,1,1,7.95
C516934,2010-07-25 13:10:00,17969,United Kingdom,1,1,1,7.95
C550363,2011-04-18 11:20:00,16033,United Kingdom,1,1,1,7.95
C491609,2009-12-11 13:41:00,17083,United Kingdom,1,1,1,7.95
C522746,2010-09-16 13:14:00,14527,United Kingdom,1,1,1,7.95
C543384,2011-02-07 16:24:00,,United Kingdom,1,1,1,7.95
C552237,2011-05-06 16:44:00,14056,United Kingdom,3,3,3,7.95
C528476,2010-10-22 12:01:00,15296,United Kingdom,1,1,1,7.95
C550966,2011-04-21 16:57:00,17663,United Kingdom,1,1,1,7.95
C506750,2010-05-04 11:33:00,14320,United Kingdom,1,1,1,7.95
C501481,2010-03-17 10:16:00,12500,Germany,1,1,1,7.95
C496295,2010-01-31 10:19:00,17243,United Kingdom,1,1,1,7.95
C514215,2010-06-30 17:34:00,13778,United Kingdom,1,1,1,7.95
C496550,2010-02-02 13:10:00,17165,United Kingdom,1,1,1,7.95
C496498,2010-02-02 08:50:00,15179,United Kingdom,1,1,1,7.95
C512333,2010-06-15 11:44:00,15039,United Kingdom,1,1,1,7.95
C549897,2011-04-12 15:48:00,15363,United Kingdom,1,1,1,7.95
C492675,2009-12-17 18:15:00,14307,United Kingdom,1,1,1,7.95
C525537,2010-10-05 19:10:00,13922,United Kingdom,1,1,1,7.95
C534850,2010-11-24 13:41:00,14911,EIRE,1,1,1,7.95
C498402,2010-02-18 15:48:00,14686,United Kingdom,1,1,1,7.95
C528413,2010-10-22 09:25:00,14296,United Kingdom,1,1,1,7.95
C493072,2009-12-22 09:38:00,13781,United Kingdom,1,1,1,7.95
C548564,2011-04-01 10:22:00,12616,France,1,1,1,7.95
C514541,2010-07-05 10:45:00,14217,United Kingdom,1,1,1,7.95
C516584,2010-07-21 13:24:00,15079,United Kingdom,1,1,1,7.95
C494242,2010-01-12 15:51:00,14606,United Kingdom,1,1,1,7.95
C571699,2011-10-18 14:51:00,15106,United Kingdom,1,1,1,7.95
C522945,2010-09-17 16:06:00,15867,United Kingdom,1,1,1,7.95
C530946,2010-11-04 18:00:00,,United Kingdom,1,1,1,7.95
C569984,2011-10-06 19:50:00,17231,United Kingdom,1,1,1,7.95
C530682,2010-11-04 11:01:00,16670,United Kingdom,1,1,1,7.95
C569786,2011-10-06 11:40:00,17813,United Kingdom,1,1,1,7.95
C549565,2011-04-10 14:26:00,13610,United Kingdom,1,1,1,7.95
C514501,2010-07-04 11:05:00,13782,United Kingdom,1,1,1,7.95
C537416,2010-12-06 15:10:00,16138,United Kingdom,1,1,1,7.95
C522099,2010-09-12 13:54:00,13148,United Kingdom,1,1,1,7.95
C537763,2010-12-08 12:03:00,16713,United Kingdom,1,1,1,7.95
C517367,2010-07-28 16:59:00,17096,United Kingdom,1,1,1,7.95
C537143,2010-12-05 12:58:00,12748,United Kingdom,1,1,1,7.95
C526522,2010-10-12 11:15:00,14534,United Kingdom,1,1,1,7.95
C526736,2010-10-12 17:59:00,15596,United Kingdom,1,1,1,7.95
C510224,2010-05-28 08:44:00,17169,United Kingdom,4,4,5,7.949999999999999
C562149,2011-08-03 10:49:00,13534,United Kingdom,5,5,5,7.94
C569117,2011-09-30 12:54:00,17506,United Kingdom,2,2,3,7.91
C559829,2011-07-13 09:45:00,14483,United Kingdom,1,1,2,7.9
C569553,2011-10-04 17:48:00,16362,United Kingdom,2,2,4,7.9
C569902,2011-10-06 16:20:00,13647,United Kingdom,1,1,1,7.9
C552014,2011-05-05 17:35:00,15708,United Kingdom,2,2,2,7.9
C533157,2010-11-16 14:05:00,18075,United Kingdom,2,2,2,7.9
C500154,2010-03-04 17:55:00,17931,United Kingdom,1,1,2,7.9
C512515,2010-06-16 11:19:00,16550,United Kingdom,2,2,2,7.9
C528421,2010-10-22 09:45:00,14314,United Kingdom,1,1,2,7.9
C511829,2010-06-10 16:45:00,18226,United Kingdom,1,1,2,7.9
C547661,2011-03-24 13:09:00,13736,United Kingdom,3,3,4,7.9
C539059,2010-12-15 16:43:00,14829,United Kingdom,1,1,2,7.9
C560046,2011-07-14 14:55:00,17049,United Kingdom,1,1,1,7.9
C545885,2011-03-07 15:52:00,15827,United Kingdom,2,2,2,7.9
C566626,2011-09-14 10:07:00,15380,United Kingdom,1,1,2,7.9
C543465,2011-02-08 14:32:00,13873,United Kingdom,1,1,2,7.9
C502066,2010-03-22 15:25:00,17677,United Kingdom,2,2,2,7.9
C528902,2010-10-25 13:14:00,13093,United Kingdom,3,3,3,7.8500000000000005
C497037,2010-02-05 14:30:00,14420,United Kingdom,2,2,3,7.8500000000000005
C525758,2010-10-07 10:30:00,14243,United Kingdom,3,3,3,7.85
C572116,2011-10-20 19:17:00,15620,United Kingdom,2,2,3,7.83
C534647,2010-11-23 13:12:00,16019,United Kingdom,2,2,2,7.8100000000000005
C505524,2010-04-22 16:50:00,13183,United Kingdom,1,1,12,7.800000000000001
C500772,2010-03-10 10:38:00,13178,United Kingdom,1,1,12,7.800000000000001
C498603,2010-02-21 16:11:00,17160,United Kingdom,4,4,4,7.800000000000001
C560330,2011-07-18 11:10:00,17841,United Kingdom,3,3,3,7.8
C552585,2011-05-10 12:35:00,17841,United Kingdom,2,2,2,7.8
C506498,2010-04-30 10:56:00,13911,United Kingdom,2,2,4,7.8
C513979,2010-06-30 08:18:00,13097,United Kingdom,1,1,4,7.8
C518341,2010-08-06 13:50:00,17663,United Kingdom,1,1,4,7.8
C489799,2009-12-02 12:23:00,13070,United Kingdom,2,2,4,7.8
C504346,2010-04-13 09:30:00,14112,United Kingdom,3,3,4,7.8
C557658,2011-06-21 17:41:00,13630,United Kingdom,3,3,4,7.7
C557637,2011-06-21 16:00:00,13630,United Kingdom,3,3,4,7.7
C574517,2011-11-04 13:40:00,17109,United Kingdom,2,2,8,7.68
C573925,2011-11-02 09:50:00,17109,United Kingdom,2,2,8,7.68
C558859,2011-07-04 12:17:00,17841,United Kingdom,1,1,1,7.65
C554864,2011-05-27 10:36:00,15122,United Kingdom,2,2,5,7.65
C518954,2010-08-12 15:18:00,17389,United Kingdom,1,1,1,7.65
C545513,2011-03-03 12:02:00,15932,United Kingdom,1,1,1,7.65
C501327,2010-03-16 10:03:00,15251,United Kingdom,1,1,1,7.65
C492655,2009-12-17 17:50:00,15782,United Kingdom,1,1,1,7.65
C533111,2010-11-16 12:10:00,13767,United Kingdom,2,2,3,7.65
C580072,2011-12-01 14:02:00,16240,United Kingdom,1,1,1,7.65
C529189,2010-10-26 18:46:00,14216,United Kingdom,2,2,3,7.6499999999999995
C491544,2009-12-11 12:36:00,17436,United Kingdom,2,2,3,7.6499999999999995
C524414,2010-09-29 10:07:00,12681,France,2,2,5,7.6499999999999995
C522757,2010-09-16 13:38:00,14852,United Kingdom,1,1,3,7.649999999999999
C523407,2010-09-21 20:35:00,15764,United Kingdom,1,1,3,7.649999999999999
C495024,2010-01-20 13:35:00,17679,United Kingdom,1,1,3,7.649999999999999
C505312,2010-04-21 11:59:00,15311,United Kingdom,1,1,9,7.649999999999999
C554870,2011-05-27 10:57:00,15078,United Kingdom,1,1,3,7.649999999999999
C522475,2010-09-15 10:43:00,16656,United Kingdom,1,1,9,7.649999999999999
C524265,2010-09-28 11:38:00,13317,United Kingdom,1,1,9,7.649999999999999
C506489,2010-04-30 10:49:00,17696,United Kingdom,1,1,3,7.649999999999999
C515263,2010-07-09 12:32:00,13192,United Kingdom,1,1,3,7.649999999999999
C551949,2011-05-05 11:22:00,14149,United Kingdom,1,1,3,7.649999999999999
C540129,2011-01-05 10:46:00,12578,Italy,1,1,3,7.649999999999999
C508387,2010-05-14 14:24:00,17677,United Kingdom,1,1,3,7.649999999999999
C524275,2010-09-28 11:54:00,16919,United Kingdom,1,1,9,7.649999999999999
C518978,2010-08-12 16:31:00,15141,United Kingdom,1,1,9,7.649999999999999
C498051,2010-02-16 11:37:00,16940,United Kingdom,1,1,3,7.649999999999999
C574828,2011-11-07 11:12:00,16232,United Kingdom,1,1,3,7.649999999999999
C520201,2010-08-24 15:47:00,15764,United Kingdom,1,1,3,7.649999999999999
C559743,2011-07-12 11:12:00,13599,United Kingdom,2,2,13,7.63
C518976,2010-08-12 16:23:00,,United Kingdom,1,1,1,7.62
C506874,2010-05-04 16:20:00,12838,United Kingdom,2,2,4,7.6000000000000005
C493083,2009-12-22 10:04:00,15078,United Kingdom,1,1,20,7.6
C512531,2010-06-16 12:00:00,13745,United Kingdom,2,2,15,7.59
C499281,2010-02-25 18:53:00,16327,United Kingdom,2,2,5,7.57
C519278,2010-08-16 10:36:00,16701,United Kingdom,1,1,36,7.56
C541233,2011-01-14 17:00:00,13107,United Kingdom,2,2,5,7.550000000000001
C527481,2010-10-18 11:37:00,16643,United Kingdom,3,3,3,7.550000000000001
C553020,2011-05-12 19:09:00,12921,United Kingdom,1,1,2,7.5
C551778,2011-05-04 11:23:00,18220,United Kingdom,2,2,6,7.5
C540379,2011-01-06 17:34:00,15101,United Kingdom,1,1,2,7.5
C536817,2010-12-02 17:08:00,14156,EIRE,2,2,2,7.5
C544414,2011-02-18 14:54:00,13408,United Kingdom,1,1,2,7.5
C559670,2011-07-11 13:51:00,16033,United Kingdom,3,3,4,7.5
C569547,2011-10-04 17:22:00,14834,United Kingdom,1,1,1,7.5
C498607,2010-02-21 16:20:00,18223,United Kingdom,1,1,6,7.5
C569644,2011-10-05 12:31:00,14534,United Kingdom,1,1,1,7.5
C519496,2010-08-17 14:03:00,14590,United Kingdom,1,1,2,7.5
C522149,2010-09-13 10:43:00,13250,United Kingdom,1,1,2,7.5
C530069,2010-11-01 11:57:00,12494,France,2,2,2,7.5
C498839,2010-02-23 11:45:00,12647,Germany,1,1,2,7.5
C559474,2011-07-08 13:41:00,13078,United Kingdom,2,2,2,7.5
C555013,2011-05-31 10:44:00,12601,Germany,1,1,1,7.5
C569138,2011-09-30 14:48:00,14911,EIRE,1,1,1,7.5
C498761,2010-02-22 17:09:00,13813,Germany,1,1,2,7.5
C505728,2010-04-25 14:09:00,16984,United Kingdom,1,1,1,7.5
C576870,2011-11-16 16:21:00,14907,United Kingdom,1,1,2,7.5
C498586,2010-02-21 15:14:00,15059,United Kingdom,1,1,2,7.5
C564084,2011-08-23 09:16:00,14911,EIRE,1,1,1,7.5
C512756,2010-06-17 15:36:00,13077,United Kingdom,2,2,6,7.5
C491588,2009-12-11 12:59:00,17465,United Kingdom,1,1,6,7.5
C551602,2011-05-03 11:34:00,17692,United Kingdom,1,1,6,7.5
C555274,2011-06-01 16:34:00,14911,EIRE,1,1,1,7.5
C508613,2010-05-17 13:12:00,16094,United Kingdom,1,1,2,7.5
C563607,2011-08-18 06:31:00,13078,United Kingdom,1,1,2,7.5
C526918,2010-10-13 16:22:00,16281,United Kingdom,1,1,2,7.5
C581569,2011-12-09 11:58:00,17315,United Kingdom,2,2,6,7.5
C494928,2010-01-20 10:30:00,13622,United Kingdom,2,2,2,7.5
C548307,2011-03-30 11:59:00,17314,United Kingdom,1,1,6,7.5
C543775,2011-02-11 16:10:00,13102,United Kingdom,1,1,6,7.5
C559008,2011-07-05 12:44:00,15518,United Kingdom,2,2,2,7.5
C558969,2011-07-05 11:01:00,16729,United Kingdom,2,2,2,7.5
C541834,2011-01-21 17:24:00,17048,United Kingdom,1,1,6,7.5
C500156,2010-03-04 18:02:00,17931,United Kingdom,1,1,6,7.5
C575578,2011-11-10 11:48:00,15358,United Kingdom,1,1,2,7.5
C550454,2011-04-18 13:00:00,15615,United Kingdom,1,1,6,7.5
C562022,2011-08-01 15:39:00,17389,United Kingdom,1,1,2,7.5
C518961,2010-08-12 15:37:00,14625,United Kingdom,1,1,2,7.5
C530712,2010-11-04 11:33:00,14496,United Kingdom,1,1,2,7.5
C538123,2010-12-09 15:41:00,12605,Germany,3,3,4,7.5
C549986,2011-04-13 16:03:00,18178,United Kingdom,1,1,2,7.5
C546256,2011-03-10 14:56:00,15738,United Kingdom,1,1,6,7.5
C538531,2010-12-13 10:31:00,13715,United Kingdom,1,1,2,7.5
C490350,2009-12-04 16:24:00,17884,United Kingdom,1,1,2,7.5
C524367,2010-09-28 17:16:00,15240,United Kingdom,1,1,6,7.5
C491808,2009-12-14 13:18:00,12471,Germany,1,1,2,7.5
C521320,2010-09-03 12:14:00,16094,United Kingdom,1,1,2,7.5
C554011,2011-05-20 12:55:00,13151,United Kingdom,1,1,2,7.5
C548906,2011-04-05 08:24:00,13636,United Kingdom,1,1,6,7.5
C554373,2011-05-24 11:23:00,16998,United Kingdom,1,1,2,7.5
C523031,2010-09-20 11:48:00,12708,Germany,2,2,4,7.5
C562889,2011-08-10 12:07:00,18172,United Kingdom,1,1,2,7.5
C549039,2011-04-05 17:16:00,17675,United Kingdom,1,1,2,7.5
C522709,2010-09-16 11:33:00,16133,United Kingdom,1,1,2,7.5
C570483,2011-10-10 17:01:00,13078,United Kingdom,1,1,2,7.5
C543767,2011-02-11 15:19:00,13767,United Kingdom,2,2,2,7.5
C579776,2011-11-30 15:12:00,13212,United Kingdom,1,1,1,7.5
C548453,2011-03-31 11:37:00,17428,United Kingdom,1,1,6,7.5
C519032,2010-08-13 11:07:00,17615,United Kingdom,1,1,6,7.5
C566222,2011-09-09 16:34:00,13458,United Kingdom,1,1,1,7.5
C518953,2010-08-12 15:17:00,14844,United Kingdom,1,1,2,7.5
C507466,2010-05-10 11:04:00,18220,United Kingdom,1,1,6,7.5
C527477,2010-10-18 11:31:00,16499,United Kingdom,2,2,2,7.5
C579915,2011-12-01 08:56:00,16570,United Kingdom,1,1,2,7.5
C492715,2009-12-18 10:25:00,13468,United Kingdom,1,1,6,7.5
C510821,2010-06-03 19:50:00,17340,United Kingdom,1,1,6,7.5
C511804,2010-06-10 15:27:00,14113,United Kingdom,2,2,4,7.5
C494370,2010-01-13 16:24:00,13854,United Kingdom,1,1,2,7.5
C514214,2010-06-30 17:32:00,17096,United Kingdom,1,1,2,7.5
C543609,2011-02-10 14:17:00,16705,United Kingdom,2,2,2,7.5
C556634,2011-06-13 15:22:00,17675,United Kingdom,1,1,2,7.5
C491162,2009-12-10 10:33:00,17861,United Kingdom,2,2,2,7.5
C567361,2011-09-19 16:47:00,13599,United Kingdom,1,1,3,7.470000000000001
C562122,2011-08-02 17:18:00,14857,United Kingdom,1,1,9,7.47
C560818,2011-07-21 10:52:00,17811,United Kingdom,2,2,2,7.47
C565305,2011-09-02 12:18:00,15311,United Kingdom,2,2,11,7.46
C558202,2011-06-27 13:24:00,17841,United Kingdom,3,3,3,7.45
C576918,2011-11-17 10:40:00,14102,United Kingdom,1,1,1,7.45
C500755,2010-03-10 10:33:00,13377,United Kingdom,2,2,3,7.45
C558438,2011-06-29 12:51:00,15189,United Kingdom,1,1,7,7.42
C518969,2010-08-12 15:51:00,17696,United Kingdom,1,1,7,7.42
C525069,2010-10-03 14:41:00,16549,United Kingdom,2,2,2,7.4
C567946,2011-09-23 07:58:00,12909,United Kingdom,2,2,3,7.390000000000001
C551659,2011-05-03 12:14:00,13668,United Kingdom,4,4,6,7.380000000000001
C504629,2010-04-15 12:53:00,12935,United Kingdom,2,2,3,7.3500000000000005
C564213,2011-08-24 09:15:00,15301,United Kingdom,2,2,3,7.33
C505446,2010-04-22 11:05:00,14680,United Kingdom,4,4,4,7.3
C501924,2010-03-22 10:33:00,17760,United Kingdom,1,1,1,7.25
C577486,2011-11-20 11:59:00,15533,United Kingdom,1,1,5,7.25
C580821,2011-12-06 11:32:00,13098,United Kingdom,1,1,5,7.25
C526731,2010-10-12 17:49:00,12476,Germany,2,2,3,7.25
C524166,2010-09-27 16:22:00,13980,United Kingdom,1,1,1,7.25
C538692,2010-12-14 09:58:00,13599,United Kingdom,2,2,2,7.24
C497008,2010-02-05 12:33:00,,United Kingdom,1,1,1,7.22
C510677,2010-06-02 17:06:00,13777,United Kingdom,2,2,2,7.2
C566611,2011-09-13 17:14:00,15513,United Kingdom,2,2,2,7.2
C542385,2011-01-27 14:32:00,14290,United Kingdom,2,2,2,7.2
C562957,2011-08-11 10:15:00,13319,United Kingdom,2,2,2,7.17
C569940,2011-10-06 18:00:00,15611,United Kingdom,1,1,4,7.16
C514560,2010-07-05 11:39:00,14194,United Kingdom,1,1,11,7.15
C513957,2010-06-29 14:51:00,15005,United Kingdom,2,2,3,7.15
C516575,2010-07-21 13:10:00,17739,United Kingdom,2,2,3,7.15
C497900,2010-02-14 12:50:00,12872,United Kingdom,2,2,3,7.15
C517892,2010-08-03 09:00:00,14911,EIRE,2,2,4,7.130000000000001
C555253,2011-06-01 15:14:00,17820,United Kingdom,2,2,2,7.1000000000000005
C530954,2010-11-04 18:45:00,18168,United Kingdom,4,4,4,7.1
C550709,2011-04-20 10:53:00,12997,United Kingdom,3,3,5,7.1
C569485,2011-10-04 12:47:00,12705,Germany,2,2,3,7.050000000000001
C528441,2010-10-22 10:55:00,15719,United Kingdom,2,2,2,7.050000000000001
C567534,2011-09-21 09:49:00,16341,United Kingdom,4,4,5,7.05
C510803,2010-06-03 18:45:00,13266,United Kingdom,2,2,3,7.05
C514417,2010-07-02 12:26:00,17578,United Kingdom,2,2,5,7.05
C498777,2010-02-23 10:48:00,12500,Germany,2,2,4,7.049999999999999
C510251,2010-05-28 10:36:00,,United Kingdom,2,2,8,7.049999999999999
C555563,2011-06-05 14:48:00,17841,United Kingdom,2,2,2,7.04
C553222,2011-05-16 10:10:00,13662,United Kingdom,2,2,2,7.03
C559659,2011-07-11 13:07:00,14796,United Kingdom,2,2,2,7.03
C565379,2011-09-02 15:17:00,14415,United Kingdom,2,2,2,7.03
C575626,2011-11-10 13:21:00,17651,United Kingdom,2,2,2,7.03
C578669,2011-11-24 17:14:00,17323,United Kingdom,2,2,4,7.029999999999999
C550195,2011-04-15 09:55:00,14796,United Kingdom,3,3,3,6.99
C509036,2010-05-20 09:32:00,15614,United Kingdom,1,1,1,6.95
C513985,2010-06-30 08:26:00,18172,United Kingdom,1,1,1,6.95
C566457,2011-09-12 17:02:00,17696,United Kingdom,1,1,1,6.95
C567891,2011-09-22 15:50:00,15296,United Kingdom,1,1,1,6.95
C567689,2011-09-21 16:49:00,17434,United Kingdom,1,1,1,6.95
C508762,2010-05-18 12:11:00,15391,United Kingdom,1,1,1,6.95
C544099,2011-02-16 10:17:00,15059,United Kingdom,1,1,1,6.95
C520951,2010-09-01 11:33:00,18009,United Kingdom,1,1,1,6.95
C566161,2011-09-09 11:39:00,17696,United Kingdom,1,1,1,6.95
C543608,2011-02-10 14:15:00,17230,United Kingdom,1,1,1,6.95
C516202,2010-07-19 10:43:00,15039,United Kingdom,1,1,1,6.95
C547193,2011-03-21 12:38:00,17811,United Kingdom,1,1,1,6.95
C551167,2011-04-26 16:02:00,14211,United Kingdom,1,1,1,6.95
C489551,2009-12-01 12:35:00,17641,United Kingdom,1,1,1,6.95
C519493,2010-08-17 14:01:00,13534,United Kingdom,1,1,1,6.95
C512526,2010-06-16 11:52:00,14210,United Kingdom,1,1,1,6.95
C530169,2010-11-02 09:53:00,16823,United Kingdom,1,1,1,6.95
C506988,2010-05-05 13:30:00,18111,United Kingdom,3,3,4,6.95
C492691,2009-12-17 18:46:00,17095,United Kingdom,1,1,2,6.9
C552020,2011-05-05 17:47:00,18183,United Kingdom,2,2,2,6.9
C577381,2011-11-18 16:24:00,15297,United Kingdom,2,2,2,6.9
C581384,2011-12-08 13:06:00,17673,United Kingdom,1,1,2,6.9
C492673,2009-12-17 18:13:00,13141,United Kingdom,2,2,2,6.9
C533445,2010-11-17 11:36:00,16770,United Kingdom,2,2,2,6.9
C561319,2011-07-26 12:43:00,15106,United Kingdom,1,1,36,6.84
C529822,2010-10-31 11:34:00,15351,United Kingdom,3,3,4,6.8
C521971,2010-09-09 19:31:00,15861,United Kingdom,1,1,8,6.8
C547104,2011-03-21 11:02:00,16817,United Kingdom,1,1,8,6.8
C544560,2011-02-21 12:43:00,17677,United Kingdom,1,1,8,6.8
C495873,2010-01-27 11:12:00,13590,United Kingdom,2,2,2,6.8
C518845,2010-08-12 11:19:00,17730,United Kingdom,1,1,8,6.8
C500790,2010-03-10 10:53:00,18064,United Kingdom,1,1,8,6.8
C547241,2011-03-21 16:34:00,16817,United Kingdom,1,1,8,6.8
C515596,2010-07-13 14:01:00,15544,United Kingdom,1,1,4,6.76
C530292,2010-11-02 12:19:00,17083,United Kingdom,1,1,4,6.76
C513981,2010-06-30 08:19:00,16467,United Kingdom,1,1,4,6.76
C531563,2010-11-09 10:15:00,14515,United Kingdom,1,1,4,6.76
C513983,2010-06-30 08:23:00,15432,United Kingdom,1,1,1,6.75
C548352,2011-03-30 14:57:00,12921,United Kingdom,1,1,1,6.75
C543741,2011-02-11 13:37:00,13021,United Kingdom,1,1,1,6.75
C557059,2011-06-16 14:51:00,16672,United Kingdom,1,1,1,6.75
C491021,2009-12-08 18:51:00,14911,EIRE,1,1,1,6.75
C507185,2010-05-06 16:02:00,16039,United Kingdom,1,1,1,6.75
C538089,2010-12-09 14:47:00,18230,United Kingdom,1,1,1,6.75
C491168,2009-12-10 11:23:00,12978,United Kingdom,1,1,1,6.75
C528492,2010-10-22 12:11:00,17646,United Kingdom,1,1,1,6.75
C508746,2010-05-18 11:37:00,14745,United Kingdom,1,1,1,6.75
C532413,2010-11-11 19:50:00,17696,United Kingdom,1,1,1,6.75
C510732,2010-06-03 11:00:00,14606,United Kingdom,1,1,1,6.75
C535643,2010-11-28 10:29:00,15059,United Kingdom,1,1,1,6.75
C507298,2010-05-07 14:47:00,14713,United Kingdom,1,1,1,6.75
C495924,2010-01-27 14:37:00,18223,United Kingdom,1,1,1,6.75
C564947,2011-08-31 13:29:00,17747,United Kingdom,1,1,1,6.75
C510159,2010-05-27 13:36:00,18181,United Kingdom,1,1,1,6.75
C547855,2011-03-27 12:13:00,14194,United Kingdom,1,1,1,6.75
C507031,2010-05-05 14:56:00,15518,United Kingdom,1,1,1,6.75
C506835,2010-05-04 13:44:00,15446,United Kingdom,1,1,1,6.75
C499203,2010-02-25 10:49:00,13334,United Kingdom,1,1,1,6.75
C492685,2009-12-17 18:39:00,17776,United Kingdom,1,1,1,6.75
C542395,2011-01-27 15:12:00,17389,United Kingdom,1,1,1,6.75
C517320,2010-07-28 11:56:00,13982,United Kingdom,3,3,3,6.75
C509345,2010-05-21 13:00:00,12921,United Kingdom,1,1,1,6.75
C546887,2011-03-17 18:14:00,14329,United Kingdom,4,4,4,6.75
C546906,2011-03-17 18:44:00,17675,United Kingdom,1,1,1,6.75
C499892,2010-03-03 11:39:00,13820,United Kingdom,1,1,1,6.75
C561061,2011-07-24 13:31:00,13097,United Kingdom,1,1,1,6.75
C517944,2010-08-03 11:12:00,,United Kingdom,1,1,1,6.75
C505487,2010-04-22 12:50:00,12921,United Kingdom,1,1,1,6.75
C511617,2010-06-09 12:12:00,15527,United Kingdom,1,1,1,6.75
C505198,2010-04-20 15:59:00,14081,United Kingdom,2,2,2,6.75
C530294,2010-11-02 12:32:00,13093,United Kingdom,1,1,1,6.75
C511502,2010-06-08 15:00:00,13109,United Kingdom,1,1,1,6.75
C506505,2010-04-30 10:58:00,17448,United Kingdom,1,1,1,6.75
C499851,2010-03-02 16:40:00,16520,United Kingdom,1,1,1,6.75
C513550,2010-06-25 12:25:00,13564,United Kingdom,1,1,1,6.75
C541503,2011-01-18 15:31:00,15291,United Kingdom,1,1,1,6.75
C555882,2011-06-07 15:40:00,14625,United Kingdom,1,1,1,6.75
C506758,2010-05-04 12:03:00,13393,United Kingdom,1,1,1,6.75
C506757,2010-05-04 12:01:00,17827,United Kingdom,1,1,1,6.75
C506759,2010-05-04 12:05:00,14175,United Kingdom,1,1,1,6.75
C555730,2011-06-06 16:51:00,14625,United Kingdom,1,1,1,6.75
C521543,2010-09-06 15:08:00,13650,United Kingdom,1,1,1,6.75
C561587,2011-07-28 10:50:00,17649,United Kingdom,1,1,1,6.75
C556276,2011-06-09 19:48:00,14696,United Kingdom,2,2,3,6.73
C496819,2010-02-04 10:28:00,,United Kingdom,1,1,16,6.72
C528903,2010-10-25 13:16:00,13292,United Kingdom,1,1,16,6.72
C562620,2011-08-08 12:34:00,13089,United Kingdom,2,2,2,6.7
C561235,2011-07-26 10:27:00,13767,United Kingdom,3,3,3,6.7
C528132,2010-10-20 15:02:00,17817,United Kingdom,2,2,2,6.7
C567947,2011-09-23 08:00:00,17663,United Kingdom,3,3,3,6.6899999999999995
C576197,2011-11-14 12:08:00,13755,United Kingdom,1,1,23,6.67
C536825,2010-12-02 17:27:00,15384,United Kingdom,2,2,3,6.65
C554873,2011-05-27 11:00:00,13988,United Kingdom,1,1,1,6.65
C557944,2011-06-23 16:10:00,15669,United Kingdom,2,2,3,6.65
C540382,2011-01-06 17:38:00,12957,United Kingdom,2,2,5,6.65
C572114,2011-10-20 19:15:00,17169,United Kingdom,3,3,4,6.65
C537746,2010-12-08 11:03:00,15021,United Kingdom,3,3,3,6.65
C566012,2011-09-08 12:15:00,17243,United Kingdom,1,1,1,6.65
C508326,2010-05-14 11:34:00,12839,United Kingdom,2,2,5,6.6499999999999995
C514148,2010-06-30 14:07:00,15750,United Kingdom,2,2,2,6.640000000000001
C552718,2011-05-11 09:43:00,14462,United Kingdom,1,1,12,6.6000000000000005
C560533,2011-07-19 12:00:00,16488,United Kingdom,2,2,4,6.6
C517356,2010-07-28 15:23:00,16128,United Kingdom,1,1,4,6.6
C561238,2011-07-26 10:31:00,17675,United Kingdom,2,2,2,6.6
C520048,2010-08-23 14:49:00,16401,United Kingdom,1,1,4,6.6
C535631,2010-11-26 17:10:00,13213,United Kingdom,1,1,4,6.6
C496234,2010-01-29 14:35:00,12905,United Kingdom,1,1,4,6.6
C558029,2011-06-24 11:47:00,12826,United Kingdom,3,3,4,6.6
C493852,2010-01-07 15:50:00,14156,EIRE,1,1,1,6.6
C540346,2011-01-06 13:41:00,12471,Germany,1,1,4,6.6
C558326,2011-06-28 11:59:00,13300,United Kingdom,2,2,2,6.6
C566779,2011-09-15 10:03:00,13931,United Kingdom,1,1,4,6.6
C552022,2011-05-05 17:58:00,12840,United Kingdom,1,1,4,6.6
C517571,2010-07-30 09:24:00,17714,United Kingdom,1,1,4,6.6
C529562,2010-10-28 18:12:00,14515,United Kingdom,2,2,4,6.6
C556273,2011-06-09 19:44:00,13534,United Kingdom,1,1,4,6.6
C497206,2010-02-07 12:12:00,14454,United Kingdom,1,1,4,6.6
C501041,2010-03-12 09:56:00,14403,United Kingdom,1,1,4,6.6
C524362,2010-09-28 17:10:00,18075,United Kingdom,2,2,2,6.6
C549912,2011-04-13 09:02:00,15737,United Kingdom,2,2,2,6.6
C516766,2010-07-22 17:11:00,16170,United Kingdom,2,2,4,6.6
C562020,2011-08-01 15:13:00,16774,United Kingdom,1,1,4,6.6
C510448,2010-06-01 09:40:00,13020,United Kingdom,1,1,4,6.6
C495043,2010-01-20 14:24:00,13287,United Kingdom,3,3,3,6.59
C528365,2010-10-21 16:05:00,13077,United Kingdom,4,4,5,6.5
C495023,2010-01-20 13:29:00,16843,United Kingdom,1,1,2,6.5
C522734,2010-09-16 12:55:00,12474,Germany,2,2,2,6.5
C519378,2010-08-16 13:31:00,14844,United Kingdom,1,1,2,6.5
C511764,2010-06-10 11:59:00,14329,United Kingdom,1,1,2,6.5
C518955,2010-08-12 15:20:00,16221,United Kingdom,2,2,2,6.5
C511686,2010-06-09 15:52:00,15696,United Kingdom,1,1,1,6.45
C513463,2010-06-24 16:07:00,15719,United Kingdom,1,1,1,6.45
C557413,2011-06-20 11:39:00,14701,United Kingdom,3,3,3,6.45
C518772,2010-08-11 15:22:00,17675,United Kingdom,1,1,1,6.45
C530618,2010-11-03 15:59:00,16350,United Kingdom,1,1,1,6.45
C519397,2010-08-16 16:12:00,13564,United Kingdom,3,3,4,6.4
C502766,2010-03-26 14:11:00,16327,United Kingdom,3,3,4,6.4
C496743,2010-02-03 14:30:00,13192,United Kingdom,2,2,8,6.4
C577384,2011-11-18 16:50:00,14156,EIRE,1,1,10,6.4
C559303,2011-07-07 12:49:00,13510,United Kingdom,2,2,4,6.4
C518899,2010-08-12 13:53:00,12471,Germany,3,3,4,6.3999999999999995
C523507,2010-09-22 12:02:00,12450,Spain,2,2,4,6.3999999999999995
C564209,2011-08-24 09:07:00,14189,United Kingdom,2,2,2,6.37
C555652,2011-06-06 14:11:00,13094,United Kingdom,1,1,6,6.36
C515977,2010-07-16 08:06:00,15125,United Kingdom,1,1,6,6.36
C579752,2011-11-30 14:46:00,13777,United Kingdom,2,2,2,6.359999999999999
C490994,2009-12-08 17:15:00,18070,United Kingdom,1,1,1,6.35
C493086,2009-12-22 10:40:00,17632,United Kingdom,1,1,1,6.35
C513978,2010-06-30 08:17:00,13999,United Kingdom,1,1,1,6.35
C542427,2011-01-28 09:34:00,14180,United Kingdom,1,1,1,6.35
C520725,2010-08-29 15:40:00,16755,United Kingdom,1,1,1,6.35
C556532,2011-06-13 11:53:00,13856,United Kingdom,2,2,5,6.35
C563598,2011-08-18 06:21:00,14305,United Kingdom,1,1,1,6.35
C490497,2009-12-06 13:41:00,17969,United Kingdom,1,1,1,6.35
C543750,2011-02-11 13:59:00,18250,United Kingdom,1,1,1,6.35
C527932,2010-10-19 13:34:00,13655,United Kingdom,2,2,2,6.35
C492496,2009-12-17 11:48:00,13564,United Kingdom,1,1,1,6.35
C511464,2010-06-08 12:55:00,15311,United Kingdom,2,2,3,6.35
C490402,2009-12-06 10:57:00,15059,United Kingdom,1,1,1,6.35
C494452,2010-01-14 13:51:00,15684,United Kingdom,1,1,1,6.35
C533304,2010-11-16 16:52:00,12681,France,2,2,2,6.35
C493259,2009-12-22 14:25:00,17632,United Kingdom,1,1,1,6.35
C492699,2009-12-17 19:06:00,16148,United Kingdom,1,1,1,6.35
C521228,2010-09-03 10:57:00,13995,United Kingdom,2,2,5,6.35
C522716,2010-09-16 11:56:00,15194,United Kingdom,3,3,6,6.35
C492320,2009-12-16 12:17:00,14894,United Kingdom,1,1,1,6.35
C548908,2011-04-05 08:25:00,18108,United Kingdom,2,2,2,6.35
C565477,2011-09-05 10:58:00,13630,United Kingdom,1,1,3,6.300000000000001
C544609,2011-02-22 10:03:00,12494,France,1,1,3,6.300000000000001
C553517,2011-05-17 14:09:00,14209,United Kingdom,1,1,3,6.300000000000001
C562185,2011-08-03 12:15:00,12748,United Kingdom,1,1,3,6.300000000000001
C514684,2010-07-05 14:08:00,17287,United Kingdom,1,1,3,6.300000000000001
C517219,2010-07-27 12:31:00,15788,United Kingdom,1,1,3,6.300000000000001
C506886,2010-05-05 08:43:00,15125,United Kingdom,1,1,3,6.300000000000001
C545823,2011-03-07 12:54:00,13884,United Kingdom,1,1,3,6.300000000000001
C575573,2011-11-10 11:34:00,16705,United Kingdom,2,2,2,6.3
C502621,2010-03-25 15:09:00,13872,United Kingdom,2,2,2,6.3
C551674,2011-05-03 12:40:00,16654,United Kingdom,2,2,2,6.3
C489589,2009-12-01 14:02:00,16150,United Kingdom,2,2,2,6.3
C497070,2010-02-05 14:51:00,18051,United Kingdom,3,3,4,6.3
C547229,2011-03-21 15:49:00,17213,United Kingdom,2,2,2,6.3
C537684,2010-12-08 10:18:00,14901,United Kingdom,2,2,2,6.3
C543834,2011-02-14 10:24:00,12553,France,1,1,15,6.3
C575879,2011-11-11 13:30:00,13588,United Kingdom,2,2,13,6.29
C572546,2011-10-24 16:50:00,17481,United Kingdom,1,1,1,6.25
C574488,2011-11-04 12:58:00,13050,United Kingdom,1,1,1,6.25
C490098,2009-12-03 16:11:00,17576,United Kingdom,1,1,5,6.25
C563068,2011-08-11 15:26:00,13722,United Kingdom,1,1,1,6.25
C550648,2011-04-19 16:36:00,13134,United Kingdom,2,2,3,6.25
C577386,2011-11-18 16:54:00,18276,United Kingdom,1,1,1,6.25
C542095,2011-01-25 12:49:00,17730,United Kingdom,1,1,5,6.25
C577390,2011-11-18 17:01:00,18276,United Kingdom,1,1,1,6.25
C560932,2011-07-22 10:29:00,15005,United Kingdom,3,3,3,6.25
C554522,2011-05-24 17:12:00,18223,United Kingdom,1,1,5,6.25
C560588,2011-07-19 15:49:00,13767,United Kingdom,2,2,3,6.25
C577354,2011-11-18 15:50:00,14732,United Kingdom,1,1,1,6.25
C542416,2011-01-27 17:23:00,16133,United Kingdom,2,2,5,6.25
C512529,2010-06-16 11:55:00,15207,United Kingdom,1,1,5,6.25
C555246,2011-06-01 14:33:00,13662,United Kingdom,1,1,1,6.25
C524394,2010-09-28 18:34:00,13015,United Kingdom,1,1,5,6.25
C495065,2010-01-20 16:47:00,15224,United Kingdom,1,1,5,6.25
C581128,2011-12-07 12:46:00,12785,Portugal,1,1,3,6.24
C549530,2011-04-08 17:03:00,13863,United Kingdom,2,2,5,6.22
C550442,2011-04-18 12:28:00,16550,United Kingdom,3,3,4,6.22
C548866,2011-04-04 14:09:00,14606,United Kingdom,2,2,2,6.2
C533810,2010-11-19 08:28:00,18226,United Kingdom,2,2,2,6.2
C541090,2011-01-13 12:52:00,17406,United Kingdom,2,2,2,6.2
C569954,2011-10-06 18:34:00,14792,United Kingdom,2,2,2,6.2
C570004,2011-10-07 09:21:00,13198,United Kingdom,2,2,2,6.2
C490973,2009-12-08 16:40:00,17069,United Kingdom,2,2,2,6.2
C522510,2010-09-15 11:31:00,15527,United Kingdom,2,2,2,6.2
C504168,2010-04-12 07:28:00,16186,United Kingdom,2,2,2,6.2
C547806,2011-03-25 13:37:00,12528,Germany,2,2,2,6.2
C539943,2010-12-23 11:36:00,14032,United Kingdom,2,2,4,6.199999999999999
C560526,2011-07-19 11:57:00,16401,United Kingdom,2,2,6,6.18
C569034,2011-09-30 10:42:00,16240,United Kingdom,2,2,2,6.17
C545674,2011-03-06 10:25:00,18223,United Kingdom,3,3,3,6.15
C533334,2010-11-16 18:08:00,12662,Germany,3,3,3,6.15
C524383,2010-09-28 17:52:00,16341,United Kingdom,4,4,6,6.01
C550010,2011-04-14 10:29:00,15299,United Kingdom,2,2,5,6.01
C536236,2010-11-30 14:22:00,17017,United Kingdom,3,3,4,6.0
C578991,2011-11-27 15:31:00,15555,United Kingdom,8,8,8,5.9799999999999995
C534790,2010-11-24 11:33:00,17706,United Kingdom,3,3,3,5.96
C535011,2010-11-24 15:53:00,15434,United Kingdom,1,1,1,5.95
C514361,2010-07-01 17:51:00,13969,United Kingdom,1,1,1,5.95
C535223,2010-11-25 12:21:00,15044,United Kingdom,1,1,1,5.95
C552705,2011-05-10 16:06:00,15620,United Kingdom,1,1,1,5.95
C521961,2010-09-09 18:17:00,13078,United Kingdom,1,1,1,5.95
C562845,2011-08-10 09:21:00,14903,United Kingdom,1,1,1,5.95
C532399,2010-11-11 19:29:00,16503,United Kingdom,1,1,1,5.95
C499290,2010-02-25 19:30:00,16656,United Kingdom,1,1,1,5.95
C524325,2010-09-28 14:44:00,17696,United Kingdom,1,1,1,5.95
C558899,2011-07-04 16:00:00,14338,United Kingdom,1,1,1,5.95
C532820,2010-11-14 16:27:00,14382,United Kingdom,1,1,1,5.95
C501317,2010-03-16 09:40:00,13047,United Kingdom,1,1,1,5.95
C518479,2010-08-09 12:18:00,14911,EIRE,1,1,1,5.95
C545844,2011-03-07 13:38:00,16838,United Kingdom,1,1,1,5.95
C543244,2011-02-04 14:06:00,16725,United Kingdom,1,1,1,5.95
C515990,2010-07-16 08:23:00,16554,United Kingdom,1,1,1,5.95
C498356,2010-02-18 13:08:00,14040,United Kingdom,1,1,1,5.95
C498551,2010-02-21 10:21:00,17243,United Kingdom,1,1,1,5.95
C501797,2010-03-19 13:46:00,12957,United Kingdom,1,1,1,5.95
C543627,2011-02-10 15:50:00,15601,United Kingdom,1,1,1,5.95
C530017,2010-11-01 10:46:00,17975,United Kingdom,1,1,1,5.95
C514025,2010-06-30 11:25:00,14732,United Kingdom,1,1,1,5.95
C504177,2010-04-12 08:25:00,14537,United Kingdom,1,1,1,5.95
C496360,2010-02-01 10:19:00,17969,United Kingdom,1,1,1,5.95
C490155,2009-12-04 10:28:00,14221,United Kingdom,1,1,1,5.95
C552722,2011-05-11 10:17:00,12720,Germany,1,1,7,5.95
C552334,2011-05-09 11:24:00,12853,United Kingdom,1,1,1,5.95
C552339,2011-05-09 12:04:00,14667,United Kingdom,1,1,1,5.95
C537431,2010-12-06 16:10:00,16782,United Kingdom,1,1,1,5.95
C542860,2011-02-01 11:43:00,,United Kingdom,1,1,1,5.95
C546214,2011-03-10 11:45:00,15724,United Kingdom,1,1,1,5.95
C533306,2010-11-16 16:56:00,16600,United Kingdom,1,1,1,5.95
C554341,2011-05-23 17:41:00,15630,United Kingdom,1,1,1,5.95
C505726,2010-04-25 13:57:00,14606,United Kingdom,1,1,1,5.95
C560608,2011-07-20 10:35:00,16271,United Kingdom,1,1,1,5.95
C534042,2010-11-19 16:41:00,17659,United Kingdom,1,1,1,5.95
C534787,2010-11-24 11:21:00,14606,United Kingdom,1,1,1,5.95
C498122,2010-02-16 15:33:00,14911,EIRE,1,1,1,5.95
C500307,2010-03-07 11:02:00,17477,United Kingdom,1,1,1,5.95
C516574,2010-07-21 13:02:00,13047,United Kingdom,1,1,1,5.95
C530532,2010-11-03 12:46:00,13554,United Kingdom,1,1,1,5.95
C533319,2010-11-16 17:24:00,16048,United Kingdom,1,1,1,5.95
C524403,2010-09-28 18:43:00,13281,United Kingdom,1,1,1,5.95
C575585,2011-11-10 11:57:00,15839,United Kingdom,1,1,1,5.95
C530289,2010-11-02 12:18:00,12797,Portugal,1,1,1,5.95
C542400,2011-01-27 15:49:00,15189,United Kingdom,1,1,1,5.95
C533456,2010-11-17 11:53:00,13506,United Kingdom,1,1,1,5.95
C575173,2011-11-08 17:54:00,15275,United Kingdom,1,1,1,5.95
C544427,2011-02-18 15:42:00,17612,United Kingdom,1,1,1,5.95
C568562,2011-09-27 16:48:00,17002,United Kingdom,1,1,1,5.95
C535651,2010-11-28 11:01:00,15580,United Kingdom,1,1,1,5.95
C519872,2010-08-22 10:04:00,13037,United Kingdom,1,1,1,5.95
C495930,2010-01-27 15:23:00,15719,United Kingdom,1,1,1,5.95
C540944,2011-01-12 12:40:00,16554,United Kingdom,1,1,1,5.95
C536642,2010-12-02 11:56:00,14390,United Kingdom,1,1,1,5.95
C489534,2009-12-01 12:09:00,12615,France,1,1,1,5.95
C499037,2010-02-24 13:06:00,13982,United Kingdom,3,3,3,5.949999999999999
C518499,2010-08-09 12:40:00,13084,United Kingdom,2,2,7,5.949999999999999
C576243,2011-11-14 13:38:00,15953,United Kingdom,3,3,5,5.949999999999999
C520394,2010-08-25 15:51:00,13479,United Kingdom,3,3,3,5.92
C553854,2011-05-19 13:13:00,,United Kingdom,3,3,3,5.92
C551861,2011-05-04 15:44:00,12840,United Kingdom,2,2,2,5.9
C506302,2010-04-29 10:42:00,17841,United Kingdom,1,1,2,5.9
C502312,2010-03-24 09:45:00,16858,United Kingdom,1,1,2,5.9
C551867,2011-05-04 16:27:00,16227,United Kingdom,1,1,2,5.9
C510036,2010-05-26 15:37:00,13485,United Kingdom,1,1,2,5.9
C536737,2010-12-02 13:05:00,15922,United Kingdom,1,1,2,5.9
C568385,2011-09-27 09:51:00,15398,United Kingdom,1,1,2,5.9
C554338,2011-05-23 17:29:00,14038,United Kingdom,1,1,2,5.9
C569908,2011-10-06 16:41:00,16782,United Kingdom,1,1,2,5.9
C528904,2010-10-25 13:21:00,13502,United Kingdom,1,1,2,5.9
C577369,2011-11-18 16:20:00,14132,United Kingdom,1,1,2,5.9
C567360,2011-09-19 16:37:00,13860,United Kingdom,1,1,2,5.9
C534243,2010-11-22 10:47:00,,United Kingdom,1,1,2,5.9
C491822,2009-12-14 13:51:00,13510,United Kingdom,1,1,2,5.9
C555598,2011-06-06 10:57:00,15095,United Kingdom,2,2,2,5.9
C530996,2010-11-05 11:07:00,12476,Germany,1,1,2,5.9
C526481,2010-10-11 17:27:00,18226,United Kingdom,1,1,2,5.9
C536606,2010-12-02 09:10:00,14092,United Kingdom,1,1,2,5.9
C533378,2010-11-17 10:41:00,12755,Japan,1,1,2,5.9
C539100,2010-12-16 10:30:00,16996,United Kingdom,1,1,2,5.9
C522153,2010-09-13 10:47:00,14739,United Kingdom,1,1,2,5.9
C514557,2010-07-05 11:36:00,17667,United Kingdom,1,1,2,5.9
C505489,2010-04-22 12:54:00,14011,United Kingdom,1,1,2,5.9
C530174,2010-11-02 10:01:00,13362,United Kingdom,1,1,2,5.9
C514147,2010-06-30 14:05:00,17692,United Kingdom,1,1,2,5.9
C560123,2011-07-15 10:35:00,16782,United Kingdom,1,1,2,5.9
C545508,2011-03-03 11:53:00,17017,United Kingdom,2,2,2,5.9
C538813,2010-12-14 12:27:00,14606,United Kingdom,1,1,2,5.9
C553028,2011-05-12 19:39:00,15194,United Kingdom,2,2,4,5.9
C507415,2010-05-09 14:14:00,16150,United Kingdom,1,1,2,5.9
C549840,2011-04-12 13:51:00,15189,United Kingdom,1,1,2,5.9
C566940,2011-09-15 16:13:00,14105,United Kingdom,2,2,2,5.9
C515950,2010-07-15 18:00:00,16161,United Kingdom,1,1,2,5.9
C579496,2011-11-29 15:38:00,18161,United Kingdom,1,1,2,5.9
C507655,2010-05-10 16:21:00,16286,United Kingdom,1,1,2,5.9
C497078,2010-02-05 14:54:00,14136,United Kingdom,1,1,2,5.9
C491819,2009-12-14 13:44:00,17802,United Kingdom,1,1,2,5.9
C534815,2010-11-24 12:48:00,18109,United Kingdom,2,2,2,5.9
C513453,2010-06-24 15:19:00,12412,Denmark,1,1,2,5.9
C491596,2009-12-11 13:15:00,12957,United Kingdom,1,1,2,5.9
C534819,2010-11-24 12:52:00,12747,United Kingdom,1,1,2,5.9
C574526,2011-11-04 13:57:00,14567,United Kingdom,1,1,2,5.9
C578061,2011-11-22 15:29:00,15811,United Kingdom,1,1,2,5.9
C507203,2010-05-06 16:34:00,13143,United Kingdom,1,1,2,5.9
C518542,2010-08-09 17:48:00,15674,United Kingdom,1,1,2,5.9
C541235,2011-01-14 17:13:00,16670,United Kingdom,1,1,2,5.9
C505160,2010-04-20 12:11:00,17802,United Kingdom,1,1,2,5.9
C535087,2010-11-25 09:50:00,15730,United Kingdom,1,1,2,5.9
C504353,2010-04-13 09:58:00,17593,United Kingdom,1,1,2,5.9
C547230,2011-03-21 16:06:00,18189,United Kingdom,1,1,2,5.9
C559949,2011-07-14 10:42:00,,EIRE,1,1,2,5.9
C553150,2011-05-13 14:22:00,17841,United Kingdom,4,4,4,5.88
C573031,2011-10-27 13:35:00,13004,United Kingdom,2,2,14,5.88
C493539,2010-01-04 15:35:00,13078,United Kingdom,1,1,3,5.85
C522762,2010-09-16 13:51:00,12921,United Kingdom,2,1,9,5.85
C504358,2010-04-13 10:14:00,14914,United Kingdom,1,1,3,5.85
C492682,2009-12-17 18:24:00,17469,United Kingdom,2,2,5,5.85
C522741,2010-09-16 13:07:00,14963,United Kingdom,2,2,3,5.85
C532086,2010-11-10 15:26:00,14031,United Kingdom,1,1,3,5.85
C545434,2011-03-02 15:24:00,13410,United Kingdom,1,1,3,5.85
C569554,2011-10-04 17:51:00,16401,United Kingdom,2,2,5,5.85
C569960,2011-10-06 18:40:00,18172,United Kingdom,2,2,2,5.83
C560909,2011-07-21 17:56:00,13590,United Kingdom,2,2,2,5.800000000000001
C509292,2010-05-21 11:53:00,14854,United Kingdom,2,2,2,5.8
C559495,2011-07-08 13:54:00,14267,United Kingdom,2,2,2,5.8
C530293,2010-11-02 12:22:00,13769,United Kingdom,2,2,2,5.8
C525532,2010-10-05 19:05:00,12468,Germany,2,2,2,5.8
C559666,2011-07-11 13:37:00,14389,United Kingdom,3,3,4,5.8
C557566,2011-06-21 10:39:00,15998,United Kingdom,3,3,4,5.8
C526146,2010-10-08 14:52:00,15469,United Kingdom,1,1,4,5.8
C533305,2010-11-16 16:54:00,16094,United Kingdom,2,2,2,5.8
C501538,2010-03-17 14:03:00,16085,United Kingdom,2,2,2,5.8
C490701,2009-12-07 14:38:00,12677,France,2,2,2,5.8
C554790,2011-05-26 12:10:00,14911,EIRE,1,1,4,5.8
C569976,2011-10-06 19:26:00,16747,United Kingdom,2,2,4,5.799999999999999
C527534,2010-10-18 13:21:00,15785,United Kingdom,2,2,5,5.789999999999999
C555329,2011-06-02 11:08:00,15622,United Kingdom,1,1,1,5.75
C532958,2010-11-15 12:21:00,14606,United Kingdom,2,2,3,5.75
C519383,2010-08-16 14:10:00,18109,United Kingdom,2,2,3,5.75
C567349,2011-09-19 16:01:00,13375,United Kingdom,1,1,1,5.75
C580747,2011-12-06 09:46:00,17611,United Kingdom,1,1,1,5.75
C574268,2011-11-03 14:22:00,14359,United Kingdom,1,1,1,5.75
C536979,2010-12-03 14:23:00,17841,United Kingdom,2,2,2,5.7
C542730,2011-01-31 15:27:00,13506,United Kingdom,3,3,3,5.7
C533367,2010-11-17 10:28:00,14049,United Kingdom,3,3,3,5.65
C572478,2011-10-24 13:39:00,13098,United Kingdom,2,2,2,5.640000000000001
C545689,2011-03-06 12:43:00,16033,United Kingdom,2,2,2,5.640000000000001
C569663,2011-10-05 13:29:00,17841,United Kingdom,3,3,4,5.64
C560654,2011-07-20 11:40:00,16255,United Kingdom,2,2,3,5.61
C514603,2010-07-05 12:22:00,,United Kingdom,2,2,4,5.6
C563611,2011-08-18 06:38:00,17340,United Kingdom,2,2,4,5.6
C494869,2010-01-19 12:13:00,12468,Germany,2,2,3,5.59
C580597,2011-12-05 11:02:00,16360,United Kingdom,2,2,7,5.59
C536253,2010-11-30 14:53:00,17677,United Kingdom,1,1,1,5.55
C520959,2010-09-01 12:06:00,16168,United Kingdom,2,2,3,5.55
C533814,2010-11-19 08:53:00,17714,United Kingdom,1,1,1,5.55
C534791,2010-11-24 11:35:00,17677,United Kingdom,1,1,1,5.55
C510831,2010-06-03 20:10:00,15785,United Kingdom,2,2,8,5.55
C524347,2010-09-28 16:15:00,17675,United Kingdom,1,1,2,5.5
C560564,2011-07-19 13:42:00,12468,Germany,2,2,2,5.5
C554863,2011-05-27 10:35:00,15660,United Kingdom,2,2,2,5.5
C517234,2010-07-27 13:47:00,17841,United Kingdom,2,2,2,5.5
C491121,2009-12-09 15:05:00,16933,United Kingdom,2,2,2,5.5
C517536,2010-07-29 15:36:00,16933,United Kingdom,2,2,2,5.5
C501319,2010-03-16 09:42:00,15601,United Kingdom,2,2,4,5.5
C518352,2010-08-06 14:33:00,18219,United Kingdom,2,2,2,5.5
C505861,2010-04-26 13:22:00,13115,United Kingdom,2,2,2,5.5
C544420,2011-02-18 15:18:00,16191,United Kingdom,1,1,2,5.5
C512265,2010-06-14 13:22:00,17677,United Kingdom,2,2,2,5.5
C533840,2010-11-19 11:07:00,15311,United Kingdom,2,2,2,5.5
C495511,2010-01-25 14:04:00,17841,United Kingdom,1,1,1,5.49
C568412,2011-09-27 10:54:00,14456,United Kingdom,3,3,3,5.47
C549098,2011-04-06 11:06:00,12481,Germany,1,1,14,5.46
C526886,2010-10-13 14:24:00,16725,United Kingdom,1,1,1,5.45
C536854,2010-12-03 10:09:00,15240,United Kingdom,3,3,3,5.45
C496227,2010-01-29 14:08:00,16705,United Kingdom,1,1,1,5.45
C524528,2010-09-29 13:20:00,13048,United Kingdom,1,1,1,5.45
C503175,2010-03-30 13:59:00,15611,United Kingdom,1,1,1,5.45
C496016,2010-01-28 13:16:00,12835,United Kingdom,2,2,3,5.45
C490520,2009-12-06 15:21:00,13211,United Kingdom,1,1,1,5.45
C541825,2011-01-21 17:01:00,12652,France,3,3,3,5.45
C526457,2010-10-11 15:49:00,17696,United Kingdom,2,2,3,5.45
C511015,2010-06-04 15:08:00,14113,United Kingdom,1,1,1,5.45
C529577,2010-10-28 18:59:00,16242,United Kingdom,1,1,1,5.45
C527547,2010-10-18 13:24:00,15044,United Kingdom,3,3,3,5.45
C554872,2011-05-27 10:59:00,16341,United Kingdom,3,3,5,5.4399999999999995
C575746,2011-11-11 10:19:00,13588,United Kingdom,2,2,13,5.43
C549438,2011-04-08 12:39:00,12471,Germany,2,2,3,5.41
C554531,2011-05-24 17:30:00,12463,Belgium,2,2,4,5.4
C562648,2011-08-08 12:56:00,14606,United Kingdom,2,2,2,5.37
C564142,2011-08-23 11:49:00,12477,Germany,3,3,3,5.35
C567703,2011-09-22 09:38:00,15810,United Kingdom,2,2,5,5.35
C573086,2011-10-27 14:27:00,13991,United Kingdom,2,2,2,5.34
C568395,2011-09-27 10:21:00,17480,United Kingdom,2,2,2,5.3100000000000005
C555197,2011-06-01 11:45:00,17739,United Kingdom,1,1,5,5.300000000000001
C580917,2011-12-06 13:57:00,13362,United Kingdom,3,3,3,5.25
C570573,2011-10-11 11:25:00,14997,United Kingdom,1,1,18,5.22
C559741,2011-07-12 11:10:00,13013,United Kingdom,2,2,2,5.2
C503257,2010-03-31 10:51:00,16170,United Kingdom,3,3,3,5.2
C526596,2010-10-12 11:54:00,16401,United Kingdom,2,2,2,5.2
C533107,2010-11-16 11:55:00,12997,United Kingdom,2,2,2,5.2
C496228,2010-01-29 14:11:00,17706,United Kingdom,2,2,2,5.2
C518074,2010-08-04 13:38:00,15325,United Kingdom,1,1,8,5.2
C507215,2010-05-06 17:59:00,14194,United Kingdom,2,2,3,5.15
C550537,2011-04-19 11:25:00,15932,United Kingdom,2,2,8,5.12
C494957,2010-01-20 10:53:00,14952,United Kingdom,1,1,2,5.1
C520167,2010-08-24 12:56:00,13567,United Kingdom,1,1,2,5.1
C509287,2010-05-21 11:50:00,17436,United Kingdom,2,2,2,5.1
C552043,2011-05-06 09:07:00,12476,Germany,1,1,2,5.1
C542260,2011-01-26 17:11:00,13890,United Kingdom,1,1,2,5.1
C538595,2010-12-13 12:03:00,15555,United Kingdom,1,1,2,5.1
C529174,2010-10-26 18:14:00,13295,United Kingdom,2,2,2,5.1
C538694,2010-12-14 10:00:00,16143,United Kingdom,1,1,2,5.1
C506476,2010-04-30 10:15:00,14237,United Kingdom,1,1,2,5.1
C516645,2010-07-22 11:25:00,13564,United Kingdom,1,1,2,5.1
C500760,2010-03-10 10:35:00,13093,United Kingdom,1,1,2,5.1
C532398,2010-11-11 19:28:00,15724,United Kingdom,2,2,2,5.1
C550472,2011-04-18 13:52:00,18009,United Kingdom,1,1,2,5.1
C570450,2011-10-10 15:00:00,13224,United Kingdom,1,1,6,5.1
C517564,2010-07-30 07:51:00,12471,Germany,1,1,2,5.1
C513610,2010-06-27 12:09:00,14606,United Kingdom,2,2,2,5.1
C535420,2010-11-26 11:50:00,18118,United Kingdom,1,1,2,5.1
C557883,2011-06-23 13:30:00,17611,United Kingdom,2,2,2,5.1
C500594,2010-03-09 10:29:00,13008,United Kingdom,1,1,2,5.1
C501269,2010-03-15 13:13:00,18135,United Kingdom,1,1,2,5.1
C499852,2010-03-02 16:42:00,13883,United Kingdom,1,1,2,5.1
C544428,2011-02-18 15:44:00,16306,United Kingdom,1,1,2,5.1
C547988,2011-03-29 09:19:00,13477,United Kingdom,1,1,2,5.1
C492577,2009-12-17 14:33:00,,United Kingdom,1,1,2,5.1
C562800,2011-08-09 14:34:00,16401,United Kingdom,1,1,2,5.1
C534874,2010-11-24 14:36:00,,United Kingdom,1,1,2,5.1
C503567,2010-04-01 15:34:00,16713,United Kingdom,1,1,2,5.1
C496243,2010-01-29 14:53:00,18065,United Kingdom,1,1,2,5.1
C527500,2010-10-18 12:17:00,17685,United Kingdom,1,1,6,5.1
C544429,2011-02-18 15:45:00,16306,United Kingdom,1,1,2,5.1
C541092,2011-01-13 12:56:00,13473,United Kingdom,1,1,6,5.1
C489592,2009-12-01 14:19:00,18287,United Kingdom,1,1,2,5.1
C569395,2011-10-03 17:18:00,14188,United Kingdom,1,1,6,5.1
C522163,2010-09-13 11:04:00,17213,United Kingdom,1,1,3,5.07
C510198,2010-05-27 20:26:00,17231,United Kingdom,1,1,3,5.07
C516799,2010-07-23 10:43:00,14606,United Kingdom,2,2,2,5.07
C496484,2010-02-01 17:00:00,15882,United Kingdom,1,1,3,5.07
C533155,2010-11-16 14:01:00,17017,United Kingdom,2,2,4,5.069999999999999
C535006,2010-11-24 15:52:00,13611,United Kingdom,2,2,2,5.050000000000001
C552301,2011-05-08 14:50:00,17323,United Kingdom,2,2,2,5.050000000000001
C517966,2010-08-03 12:57:00,17298,United Kingdom,1,1,12,5.04
C566775,2011-09-15 09:51:00,14060,United Kingdom,1,1,12,5.04
C515250,2010-07-09 11:36:00,17990,United Kingdom,1,1,12,5.04
C528929,2010-10-25 15:04:00,16748,United Kingdom,1,1,12,5.04
C541704,2011-01-21 10:25:00,13284,United Kingdom,1,1,12,5.04
C516745,2010-07-22 14:51:00,15563,United Kingdom,1,1,12,5.04
C505451,2010-04-22 11:23:00,17622,United Kingdom,1,1,12,5.04
C546203,2011-03-10 11:13:00,16839,United Kingdom,1,1,12,5.04
C562117,2011-08-02 16:20:00,16628,United Kingdom,2,2,3,5.01
C536237,2010-11-30 14:24:00,16293,United Kingdom,2,2,4,5.0
C557779,2011-06-22 15:12:00,13004,United Kingdom,1,1,4,5.0
C563751,2011-08-19 10:37:00,12528,Germany,1,1,4,5.0
C564426,2011-08-25 11:13:00,15804,United Kingdom,2,2,2,5.0
C565402,2011-09-02 17:51:00,16401,United Kingdom,2,2,4,5.0
C495040,2010-01-20 14:22:00,16204,United Kingdom,1,1,4,5.0
C495341,2010-01-22 17:32:00,14031,United Kingdom,1,1,4,5.0
C562623,2011-08-08 12:38:00,16255,United Kingdom,2,2,4,5.0
C503974,2010-04-08 17:46:00,17180,United Kingdom,3,3,3,5.0
C515784,2010-07-14 15:39:00,13872,United Kingdom,1,1,4,5.0
C523406,2010-09-21 20:32:00,14282,United Kingdom,1,1,4,5.0
C493832,2010-01-07 13:27:00,18220,United Kingdom,1,1,4,5.0
C569953,2011-10-06 18:31:00,15841,United Kingdom,2,2,4,5.0
C502191,2010-03-23 11:44:00,15003,United Kingdom,1,1,4,5.0
C540378,2011-01-06 17:32:00,13715,United Kingdom,1,1,4,5.0
C506995,2010-05-05 13:57:00,13760,United Kingdom,1,1,4,5.0
C518541,2010-08-09 17:47:00,18220,United Kingdom,1,1,4,5.0
C537838,2010-12-08 15:01:00,13115,United Kingdom,1,1,4,5.0
C550026,2011-04-14 11:22:00,14339,United Kingdom,1,1,4,5.0
C511609,2010-06-09 11:19:00,13983,United Kingdom,2,2,4,5.0
C491551,2009-12-11 12:40:00,16580,United Kingdom,2,2,2,5.0
C512775,2010-06-17 17:24:00,18258,United Kingdom,1,1,4,5.0
C494430,2010-01-14 11:09:00,13004,United Kingdom,1,1,4,5.0
C498760,2010-02-22 17:03:00,12490,France,1,1,4,5.0
C536203,2010-11-30 13:15:00,17069,United Kingdom,1,1,4,5.0
C517245,2010-07-27 14:53:00,12421,Spain,1,1,4,5.0
C554931,2011-05-27 13:21:00,17841,United Kingdom,4,4,4,5.0
C563591,2011-08-18 06:10:00,16145,United Kingdom,1,1,4,5.0
C553023,2011-05-12 19:27:00,13952,United Kingdom,1,1,6,4.98
C556011,2011-06-08 11:45:00,14475,United Kingdom,1,1,6,4.98
C492663,2009-12-17 18:00:00,16202,United Kingdom,1,1,1,4.95
C536079,2010-11-30 11:10:00,17420,United Kingdom,1,1,1,4.95
C494489,2010-01-14 17:14:00,15810,United Kingdom,1,1,1,4.95
C506482,2010-04-30 10:33:00,15382,United Kingdom,1,1,1,4.95
C538771,2010-12-14 11:35:00,13078,United Kingdom,1,1,1,4.95
C549823,2011-04-12 12:40:00,16875,United Kingdom,1,1,1,4.95
C506390,2010-04-29 12:57:00,16099,United Kingdom,1,1,1,4.95
C577075,2011-11-17 15:08:00,14456,United Kingdom,1,1,1,4.95
C561598,2011-07-28 11:27:00,13109,United Kingdom,1,1,1,4.95
C557773,2011-06-22 14:55:00,15059,United Kingdom,1,1,1,4.95
C576195,2011-11-14 12:03:00,14606,United Kingdom,1,1,1,4.95
C544417,2011-02-18 15:13:00,17512,United Kingdom,1,1,1,4.95
C526898,2010-10-13 14:57:00,15351,United Kingdom,1,1,1,4.95
C526814,2010-10-13 11:43:00,17377,United Kingdom,1,1,1,4.95
C551684,2011-05-03 12:49:00,12947,United Kingdom,1,1,1,4.95
C579923,2011-12-01 09:06:00,17071,United Kingdom,1,1,1,4.95
C524123,2010-09-27 14:15:00,12474,Germany,1,1,1,4.95
C524005,2010-09-26 16:07:00,14611,United Kingdom,1,1,1,4.95
C492672,2009-12-17 18:13:00,13643,United Kingdom,1,1,1,4.95
C514683,2010-07-05 13:57:00,17115,United Kingdom,1,1,1,4.95
C563224,2011-08-14 14:33:00,12409,Switzerland,1,1,1,4.95
C526931,2010-10-14 09:33:00,14930,Channel Islands,1,1,1,4.95
C508754,2010-05-18 11:51:00,15422,United Kingdom,1,1,1,4.95
C537398,2010-12-06 14:22:00,15426,United Kingdom,1,1,1,4.95
C540394,2011-01-06 18:09:00,17696,United Kingdom,1,1,1,4.95
C541257,2011-01-16 14:48:00,18069,United Kingdom,1,1,1,4.95
C558433,2011-06-29 12:31:00,14606,United Kingdom,1,1,1,4.95
C498602,2010-02-21 16:09:00,15326,United Kingdom,1,1,1,4.95
C499301,2010-02-25 21:52:00,13446,United Kingdom,1,1,1,4.95
C517056,2010-07-26 13:06:00,12590,Germany,1,1,1,4.95
C525050,2010-10-03 13:42:00,16799,United Kingdom,1,1,1,4.95
C529183,2010-10-26 18:38:00,15777,United Kingdom,1,1,1,4.95
C529155,2010-10-26 16:42:00,14551,United Kingdom,1,1,1,4.95
C533497,2010-11-17 13:42:00,17768,United Kingdom,1,1,1,4.95
C502732,2010-03-26 11:44:00,17147,United Kingdom,1,1,1,4.95
C575665,2011-11-10 14:54:00,17442,United Kingdom,1,1,1,4.95
C531755,2010-11-09 13:21:00,17841,United Kingdom,1,1,1,4.95
C541831,2011-01-21 17:12:00,18223,United Kingdom,1,1,1,4.95
C504275,2010-04-12 14:23:00,12997,United Kingdom,1,1,1,4.95
C490076,2009-12-03 14:43:00,13001,United Kingdom,1,1,1,4.95
C552462,2011-05-09 14:47:00,16242,United Kingdom,1,1,1,4.95
C552944,2011-05-12 11:40:00,17811,United Kingdom,1,1,1,4.95
C558901,2011-07-04 16:07:00,18171,United Kingdom,1,1,1,4.95
C526147,2010-10-08 14:58:00,15712,United Kingdom,1,1,1,4.95
C496231,2010-01-29 14:15:00,15759,United Kingdom,1,1,1,4.95
C575664,2011-11-10 14:53:00,12952,United Kingdom,1,1,1,4.95
C522280,2010-09-13 12:55:00,17841,United Kingdom,1,1,1,4.95
C568580,2011-09-28 09:57:00,12566,Germany,1,1,1,4.95
C506156,2010-04-27 17:14:00,15622,United Kingdom,1,1,1,4.95
C568560,2011-09-27 16:39:00,14299,United Kingdom,1,1,1,4.95
C544279,2011-02-17 12:03:00,17954,United Kingdom,1,1,1,4.95
C568420,2011-09-27 11:17:00,16573,United Kingdom,1,1,1,4.95
C517898,2010-08-03 09:11:00,16054,United Kingdom,1,1,1,4.95
C560832,2011-07-21 12:07:00,13488,United Kingdom,1,1,1,4.95
C534927,2010-11-24 15:22:00,17696,United Kingdom,1,1,1,4.95
C518995,2010-08-12 17:47:00,14194,United Kingdom,1,1,1,4.95
C570006,2011-10-07 09:24:00,14217,United Kingdom,1,1,1,4.95
C504425,2010-04-13 13:16:00,16732,United Kingdom,1,1,1,4.95
C572995,2011-10-27 11:11:00,13890,United Kingdom,1,1,1,4.95
C540376,2011-01-06 17:27:00,13488,United Kingdom,1,1,1,4.95
C529188,2010-10-26 18:45:00,13107,United Kingdom,1,1,1,4.95
C539110,2010-12-16 11:10:00,16470,United Kingdom,1,1,1,4.95
C534781,2010-11-24 11:17:00,16016,United Kingdom,2,2,3,4.95
C534757,2010-11-24 10:07:00,16133,United Kingdom,1,1,1,4.95
C577399,2011-11-18 17:15:00,13895,United Kingdom,1,1,1,4.95
C521655,2010-09-07 14:01:00,12889,United Kingdom,1,1,1,4.95
C502770,2010-03-26 14:25:00,18187,United Kingdom,1,1,1,4.95
C566978,2011-09-16 09:52:00,14177,United Kingdom,1,1,1,4.95
C507224,2010-05-06 19:31:00,13824,United Kingdom,1,1,1,4.95
C499869,2010-03-02 17:23:00,15673,United Kingdom,1,1,1,4.95
C554361,2011-05-24 10:15:00,17811,United Kingdom,1,1,1,4.95
C518993,2010-08-12 17:44:00,16549,United Kingdom,1,1,1,4.95
C579547,2011-11-30 10:42:00,16764,United Kingdom,1,1,1,4.95
C545458,2011-03-02 17:19:00,13018,United Kingdom,1,1,1,4.95
C575171,2011-11-08 17:49:00,18164,United Kingdom,1,1,1,4.95
C501643,2010-03-18 12:32:00,17841,United Kingdom,1,1,1,4.95
C524400,2010-09-28 18:39:00,14837,United Kingdom,1,1,1,4.95
C568796,2011-09-29 10:20:00,17870,United Kingdom,1,1,1,4.95
C568601,2011-09-28 11:22:00,15696,United Kingdom,1,1,1,4.95
C510836,2010-06-03 20:25:00,,United Kingdom,1,1,1,4.95
C528380,2010-10-21 17:49:00,14499,United Kingdom,1,1,1,4.95
C491416,2009-12-10 19:18:00,14194,United Kingdom,1,1,1,4.95
C510553,2010-06-01 16:32:00,17463,United Kingdom,1,1,1,4.95
C518068,2010-08-04 13:09:00,17841,United Kingdom,1,1,1,4.95
C533321,2010-11-16 17:27:00,13065,United Kingdom,1,1,1,4.95
C556057,2011-06-08 13:50:00,14221,United Kingdom,1,1,1,4.95
C555879,2011-06-07 15:31:00,14292,United Kingdom,1,1,1,4.95
C529825,2010-10-31 11:41:00,17609,United Kingdom,1,1,1,4.95
C539756,2010-12-21 16:31:00,,United Kingdom,1,1,1,4.95
C491821,2009-12-14 13:50:00,16206,United Kingdom,1,1,1,4.95
C534831,2010-11-24 13:02:00,15311,United Kingdom,1,1,1,4.95
C562794,2011-08-09 14:20:00,14112,United Kingdom,1,1,1,4.95
C566182,2011-09-09 12:55:00,14210,United Kingdom,1,1,1,4.95
C559417,2011-07-08 11:08:00,13115,United Kingdom,1,1,1,4.95
C513467,2010-06-24 16:21:00,14315,United Kingdom,1,1,1,4.95
C530528,2010-11-03 12:45:00,18172,United Kingdom,1,1,1,4.95
C500748,2010-03-10 10:00:00,14852,United Kingdom,1,1,1,4.95
C538052,2010-12-09 13:28:00,15181,United Kingdom,1,1,1,4.95
C505424,2010-04-22 10:31:00,17677,United Kingdom,1,1,1,4.95
C522842,2010-09-17 10:53:00,12598,France,1,1,1,4.95
C566458,2011-09-12 17:11:00,16191,United Kingdom,1,1,1,4.95
C545672,2011-03-06 10:13:00,15304,United Kingdom,1,1,1,4.95
C556676,2011-06-13 17:18:00,13397,United Kingdom,1,1,1,4.95
C530291,2010-11-02 12:19:00,14593,United Kingdom,1,1,1,4.95
C569939,2011-10-06 17:57:00,14883,United Kingdom,1,1,1,4.95
C569913,2011-10-06 16:50:00,14217,United Kingdom,1,1,1,4.95
C505334,2010-04-21 12:53:00,,United Kingdom,1,1,1,4.95
C491017,2009-12-08 18:38:00,13643,United Kingdom,1,1,1,4.95
C577839,2011-11-22 10:33:00,16633,United Kingdom,1,1,1,4.95
C577815,2011-11-22 09:16:00,17071,United Kingdom,1,1,1,4.95
C492702,2009-12-17 19:15:00,14122,United Kingdom,1,1,1,4.95
C510810,2010-06-03 19:19:00,13802,United Kingdom,1,1,1,4.95
C562425,2011-08-04 17:08:00,12584,Italy,1,1,1,4.95
C546893,2011-03-17 18:20:00,14156,EIRE,1,1,1,4.95
C524557,2010-09-29 14:30:00,16658,United Kingdom,1,1,1,4.95
C539476,2010-12-19 14:43:00,16686,United Kingdom,1,1,1,4.95
C574443,2011-11-04 11:41:00,13890,United Kingdom,1,1,1,4.95
C536065,2010-11-30 10:45:00,17420,United Kingdom,1,1,1,4.95
C526648,2010-10-12 13:40:00,14243,United Kingdom,1,1,1,4.95
C551175,2011-04-26 17:17:00,14329,United Kingdom,1,1,1,4.95
C564108,2011-08-23 10:42:00,12428,Finland,1,1,1,4.95
C554851,2011-05-27 09:17:00,16463,United Kingdom,1,1,1,4.95
C561370,2011-07-26 16:22:00,17693,United Kingdom,1,1,1,4.95
C542753,2011-01-31 16:57:00,15881,United Kingdom,1,1,1,4.95
C564942,2011-08-31 13:19:00,18097,United Kingdom,1,1,1,4.95
C564571,2011-08-26 11:14:00,14606,United Kingdom,1,1,1,4.95
C519866,2010-08-20 15:59:00,14854,United Kingdom,1,1,1,4.95
C541089,2011-01-13 12:41:00,14229,United Kingdom,1,1,1,4.95
C514014,2010-06-30 10:21:00,15039,United Kingdom,1,1,1,4.95
C558061,2011-06-24 15:15:00,12809,Portugal,1,1,1,4.95
C571854,2011-10-19 13:24:00,15826,United Kingdom,1,1,1,4.95
C511629,2010-06-09 12:42:00,16401,United Kingdom,1,1,3,4.949999999999999
C497032,2010-02-05 13:54:00,17603,United Kingdom,1,1,3,4.949999999999999
C497171,2010-02-05 17:24:00,17603,United Kingdom,1,1,3,4.949999999999999
C569109,2011-09-30 12:44:00,16523,United Kingdom,1,1,3,4.949999999999999
C521016,2010-09-01 14:58:00,15240,United Kingdom,1,1,3,4.949999999999999
C550484,2011-04-18 14:14:00,16933,United Kingdom,1,1,3,4.949999999999999
C539104,2010-12-16 10:38:00,12494,France,1,1,3,4.949999999999999
C508372,2010-05-14 13:39:00,15260,United Kingdom,1,1,3,4.949999999999999
C533807,2010-11-19 08:26:00,14496,United Kingdom,1,1,3,4.949999999999999
C559022,2011-07-05 13:18:00,13021,United Kingdom,1,1,3,4.949999999999999
C538703,2010-12-14 10:29:00,17519,United Kingdom,1,1,3,4.949999999999999
C516881,2010-07-23 13:45:00,18097,United Kingdom,1,1,3,4.949999999999999
C530438,2010-11-03 11:19:00,15078,United Kingdom,2,2,2,4.9
C513997,2010-06-30 09:12:00,14329,United Kingdom,2,2,2,4.9
C525553,2010-10-05 19:42:00,13267,United Kingdom,2,2,2,4.9
C531429,2010-11-08 11:38:00,16401,United Kingdom,2,2,2,4.9
C544902,2011-02-24 13:05:00,12362,Belgium,2,2,2,4.9
C581460,2011-12-08 18:48:00,13078,United Kingdom,2,2,6,4.85
C568596,2011-09-28 11:13:00,16493,United Kingdom,3,3,11,4.81
C530711,2010-11-04 11:32:00,15093,United Kingdom,2,2,2,4.8
C514522,2010-07-05 09:35:00,12529,France,2,2,2,4.7
C561469,2011-07-27 13:13:00,15289,United Kingdom,1,1,12,4.68
C544425,2011-02-18 15:40:00,13078,United Kingdom,1,1,1,4.65
C520735,2010-08-31 09:30:00,,United Kingdom,1,1,1,4.65
C525549,2010-10-05 19:29:00,15502,United Kingdom,1,1,1,4.65
C510812,2010-06-03 19:21:00,16422,United Kingdom,1,1,1,4.65
C501271,2010-03-15 13:31:00,17448,United Kingdom,1,1,1,4.65
C539857,2010-12-22 15:13:00,15358,United Kingdom,1,1,1,4.65
C515796,2010-07-14 16:11:00,16168,United Kingdom,1,1,1,4.65
C518267,2010-08-05 19:05:00,17422,United Kingdom,1,1,1,4.65
C536383,2010-12-01 09:49:00,15311,United Kingdom,1,1,1,4.65
C536221,2010-11-30 13:53:00,16228,United Kingdom,1,1,1,4.65
C542913,2011-02-01 15:57:00,16779,United Kingdom,2,2,3,4.65
C562910,2011-08-10 13:03:00,15671,United Kingdom,1,1,16,4.64
C557175,2011-06-17 11:13:00,16170,United Kingdom,2,2,4,4.63
C501125,2010-03-12 15:22:00,17754,United Kingdom,2,2,2,4.6
C530934,2010-11-04 17:15:00,14714,United Kingdom,2,2,2,4.6
C497507,2010-02-10 11:34:00,16768,United Kingdom,3,3,3,4.6
C518966,2010-08-12 15:46:00,18226,United Kingdom,2,2,2,4.6
C562803,2011-08-09 14:43:00,15628,United Kingdom,2,2,12,4.6
C494988,2010-01-20 11:36:00,15823,United Kingdom,2,2,3,4.6
C562016,2011-08-01 14:12:00,14738,United Kingdom,1,1,24,4.5600000000000005
C517459,2010-07-29 11:32:00,17602,United Kingdom,3,3,3,4.55
C575749,2011-11-11 10:24:00,12856,United Kingdom,2,2,2,4.5
C566461,2011-09-12 17:21:00,16713,United Kingdom,1,1,2,4.5
C557465,2011-06-20 13:07:00,14796,United Kingdom,1,1,3,4.47
C527750,2010-10-18 16:31:00,15346,United Kingdom,1,1,3,4.47
C524527,2010-09-29 13:18:00,14606,United Kingdom,3,3,3,4.43
C506128,2010-04-27 14:39:00,15005,United Kingdom,3,3,3,4.39
C521008,2010-09-01 14:23:00,13534,United Kingdom,2,2,3,4.35
C511834,2010-06-10 17:10:00,13313,United Kingdom,1,1,3,4.35
C506098,2010-04-27 12:34:00,16117,United Kingdom,1,1,3,4.35
C545849,2011-03-07 13:42:00,16598,United Kingdom,1,1,3,4.35
C555595,2011-06-06 10:14:00,17652,United Kingdom,3,3,14,4.34
C547807,2011-03-25 13:41:00,14194,United Kingdom,2,2,6,4.3
C525551,2010-10-05 19:40:00,14299,United Kingdom,2,2,6,4.3
C507702,2010-05-11 11:00:00,13974,United Kingdom,1,1,1,4.25
C508231,2010-05-13 17:28:00,16092,United Kingdom,1,1,5,4.25
C513408,2010-06-24 12:09:00,13093,United Kingdom,1,1,5,4.25
C526726,2010-10-12 17:27:00,15978,United Kingdom,1,1,1,4.25
C519953,2010-08-23 11:00:00,13089,United Kingdom,1,1,5,4.25
C581323,2011-12-08 11:53:00,14442,Channel Islands,1,1,1,4.25
C557879,2011-06-23 13:15:00,14911,EIRE,1,1,1,4.25
C540950,2011-01-12 12:51:00,18226,United Kingdom,1,1,1,4.25
C520988,2010-09-01 13:11:00,17677,United Kingdom,1,1,1,4.25
C524399,2010-09-28 18:38:00,13317,United Kingdom,1,1,1,4.25
C557282,2011-06-19 12:25:00,13632,United Kingdom,1,1,1,4.25
C516024,2010-07-16 10:34:00,17965,United Kingdom,1,1,1,4.25
C534837,2010-11-24 13:09:00,16065,United Kingdom,1,1,1,4.25
C491693,2009-12-13 13:22:00,14514,United Kingdom,1,1,1,4.25
C550300,2011-04-17 10:10:00,17243,United Kingdom,1,1,1,4.25
C524847,2010-09-30 18:29:00,14875,United Kingdom,1,1,1,4.25
C543769,2011-02-11 15:22:00,17213,United Kingdom,1,1,1,4.25
C543766,2011-02-11 15:18:00,13319,United Kingdom,1,1,1,4.25
C492802,2009-12-20 12:05:00,17231,United Kingdom,1,1,1,4.25
C534795,2010-11-24 11:47:00,13019,United Kingdom,1,1,1,4.25
C494369,2010-01-13 16:12:00,13078,United Kingdom,1,1,1,4.25
C546535,2011-03-14 14:11:00,15502,United Kingdom,1,1,1,4.25
C559467,2011-07-08 13:33:00,13078,United Kingdom,1,1,1,4.25
C532388,2010-11-11 19:10:00,17677,United Kingdom,1,1,1,4.25
C542270,2011-01-27 09:35:00,13050,United Kingdom,1,1,1,4.25
C566939,2011-09-15 16:11:00,14111,United Kingdom,1,1,1,4.25
C578282,2011-11-23 13:54:00,17841,United Kingdom,1,1,1,4.25
C489530,2009-12-01 11:56:00,14748,United Kingdom,1,1,1,4.25
C540791,2011-01-11 11:49:00,13534,United Kingdom,1,1,1,4.25
C551336,2011-04-27 16:53:00,13993,United Kingdom,1,1,1,4.25
C509297,2010-05-21 11:56:00,14047,United Kingdom,1,1,1,4.25
C564215,2011-08-24 09:22:00,16133,United Kingdom,1,1,1,4.25
C566474,2011-09-12 18:26:00,15136,United Kingdom,1,1,1,4.25
C548488,2011-03-31 13:03:00,16638,United Kingdom,1,1,1,4.25
C563610,2011-08-18 06:36:00,14937,Channel Islands,1,1,1,4.25
C501315,2010-03-16 09:31:00,17707,United Kingdom,1,1,1,4.25
C526088,2010-10-08 12:14:00,17809,United Kingdom,1,1,1,4.25
C575174,2011-11-08 17:56:00,14156,EIRE,1,1,5,4.25
C518343,2010-08-06 13:54:00,13468,United Kingdom,1,1,1,4.25
C496735,2010-02-03 14:26:00,13319,United Kingdom,1,1,1,4.25
C504319,2010-04-12 14:49:00,12418,Switzerland,1,1,1,4.25
C513466,2010-06-24 16:18:00,14198,United Kingdom,1,1,5,4.25
C490251,2009-12-04 12:29:00,16541,United Kingdom,1,1,1,4.25
C520543,2010-08-26 16:11:00,17402,United Kingdom,1,1,1,4.25
C557655,2011-06-21 17:36:00,15125,United Kingdom,1,1,1,4.25
C493869,2010-01-07 17:19:00,13136,United Kingdom,1,1,1,4.25
C567355,2011-09-19 16:16:00,15764,United Kingdom,1,1,1,4.25
C493411,2010-01-04 09:43:00,14590,United Kingdom,1,1,1,4.25
C527368,2010-10-17 11:35:00,12841,United Kingdom,1,1,1,4.25
C493862,2010-01-07 16:21:00,14480,United Kingdom,1,1,1,4.25
C493829,2010-01-07 13:24:00,15622,United Kingdom,1,1,1,4.25
C529343,2010-10-27 16:42:00,17322,United Kingdom,1,1,1,4.25
C537798,2010-12-08 13:07:00,16553,United Kingdom,1,1,1,4.25
C530667,2010-11-04 10:54:00,15738,United Kingdom,1,1,5,4.25
C545509,2011-03-03 11:54:00,17017,United Kingdom,1,1,5,4.25
C533758,2010-11-18 14:34:00,17315,United Kingdom,1,1,1,4.25
C572532,2011-10-24 16:03:00,12380,Belgium,1,1,1,4.25
C550959,2011-04-21 16:38:00,15594,United Kingdom,1,1,1,4.25
C543918,2011-02-14 13:42:00,12921,United Kingdom,1,1,5,4.25
C537417,2010-12-06 15:12:00,13481,United Kingdom,1,1,1,4.25
C560987,2011-07-22 13:09:00,16859,United Kingdom,1,1,1,4.25
C554691,2011-05-25 16:57:00,12921,United Kingdom,1,1,1,4.25
C554692,2011-05-25 16:57:00,12935,United Kingdom,1,1,1,4.25
C498591,2010-02-21 15:37:00,15827,United Kingdom,1,1,1,4.25
C567357,2011-09-19 16:23:00,16211,United Kingdom,1,1,1,4.25
C509978,2010-05-26 14:06:00,14649,United Kingdom,1,1,1,4.25
C503803,2010-04-07 13:54:00,13939,United Kingdom,1,1,1,4.25
C572113,2011-10-20 19:14:00,15179,United Kingdom,1,1,1,4.25
C561886,2011-07-31 13:20:00,15532,United Kingdom,1,1,5,4.25
C555269,2011-06-01 16:21:00,15140,United Kingdom,1,1,5,4.25
C489587,2009-12-01 13:52:00,16422,United Kingdom,1,1,5,4.25
C494493,2010-01-14 17:26:00,15326,United Kingdom,1,1,1,4.25
C551841,2011-05-04 13:40:00,15311,United Kingdom,1,1,4,4.24
C550961,2011-04-21 16:40:00,14428,United Kingdom,1,1,4,4.24
C499277,2010-02-25 18:38:00,13604,United Kingdom,2,2,3,4.23
C505039,2010-04-19 14:32:00,,United Kingdom,1,1,1,4.21
C506528,2010-04-30 11:05:00,15093,United Kingdom,2,2,2,4.2
C519479,2010-08-17 12:52:00,13405,United Kingdom,1,1,2,4.2
C551670,2011-05-03 12:38:00,15898,United Kingdom,1,1,2,4.2
C516462,2010-07-20 14:18:00,15101,United Kingdom,1,1,2,4.2
C529187,2010-10-26 18:44:00,13552,United Kingdom,1,1,2,4.2
C499898,2010-03-03 11:54:00,14593,United Kingdom,1,1,2,4.2
C509864,2010-05-26 10:18:00,12921,United Kingdom,1,1,2,4.2
C519472,2010-08-17 11:57:00,15264,United Kingdom,2,2,2,4.2
C505401,2010-04-22 10:15:00,15078,United Kingdom,2,2,2,4.2
C524636,2010-09-30 11:27:00,14226,United Kingdom,1,1,2,4.2
C506479,2010-04-30 10:27:00,15601,United Kingdom,2,2,2,4.2
C546931,2011-03-18 10:40:00,12989,United Kingdom,1,1,2,4.2
C522735,2010-09-16 12:56:00,14625,United Kingdom,2,2,2,4.2
C534849,2010-11-24 13:36:00,18172,United Kingdom,1,1,2,4.2
C527628,2010-10-18 13:48:00,14754,United Kingdom,1,1,2,4.2
C519942,2010-08-23 10:11:00,13405,United Kingdom,1,1,2,4.2
C508233,2010-05-13 17:32:00,15664,United Kingdom,1,1,2,4.2
C556957,2011-06-16 09:04:00,12705,Germany,1,1,2,4.2
C503254,2010-03-31 10:49:00,13871,United Kingdom,1,1,2,4.2
C503201,2010-03-30 15:44:00,16558,United Kingdom,2,2,2,4.199999999999999
C542798,2011-02-01 11:09:00,12477,Germany,2,2,2,4.199999999999999
C524364,2010-09-28 17:11:00,13983,United Kingdom,2,2,4,4.199999999999999
C536078,2010-11-30 11:08:00,17612,United Kingdom,2,2,2,4.199999999999999
C547851,2011-03-27 12:08:00,16782,United Kingdom,2,2,2,4.199999999999999
C569952,2011-10-06 18:30:00,16160,United Kingdom,1,1,2,4.16
C569974,2011-10-06 19:24:00,14092,United Kingdom,1,1,2,4.16
C567643,2011-09-21 14:16:00,12409,Switzerland,1,1,1,4.15
C556101,2011-06-08 16:06:00,15643,United Kingdom,1,1,1,4.15
C510834,2010-06-03 20:16:00,13093,United Kingdom,2,2,3,4.15
C567965,2011-09-23 09:23:00,14911,EIRE,1,1,1,4.15
C567345,2011-09-19 15:53:00,14911,EIRE,1,1,1,4.15
C570553,2011-10-11 11:01:00,14800,United Kingdom,1,1,1,4.15
C569969,2011-10-06 18:56:00,17159,United Kingdom,1,1,1,4.15
C566752,2011-09-14 15:46:00,14397,United Kingdom,1,1,1,4.15
C578342,2011-11-24 09:15:00,15993,United Kingdom,1,1,1,4.15
C542218,2011-01-26 12:36:00,14606,United Kingdom,3,3,3,4.15
C555880,2011-06-07 15:32:00,15643,United Kingdom,1,1,1,4.15
C580522,2011-12-04 14:59:00,13435,United Kingdom,1,1,1,4.15
C573180,2011-10-28 11:00:00,,United Kingdom,1,1,1,4.15
C513464,2010-06-24 16:13:00,15785,United Kingdom,2,2,3,4.1499999999999995
C564952,2011-08-31 13:36:00,14188,United Kingdom,2,2,3,4.1499999999999995
C507919,2010-05-12 09:28:00,16108,United Kingdom,2,2,3,4.1499999999999995
C528075,2010-10-20 12:39:00,16797,United Kingdom,2,2,3,4.1499999999999995
C561018,2011-07-22 16:50:00,14916,United Kingdom,2,2,4,4.140000000000001
C561966,2011-08-01 13:11:00,,United Kingdom,1,1,1,4.13
C557043,2011-06-16 14:33:00,14245,United Kingdom,2,2,2,4.12
C554925,2011-05-27 12:57:00,17272,United Kingdom,2,2,2,4.1
C579895,2011-12-01 08:27:00,14329,United Kingdom,1,1,5,4.1
C544458,2011-02-20 13:48:00,14667,United Kingdom,2,2,2,4.05
C504198,2010-04-12 10:30:00,17426,United Kingdom,2,2,2,4.05
C511024,2010-06-06 09:41:00,16242,United Kingdom,2,2,2,4.05
C512085,2010-06-13 12:33:00,17920,United Kingdom,2,2,2,4.0
C492670,2009-12-17 18:10:00,16351,United Kingdom,3,3,4,4.0
C514000,2010-06-30 09:18:00,17696,United Kingdom,2,2,3,3.99
C571861,2011-10-19 13:43:00,16670,United Kingdom,1,1,1,3.95
C525580,2010-10-06 11:09:00,17243,United Kingdom,1,1,1,3.95
C505402,2010-04-22 10:19:00,16705,United Kingdom,1,1,1,3.95
C570005,2011-10-07 09:22:00,14462,United Kingdom,1,1,1,3.95
C562801,2011-08-09 14:35:00,15194,United Kingdom,1,1,1,3.95
C560643,2011-07-20 11:09:00,17866,United Kingdom,1,1,1,3.95
C534771,2010-11-24 10:40:00,16782,United Kingdom,1,1,1,3.95
C521322,2010-09-03 12:18:00,17442,United Kingdom,1,1,1,3.95
C554273,2011-05-23 13:09:00,13883,United Kingdom,1,1,1,3.95
C568581,2011-09-28 09:59:00,15804,United Kingdom,1,1,1,3.95
C579913,2011-12-01 08:55:00,14626,United Kingdom,1,1,1,3.95
C554525,2011-05-24 17:19:00,15093,United Kingdom,1,1,1,3.95
C498915,2010-02-23 16:40:00,16992,United Kingdom,1,1,1,3.95
C555239,2011-06-01 13:00:00,15039,United Kingdom,1,1,1,3.95
C506753,2010-05-04 11:49:00,14911,EIRE,1,1,1,3.95
C502290,2010-03-24 08:48:00,12921,United Kingdom,1,1,6,3.9
C516581,2010-07-21 13:19:00,16168,United Kingdom,1,1,2,3.9
C555345,2011-06-02 11:51:00,13267,United Kingdom,1,1,2,3.9
C539191,2010-12-16 11:59:00,17062,United Kingdom,1,1,2,3.9
C538742,2010-12-14 11:26:00,13599,United Kingdom,1,1,2,3.9
C514273,2010-07-01 11:16:00,14451,United Kingdom,1,1,2,3.9
C518996,2010-08-12 17:48:00,15521,United Kingdom,1,1,2,3.9
C559534,2011-07-10 12:11:00,16283,United Kingdom,1,1,2,3.9
C532262,2010-11-11 12:54:00,13857,United Kingdom,1,1,2,3.9
C515155,2010-07-08 15:14:00,13564,United Kingdom,1,1,2,3.9
C571635,2011-10-18 11:39:00,16393,United Kingdom,2,2,2,3.9
C509770,2010-05-25 16:05:00,13048,United Kingdom,1,1,2,3.9
C519492,2010-08-17 13:59:00,17063,United Kingdom,1,1,2,3.9
C514213,2010-06-30 17:30:00,14835,United Kingdom,1,1,2,3.9
C507725,2010-05-11 12:03:00,14389,United Kingdom,2,2,2,3.9
C573271,2011-10-28 13:00:00,14606,United Kingdom,1,1,2,3.9
C502086,2010-03-22 15:57:00,16911,United Kingdom,2,2,2,3.9
C516838,2010-07-23 11:09:00,14477,United Kingdom,1,1,2,3.9
C506159,2010-04-27 17:26:00,13999,United Kingdom,1,1,2,3.9
C547710,2011-03-24 19:27:00,14875,United Kingdom,1,1,2,3.9
C529359,2010-10-28 09:46:00,12474,Germany,1,1,2,3.9
C528143,2010-10-20 15:45:00,12694,France,1,1,2,3.9
C492758,2009-12-18 14:08:00,14031,United Kingdom,2,2,2,3.9
C560474,2011-07-19 10:46:00,12705,Germany,1,1,2,3.9
C497156,2010-02-05 16:24:00,12840,United Kingdom,1,1,2,3.9
C566584,2011-09-13 13:59:00,17779,United Kingdom,1,1,2,3.9
C511806,2010-06-10 15:29:00,15311,United Kingdom,1,1,6,3.84
C526844,2010-10-13 12:08:00,12909,United Kingdom,2,2,3,3.83
C581322,2011-12-08 11:51:00,18223,United Kingdom,2,2,2,3.8000000000000003
C540244,2011-01-05 15:40:00,17213,United Kingdom,2,2,2,3.8000000000000003
C516180,2010-07-18 14:37:00,14546,United Kingdom,2,2,2,3.8000000000000003
C542805,2011-02-01 11:19:00,14606,United Kingdom,2,2,2,3.8000000000000003
C536543,2010-12-01 14:30:00,17841,United Kingdom,2,2,3,3.8
C541828,2011-01-21 17:06:00,13769,United Kingdom,2,2,3,3.8
C546267,2011-03-10 15:02:00,15093,United Kingdom,1,1,9,3.78
C579890,2011-12-01 08:14:00,15197,United Kingdom,3,3,4,3.77
C520557,2010-08-26 16:41:00,17599,United Kingdom,1,1,1,3.75
C563222,2011-08-14 14:28:00,15660,United Kingdom,1,1,3,3.75
C562111,2011-08-02 15:48:00,15125,United Kingdom,1,1,1,3.75
C566966,2011-09-15 18:02:00,16362,United Kingdom,1,1,1,3.75
C490983,2009-12-08 16:57:00,16955,United Kingdom,1,1,1,3.75
C490974,2009-12-08 16:41:00,16451,United Kingdom,1,1,3,3.75
C543356,2011-02-07 13:52:00,14443,United Kingdom,2,2,3,3.75
C499872,2010-03-02 17:25:00,15321,United Kingdom,1,1,3,3.75
C513977,2010-06-30 08:16:00,17961,United Kingdom,1,1,1,3.75
C493087,2009-12-22 10:43:00,13026,United Kingdom,1,1,1,3.75
C550809,2011-04-20 15:58:00,14189,United Kingdom,1,1,1,3.75
C575650,2011-11-10 14:24:00,14194,United Kingdom,1,1,1,3.75
C546238,2011-03-10 12:58:00,13767,United Kingdom,1,1,1,3.75
C516599,2010-07-21 14:05:00,16054,United Kingdom,1,1,1,3.75
C493182,2009-12-22 12:02:00,18092,United Kingdom,1,1,1,3.75
C498619,2010-02-22 10:32:00,14159,United Kingdom,1,1,1,3.75
C525521,2010-10-05 17:15:00,14451,United Kingdom,1,1,1,3.75
C506881,2010-05-04 16:48:00,12915,United Kingdom,1,1,1,3.75
C561510,2011-07-27 14:51:00,14534,United Kingdom,1,1,1,3.75
C572117,2011-10-20 19:19:00,17603,United Kingdom,1,1,1,3.75
C564911,2011-08-31 12:32:00,16133,United Kingdom,1,1,1,3.75
C514093,2010-06-30 12:09:00,14606,United Kingdom,2,2,2,3.75
C580769,2011-12-06 10:55:00,14869,United Kingdom,1,1,1,3.75
C581106,2011-12-07 12:14:00,13668,United Kingdom,1,1,1,3.75
C551522,2011-05-01 11:59:00,14800,United Kingdom,2,2,2,3.75
C572112,2011-10-20 19:13:00,14113,United Kingdom,1,1,1,3.75
C555105,2011-05-31 14:09:00,17841,United Kingdom,1,1,1,3.75
C561379,2011-07-26 17:12:00,13668,United Kingdom,1,1,3,3.75
C517244,2010-07-27 14:43:00,15306,United Kingdom,1,1,1,3.75
C554342,2011-05-23 17:42:00,16912,United Kingdom,1,1,1,3.75
C557475,2011-06-20 13:33:00,13517,United Kingdom,1,1,1,3.75
C534207,2010-11-21 15:45:00,15579,United Kingdom,1,1,1,3.75
C534231,2010-11-22 10:02:00,16905,United Kingdom,1,1,1,3.75
C517902,2010-08-03 09:16:00,15998,United Kingdom,1,1,3,3.75
C525166,2010-10-04 12:14:00,12474,Germany,1,1,1,3.75
C558465,2011-06-29 15:19:00,13418,United Kingdom,1,1,1,3.75
C531428,2010-11-08 11:14:00,16732,United Kingdom,1,1,1,3.75
C547849,2011-03-27 12:06:00,12471,Germany,1,1,3,3.75
C563601,2011-08-18 06:25:00,13047,United Kingdom,1,1,3,3.75
C579924,2011-12-01 09:13:00,16293,United Kingdom,1,1,3,3.75
C575763,2011-11-11 10:55:00,15034,United Kingdom,1,1,1,3.75
C495932,2010-01-27 15:26:00,12857,United Kingdom,1,1,1,3.75
C499963,2010-03-03 13:15:00,16118,United Kingdom,1,1,1,3.75
C549013,2011-04-05 14:52:00,15648,United Kingdom,1,1,1,3.75
C577683,2011-11-21 10:51:00,14493,United Kingdom,1,1,1,3.75
C548891,2011-04-04 15:34:00,13418,United Kingdom,1,1,1,3.75
C566780,2011-09-15 10:08:00,12997,United Kingdom,2,2,3,3.75
C562367,2011-08-04 14:03:00,17811,United Kingdom,1,1,1,3.75
C546511,2011-03-14 12:19:00,12921,United Kingdom,1,1,1,3.75
C494366,2010-01-13 16:07:00,13854,United Kingdom,1,1,1,3.75
C543761,2011-02-11 15:13:00,12943,United Kingdom,1,1,1,3.75
C542244,2011-01-26 15:04:00,13098,United Kingdom,1,1,1,3.75
C543636,2011-02-10 16:34:00,13767,United Kingdom,1,1,1,3.75
C491621,2009-12-11 14:10:00,14625,United Kingdom,1,1,1,3.75
C522765,2010-09-16 13:56:00,13615,United Kingdom,1,1,1,3.75
C515975,2010-07-16 08:01:00,17531,United Kingdom,1,1,1,3.75
C515807,2010-07-14 16:49:00,13093,United Kingdom,1,1,1,3.75
C546783,2011-03-17 09:32:00,12924,United Kingdom,1,1,1,3.75
C539499,2010-12-20 11:01:00,15312,United Kingdom,1,1,3,3.75
C574492,2011-11-04 13:06:00,16656,United Kingdom,1,1,1,3.75
C553534,2011-05-17 15:15:00,14849,United Kingdom,1,1,1,3.75
C527919,2010-10-19 13:13:00,14911,EIRE,1,1,1,3.75
C502190,2010-03-23 11:42:00,12809,Portugal,1,1,1,3.75
C502243,2010-03-23 13:30:00,12809,Portugal,1,1,1,3.75
C569119,2011-09-30 12:57:00,14194,United Kingdom,3,3,3,3.75
C578164,2011-11-23 11:34:00,14032,United Kingdom,1,1,1,3.75
C552241,2011-05-06 17:38:00,14676,United Kingdom,1,1,1,3.75
C534823,2010-11-24 12:55:00,15182,United Kingdom,1,1,1,3.75
C534825,2010-11-24 12:57:00,13319,United Kingdom,1,1,1,3.75
C497737,2010-02-12 10:06:00,14606,United Kingdom,3,3,3,3.75
C521474,2010-09-06 12:16:00,14949,United Kingdom,1,1,3,3.75
C521468,2010-09-06 11:52:00,17841,United Kingdom,1,1,1,3.75
C492533,2009-12-17 13:00:00,17377,United Kingdom,1,1,1,3.75
C574886,2011-11-07 14:07:00,14606,United Kingdom,1,1,1,3.75
C520963,2010-09-01 12:17:00,17599,United Kingdom,1,1,1,3.75
C514868,2010-07-07 09:54:00,14748,United Kingdom,1,1,1,3.75
C504169,2010-04-12 07:31:00,15719,United Kingdom,1,1,1,3.75
C496025,2010-01-28 14:12:00,,United Kingdom,1,1,1,3.75
C550752,2011-04-20 11:49:00,13089,United Kingdom,1,1,1,3.75
C543980,2011-02-14 16:39:00,14189,United Kingdom,1,1,1,3.75
C490756,2009-12-08 09:27:00,12424,Australia,2,2,3,3.75
C493838,2010-01-07 13:50:00,17677,United Kingdom,1,1,1,3.75
C566672,2011-09-14 11:39:00,13145,United Kingdom,1,1,3,3.75
C493082,2009-12-22 10:03:00,15115,United Kingdom,1,1,1,3.75
C548174,2011-03-29 14:17:00,13662,United Kingdom,1,1,1,3.75
C541818,2011-01-21 16:34:00,17389,United Kingdom,1,1,1,3.75
C523400,2010-09-21 20:21:00,16556,United Kingdom,1,1,1,3.75
C523395,2010-09-21 20:07:00,16646,United Kingdom,1,1,1,3.75
C530701,2010-11-04 11:10:00,13981,United Kingdom,1,1,1,3.75
C515694,2010-07-14 12:12:00,16739,United Kingdom,1,1,1,3.75
C566177,2011-09-09 12:38:00,14108,United Kingdom,1,1,1,3.75
C566036,2011-09-08 13:21:00,17811,United Kingdom,1,1,1,3.75
C569922,2011-10-06 17:38:00,16842,United Kingdom,1,1,1,3.75
C569938,2011-10-06 17:55:00,14211,United Kingdom,1,1,1,3.75
C532383,2010-11-11 18:25:00,12943,United Kingdom,1,1,1,3.75
C497022,2010-02-05 12:48:00,15137,United Kingdom,1,1,3,3.75
C579169,2011-11-28 14:26:00,17924,United Kingdom,1,1,1,3.75
C579748,2011-11-30 14:41:00,14875,United Kingdom,1,1,1,3.75
C571316,2011-10-17 10:47:00,15091,United Kingdom,1,1,3,3.75
C495015,2010-01-20 13:08:00,13093,United Kingdom,1,1,1,3.75
C542038,2011-01-25 11:47:00,14534,United Kingdom,1,1,1,3.75
C532404,2010-11-11 19:36:00,14426,United Kingdom,1,1,1,3.75
C563197,2011-08-14 09:57:00,13047,United Kingdom,1,1,3,3.75
C522850,2010-09-17 11:19:00,15759,United Kingdom,1,1,1,3.75
C522870,2010-09-17 11:44:00,12921,United Kingdom,1,1,3,3.75
C524401,2010-09-28 18:40:00,16298,United Kingdom,1,1,1,3.75
C518750,2010-08-11 12:27:00,14142,United Kingdom,1,1,1,3.75
C536349,2010-11-30 16:40:00,18245,United Kingdom,1,1,3,3.75
C540792,2011-01-11 11:50:00,16203,United Kingdom,1,1,1,3.75
C520049,2010-08-23 14:52:00,17231,United Kingdom,1,1,1,3.75
C526730,2010-10-12 17:35:00,17091,United Kingdom,1,1,1,3.75
C571336,2011-10-17 11:43:00,16652,United Kingdom,1,1,1,3.75
C563612,2011-08-18 06:39:00,17442,United Kingdom,1,1,1,3.75
C544553,2011-02-21 12:09:00,14092,United Kingdom,1,1,1,3.75
C567677,2011-09-21 15:57:00,12409,Switzerland,2,2,4,3.74
C579562,2011-11-30 11:39:00,12553,France,2,2,2,3.73
C560652,2011-07-20 11:39:00,16393,United Kingdom,2,2,2,3.73
C567198,2011-09-19 10:11:00,14159,United Kingdom,3,3,5,3.7
C509583,2010-05-24 14:59:00,17746,United Kingdom,1,1,2,3.7
C542799,2011-02-01 11:12:00,14606,United Kingdom,2,2,2,3.67
C530943,2010-11-04 17:47:00,15620,United Kingdom,3,3,5,3.65
C559348,2011-07-07 17:25:00,16550,United Kingdom,2,2,3,3.65
C528879,2010-10-25 12:17:00,14534,United Kingdom,2,2,2,3.6399999999999997
C547802,2011-03-25 13:12:00,12921,United Kingdom,1,1,5,3.6
C523386,2010-09-21 19:51:00,13983,United Kingdom,2,2,2,3.5999999999999996
C503145,2010-03-30 12:15:00,14505,United Kingdom,2,2,2,3.5999999999999996
C495101,2010-01-21 11:06:00,14714,United Kingdom,2,2,2,3.59
C566176,2011-09-09 12:37:00,16133,United Kingdom,1,1,2,3.58
C532031,2010-11-10 13:23:00,15311,United Kingdom,2,2,4,3.56
C501339,2010-03-16 10:37:00,17774,United Kingdom,1,1,1,3.49
C563240,2011-08-15 10:06:00,15048,United Kingdom,1,1,12,3.4799999999999995
C493809,2010-01-07 11:42:00,14032,United Kingdom,1,1,1,3.45
C494449,2010-01-14 13:49:00,13093,United Kingdom,1,1,1,3.45
C520355,2010-08-25 13:32:00,15625,United Kingdom,2,2,5,3.45
C560699,2011-07-20 12:32:00,13217,United Kingdom,1,1,4,3.4
C540949,2011-01-12 12:49:00,13093,United Kingdom,2,2,4,3.4
C526593,2010-10-12 11:53:00,14035,United Kingdom,2,2,2,3.4
C495032,2010-01-20 14:05:00,13982,United Kingdom,2,2,2,3.4
C576350,2011-11-14 15:41:00,17730,United Kingdom,1,1,4,3.4
C502900,2010-03-29 12:05:00,15605,United Kingdom,1,1,4,3.4
C524845,2010-09-30 18:20:00,14156,EIRE,1,1,4,3.4
C527637,2010-10-18 13:51:00,16476,United Kingdom,1,1,4,3.4
C546548,2011-03-14 16:42:00,16518,United Kingdom,2,2,2,3.4
C574496,2011-11-04 13:13:00,14156,EIRE,1,1,4,3.4
C552027,2011-05-05 18:09:00,16705,United Kingdom,1,1,1,3.39
C493426,2010-01-04 10:41:00,16550,United Kingdom,1,1,1,3.39
C564204,2011-08-24 08:55:00,13576,United Kingdom,1,1,1,3.39
C514368,2010-07-01 19:19:00,15015,United Kingdom,1,1,2,3.38
C510811,2010-06-03 19:20:00,16353,United Kingdom,1,1,2,3.38
C529992,2010-10-31 16:21:00,16984,United Kingdom,1,1,2,3.38
C500783,2010-03-10 10:50:00,15309,United Kingdom,1,1,2,3.38
C492827,2009-12-20 15:07:00,15329,United Kingdom,2,2,2,3.35
C566464,2011-09-12 17:54:00,15764,United Kingdom,2,2,2,3.35
C568377,2011-09-27 08:53:00,14911,EIRE,2,2,3,3.35
C489955,2009-12-03 10:57:00,12484,Spain,2,2,2,3.35
C558698,2011-07-01 12:11:00,16746,United Kingdom,3,3,3,3.3499999999999996
C551521,2011-05-01 11:58:00,16401,United Kingdom,1,1,2,3.3
C561619,2011-07-28 13:31:00,13408,United Kingdom,1,1,2,3.3
C524359,2010-09-28 17:05:00,17063,United Kingdom,1,1,2,3.3
C579968,2011-12-01 11:13:00,14189,United Kingdom,2,2,2,3.3
C536202,2010-11-30 13:11:00,14233,United Kingdom,1,1,2,3.3
C535983,2010-11-29 13:17:00,14606,United Kingdom,2,2,2,3.3
C550466,2011-04-18 13:34:00,14032,United Kingdom,1,1,2,3.3
C550486,2011-04-18 14:16:00,16735,United Kingdom,1,1,2,3.3
C570066,2011-10-07 11:09:00,16523,United Kingdom,1,1,2,3.3
C542082,2011-01-25 12:25:00,15213,United Kingdom,1,1,2,3.3
C509172,2010-05-20 15:44:00,12820,United Kingdom,1,1,2,3.3
C515959,2010-07-16 07:15:00,17531,United Kingdom,1,1,2,3.3
C547495,2011-03-23 12:11:00,15021,United Kingdom,1,1,2,3.3
C494331,2010-01-13 12:04:00,13457,United Kingdom,1,1,2,3.3
C568570,2011-09-28 09:04:00,15358,United Kingdom,1,1,2,3.3
C504181,2010-04-12 08:58:00,14748,United Kingdom,1,1,2,3.3
C577385,2011-11-18 16:53:00,14189,United Kingdom,2,2,2,3.3
C525544,2010-10-05 19:22:00,16232,United Kingdom,1,1,2,3.3
C545825,2011-03-07 13:01:00,12839,United Kingdom,1,1,2,3.3
C562048,2011-08-02 11:19:00,13534,United Kingdom,2,2,2,3.3
C560558,2011-07-19 13:22:00,12921,United Kingdom,1,1,2,3.3
C562206,2011-08-03 12:55:00,15625,United Kingdom,1,1,2,3.3
C522848,2010-09-17 11:05:00,15092,United Kingdom,1,1,2,3.3
C562799,2011-08-09 14:31:00,16609,United Kingdom,1,1,2,3.3
C548543,2011-03-31 18:44:00,14525,United Kingdom,1,1,2,3.3
C550177,2011-04-14 17:17:00,13534,United Kingdom,1,1,2,3.3
C532830,2010-11-15 09:56:00,14911,EIRE,1,1,2,3.3
C511688,2010-06-09 15:54:00,13020,United Kingdom,1,1,2,3.3
C554716,2011-05-26 11:03:00,,United Kingdom,2,2,2,3.3
C493362,2009-12-23 10:17:00,14477,United Kingdom,1,1,2,3.3
C534043,2010-11-19 16:42:00,13198,United Kingdom,1,1,2,3.3
C576242,2011-11-14 13:37:00,16747,United Kingdom,1,1,2,3.3
C562030,2011-08-01 17:03:00,,United Kingdom,1,1,1,3.29
C564063,2011-08-22 15:00:00,16184,United Kingdom,1,1,1,3.25
C558239,2011-06-27 15:24:00,16966,United Kingdom,1,1,1,3.25
C512650,2010-06-17 11:10:00,,United Kingdom,1,1,5,3.25
C555386,2011-06-02 15:23:00,15194,United Kingdom,1,1,1,3.25
C517961,2010-08-03 12:33:00,12770,Japan,1,1,1,3.25
C531434,2010-11-08 12:00:00,17084,United Kingdom,1,1,1,3.25
C492664,2009-12-17 18:01:00,12709,Germany,1,1,1,3.25
C555074,2011-05-31 11:44:00,16837,United Kingdom,1,1,1,3.25
C498920,2010-02-24 09:16:00,14329,United Kingdom,1,1,1,3.25
C557965,2011-06-24 09:32:00,13115,United Kingdom,1,1,1,3.25
C536829,2010-12-02 17:36:00,13295,United Kingdom,1,1,1,3.25
C503208,2010-03-30 15:54:00,14227,United Kingdom,2,2,2,3.2
C518342,2010-08-06 13:53:00,16168,United Kingdom,2,2,2,3.2
C553557,2011-05-17 17:03:00,13266,United Kingdom,2,2,2,3.2
C523399,2010-09-21 20:20:00,13579,United Kingdom,2,2,4,3.2
C574503,2011-11-04 13:19:00,16191,United Kingdom,2,2,2,3.2
C546313,2011-03-10 18:18:00,13094,United Kingdom,1,1,3,3.18
C546174,2011-03-10 10:38:00,13094,United Kingdom,1,1,3,3.18
C559740,2011-07-12 11:08:00,17381,United Kingdom,1,1,3,3.18
C571473,2011-10-17 14:38:00,12679,France,1,1,3,3.18
C581162,2011-12-07 14:32:00,14739,United Kingdom,1,1,3,3.18
C558615,2011-06-30 16:20:00,17719,United Kingdom,1,1,4,3.16
C545040,2011-02-27 10:25:00,13684,United Kingdom,1,1,1,3.0
C525917,2010-10-07 16:17:00,16269,United Kingdom,1,1,2,2.98
C505406,2010-04-22 10:22:00,17769,United Kingdom,2,2,6,2.98
C563605,2011-08-18 06:29:00,14112,United Kingdom,1,1,1,2.95
C530993,2010-11-05 11:02:00,13646,United Kingdom,1,1,1,2.95
C571856,2011-10-19 13:37:00,17063,United Kingdom,1,1,1,2.95
C551712,2011-05-03 15:04:00,13267,United Kingdom,1,1,1,2.95
C552016,2011-05-05 17:38:00,15696,United Kingdom,1,1,1,2.95
C550664,2011-04-20 09:31:00,16923,United Kingdom,1,1,1,2.95
C514384,2010-07-02 11:34:00,16923,United Kingdom,1,1,1,2.95
C579127,2011-11-28 12:22:00,12674,France,1,1,1,2.95
C562876,2011-08-10 10:42:00,15110,United Kingdom,1,1,1,2.95
C553397,2011-05-16 16:58:00,17841,United Kingdom,1,1,1,2.95
C540814,2011-01-11 12:50:00,15518,United Kingdom,1,1,1,2.95
C545520,2011-03-03 12:30:00,14744,United Kingdom,1,1,1,2.95
C491213,2009-12-10 14:34:00,14043,United Kingdom,1,1,1,2.95
C497502,2010-02-10 11:16:00,14606,United Kingdom,1,1,1,2.95
C571927,2011-10-19 16:41:00,13109,United Kingdom,1,1,1,2.95
C497245,2010-02-08 11:45:00,15015,United Kingdom,1,1,1,2.95
C497243,2010-02-08 11:40:00,15015,United Kingdom,1,1,1,2.95
C566471,2011-09-12 18:18:00,16670,United Kingdom,1,1,1,2.95
C518340,2010-08-06 13:49:00,12853,United Kingdom,1,1,1,2.95
C543729,2011-02-11 11:55:00,15796,United Kingdom,1,1,1,2.95
C538066,2010-12-09 13:58:00,15738,United Kingdom,1,1,1,2.95
C510817,2010-06-03 19:45:00,17412,United Kingdom,1,1,1,2.95
C511131,2010-06-07 11:18:00,14247,United Kingdom,1,1,1,2.95
C558312,2011-06-28 11:30:00,12955,United Kingdom,1,1,1,2.95
C540391,2011-01-06 18:02:00,13047,United Kingdom,1,1,1,2.95
C547410,2011-03-23 09:02:00,18183,United Kingdom,1,1,1,2.95
C558255,2011-06-27 17:06:00,12955,United Kingdom,1,1,1,2.95
C503400,2010-03-31 16:04:00,15029,United Kingdom,1,1,1,2.95
C504167,2010-04-12 07:20:00,12590,Germany,1,1,1,2.95
C538695,2010-12-14 10:01:00,14032,United Kingdom,1,1,1,2.95
C545834,2011-03-07 13:16:00,13458,United Kingdom,1,1,1,2.95
C526173,2010-10-10 11:13:00,13736,United Kingdom,1,1,1,2.95
C544829,2011-02-24 09:53:00,17314,United Kingdom,2,2,2,2.95
C527150,2010-10-15 11:19:00,,United Kingdom,1,1,1,2.95
C552698,2011-05-10 15:50:00,13448,United Kingdom,1,1,1,2.95
C543778,2011-02-11 16:30:00,18084,United Kingdom,1,1,1,2.95
C552019,2011-05-05 17:46:00,14227,United Kingdom,2,2,2,2.95
C580805,2011-12-06 11:23:00,16764,United Kingdom,1,1,1,2.95
C580649,2011-12-05 13:20:00,14777,United Kingdom,1,1,1,2.95
C541416,2011-01-17 16:23:00,14606,United Kingdom,1,1,1,2.95
C489771,2009-12-02 11:36:00,13623,United Kingdom,1,1,1,2.95
C545867,2011-03-07 14:29:00,17841,United Kingdom,1,1,1,2.95
C567358,2011-09-19 16:31:00,16428,United Kingdom,1,1,1,2.95
C542912,2011-02-01 15:49:00,13141,United Kingdom,1,1,1,2.95
C534045,2010-11-19 16:56:00,17411,United Kingdom,1,1,1,2.95
C517899,2010-08-03 09:13:00,15754,United Kingdom,2,2,3,2.95
C493857,2010-01-07 16:11:00,15823,United Kingdom,1,1,1,2.95
C521964,2010-09-09 18:22:00,13093,United Kingdom,1,1,1,2.95
C498782,2010-02-23 10:56:00,12755,Japan,1,1,1,2.95
C499280,2010-02-25 18:51:00,14227,United Kingdom,1,1,1,2.95
C492633,2009-12-17 16:14:00,12997,United Kingdom,1,1,1,2.95
C504171,2010-04-12 07:50:00,13047,United Kingdom,1,1,1,2.95
C538726,2010-12-14 11:18:00,13078,United Kingdom,1,1,1,2.95
C504174,2010-04-12 08:09:00,15079,United Kingdom,1,1,1,2.95
C504187,2010-04-12 09:40:00,15122,United Kingdom,1,1,1,2.95
C516952,2010-07-25 15:38:00,13148,United Kingdom,1,1,1,2.95
C538876,2010-12-14 15:20:00,16499,United Kingdom,1,1,1,2.95
C502071,2010-03-22 15:32:00,17448,United Kingdom,1,1,1,2.95
C490148,2009-12-04 09:37:00,16961,United Kingdom,1,1,1,2.95
C524350,2010-09-28 16:19:00,14825,United Kingdom,1,1,1,2.95
C555358,2011-06-02 13:43:00,13854,United Kingdom,1,1,1,2.95
C539090,2010-12-16 09:48:00,16996,United Kingdom,1,1,1,2.95
C533377,2010-11-17 10:41:00,12755,Japan,1,1,1,2.95
C549254,2011-04-07 12:21:00,13769,United Kingdom,1,1,1,2.95
C499983,2010-03-03 15:59:00,15321,United Kingdom,1,1,1,2.95
C560390,2011-07-18 13:20:00,12930,United Kingdom,1,1,1,2.95
C521963,2010-09-09 18:20:00,15077,United Kingdom,1,1,1,2.95
C506531,2010-04-30 11:07:00,17448,United Kingdom,1,1,1,2.95
C517058,2010-07-26 13:20:00,14236,United Kingdom,1,1,1,2.95
C516974,2010-07-26 10:36:00,17469,United Kingdom,1,1,1,2.95
C504172,2010-04-12 07:52:00,16782,United Kingdom,1,1,1,2.95
C515985,2010-07-16 08:19:00,13425,United Kingdom,1,1,1,2.95
C574548,2011-11-04 15:11:00,18044,United Kingdom,1,1,1,2.95
C524849,2010-09-30 18:33:00,13985,United Kingdom,1,1,1,2.95
C505460,2010-04-22 11:40:00,15176,United Kingdom,1,1,1,2.95
C491592,2009-12-11 13:09:00,13890,United Kingdom,1,1,1,2.95
C512404,2010-06-15 12:55:00,18009,United Kingdom,1,1,1,2.95
C542352,2011-01-27 12:18:00,15596,United Kingdom,1,1,1,2.95
C560391,2011-07-18 13:21:00,12930,United Kingdom,1,1,1,2.95
C531569,2010-11-09 10:32:00,16684,United Kingdom,1,1,1,2.95
C515105,2010-07-08 12:18:00,18172,United Kingdom,1,1,1,2.95
C547231,2011-03-21 16:07:00,15291,United Kingdom,1,1,1,2.95
C504199,2010-04-12 10:55:00,14911,EIRE,1,1,1,2.95
C540152,2011-01-05 11:21:00,12395,Belgium,1,1,1,2.95
C542263,2011-01-26 17:16:00,14849,United Kingdom,1,1,1,2.95
C512465,2010-06-16 10:45:00,16625,United Kingdom,1,1,1,2.95
C569548,2011-10-04 17:31:00,18053,United Kingdom,1,1,1,2.95
C546932,2011-03-18 11:01:00,16297,United Kingdom,1,1,1,2.95
C548391,2011-03-30 17:06:00,13488,United Kingdom,1,1,1,2.95
C569988,2011-10-06 19:57:00,17231,United Kingdom,1,1,1,2.95
C531871,2010-11-10 11:38:00,14105,United Kingdom,1,1,1,2.95
C548605,2011-04-01 11:03:00,,United Kingdom,1,1,1,2.95
C532407,2010-11-11 19:40:00,16546,United Kingdom,1,1,1,2.95
C491608,2009-12-11 13:39:00,12533,Germany,1,1,1,2.95
C513407,2010-06-24 12:01:00,15381,United Kingdom,1,1,1,2.95
C557165,2011-06-17 11:10:00,15238,United Kingdom,1,1,1,2.95
C569950,2011-10-06 18:28:00,13499,United Kingdom,1,1,1,2.95
C515683,2010-07-14 11:52:00,18226,United Kingdom,1,1,1,2.95
C559533,2011-07-10 12:10:00,17126,United Kingdom,1,1,1,2.95
C541885,2011-01-24 11:14:00,16782,United Kingdom,1,1,1,2.95
C530539,2010-11-03 12:55:00,16034,United Kingdom,1,1,1,2.95
C489578,2009-12-01 13:40:00,17091,United Kingdom,1,1,1,2.95
C563716,2011-08-18 16:14:00,15706,United Kingdom,1,1,1,2.95
C548360,2011-03-30 15:35:00,13534,United Kingdom,2,2,2,2.93
C554335,2011-05-23 17:18:00,15201,United Kingdom,3,3,5,2.9299999999999997
C561725,2011-07-29 12:10:00,17841,United Kingdom,3,3,4,2.9000000000000004
C533044,2010-11-15 16:18:00,15311,United Kingdom,1,1,2,2.9
C515325,2010-07-11 12:37:00,15555,United Kingdom,2,2,2,2.9
C509771,2010-05-25 16:23:00,15183,United Kingdom,1,1,2,2.9
C538691,2010-12-14 09:56:00,14176,United Kingdom,1,1,2,2.9
C552700,2011-05-10 15:56:00,14587,United Kingdom,1,1,2,2.9
C572027,2011-10-20 11:44:00,15754,United Kingdom,1,1,2,2.9
C508617,2010-05-17 13:29:00,16918,United Kingdom,2,2,2,2.9
C508609,2010-05-17 12:45:00,13831,United Kingdom,2,2,2,2.9
C498572,2010-02-21 13:03:00,17372,United Kingdom,1,1,2,2.9
C493792,2010-01-07 09:56:00,,United Kingdom,2,2,2,2.9
C546206,2011-03-10 11:15:00,13014,United Kingdom,2,2,2,2.9
C546302,2011-03-10 15:27:00,14214,United Kingdom,2,2,2,2.9
C498821,2010-02-23 11:31:00,12471,Germany,1,1,2,2.9
C579760,2011-11-30 15:05:00,17096,United Kingdom,1,1,2,2.9
C567535,2011-09-21 09:50:00,15253,United Kingdom,2,2,2,2.9
C567641,2011-09-21 14:13:00,12409,Switzerland,1,1,2,2.9
C546173,2011-03-10 10:34:00,14227,United Kingdom,2,2,2,2.9
C574030,2011-11-02 12:35:00,13870,United Kingdom,1,1,1,2.89
C555366,2011-06-02 14:25:00,12590,Germany,2,2,4,2.88
C506519,2010-04-30 11:02:00,13461,United Kingdom,2,2,2,2.8
C520967,2010-09-01 12:21:00,18223,United Kingdom,2,2,2,2.8
C556645,2011-06-13 16:08:00,13771,United Kingdom,1,1,1,2.75
C558423,2011-06-29 12:05:00,16966,United Kingdom,1,1,1,2.75
C559473,2011-07-08 13:40:00,13769,United Kingdom,1,1,1,2.75
C536250,2010-11-30 14:49:00,14907,United Kingdom,1,1,1,2.75
C503745,2010-04-07 10:44:00,12770,Japan,1,1,1,2.75
C532415,2010-11-11 19:54:00,16118,United Kingdom,1,1,1,2.75
C492704,2009-12-17 19:35:00,17165,United Kingdom,2,2,2,2.74
C564490,2011-08-25 14:14:00,13266,United Kingdom,2,2,3,2.73
C572482,2011-10-24 13:48:00,17314,United Kingdom,2,2,4,2.71
C552300,2011-05-08 14:45:00,14606,United Kingdom,1,1,4,2.6
C544775,2011-02-23 11:35:00,14211,United Kingdom,1,1,4,2.6
C512773,2010-06-17 17:01:00,13983,United Kingdom,1,1,1,2.55
C524360,2010-09-28 17:06:00,17063,United Kingdom,1,1,1,2.55
C549049,2011-04-06 10:15:00,17677,United Kingdom,1,1,1,2.55
C574525,2011-11-04 13:55:00,17841,United Kingdom,1,1,1,2.55
C515772,2010-07-14 14:46:00,16161,United Kingdom,1,1,1,2.55
C578432,2011-11-24 12:20:00,12395,Belgium,1,1,1,2.55
C538686,2010-12-14 09:49:00,,United Kingdom,1,1,1,2.55
C573105,2011-10-27 15:04:00,13969,United Kingdom,1,1,1,2.55
C523379,2010-09-21 19:38:00,13408,United Kingdom,1,1,1,2.55
C502054,2010-03-22 14:28:00,,United Kingdom,2,2,3,2.55
C511275,2010-06-07 13:26:00,12471,Germany,1,1,1,2.55
C534852,2010-11-24 13:44:00,13870,United Kingdom,1,1,1,2.55
C546623,2011-03-15 11:36:00,17954,United Kingdom,1,1,1,2.55
C490498,2009-12-06 13:43:00,15547,United Kingdom,1,1,1,2.55
C517375,2010-07-28 17:10:00,16558,United Kingdom,1,1,1,2.55
C575537,2011-11-10 11:14:00,14606,United Kingdom,1,1,1,2.55
C506203,2010-04-28 11:27:00,18135,United Kingdom,1,1,1,2.55
C517477,2010-07-29 12:09:00,16705,United Kingdom,1,1,1,2.55
C572473,2011-10-24 13:34:00,18188,United Kingdom,1,1,1,2.55
C511485,2010-06-08 14:11:00,17801,United Kingdom,1,1,3,2.55
C496055,2010-01-28 14:44:00,12471,Germany,1,1,1,2.55
C532586,2010-11-12 14:28:00,16471,United Kingdom,1,1,3,2.55
C507202,2010-05-06 16:33:00,16347,United Kingdom,1,1,3,2.55
C548607,2011-04-01 11:20:00,16700,United Kingdom,1,1,1,2.55
C507704,2010-05-11 11:04:00,17377,United Kingdom,1,1,1,2.55
C547376,2011-03-22 14:40:00,14227,United Kingdom,1,1,1,2.55
C579925,2011-12-01 09:16:00,15544,United Kingdom,1,1,3,2.55
C504374,2010-04-13 11:07:00,17677,United Kingdom,1,1,1,2.55
C563554,2011-08-17 13:16:00,16755,United Kingdom,1,1,1,2.55
C513317,2010-06-23 16:14:00,17092,United Kingdom,1,1,1,2.55
C580056,2011-12-01 13:12:00,14911,EIRE,1,1,1,2.55
C526737,2010-10-12 18:00:00,15978,United Kingdom,1,1,3,2.55
C520088,2010-08-24 11:03:00,15079,United Kingdom,1,1,1,2.55
C509346,2010-05-21 13:01:00,14893,United Kingdom,1,1,1,2.55
C540403,2011-01-07 09:32:00,17230,United Kingdom,1,1,1,2.55
C540952,2011-01-12 13:12:00,14606,United Kingdom,1,1,1,2.55
C575670,2011-11-10 15:02:00,13081,United Kingdom,1,1,1,2.55
C533998,2010-11-19 14:17:00,15602,United Kingdom,1,1,3,2.55
C514007,2010-06-30 09:41:00,13611,United Kingdom,1,1,1,2.55
C528900,2010-10-25 13:13:00,15786,United Kingdom,1,1,1,2.55
C496492,2010-02-02 08:39:00,18199,United Kingdom,1,1,1,2.55
C539832,2010-12-22 13:20:00,17239,United Kingdom,1,1,1,2.55
C536853,2010-12-03 10:07:00,14679,United Kingdom,1,1,1,2.55
C536077,2010-11-30 11:08:00,12951,United Kingdom,1,1,3,2.55
C546211,2011-03-10 11:32:00,15358,United Kingdom,1,1,3,2.55
C527430,2010-10-17 16:35:00,12835,United Kingdom,1,1,3,2.55
C502084,2010-03-22 15:52:00,14952,United Kingdom,1,1,3,2.55
C556436,2011-06-10 14:28:00,16358,United Kingdom,1,1,1,2.55
C490934,2009-12-08 13:49:00,14156,EIRE,1,1,1,2.55
C552919,2011-05-12 11:23:00,13282,United Kingdom,1,1,1,2.55
C543776,2011-02-11 16:12:00,14133,United Kingdom,1,1,3,2.55
C509414,2010-05-23 12:32:00,17920,United Kingdom,1,1,1,2.55
C495931,2010-01-27 15:25:00,13008,United Kingdom,1,1,1,2.55
C494030,2010-01-11 10:25:00,,United Kingdom,1,1,6,2.52
C559664,2011-07-11 13:34:00,18142,United Kingdom,2,2,2,2.52
C518580,2010-08-10 12:09:00,14631,United Kingdom,1,1,12,2.52
C512792,2010-06-18 09:36:00,15141,United Kingdom,2,2,4,2.51
C528982,2010-10-26 10:59:00,16576,United Kingdom,1,1,2,2.5
C534880,2010-11-24 14:40:00,13900,United Kingdom,1,1,2,2.5
C575666,2011-11-10 14:55:00,18092,United Kingdom,1,1,2,2.5
C509102,2010-05-20 11:50:00,17841,United Kingdom,1,1,2,2.5
C521009,2010-09-01 14:35:00,12997,United Kingdom,1,1,2,2.5
C554558,2011-05-25 10:24:00,13268,United Kingdom,2,2,2,2.5
C508302,2010-05-14 11:11:00,17612,United Kingdom,1,1,2,2.5
C571896,2011-10-19 14:18:00,16533,United Kingdom,1,1,2,2.5
C564545,2011-08-25 16:08:00,14188,United Kingdom,2,2,2,2.5
C576647,2011-11-16 10:23:00,15584,United Kingdom,2,2,2,2.5
C524846,2010-09-30 18:21:00,16630,United Kingdom,1,1,2,2.5
C572119,2011-10-20 19:23:00,15598,United Kingdom,1,1,2,2.5
C570655,2011-10-11 14:03:00,15208,United Kingdom,1,1,2,2.5
C516603,2010-07-21 14:21:00,16556,United Kingdom,1,1,2,2.5
C545421,2011-03-02 14:28:00,13166,United Kingdom,1,1,2,2.5
C502294,2010-03-24 08:57:00,16945,United Kingdom,1,1,2,2.5
C522157,2010-09-13 10:52:00,16159,United Kingdom,1,1,2,2.5
C568677,2011-09-28 14:04:00,12619,Germany,1,1,2,2.5
C508634,2010-05-17 14:35:00,13450,United Kingdom,1,1,2,2.5
C542951,2011-02-02 11:16:00,16985,United Kingdom,1,1,2,2.5
C497059,2010-02-05 14:47:00,12949,United Kingdom,1,1,2,2.5
C509651,2010-05-25 11:55:00,14745,United Kingdom,1,1,2,2.5
C545678,2011-03-06 10:49:00,16678,United Kingdom,2,2,2,2.5
C534408,2010-11-22 14:29:00,13668,United Kingdom,1,1,2,2.5
C528426,2010-10-22 09:55:00,17429,United Kingdom,1,1,2,2.5
C519487,2010-08-17 13:44:00,17753,United Kingdom,1,1,2,2.5
C515696,2010-07-14 12:17:00,14112,United Kingdom,2,2,2,2.5
C508749,2010-05-18 11:47:00,13078,United Kingdom,1,1,2,2.5
C491012,2009-12-08 18:25:00,13733,United Kingdom,1,1,2,2.5
C514833,2010-07-06 14:03:00,14295,United Kingdom,1,1,2,2.5
C541641,2011-01-20 11:00:00,17841,United Kingdom,2,2,2,2.5
C568559,2011-09-27 16:37:00,14397,United Kingdom,1,1,2,2.5
C542644,2011-01-31 11:33:00,15497,United Kingdom,1,1,2,2.5
C525957,2010-10-07 19:31:00,17726,United Kingdom,1,1,2,2.5
C561612,2011-07-28 12:36:00,17054,United Kingdom,1,1,2,2.5
C574500,2011-11-04 13:14:00,15598,United Kingdom,1,1,2,2.5
C554344,2011-05-23 17:44:00,14032,United Kingdom,2,2,3,2.4899999999999998
C574026,2011-11-02 12:26:00,14606,United Kingdom,2,2,2,2.47
C507164,2010-05-06 14:17:00,,United Kingdom,2,2,2,2.4699999999999998
C551863,2011-05-04 16:12:00,16145,United Kingdom,3,3,5,2.41
C523119,2010-09-20 13:03:00,17841,United Kingdom,2,2,2,2.39
C526461,2010-10-11 16:11:00,16118,United Kingdom,2,2,2,2.37
C515675,2010-07-14 11:14:00,15527,United Kingdom,2,2,2,2.37
C534027,2010-11-19 15:08:00,16571,United Kingdom,2,2,2,2.3
C564944,2011-08-31 13:24:00,13078,United Kingdom,1,1,12,2.28
C548508,2011-03-31 14:51:00,14189,United Kingdom,1,1,1,2.25
C557648,2011-06-21 17:14:00,17677,United Kingdom,1,1,3,2.16
C536201,2010-11-30 13:10:00,15785,United Kingdom,1,1,3,2.16
C557062,2011-06-16 14:56:00,13213,United Kingdom,2,2,3,2.15
C517383,2010-07-28 17:29:00,16984,United Kingdom,1,1,2,2.12
C546777,2011-03-16 16:23:00,17080,United Kingdom,1,1,2,2.12
C509633,2010-05-25 10:20:00,18064,United Kingdom,1,1,1,2.1
C544318,2011-02-17 15:02:00,12989,United Kingdom,1,1,1,2.1
C496610,2010-02-02 16:47:00,17092,United Kingdom,1,1,1,2.1
C531191,2010-11-05 15:11:00,15253,United Kingdom,1,1,1,2.1
C539244,2010-12-16 13:24:00,14606,United Kingdom,1,1,1,2.1
C534785,2010-11-24 11:20:00,13767,United Kingdom,1,1,1,2.1
C541823,2011-01-21 16:55:00,17677,United Kingdom,1,1,1,2.1
C532329,2010-11-11 15:34:00,14713,United Kingdom,1,1,1,2.1
C566946,2011-09-15 16:27:00,15122,United Kingdom,1,1,1,2.1
C546758,2011-03-16 13:47:00,,United Kingdom,1,1,1,2.1
C547228,2011-03-21 15:48:00,16626,United Kingdom,1,1,1,2.1
C505387,2010-04-22 09:26:00,13883,United Kingdom,1,1,1,2.1
C540389,2011-01-06 18:00:00,14426,United Kingdom,1,1,1,2.1
C566263,2011-09-11 13:01:00,14606,United Kingdom,1,1,1,2.1
C521644,2010-09-07 13:09:00,14606,United Kingdom,1,1,1,2.1
C501827,2010-03-19 15:44:00,14745,United Kingdom,1,1,1,2.1
C510789,2010-06-03 16:16:00,12835,United Kingdom,1,1,1,2.1
C532400,2010-11-11 19:29:00,16128,United Kingdom,1,1,1,2.1
C531201,2010-11-05 15:19:00,15253,United Kingdom,1,1,1,2.1
C551737,2011-05-04 10:52:00,14606,United Kingdom,1,1,1,2.1
C510185,2010-05-27 16:02:00,12854,United Kingdom,1,1,1,2.1
C510823,2010-06-03 19:51:00,13020,United Kingdom,1,1,1,2.1
C510791,2010-06-03 16:22:00,12835,United Kingdom,1,1,1,2.1
C539827,2010-12-22 12:43:00,15044,United Kingdom,1,1,1,2.1
C510835,2010-06-03 20:18:00,13883,United Kingdom,1,1,1,2.1
C536758,2010-12-02 14:25:00,13767,United Kingdom,1,1,1,2.1
C562151,2011-08-03 10:55:00,17053,United Kingdom,1,1,1,2.1
C560099,2011-07-14 17:47:00,16779,United Kingdom,1,1,5,2.1
C561606,2011-07-28 12:10:00,13420,United Kingdom,1,1,1,2.1
C554536,2011-05-24 17:38:00,16705,United Kingdom,1,1,1,2.1
C572471,2011-10-24 13:33:00,17090,United Kingdom,1,1,1,2.1
C553027,2011-05-12 19:38:00,13741,United Kingdom,1,1,1,2.1
C544674,2011-02-22 15:48:00,13421,United Kingdom,1,1,1,2.1
C524331,2010-09-28 15:24:00,14825,United Kingdom,1,1,1,2.1
C499745,2010-03-02 11:31:00,14239,United Kingdom,1,1,1,2.1
C544310,2011-02-17 14:19:00,17841,United Kingdom,1,1,1,2.1
C575667,2011-11-10 14:56:00,14032,United Kingdom,1,1,1,2.1
C502910,2010-03-29 13:04:00,16327,United Kingdom,1,1,1,2.1
C529294,2010-10-27 12:17:00,12471,Germany,1,1,1,2.1
C555892,2011-06-07 16:03:00,14227,United Kingdom,1,1,1,2.1
C546210,2011-03-10 11:31:00,14713,United Kingdom,2,2,2,2.1
C491598,2009-12-11 13:19:00,17677,United Kingdom,1,1,1,2.1
C565227,2011-09-02 09:06:00,12708,Germany,1,1,1,2.1
C568579,2011-09-28 09:45:00,14934,Channel Islands,1,1,1,2.1
C541237,2011-01-14 17:26:00,13599,United Kingdom,1,1,1,2.1
C553030,2011-05-12 19:42:00,18142,United Kingdom,1,1,1,2.1
C567520,2011-09-20 16:31:00,12989,United Kingdom,1,1,1,2.1
C496501,2010-02-02 08:57:00,14625,United Kingdom,1,1,1,2.1
C499651,2010-03-01 14:34:00,17841,United Kingdom,1,1,1,2.1
C553562,2011-05-17 17:26:00,13534,United Kingdom,1,1,1,2.08
C566957,2011-09-15 16:45:00,18172,United Kingdom,1,1,1,2.08
C566470,2011-09-12 18:16:00,13136,United Kingdom,1,1,1,2.08
C562116,2011-08-02 16:19:00,15810,United Kingdom,1,1,1,2.08
C557945,2011-06-23 16:11:00,18223,United Kingdom,1,1,1,2.08
C554477,2011-05-24 12:44:00,16086,United Kingdom,1,1,1,2.08
C568600,2011-09-28 11:21:00,18223,United Kingdom,1,1,1,2.08
C556096,2011-06-08 15:29:00,13599,United Kingdom,1,1,1,2.08
C554519,2011-05-24 16:59:00,13549,United Kingdom,1,1,1,2.08
C555265,2011-06-01 16:06:00,13599,United Kingdom,1,1,1,2.08
C567544,2011-09-21 10:19:00,15622,United Kingdom,1,1,1,2.08
C576868,2011-11-16 16:19:00,18263,United Kingdom,1,1,1,2.08
C580767,2011-12-06 10:52:00,14655,United Kingdom,1,1,1,2.08
C564210,2011-08-24 09:10:00,14194,United Kingdom,1,1,1,2.08
C581071,2011-12-07 11:27:00,12375,Finland,1,1,1,2.08
C547968,2011-03-28 16:02:00,12471,Germany,2,2,2,2.07
C498358,2010-02-18 13:15:00,17841,United Kingdom,2,2,2,2.07
C545189,2011-02-28 15:19:00,17841,United Kingdom,1,1,1,1.95
C526739,2010-10-12 18:05:00,,United Kingdom,1,1,3,1.95
C535279,2010-11-25 14:08:00,17063,United Kingdom,1,1,1,1.95
C525028,2010-10-03 12:11:00,16298,United Kingdom,1,1,1,1.95
C555337,2011-06-02 11:13:00,16729,United Kingdom,1,1,1,1.95
C531136,2010-11-05 14:09:00,16010,United Kingdom,1,1,1,1.95
C511676,2010-06-09 14:58:00,17091,United Kingdom,1,1,1,1.95
C553508,2011-05-17 13:44:00,14000,United Kingdom,1,1,3,1.95
C498737,2010-02-22 16:08:00,14783,United Kingdom,1,1,1,1.95
C505543,2010-04-22 18:19:00,13999,United Kingdom,1,1,1,1.95
C528911,2010-10-25 13:33:00,15747,United Kingdom,1,1,1,1.95
C517376,2010-07-28 17:11:00,15521,United Kingdom,1,1,1,1.95
C517370,2010-07-28 17:03:00,17364,United Kingdom,1,1,1,1.95
C554781,2011-05-26 11:44:00,14245,United Kingdom,1,1,1,1.95
C506441,2010-04-29 16:28:00,16351,United Kingdom,1,1,1,1.95
C549685,2011-04-11 13:26:00,13266,United Kingdom,1,1,1,1.95
C503212,2010-03-30 16:02:00,15222,United Kingdom,1,1,1,1.95
C509192,2010-05-20 17:47:00,,United Kingdom,1,1,1,1.95
C503367,2010-03-31 14:20:00,15382,United Kingdom,1,1,1,1.95
C531355,2010-11-07 13:51:00,17107,United Kingdom,1,1,1,1.95
C547368,2011-03-22 13:13:00,16809,United Kingdom,1,1,1,1.95
C491830,2009-12-14 14:29:00,14062,United Kingdom,1,1,1,1.95
C557004,2011-06-16 11:16:00,16729,United Kingdom,1,1,1,1.95
C539566,2010-12-20 11:56:00,16705,United Kingdom,1,1,3,1.95
C501120,2010-03-12 14:59:00,12500,Germany,1,1,1,1.95
C547848,2011-03-27 12:05:00,12921,United Kingdom,1,1,1,1.95
C528378,2010-10-21 17:42:00,13021,United Kingdom,1,1,1,1.95
C517574,2010-07-30 09:44:00,13093,United Kingdom,1,1,1,1.95
C559193,2011-07-07 10:26:00,12379,Belgium,1,1,1,1.95
C538164,2010-12-09 17:32:00,14031,United Kingdom,1,1,1,1.95
C537677,2010-12-08 09:55:00,14796,United Kingdom,1,1,1,1.95
C536227,2010-11-30 14:07:00,16612,United Kingdom,1,1,1,1.95
C544594,2011-02-21 16:58:00,15079,United Kingdom,1,1,1,1.95
C517054,2010-07-26 12:52:00,14420,United Kingdom,1,1,1,1.95
C521487,2010-09-06 13:40:00,13736,United Kingdom,1,1,1,1.95
C528404,2010-10-22 09:05:00,18223,United Kingdom,1,1,1,1.95
C554203,2011-05-23 12:14:00,14573,United Kingdom,1,1,1,1.95
C554210,2011-05-23 12:16:00,14573,United Kingdom,1,1,1,1.95
C504190,2010-04-12 10:01:00,14626,United Kingdom,1,1,1,1.95
C543241,2011-02-04 14:02:00,17315,United Kingdom,1,1,1,1.95
C531751,2010-11-09 13:10:00,13266,United Kingdom,1,1,1,1.95
C515408,2010-07-12 12:23:00,17841,United Kingdom,1,1,1,1.95
C579898,2011-12-01 08:32:00,14299,United Kingdom,2,2,2,1.8699999999999999
C571814,2011-10-19 11:45:00,14477,United Kingdom,1,1,1,1.79
C566166,2011-09-09 11:59:00,14194,United Kingdom,1,1,6,1.7399999999999998
C512769,2010-06-17 16:52:00,14849,United Kingdom,2,2,2,1.7
C500798,2010-03-10 10:57:00,14156,EIRE,1,1,2,1.7
C571321,2011-10-17 11:04:00,17096,United Kingdom,1,1,2,1.7
C538804,2010-12-14 11:56:00,13769,United Kingdom,1,1,2,1.7
C540790,2011-01-11 11:48:00,16145,United Kingdom,1,1,2,1.7
C489686,2009-12-02 10:34:00,17019,United Kingdom,1,1,2,1.7
C554343,2011-05-23 17:43:00,14859,United Kingdom,1,1,2,1.7
C514001,2010-06-30 09:19:00,16401,United Kingdom,1,1,2,1.7
C522164,2010-09-13 11:12:00,14499,United Kingdom,1,1,2,1.7
C574522,2011-11-04 13:51:00,14292,United Kingdom,1,1,2,1.7
C567884,2011-09-22 15:08:00,13627,United Kingdom,1,1,2,1.7
C507963,2010-05-12 10:36:00,13117,United Kingdom,1,1,2,1.7
C510203,2010-05-28 07:45:00,15341,United Kingdom,1,1,2,1.7
C579934,2011-12-01 09:44:00,14860,United Kingdom,1,1,2,1.7
C504763,2010-04-16 11:50:00,17841,United Kingdom,1,1,2,1.7
C521015,2010-09-01 14:56:00,13877,United Kingdom,1,1,2,1.7
C522841,2010-09-17 10:49:00,13769,United Kingdom,1,1,2,1.7
C570686,2011-10-11 16:27:00,13418,United Kingdom,1,1,2,1.7
C515692,2010-07-14 12:10:00,14156,EIRE,1,1,2,1.7
C502041,2010-03-22 14:11:00,13267,United Kingdom,1,1,2,1.7
C575663,2011-11-10 14:52:00,13769,United Kingdom,1,1,1,1.69
C501801,2010-03-19 13:51:00,15994,United Kingdom,1,1,1,1.69
C499862,2010-03-02 17:10:00,13593,United Kingdom,1,1,4,1.68
C526129,2010-10-08 14:09:00,17172,United Kingdom,1,1,4,1.68
C536815,2010-12-02 17:05:00,14443,United Kingdom,2,2,2,1.67
C492946,2009-12-21 13:34:00,14606,United Kingdom,2,2,2,1.67
C572531,2011-10-24 15:57:00,13269,United Kingdom,1,1,2,1.66
C552015,2011-05-05 17:37:00,16722,United Kingdom,1,1,1,1.65
C555261,2011-06-01 15:37:00,16873,United Kingdom,1,1,1,1.65
C496483,2010-02-01 16:58:00,17465,United Kingdom,1,1,1,1.65
C568573,2011-09-28 09:09:00,13115,United Kingdom,1,1,1,1.65
C544300,2011-02-17 12:56:00,18125,United Kingdom,1,1,1,1.65
C561230,2011-07-26 10:19:00,14329,United Kingdom,1,1,1,1.65
C533559,2010-11-18 09:46:00,14796,United Kingdom,1,1,1,1.65
C492280,2009-12-16 11:42:00,13495,United Kingdom,1,1,1,1.65
C561240,2011-07-26 10:33:00,17677,United Kingdom,1,1,1,1.65
C490096,2009-12-03 16:06:00,13457,United Kingdom,1,1,1,1.65
C515080,2010-07-08 10:59:00,13877,United Kingdom,1,1,1,1.65
C517876,2010-08-02 15:40:00,,United Kingdom,1,1,1,1.65
C506998,2010-05-05 14:04:00,14403,United Kingdom,1,1,1,1.65
C567187,2011-09-19 08:40:00,12705,Germany,1,1,1,1.65
C554001,2011-05-20 11:54:00,16818,United Kingdom,1,1,1,1.65
C552889,2011-05-12 10:29:00,14606,United Kingdom,1,1,1,1.65
C526464,2010-10-11 16:24:00,14423,United Kingdom,1,1,1,1.65
C517559,2010-07-30 07:33:00,17714,United Kingdom,1,1,1,1.65
C560189,2011-07-15 12:30:00,17652,United Kingdom,1,1,1,1.65
C502076,2010-03-22 15:43:00,15994,United Kingdom,1,1,1,1.65
C553024,2011-05-12 19:28:00,13136,United Kingdom,1,1,1,1.65
C505488,2010-04-22 12:53:00,14040,United Kingdom,1,1,1,1.65
C516543,2010-07-21 12:09:00,13115,United Kingdom,1,1,1,1.65
C556295,2011-06-10 09:37:00,13662,United Kingdom,1,1,1,1.65
C505642,2010-04-23 14:12:00,16722,United Kingdom,1,1,1,1.65
C512054,2010-06-13 10:34:00,14451,United Kingdom,1,1,1,1.65
C555908,2011-06-07 16:08:00,15687,United Kingdom,1,1,1,1.65
C579871,2011-11-30 16:54:00,16101,United Kingdom,1,1,1,1.65
C563218,2011-08-14 14:15:00,16401,United Kingdom,1,1,1,1.65
C502310,2010-03-24 09:40:00,16875,United Kingdom,1,1,1,1.65
C561211,2011-07-25 16:58:00,15544,United Kingdom,1,1,1,1.65
C549688,2011-04-11 13:36:00,15449,United Kingdom,1,1,1,1.65
C502767,2010-03-26 14:15:00,17677,United Kingdom,1,1,1,1.65
C517371,2010-07-28 17:04:00,13266,United Kingdom,1,1,1,1.65
C575511,2011-11-10 10:33:00,14456,United Kingdom,1,1,1,1.65
C535333,2010-11-25 15:55:00,16961,United Kingdom,1,1,1,1.65
C575223,2011-11-09 11:33:00,12472,Germany,1,1,1,1.65
C499943,2010-03-03 12:31:00,12835,United Kingdom,1,1,1,1.65
C533279,2010-11-16 15:26:00,13564,United Kingdom,1,1,1,1.65
C511953,2010-06-11 12:55:00,,United Kingdom,1,1,1,1.65
C506157,2010-04-27 17:20:00,17677,United Kingdom,1,1,1,1.65
C575052,2011-11-08 12:17:00,14232,United Kingdom,1,1,1,1.65
C522844,2010-09-17 10:57:00,13769,United Kingdom,1,1,1,1.65
C559705,2011-07-12 09:58:00,15719,United Kingdom,1,1,1,1.65
C491000,2009-12-08 17:27:00,13136,United Kingdom,1,1,1,1.65
C501081,2010-03-12 11:24:00,15544,United Kingdom,1,1,1,1.65
C513198,2010-06-22 16:11:00,16191,United Kingdom,1,1,1,1.65
C518149,2010-08-04 16:47:00,13384,United Kingdom,1,1,1,1.65
C547847,2011-03-27 12:04:00,14232,United Kingdom,1,1,1,1.65
C532640,2010-11-12 16:55:00,17366,United Kingdom,1,1,1,1.65
C566941,2011-09-15 16:14:00,13136,United Kingdom,1,1,1,1.65
C566944,2011-09-15 16:22:00,15449,United Kingdom,1,1,1,1.65
C558471,2011-06-29 15:38:00,12408,Belgium,1,1,1,1.65
C545529,2011-03-03 13:26:00,16191,United Kingdom,1,1,1,1.65
C543757,2011-02-11 15:05:00,13115,United Kingdom,1,1,1,1.65
C490947,2009-12-08 14:29:00,16523,United Kingdom,1,1,1,1.65
C566958,2011-09-15 16:57:00,14420,United Kingdom,1,1,1,1.65
C490949,2009-12-08 14:30:00,16353,United Kingdom,1,1,1,1.65
C550028,2011-04-14 11:26:00,14606,United Kingdom,1,1,1,1.65
C564996,2011-08-31 16:10:00,17677,United Kingdom,1,1,1,1.65
C578148,2011-11-23 11:11:00,15117,United Kingdom,1,1,1,1.65
C562577,2011-08-07 13:09:00,15518,United Kingdom,1,1,1,1.65
C530638,2010-11-03 16:11:00,16147,United Kingdom,1,1,1,1.65
C530703,2010-11-04 11:13:00,17063,United Kingdom,1,1,1,1.65
C508144,2010-05-13 11:08:00,14714,United Kingdom,1,1,1,1.65
C533081,2010-11-16 09:36:00,17994,United Kingdom,1,1,1,1.65
C530362,2010-11-02 15:57:00,14065,United Kingdom,1,1,1,1.65
C544608,2011-02-22 10:00:00,15290,United Kingdom,1,1,1,1.65
C579906,2011-12-01 08:46:00,17063,United Kingdom,1,1,1,1.65
C569964,2011-10-06 18:46:00,16523,United Kingdom,1,1,1,1.65
C566725,2011-09-14 13:08:00,14606,United Kingdom,1,1,1,1.65
C566754,2011-09-14 15:49:00,18158,United Kingdom,1,1,1,1.65
C566469,2011-09-12 18:15:00,13709,United Kingdom,1,1,1,1.65
C580989,2011-12-06 16:42:00,12709,Germany,1,1,1,1.65
C573755,2011-11-01 09:41:00,13028,United Kingdom,2,2,2,1.6400000000000001
C492194,2009-12-15 15:57:00,15768,United Kingdom,2,2,2,1.63
C501435,2010-03-16 13:17:00,12835,United Kingdom,1,1,1,1.49
C502029,2010-03-22 13:07:00,15005,United Kingdom,1,1,1,1.49
C565843,2011-09-07 12:15:00,14606,United Kingdom,3,3,3,1.46
C560301,2011-07-18 10:34:00,14159,United Kingdom,1,1,1,1.45
C563918,2011-08-21 13:47:00,14572,United Kingdom,1,1,1,1.45
C559808,2011-07-12 14:49:00,13743,United Kingdom,1,1,1,1.45
C500152,2010-03-04 17:49:00,17931,United Kingdom,1,1,1,1.45
C538745,2010-12-14 11:27:00,16722,United Kingdom,1,1,1,1.45
C557874,2011-06-23 13:05:00,14911,EIRE,1,1,1,1.45
C554689,2011-05-25 16:51:00,15027,United Kingdom,1,1,1,1.45
C528480,2010-10-22 12:04:00,17353,United Kingdom,1,1,1,1.45
C568516,2011-09-27 12:45:00,14456,United Kingdom,1,1,1,1.45
C524395,2010-09-28 18:34:00,13701,United Kingdom,1,1,1,1.45
C515991,2010-07-16 08:25:00,16351,United Kingdom,1,1,1,1.45
C542421,2011-01-27 18:08:00,17180,United Kingdom,1,1,1,1.45
C570727,2011-10-12 11:32:00,12471,Germany,1,1,1,1.45
C538701,2010-12-14 10:25:00,16863,United Kingdom,1,1,1,1.45
C562808,2011-08-09 15:10:00,18282,United Kingdom,1,1,5,1.45
C514382,2010-07-02 11:12:00,12779,Poland,1,1,1,1.45
C524404,2010-09-28 18:46:00,13433,United Kingdom,1,1,1,1.45
C573260,2011-10-28 12:27:00,15287,United Kingdom,1,1,1,1.45
C551061,2011-04-26 12:13:00,16356,United Kingdom,1,1,1,1.45
C560043,2011-07-14 14:47:00,16656,United Kingdom,1,1,2,1.44
C542635,2011-01-31 10:43:00,14688,United Kingdom,2,2,3,1.3900000000000001
C496495,2010-02-02 08:44:00,13584,United Kingdom,1,1,2,1.3
C495934,2010-01-27 15:31:00,15682,United Kingdom,1,1,1,1.25
C545277,2011-03-01 11:31:00,12933,United Kingdom,1,1,1,1.25
C503229,2010-03-30 16:52:00,18189,United Kingdom,1,1,1,1.25
C493647,2010-01-05 11:48:00,17861,United Kingdom,1,1,1,1.25
C526475,2010-10-11 17:05:00,15622,United Kingdom,1,1,1,1.25
C550171,2011-04-14 16:53:00,12585,Germany,1,1,1,1.25
C497904,2010-02-14 12:59:00,13421,United Kingdom,1,1,1,1.25
C536150,2010-11-30 11:49:00,12476,Germany,1,1,1,1.25
C536818,2010-12-02 17:09:00,16995,United Kingdom,1,1,1,1.25
C508385,2010-05-14 14:19:00,16124,United Kingdom,1,1,1,1.25
C511784,2010-06-10 13:37:00,17597,United Kingdom,1,1,1,1.25
C499753,2010-03-02 11:54:00,16471,United Kingdom,1,1,1,1.25
C538711,2010-12-14 10:50:00,15468,United Kingdom,1,1,1,1.25
C499749,2010-03-02 11:41:00,15290,United Kingdom,1,1,1,1.25
C549545,2011-04-10 11:19:00,18118,United Kingdom,1,1,1,1.25
C538794,2010-12-14 11:41:00,14907,United Kingdom,1,1,1,1.25
C576576,2011-11-15 14:00:00,17521,United Kingdom,1,1,1,1.25
C534025,2010-11-19 15:02:00,14676,United Kingdom,1,1,1,1.25
C543119,2011-02-03 13:31:00,14606,United Kingdom,1,1,1,1.25
C491689,2009-12-13 13:06:00,14606,United Kingdom,1,1,1,1.25
C554136,2011-05-23 10:02:00,14239,United Kingdom,1,1,1,1.25
C501344,2010-03-16 10:46:00,15622,United Kingdom,1,1,1,1.25
C544174,2011-02-16 14:13:00,13001,United Kingdom,1,1,1,1.25
C535373,2010-11-25 18:18:00,18097,United Kingdom,1,1,1,1.25
C570476,2011-10-10 16:54:00,17509,United Kingdom,1,1,1,1.25
C543742,2011-02-11 13:38:00,14676,United Kingdom,1,1,1,1.25
C534498,2010-11-23 11:06:00,17811,United Kingdom,1,1,1,1.25
C514543,2010-07-05 10:48:00,17380,United Kingdom,1,1,1,1.25
C518478,2010-08-09 12:12:00,17841,United Kingdom,1,1,1,1.25
C545455,2011-03-02 17:11:00,16473,United Kingdom,1,1,1,1.25
C503196,2010-03-30 15:33:00,16923,United Kingdom,1,1,1,1.25
C497381,2010-02-09 11:49:00,14680,United Kingdom,1,1,1,1.25
C538122,2010-12-09 15:38:00,14696,United Kingdom,1,1,1,1.25
C507644,2010-05-10 15:20:00,13890,United Kingdom,1,1,1,1.25
C570962,2011-10-13 11:46:00,17509,United Kingdom,1,1,1,1.25
C545679,2011-03-06 11:07:00,16923,United Kingdom,1,1,1,1.25
C508244,2010-05-13 20:00:00,12997,United Kingdom,1,1,1,1.25
C507221,2010-05-06 19:27:00,14837,United Kingdom,1,1,1,1.25
C521573,2010-09-07 12:03:00,13717,United Kingdom,1,1,1,1.25
C507200,2010-05-06 16:29:00,16186,United Kingdom,1,1,1,1.25
C497194,2010-02-07 10:42:00,15059,United Kingdom,1,1,1,1.25
C505727,2010-04-25 14:06:00,16984,United Kingdom,1,1,1,1.25
C515786,2010-07-14 15:41:00,13814,Germany,1,1,1,1.25
C547008,2011-03-18 14:39:00,,United Kingdom,1,1,1,1.25
C544433,2011-02-18 15:59:00,15601,United Kingdom,1,1,1,1.25
C524396,2010-09-28 18:35:00,17289,United Kingdom,1,1,1,1.25
C504424,2010-04-13 13:14:00,14748,United Kingdom,1,1,1,1.25
C515791,2010-07-14 15:55:00,15077,United Kingdom,1,1,1,1.25
C492826,2009-12-20 15:01:00,14869,United Kingdom,1,1,1,1.25
C526929,2010-10-14 09:22:00,13093,United Kingdom,1,1,1,1.25
C568899,2011-09-29 13:20:00,12619,Germany,1,1,1,1.25
C491546,2009-12-11 12:38:00,17679,United Kingdom,1,1,1,1.25
C505492,2010-04-22 13:00:00,17314,United Kingdom,1,1,1,1.25
C492833,2009-12-21 09:38:00,17696,United Kingdom,1,1,1,1.25
C563072,2011-08-11 15:45:00,16928,United Kingdom,1,1,1,1.25
C524997,2010-10-01 16:51:00,16875,United Kingdom,1,1,1,1.25
C522159,2010-09-13 11:01:00,13717,United Kingdom,1,1,1,1.25
C540850,2011-01-12 09:41:00,12665,Germany,1,1,1,1.25
C546395,2011-03-11 14:29:00,14214,United Kingdom,1,1,1,1.25
C556938,2011-06-15 16:15:00,15625,United Kingdom,1,1,1,1.25
C550172,2011-04-14 16:54:00,17440,United Kingdom,1,1,3,1.17
C571678,2011-10-18 13:33:00,12679,France,1,1,1,1.06
C571680,2011-10-18 13:43:00,12679,France,1,1,1,1.06
C533590,2010-11-18 11:56:00,14776,United Kingdom,2,2,2,1.06
C497159,2010-02-05 16:31:00,13078,United Kingdom,1,1,1,1.06
C558060,2011-06-24 15:05:00,17809,United Kingdom,1,1,1,1.06
C571319,2011-10-17 10:50:00,17164,United Kingdom,1,1,1,0.95
C523952,2010-09-26 12:02:00,14094,United Kingdom,1,1,1,0.95
C507230,2010-05-06 20:02:00,17530,United Kingdom,1,1,1,0.95
C553424,2011-05-17 10:31:00,17811,United Kingdom,1,1,1,0.85
C502802,2010-03-26 16:36:00,15339,United Kingdom,1,1,1,0.85
C550165,2011-04-14 16:34:00,15358,United Kingdom,1,1,1,0.85
C543772,2011-02-11 15:43:00,13534,United Kingdom,1,1,1,0.85
C501703,2010-03-19 09:25:00,,United Kingdom,1,1,1,0.85
C573766,2011-11-01 09:58:00,14189,United Kingdom,1,1,1,0.85
C573753,2011-11-01 09:37:00,14329,United Kingdom,1,1,1,0.85
C519504,2010-08-17 15:11:00,15981,United Kingdom,1,1,1,0.85
C512328,2010-06-15 10:40:00,12835,United Kingdom,1,1,1,0.85
C513955,2010-06-29 14:45:00,15544,United Kingdom,1,1,1,0.85
C524381,2010-09-28 17:47:00,12408,Belgium,1,1,1,0.85
C535098,2010-11-25 10:42:00,14655,United Kingdom,1,1,1,0.85
C496583,2010-02-02 13:57:00,12471,Germany,1,1,1,0.85
C578132,2011-11-23 10:50:00,15502,United Kingdom,1,1,1,0.85
C526732,2010-10-12 17:51:00,14035,United Kingdom,1,1,1,0.85
C522736,2010-09-16 12:57:00,15521,United Kingdom,1,1,1,0.85
C532138,2010-11-11 11:17:00,13979,United Kingdom,1,1,1,0.85
C556270,2011-06-09 19:37:00,14232,United Kingdom,1,1,2,0.84
C494444,2010-01-14 13:09:00,12921,United Kingdom,1,1,1,0.84
C550168,2011-04-14 16:41:00,14339,United Kingdom,1,1,1,0.83
C555362,2011-06-02 14:15:00,15785,United Kingdom,1,1,1,0.83
C566986,2011-09-16 10:47:00,12476,Germany,1,1,1,0.79
C568347,2011-09-26 15:31:00,17997,United Kingdom,1,1,1,0.79
C540381,2011-01-06 17:37:00,16705,United Kingdom,1,1,1,0.72
C563249,2011-08-15 11:35:00,16656,United Kingdom,1,1,1,0.72
C545511,2011-03-03 11:57:00,18198,United Kingdom,1,1,1,0.65
C491409,2009-12-10 18:48:00,14211,United Kingdom,1,1,1,0.65
C510551,2010-06-01 16:16:00,,United Kingdom,1,1,1,0.65
C558903,2011-07-04 16:09:00,13115,United Kingdom,1,1,1,0.65
C493091,2009-12-22 10:54:00,16191,United Kingdom,1,1,1,0.65
C555354,2011-06-02 13:26:00,16566,United Kingdom,1,1,1,0.65
C545847,2011-03-07 13:40:00,15903,United Kingdom,1,1,1,0.42
C543780,2011-02-11 16:34:00,17334,United Kingdom,1,1,1,0.42
C501293,2010-03-15 15:41:00,14606,United Kingdom,1,1,1,0.42
C570331,2011-10-10 12:18:00,14606,United Kingdom,1,1,1,0.39
C561016,2011-07-22 16:41:00,14056,United Kingdom,1,1,1,0.39
