customer_id,primary_country,first_purchase_date,last_purchase_date,recency_days,tenure_days,frequency,purchase_rows,units_purchased,distinct_products,gross_monetary_value,cancellation_invoices,cancellation_value,cancelled_units,net_monetary_value,average_order_value,cancellation_rate_pct,r_score,f_score,m_score,rfm_total_score,rfm_code,customer_segment
12346,United Kingdom,2010-03-02 13:08:00,2011-01-18 10:01:00,325,647,3,25,74239,25,77352.96,1,77183.6,74215,169.36000000000058,25784.320000000003,99.78105556658724,2,3,1,6,231,At Risk
12347,Iceland,2010-10-31 14:20:00,2011-12-07 15:52:00,2,404,8,222,2967,126,4921.53,0,0.0,0,4921.53,615.19125,0.0,5,4,5,14,545,Champions
12348,Finland,2010-09-27 14:59:00,2011-09-25 13:13:00,75,438,5,46,2704,24,1658.3999999999999,0,0.0,0,1658.3999999999999,331.67999999999995,0.0,4,4,4,12,444,Champions
12349,Italy,2010-04-29 13:20:00,2011-11-21 09:51:00,18,589,3,172,1621,137,3678.69,1,24.15,5,3654.54,1226.23,0.6564836939236521,5,3,5,13,535,Potential Loyalists
12350,Norway,2011-02-02 16:01:00,2011-02-02 16:01:00,310,310,1,16,196,16,294.40000000000003,0,0.0,0,294.40000000000003,294.40000000000003,0.0,2,1,2,5,212,Hibernating
12351,Unspecified,2010-11-29 15:23:00,2010-11-29 15:23:00,375,375,1,21,261,21,300.93,0,0.0,0,300.93,300.93,0.0,1,1,2,4,112,Hibernating
12352,Norway,2010-11-12 10:20:00,2011-11-03 14:37:00,36,392,9,95,714,68,1729.54,1,120.33000000000001,63,1609.21,192.17111111111112,6.9573412583692775,4,4,4,12,444,Champions
12353,Bahrain,2010-10-27 12:44:00,2011-05-19 17:47:00,204,408,2,24,212,23,406.76,0,0.0,0,406.76,203.38,0.0,2,2,2,6,222,Hibernating
12354,Spain,2011-04-21 13:11:00,2011-04-21 13:11:00,232,232,1,58,530,58,1079.4,0,0.0,0,1079.4,1079.4,0.0,2,1,3,6,213,Hibernating
12355,Bahrain,2010-05-21 11:59:00,2011-05-09 13:49:00,214,567,2,35,543,35,947.61,0,0.0,0,947.61,473.805,0.0,2,2,3,7,223,Hibernating
12356,Portugal,2010-10-11 09:42:00,2011-11-17 08:40:00,22,424,6,139,3376,103,5611.7300000000005,0,0.0,0,5611.7300000000005,935.2883333333334,0.0,5,4,5,14,545,Champions
12357,Switzerland,2010-11-16 10:05:00,2011-11-06 16:07:00,33,388,2,295,6586,260,17437.66,0,0.0,0,17437.66,8718.83,0.0,4,2,5,11,425,Potential Loyalists
12358,Austria,2009-12-08 07:59:00,2011-12-08 10:26:00,1,731,5,74,1068,55,3447.07,0,0.0,0,3447.07,689.414,0.0,5,4,5,14,545,Champions
12359,Cyprus,2009-12-05 13:32:00,2011-10-13 12:47:00,57,734,10,362,2739,305,8873.39,4,221.05,226,8652.34,887.3389999999999,2.4911561421283186,4,4,5,13,445,Champions
12360,Austria,2010-02-22 09:32:00,2011-10-18 15:22:00,52,655,6,211,2443,159,3612.89,0,0.0,0,3612.89,602.1483333333333,0.0,4,4,5,13,445,Champions
12361,Belgium,2010-01-26 14:37:00,2011-02-25 13:51:00,287,682,4,25,231,17,451.25,0,0.0,0,451.25,112.8125,0.0,2,3,2,7,232,At Risk
12362,Belgium,2011-02-17 10:30:00,2011-12-06 15:40:00,3,295,10,256,2197,200,4737.2300000000005,3,71.65,17,4665.580000000001,473.72300000000007,1.5124872552103232,5,4,5,14,545,Champions
12363,Unspecified,2011-04-11 13:29:00,2011-08-22 10:18:00,109,242,2,23,408,23,552.0,0,0.0,0,552.0,276.0,0.0,3,2,2,7,322,Need Attention
12364,Belgium,2011-08-19 15:24:00,2011-12-02 10:22:00,7,112,4,81,1499,69,1208.1,0,0.0,0,1208.1,302.025,0.0,5,3,4,12,534,Potential Loyalists
12365,Cyprus,2011-02-21 13:51:00,2011-02-21 13:51:00,291,291,1,21,173,21,320.69,0,0.0,0,320.69,320.69,0.0,2,1,2,5,212,Hibernating
12366,Cyprus,2010-03-16 10:28:00,2010-03-16 10:28:00,633,633,1,3,296,3,500.24,0,0.0,0,500.24,500.24,0.0,1,1,2,4,112,Hibernating
12367,Denmark,2011-12-05 16:48:00,2011-12-05 16:48:00,4,4,1,10,172,10,150.9,0,0.0,0,150.9,150.9,0.0,5,1,1,7,511,New Customers
12368,Cyprus,2010-03-21 15:56:00,2010-03-21 15:56:00,628,628,1,18,330,18,917.7,0,0.0,0,917.7,917.7,0.0,1,1,3,5,113,Hibernating
12369,Austria,2010-03-08 08:09:00,2010-10-22 13:13:00,413,641,3,90,1234,89,1511.15,0,0.0,0,1511.15,503.7166666666667,0.0,1,3,4,8,134,At Risk
12370,Austria,2010-02-09 09:41:00,2011-10-19 14:51:00,51,668,7,197,2595,167,3956.56,0,0.0,0,3956.56,565.2228571428572,0.0,4,4,5,13,445,Champions
12371,Switzerland,2010-03-04 18:23:00,2011-10-11 10:43:00,59,645,4,163,1418,133,3347.38,0,0.0,0,3347.38,836.845,0.0,4,3,5,12,435,Potential Loyalists
12372,Denmark,2011-02-16 12:46:00,2011-09-29 12:12:00,71,296,3,49,788,33,1196.04,0,0.0,0,1196.04,398.68,0.0,4,3,4,11,434,Potential Loyalists
12373,Austria,2010-02-04 12:08:00,2011-02-01 13:10:00,311,673,3,48,511,35,927.6500000000001,0,0.0,0,927.6500000000001,309.2166666666667,0.0,2,3,3,8,233,At Risk
12374,Austria,2010-04-30 14:01:00,2011-11-14 15:37:00,25,588,3,81,1354,78,2669.2200000000003,0,0.0,0,2669.2200000000003,889.7400000000001,0.0,5,3,4,12,534,Potential Loyalists
12375,Finland,2011-09-02 14:23:00,2011-11-29 10:36:00,10,98,2,15,176,13,377.5,1,2.08,1,375.42,188.75,0.5509933774834437,5,2,2,9,522,Potential Loyalists
12376,Switzerland,2010-10-18 08:42:00,2010-11-15 12:15:00,389,417,2,11,237,10,383.15,0,0.0,0,383.15,191.575,0.0,1,2,2,5,122,Hibernating
12377,Switzerland,2010-04-29 15:34:00,2011-01-28 15:45:00,315,589,4,150,2101,128,3266.32,0,0.0,0,3266.32,816.58,0.0,2,3,5,10,235,At Risk
12378,Switzerland,2010-05-26 14:07:00,2011-08-02 10:34:00,129,562,2,301,3316,281,5416.32,0,0.0,0,5416.32,2708.16,0.0,3,2,5,10,325,High-Value Active
12379,Belgium,2010-06-23 12:49:00,2011-09-19 10:09:00,81,534,4,77,805,57,1470.22,1,1.95,1,1468.27,367.555,0.13263321135612358,4,3,4,11,434,Potential Loyalists
12380,Belgium,2010-02-15 12:05:00,2011-11-18 11:27:00,21,662,8,267,3314,154,7210.650000000001,2,39.650000000000006,13,7171.000000000001,901.3312500000001,0.549881078682227,5,4,5,14,545,Champions
12381,Norway,2011-08-12 09:57:00,2011-12-05 12:44:00,4,119,3,82,797,69,1474.81,1,41.35,25,1433.46,491.6033333333333,2.803750991653162,5,3,4,12,534,Potential Loyalists
12383,Belgium,2010-12-22 14:28:00,2011-06-08 08:02:00,184,352,5,94,1518,83,1628.56,1,11.25,3,1617.31,325.712,0.6907943213636587,2,4,4,10,244,At Risk
12384,Switzerland,2011-08-10 11:23:00,2011-11-11 08:39:00,28,121,2,25,122,25,425.27000000000004,1,19.11,5,406.16,212.63500000000002,4.49361582053754,5,2,2,9,522,Potential Loyalists
12385,Belgium,2010-11-25 15:14:00,2010-11-25 15:14:00,379,379,1,64,594,64,1668.4,0,0.0,0,1668.4,1668.4,0.0,1,1,4,6,114,At Risk
12386,Australia,2010-12-08 09:53:00,2011-01-06 12:37:00,337,366,2,10,354,10,401.9,0,0.0,0,401.9,200.95,0.0,2,2,2,6,222,Hibernating
12387,Australia,2010-10-20 16:27:00,2010-10-20 16:27:00,415,415,1,9,134,9,143.94,0,0.0,0,143.94,143.94,0.0,1,1,1,3,111,Hibernating
12388,Australia,2010-05-06 12:54:00,2011-11-24 12:30:00,15,582,8,146,2001,83,3901.11,0,0.0,0,3901.11,487.63875,0.0,5,4,5,14,545,Champions
12389,Australia,2010-02-22 10:15:00,2010-11-02 11:52:00,402,655,3,49,614,41,1433.33,0,0.0,0,1433.33,477.77666666666664,0.0,1,3,4,8,134,At Risk
12390,Belgium,2011-09-21 09:33:00,2011-09-21 09:33:00,79,79,1,31,350,31,504.84000000000003,0,0.0,0,504.84000000000003,504.84000000000003,0.0,4,1,2,7,412,Promising Customers
12391,Cyprus,2010-02-15 10:12:00,2011-11-18 12:07:00,21,662,6,267,1204,241,2724.84,1,25.6,8,2699.2400000000002,454.14000000000004,0.9395047048634049,5,4,4,13,544,Champions
12392,Australia,2010-04-27 14:04:00,2010-04-27 14:04:00,591,591,1,7,73,7,234.75000000000003,0,0.0,0,234.75000000000003,234.75000000000003,0.0,1,1,1,3,111,Hibernating
12393,Australia,2010-10-07 13:49:00,2011-09-28 15:41:00,72,428,6,107,1311,63,2399.45,1,22.7,6,2376.75,399.9083333333333,0.9460501364896121,4,4,4,12,444,Champions
12394,Denmark,2011-05-06 14:01:00,2011-10-07 08:08:00,63,217,2,25,808,25,1080.48,0,0.0,0,1080.48,540.24,0.0,4,2,3,9,423,Potential Loyalists
12395,Belgium,2010-04-16 10:16:00,2011-11-20 15:21:00,19,602,15,227,3175,144,4241.17,3,20.349999999999998,5,4220.82,282.74466666666666,0.4798204269104987,5,5,5,15,555,Champions
12396,RSA,2010-02-03 13:22:00,2010-02-03 13:22:00,674,674,1,65,591,65,931.4300000000001,0,0.0,0,931.4300000000001,931.4300000000001,0.0,1,1,3,5,113,Hibernating
12397,Belgium,2011-07-27 14:21:00,2011-11-04 09:52:00,35,135,2,124,1250,109,2214.9,0,0.0,0,2214.9,1107.45,0.0,4,2,4,10,424,Potential Loyalists
12398,Switzerland,2011-10-25 10:27:00,2011-10-25 10:27:00,45,45,1,84,1389,84,1435.66,0,0.0,0,1435.66,1435.66,0.0,4,1,4,9,414,Promising Customers
12399,Belgium,2010-03-05 08:45:00,2011-08-12 13:15:00,119,644,7,103,2190,66,1842.3,0,0.0,0,1842.3,263.18571428571425,0.0,3,4,4,11,344,Loyal Customers
12400,Australia,2010-10-21 13:45:00,2010-10-21 13:45:00,414,414,1,11,91,11,205.25,0,0.0,0,205.25,205.25,0.0,1,1,1,3,111,Hibernating
12401,Belgium,2011-02-09 13:50:00,2011-02-09 13:50:00,303,303,1,4,10,4,69.3,0,0.0,0,69.3,69.3,0.0,2,1,1,4,211,Hibernating
12402,Belgium,2010-02-07 12:41:00,2011-01-20 13:49:00,323,670,6,64,576,42,1136.9,1,12.75,1,1124.15,189.48333333333335,1.1214706658457207,2,4,3,9,243,At Risk
12403,Denmark,2010-07-06 11:39:00,2011-10-21 10:51:00,49,521,2,7,256,4,947.36,0,0.0,0,947.36,473.68,0.0,4,2,3,9,423,Potential Loyalists
12405,Finland,2011-07-14 08:52:00,2011-07-14 08:52:00,148,148,1,53,849,53,1390.39,0,0.0,0,1390.39,1390.39,0.0,3,1,4,8,314,Need Attention
12406,Denmark,2010-01-11 14:04:00,2011-11-17 19:22:00,22,697,5,166,3416,114,6390.36,2,318.15,33,6072.21,1278.072,4.978592755337727,5,4,5,14,545,Champions
12407,Belgium,2011-03-20 13:21:00,2011-10-21 10:11:00,49,264,5,72,1403,56,1507.12,0,0.0,0,1507.12,301.424,0.0,4,4,4,12,444,Champions
12408,Belgium,2010-07-29 13:27:00,2011-11-07 12:27:00,32,498,8,152,2200,103,3905.77,5,46.13,42,3859.64,488.22125,1.1810731302662472,4,4,5,13,445,Champions
12409,Switzerland,2010-05-23 15:21:00,2011-09-22 10:38:00,78,565,7,264,13143,177,23419.29,6,328.82,116,23090.47,3345.612857142857,1.404056228860909,4,4,5,13,445,Champions
12410,Switzerland,2010-07-25 13:26:00,2011-02-04 10:39:00,308,502,3,38,335,35,773.71,1,12.25,2,761.46,257.90333333333336,1.5832805573147564,2,3,3,8,233,At Risk
12411,Australia,2010-10-26 09:25:00,2010-10-26 09:25:00,409,409,1,22,138,22,346.9,0,0.0,0,346.9,346.9,0.0,1,1,2,4,112,Hibernating
12412,Denmark,2010-06-18 13:22:00,2011-09-26 10:16:00,74,539,6,121,1986,81,2404.93,2,15.9,6,2389.0299999999997,400.82166666666666,0.661141904338172,4,4,4,12,444,Champions
12413,France,2010-11-02 13:26:00,2011-10-04 09:00:00,66,402,4,48,313,40,871.45,1,9.95,1,861.5,217.8625,1.1417752022491248,4,3,3,10,433,Potential Loyalists
12414,Austria,2010-09-02 12:22:00,2011-05-06 14:51:00,217,463,4,22,489,19,532.41,1,90.0,192,442.40999999999997,133.1025,16.904265509663606,2,3,2,7,232,At Risk
12415,Australia,2010-06-30 08:30:00,2011-11-15 14:22:00,24,527,24,922,91443,496,144033.37,4,926.35,427,143107.02,6001.390416666666,0.6431495701308663,5,5,5,15,555,Champions
12416,Australia,2010-02-21 10:19:00,2010-02-21 10:19:00,656,656,1,11,132,11,202.56,0,0.0,0,202.56,202.56,0.0,1,1,1,3,111,Hibernating
12417,Belgium,2009-12-06 10:30:00,2011-12-06 14:52:00,3,733,20,350,2835,269,5998.41,7,108.69999999999999,24,5889.71,299.9205,1.812146885591348,5,5,5,15,555,Champions
12418,Switzerland,2010-03-19 14:47:00,2011-08-19 11:08:00,112,630,4,102,1088,90,2021.2,1,4.25,1,2016.95,505.3,0.2102711260637245,3,3,4,10,334,Need Attention
12419,Spain,2010-10-22 10:40:00,2010-11-19 10:04:00,385,413,2,23,227,22,391.01,0,0.0,0,391.01,195.505,0.0,1,2,2,5,122,Hibernating
12420,Cyprus,2011-10-07 08:55:00,2011-10-07 08:55:00,63,63,1,29,345,29,600.39,0,0.0,0,600.39,600.39,0.0,4,1,3,8,413,Promising Customers
12421,Spain,2010-07-22 13:57:00,2011-11-24 09:07:00,15,505,6,59,644,43,874.6,1,5.0,4,869.6,145.76666666666668,0.5716899153898924,5,4,3,12,543,Loyal Customers
12422,Switzerland,2009-12-18 12:44:00,2011-09-05 09:48:00,95,721,12,162,2579,135,3639.35,0,0.0,0,3639.35,303.27916666666664,0.0,3,5,5,13,355,Loyal Customers
12423,Belgium,2010-08-31 09:31:00,2011-12-09 10:10:00,0,465,10,155,1772,127,2301.39,1,10.2,12,2291.19,230.13899999999998,0.443210407623219,5,4,4,13,544,Champions
12424,Australia,2010-06-09 15:15:00,2011-06-30 12:06:00,162,548,4,92,2025,78,3340.0299999999997,3,50.25,10,3289.7799999999997,835.0074999999999,1.5044775046930718,3,3,5,11,335,High-Value Active
12425,Portugal,2010-09-17 14:10:00,2011-09-22 17:31:00,78,448,2,91,1147,87,1741.41,1,60.6,44,1680.8100000000002,870.705,3.4799386703877886,4,2,4,10,424,Potential Loyalists
12426,Germany,2010-02-15 08:41:00,2011-05-29 12:26:00,194,662,2,75,576,72,1201.21,1,33.8,7,1167.41,600.605,2.8138293886997277,2,2,3,7,223,Hibernating
12427,Germany,2010-12-03 10:44:00,2011-11-18 08:56:00,21,371,3,28,526,25,699.8000000000001,2,117.42999999999999,297,582.3700000000001,233.26666666666668,16.780508716776218,5,3,2,10,532,Potential Loyalists
12428,Finland,2011-03-01 09:33:00,2011-11-14 08:22:00,25,283,8,287,3509,256,6405.26,3,39.26,32,6366.0,800.6575,0.6129337450782637,5,4,5,14,545,Champions
12429,Denmark,2010-06-11 13:28:00,2011-11-30 17:22:00,9,546,8,150,2871,123,5842.41,1,50.4,120,5792.01,730.30125,0.8626577046116243,5,4,5,14,545,Champions
12430,Norway,2011-10-27 15:09:00,2011-10-27 15:09:00,43,43,1,10,116,10,216.4,0,0.0,0,216.4,216.4,0.0,4,1,1,6,411,Promising Customers
12431,Australia,2010-01-15 09:04:00,2011-11-04 11:55:00,35,693,25,385,4578,243,10102.220000000001,6,138.56,68,9963.660000000002,404.08880000000005,1.3715797121820745,4,5,5,14,455,Champions
12432,Norway,2011-06-20 13:27:00,2011-10-28 11:43:00,42,172,4,107,1800,106,4359.32,0,0.0,0,4359.32,1089.83,0.0,4,3,5,12,435,Potential Loyalists
12433,Norway,2010-08-20 09:23:00,2011-12-09 10:02:00,0,476,10,559,13534,285,16794.14,0,0.0,0,16794.14,1679.414,0.0,5,4,5,14,545,Champions
12434,Australia,2010-11-23 13:38:00,2011-09-16 12:38:00,84,381,3,70,532,62,1103.43,2,40.95,21,1062.48,367.81,3.7111552160082653,4,3,3,10,433,Potential Loyalists
12435,Denmark,2009-12-02 13:58:00,2011-09-21 09:06:00,79,737,6,112,4958,88,13925.93,0,0.0,0,13925.93,2320.9883333333332,0.0,4,4,5,13,445,Champions
12436,Norway,2011-09-01 12:09:00,2011-09-01 12:09:00,99,99,1,15,209,15,429.01,0,0.0,0,429.01,429.01,0.0,3,1,2,6,312,Regular Customers
12437,France,2009-12-02 16:24:00,2011-12-08 11:35:00,1,737,38,529,7922,272,11282.4,7,270.55,69,11011.85,296.90526315789475,2.3979826987165853,5,5,5,15,555,Champions
12438,Norway,2011-07-22 13:29:00,2011-11-25 13:28:00,14,140,2,96,1169,83,2466.85,0,0.0,0,2466.85,1233.425,0.0,5,2,4,11,524,Potential Loyalists
12439,Cyprus,2009-12-14 08:40:00,2010-01-26 12:11:00,682,725,2,71,478,69,1142.88,1,53.7,30,1089.18,571.44,4.698656026879462,1,2,3,6,123,Hibernating
12440,Austria,2009-12-22 12:03:00,2010-09-03 13:11:00,462,717,2,30,328,20,739.2,1,91.05,23,648.1500000000001,369.6,12.317370129870127,1,2,3,6,123,Hibernating
12441,France,2010-12-08 10:45:00,2010-12-08 10:45:00,366,366,1,10,120,10,155.55,0,0.0,0,155.55,155.55,0.0,1,1,1,3,111,Hibernating
12442,Spain,2011-12-06 14:22:00,2011-12-06 14:22:00,3,3,1,11,181,11,144.06,0,0.0,0,144.06,144.06,0.0,5,1,1,7,511,New Customers
12443,Norway,2009-12-07 15:42:00,2009-12-07 15:42:00,732,732,1,20,179,20,365.31,0,0.0,0,365.31,365.31,0.0,1,1,2,4,112,Hibernating
12444,Norway,2011-06-21 14:00:00,2011-11-18 13:23:00,21,171,5,172,1130,137,4085.46,0,0.0,0,4085.46,817.092,0.0,5,4,5,14,545,Champions
12445,Spain,2010-10-15 12:28:00,2011-11-17 18:43:00,22,420,2,23,204,23,378.98,1,8.5,2,370.48,189.49,2.2428624201804843,5,2,2,9,522,Potential Loyalists
12446,RSA,2011-10-13 12:50:00,2011-10-13 12:50:00,57,57,1,57,351,57,1002.3100000000001,0,0.0,0,1002.3100000000001,1002.3100000000001,0.0,4,1,3,8,413,Promising Customers
12447,Belgium,2011-04-10 13:25:00,2011-04-10 13:25:00,243,243,1,25,187,25,431.49,0,0.0,0,431.49,431.49,0.0,2,1,2,5,212,Hibernating
12448,Spain,2011-10-26 13:46:00,2011-10-26 13:46:00,44,44,1,21,240,21,365.45,0,0.0,0,365.45,365.45,0.0,4,1,2,7,412,Promising Customers
12449,Belgium,2010-09-27 09:37:00,2011-11-17 13:46:00,22,438,5,196,2247,124,4274.89,0,0.0,0,4274.89,854.9780000000001,0.0,5,4,5,14,545,Champions
12450,Spain,2010-08-22 13:11:00,2011-07-06 14:41:00,156,474,5,37,442,31,688.2,2,21.25,7,666.95,137.64000000000001,3.0877651845393776,3,4,3,10,343,Loyal Customers
12451,Switzerland,2010-06-28 12:58:00,2011-11-29 08:40:00,10,529,8,510,9358,351,12629.88,2,123.35,133,12506.529999999999,1578.735,0.976652193053299,5,4,5,14,545,Champions
12452,Switzerland,2011-11-23 08:05:00,2011-11-23 08:05:00,16,16,1,20,181,20,348.57,0,0.0,0,348.57,348.57,0.0,5,1,2,8,512,New Customers
12453,Austria,2011-07-28 14:08:00,2011-07-28 14:08:00,134,134,1,43,473,43,707.09,0,0.0,0,707.09,707.09,0.0,3,1,3,7,313,Need Attention
12454,Spain,2010-10-14 17:33:00,2011-10-14 17:13:00,56,421,4,39,7702,23,16459.78,3,12360.82,5470,4098.959999999999,4114.945,75.09711551430213,4,3,5,12,435,Potential Loyalists
12455,Cyprus,2009-12-18 12:33:00,2011-09-27 15:31:00,73,721,9,220,3295,198,5722.95,0,0.0,0,5722.95,635.8833333333333,0.0,4,4,5,13,445,Champions
12456,Switzerland,2011-03-30 09:12:00,2011-10-26 14:41:00,44,254,3,122,1618,104,2581.04,1,27.15,17,2553.89,860.3466666666667,1.0519015590614635,4,3,4,11,434,Potential Loyalists
12457,Switzerland,2010-09-30 17:59:00,2011-10-04 13:13:00,66,435,7,80,1083,62,2555.91,6,523.6,157,2032.31,365.13,20.48585435324405,4,4,4,12,444,Champions
12458,Switzerland,2010-08-09 10:33:00,2011-09-29 15:25:00,71,487,4,80,979,70,1502.49,0,0.0,0,1502.49,375.6225,0.0,4,3,4,11,434,Potential Loyalists
12459,Spain,2010-04-13 14:53:00,2010-04-13 14:53:00,605,605,1,22,256,22,398.36,0,0.0,0,398.36,398.36,0.0,1,1,2,4,112,Hibernating
12460,Belgium,2010-09-09 13:51:00,2010-09-09 13:51:00,456,456,1,17,168,17,296.65,0,0.0,0,296.65,296.65,0.0,1,1,2,4,112,Hibernating
12461,Switzerland,2011-07-08 10:23:00,2011-07-08 10:23:00,154,154,1,34,282,34,626.88,0,0.0,0,626.88,626.88,0.0,3,1,3,7,313,Need Attention
12462,Spain,2011-02-09 14:44:00,2011-11-21 09:11:00,18,303,2,60,527,50,937.59,2,65.58,22,872.01,468.795,6.9945285252615745,5,2,3,10,523,Potential Loyalists
12463,Belgium,2011-04-12 12:47:00,2011-10-17 13:44:00,53,241,4,79,768,64,1200.78,2,35.15,17,1165.6299999999999,300.195,2.92726394510235,4,3,3,10,433,Potential Loyalists
12464,Belgium,2011-02-03 13:30:00,2011-11-29 13:33:00,10,309,8,22,95,5,957.05,0,0.0,0,957.05,119.63125,0.0,5,4,3,12,543,Loyal Customers
12465,Belgium,2011-06-23 13:37:00,2011-11-22 16:34:00,17,169,2,45,475,45,682.19,1,8.3,4,673.8900000000001,341.095,1.216669842712441,5,2,3,10,523,Potential Loyalists
12467,USA,2010-10-12 15:41:00,2010-10-12 15:41:00,423,423,1,9,129,9,132.8,1,132.8,129,0.0,132.8,100.0,1,1,1,3,111,Hibernating
12468,Germany,2010-01-26 10:09:00,2011-06-05 11:36:00,187,682,5,145,2177,126,3238.7400000000002,5,46.19,17,3192.55,647.748,1.4261719063586455,2,4,5,11,245,At Risk
12469,Thailand,2010-06-21 10:30:00,2010-07-05 12:40:00,522,536,2,76,2552,76,3070.54,0,0.0,0,3070.54,1535.27,0.0,1,2,5,8,125,At Risk
12470,Unspecified,2010-01-19 11:01:00,2010-01-19 11:01:00,689,689,1,23,95,23,211.95,0,0.0,0,211.95,211.95,0.0,1,1,1,3,111,Hibernating
12471,Germany,2009-12-07 10:41:00,2011-12-07 15:43:00,2,732,71,1087,16612,252,35099.9,49,1804.98,414,33294.92,494.3647887323944,5.142407813127672,5,5,5,15,555,Champions
12472,Germany,2009-12-14 10:49:00,2011-11-07 14:01:00,32,725,19,822,10307,396,14971.29,18,801.6,400,14169.69,787.9626315789474,5.354248030730819,4,5,5,14,455,Champions
12473,Germany,2011-06-01 10:15:00,2011-10-17 11:27:00,53,191,3,160,2394,138,2585.73,1,40.46,71,2545.27,861.91,1.5647418717344812,4,3,4,11,434,Potential Loyalists
12474,Germany,2010-02-11 09:41:00,2011-11-22 14:39:00,17,666,29,681,7881,368,11310.75,23,424.0,153,10886.75,390.0258620689655,3.7486461994120637,5,5,5,15,555,Champions
12475,Germany,2010-10-26 08:49:00,2011-10-17 10:10:00,53,409,2,59,766,53,1065.64,0,0.0,0,1065.64,532.82,0.0,4,2,3,9,423,Potential Loyalists
12476,Germany,2010-07-26 09:04:00,2011-11-24 12:40:00,15,501,18,498,5533,357,12319.91,15,399.79,96,11920.119999999999,684.4394444444445,3.245072407184793,5,5,5,15,555,Champions
12477,Germany,2010-03-26 14:01:00,2011-11-17 09:51:00,22,623,9,564,6119,295,20276.37,3,102.72999999999999,33,20173.64,2252.93,0.5066488725546042,5,4,5,14,545,Champions
12478,Greece,2011-12-06 09:56:00,2011-12-06 09:56:00,3,3,1,35,233,35,545.99,0,0.0,0,545.99,545.99,0.0,5,1,2,8,512,New Customers
12479,Germany,2011-11-28 13:26:00,2011-11-28 13:26:00,11,11,1,30,382,30,473.2,2,49.9,34,423.3,473.2,10.545224006762469,5,1,2,8,512,New Customers
12480,Germany,2010-07-20 13:21:00,2011-11-11 14:52:00,28,507,7,235,2917,176,4834.85,1,29.75,5,4805.1,690.6928571428572,0.6153241569024892,5,4,5,14,545,Champions
12481,Germany,2010-04-11 13:10:00,2011-11-17 08:29:00,22,607,14,368,7110,247,11033.51,3,144.35999999999999,138,10889.15,788.1078571428571,1.3083778416841056,5,5,5,15,555,Champions
12482,Sweden,2010-02-24 10:24:00,2010-05-12 16:51:00,576,653,27,202,27040,41,21941.72,0,0.0,0,21941.72,812.6562962962963,0.0,1,5,5,11,155,At Risk
12483,Sweden,2010-01-31 13:28:00,2011-11-22 17:02:00,17,677,19,122,2131,67,4069.1800000000003,4,61.25,22,4007.9300000000003,214.16736842105266,1.5052172673609916,5,5,5,15,555,Champions
12484,Spain,2010-01-27 16:41:00,2011-11-04 15:18:00,35,681,9,465,3237,328,5557.1,4,66.3,11,5490.8,617.4555555555556,1.1930683270050926,4,4,5,13,445,Champions
12485,Sweden,2010-06-28 15:22:00,2010-06-28 15:22:00,529,529,1,34,414,34,708.1,0,0.0,0,708.1,708.1,0.0,1,1,3,5,113,Hibernating
12486,Sweden,2010-10-04 12:14:00,2010-10-04 12:14:00,431,431,1,48,520,48,917.28,0,0.0,0,917.28,917.28,0.0,1,1,3,5,113,Hibernating
12487,Sweden,2009-12-09 11:36:00,2009-12-09 11:36:00,730,730,1,2,174,2,285.3,1,25.5,30,259.8,285.3,8.937960042060988,1,1,1,3,111,Hibernating
12488,France,2011-09-25 10:34:00,2011-11-30 08:50:00,9,75,3,54,526,45,1244.66,0,0.0,0,1244.66,414.8866666666667,0.0,5,3,4,12,534,Potential Loyalists
12489,France,2011-01-07 13:13:00,2011-01-07 13:13:00,336,336,1,14,103,14,298.93,0,0.0,0,298.93,298.93,0.0,2,1,2,5,212,Hibernating
12490,France,2009-12-01 12:52:00,2011-12-04 16:07:00,5,738,20,441,5849,194,8764.64,1,5.0,4,8759.64,438.23199999999997,0.05704740867850819,5,5,5,15,555,Champions
12491,France,2011-11-01 12:18:00,2011-11-01 12:18:00,38,38,1,25,258,24,424.40000000000003,0,0.0,0,424.40000000000003,424.40000000000003,0.0,4,1,2,7,412,Promising Customers
12492,Germany,2010-11-01 14:58:00,2011-10-07 15:15:00,63,403,3,39,438,37,607.21,0,0.0,0,607.21,202.40333333333334,0.0,4,3,3,10,433,Potential Loyalists
12493,France,2011-05-26 14:53:00,2011-06-27 10:17:00,165,197,2,20,204,18,379.74,1,16.95,1,362.79,189.87,4.4635803444462,3,2,2,7,322,Need Attention
12494,France,2010-05-12 13:52:00,2011-11-24 09:34:00,15,576,9,100,965,82,1563.27,8,111.35,26,1451.92,173.69666666666666,7.122889839886904,5,4,4,13,544,Champions
12495,Sweden,2010-03-09 10:53:00,2010-03-09 10:53:00,640,640,1,16,128,16,277.4,1,34.0,4,243.39999999999998,277.4,12.256669069935112,1,1,1,3,111,Hibernating
12496,Spain,2010-03-29 13:57:00,2010-03-29 14:06:00,620,620,2,10,30,10,45.34,0,0.0,0,45.34,22.67,0.0,1,2,1,4,121,Hibernating
12497,Germany,2010-03-05 09:39:00,2011-09-19 12:29:00,81,644,3,55,5671,40,5996.5,0,0.0,0,5996.5,1998.8333333333333,0.0,4,3,5,12,435,Potential Loyalists
12498,Germany,2011-10-13 09:30:00,2011-11-18 12:53:00,21,57,3,21,156,20,349.70000000000005,0,0.0,0,349.70000000000005,116.56666666666668,0.0,5,3,2,10,532,Potential Loyalists
12499,Germany,2010-05-28 15:12:00,2010-05-28 15:12:00,560,560,1,26,300,26,357.72,0,0.0,0,357.72,357.72,0.0,1,1,2,4,112,Hibernating
12500,Germany,2010-02-04 15:05:00,2011-11-16 16:20:00,23,673,18,130,3355,87,5559.21,6,64.9,16,5494.31,308.845,1.1674320631888346,5,5,5,15,555,Champions
12501,Germany,2011-01-07 12:28:00,2011-01-07 12:28:00,336,336,1,148,1775,148,2025.39,1,79.71000000000001,61,1945.68,2025.39,3.935538340764001,2,1,4,7,214,At Risk
12502,Spain,2011-02-03 10:41:00,2011-09-05 11:52:00,95,309,5,142,794,101,2995.87,0,0.0,0,2995.87,599.174,0.0,3,4,5,12,345,Loyal Customers
12503,Spain,2010-05-04 13:59:00,2010-05-04 13:59:00,584,584,1,1,560,1,896.0,0,0.0,0,896.0,896.0,0.0,1,1,3,5,113,Hibernating
12504,Germany,2010-04-22 10:24:00,2011-11-21 16:02:00,18,596,4,17,453,10,689.05,2,368.04999999999995,39,321.0,172.2625,53.414120891081915,5,3,2,10,532,Potential Loyalists
12505,Italy,2010-10-27 09:18:00,2010-10-27 09:18:00,408,408,1,41,318,41,787.2,1,42.7,10,744.5,787.2,5.424288617886179,1,1,3,5,113,Hibernating
12506,France,2011-04-21 08:54:00,2011-04-21 08:54:00,232,232,1,23,23,23,73.5,0,0.0,0,73.5,73.5,0.0,2,1,1,4,211,Hibernating
12507,Spain,2010-05-04 09:23:00,2011-07-28 17:09:00,134,584,4,46,1244,45,1508.06,1,46.75,11,1461.31,377.015,3.1000092834502606,3,3,4,10,334,Need Attention
12508,France,2011-11-10 16:27:00,2011-11-13 15:37:00,26,29,2,68,271,57,397.88,0,0.0,0,397.88,198.94,0.0,5,2,2,9,522,Potential Loyalists
12509,France,2011-02-28 14:45:00,2011-02-28 14:45:00,284,284,1,6,54,6,158.5,0,0.0,0,158.5,158.5,0.0,2,1,1,4,211,Hibernating
12510,Spain,2009-12-04 13:47:00,2011-07-20 10:15:00,142,735,7,137,2021,92,3039.03,2,49.7,26,2989.3300000000004,434.1471428571429,1.6353902396488353,3,4,5,12,345,Loyal Customers
12511,Greece,2010-10-07 10:39:00,2010-10-07 10:39:00,428,428,1,190,1753,190,3084.02,1,18.25,5,3065.77,3084.02,0.5917601053170861,1,1,5,7,115,At Risk
12512,Israel,2011-10-04 14:53:00,2011-10-04 14:55:00,66,66,2,31,96,31,132.18,0,0.0,0,132.18,66.09,0.0,4,2,1,7,421,Potential Loyalists
12513,France,2011-08-19 10:51:00,2011-08-19 10:51:00,112,112,1,34,459,34,558.29,1,25.5,6,532.79,558.29,4.567518673091047,3,1,2,6,312,Regular Customers
12514,Italy,2010-03-08 12:18:00,2011-03-17 16:38:00,267,641,2,84,840,76,1597.76,0,0.0,0,1597.76,798.88,0.0,2,2,4,8,224,At Risk
12515,Italy,2010-12-21 15:43:00,2010-12-21 15:43:00,353,353,1,15,128,15,278.7,0,0.0,0,278.7,278.7,0.0,2,1,2,5,212,Hibernating
12516,Germany,2010-04-19 14:14:00,2011-09-23 09:13:00,77,599,4,70,1932,48,2288.62,0,0.0,0,2288.62,572.155,0.0,4,3,4,11,434,Potential Loyalists
12517,Germany,2011-06-02 15:13:00,2011-11-11 13:57:00,28,190,4,276,1351,231,2301.6,1,37.95,23,2263.65,575.4,1.6488529718456726,5,3,4,12,534,Potential Loyalists
12518,Germany,2011-08-21 13:18:00,2011-12-09 10:13:00,0,110,5,119,1306,83,1840.89,0,0.0,0,1840.89,368.178,0.0,5,4,4,13,544,Champions
12519,Germany,2010-08-20 08:21:00,2011-10-07 09:26:00,63,476,2,37,382,33,626.54,1,31.35,7,595.1899999999999,313.27,5.003670954767454,4,2,3,9,423,Potential Loyalists
12520,Germany,2011-03-11 11:35:00,2011-09-21 15:23:00,79,273,5,147,1423,120,2346.26,1,51.75,9,2294.51,469.25200000000007,2.205637908842157,4,4,4,12,444,Champions
12521,Germany,2011-07-20 10:51:00,2011-07-20 10:51:00,142,142,1,37,306,37,545.68,0,0.0,0,545.68,545.68,0.0,3,1,2,6,312,Regular Customers
12522,Germany,2011-10-19 14:41:00,2011-10-31 15:30:00,39,51,2,10,192,10,156.72,0,0.0,0,156.72,78.36,0.0,4,2,1,7,421,Potential Loyalists
12523,France,2009-12-07 13:46:00,2011-11-20 12:55:00,19,732,23,238,2244,175,4010.35,7,133.3,26,3877.0499999999997,174.36304347826086,3.3238994102759114,5,5,5,15,555,Champions
12524,Germany,2010-02-08 14:41:00,2011-11-30 15:31:00,9,669,17,224,7104,156,9794.11,1,34.75,5,9759.36,576.1241176470588,0.3548050818297936,5,5,5,15,555,Champions
12525,France,2010-03-02 14:01:00,2010-07-29 16:08:00,498,647,3,59,504,55,883.73,5,138.54999999999998,22,745.1800000000001,294.57666666666665,15.677865411381303,1,3,3,7,133,At Risk
12526,Germany,2011-09-06 14:19:00,2011-12-09 12:09:00,0,94,3,68,624,63,1172.66,0,0.0,0,1172.66,390.8866666666667,0.0,5,3,3,11,533,Potential Loyalists
12527,Germany,2010-06-28 15:37:00,2011-09-19 11:55:00,81,529,5,31,525,25,717.51,0,0.0,0,717.51,143.502,0.0,4,4,3,11,443,Loyal Customers
12528,Germany,2011-01-31 09:05:00,2011-11-30 14:40:00,9,312,6,86,740,49,1645.48,2,11.2,6,1634.28,274.24666666666667,0.6806524539951867,5,4,4,13,544,Champions
12529,France,2010-06-29 13:10:00,2010-06-29 13:10:00,528,528,1,21,192,21,316.48,1,4.7,2,311.78000000000003,316.48,1.4850859453993934,1,1,2,4,112,Hibernating
12530,Germany,2010-03-07 14:37:00,2011-10-11 12:34:00,59,642,9,149,2692,93,3381.26,2,51.400000000000006,14,3329.86,375.6955555555556,1.5201433785038714,4,4,5,13,445,Champions
12531,Germany,2010-01-22 14:17:00,2011-11-25 11:12:00,14,686,2,126,1110,125,1771.2,1,34.15,15,1737.05,885.6,1.9280713640469738,5,2,4,11,524,Potential Loyalists
12532,France,2011-11-09 13:47:00,2011-11-09 13:47:00,30,30,1,15,151,15,313.83000000000004,0,0.0,0,313.83000000000004,313.83000000000004,0.0,5,1,2,8,512,New Customers
12533,Germany,2009-12-01 11:50:00,2010-03-22 10:56:00,627,738,2,70,696,62,1223.89,4,217.9,136,1005.9900000000001,611.945,17.803887604278163,1,2,3,6,123,Hibernating
12534,Germany,2011-08-01 10:26:00,2011-08-01 10:26:00,130,130,1,62,645,62,981.18,0,0.0,0,981.18,981.18,0.0,3,1,3,7,313,Need Attention
12535,France,2011-06-06 12:47:00,2011-09-09 08:48:00,91,186,2,34,219,28,716.35,0,0.0,0,716.35,358.175,0.0,3,2,3,8,323,Need Attention
12536,France,2011-10-11 14:52:00,2011-10-11 14:52:00,59,59,1,259,2801,259,4279.71,1,128.45,129,4151.26,4279.71,3.0013715882618213,4,1,5,10,415,Promising Customers
12537,Sweden,2010-10-27 08:36:00,2010-10-27 08:36:00,408,408,1,42,446,42,612.94,0,0.0,0,612.94,612.94,0.0,1,1,3,5,113,Hibernating
12538,Spain,2010-11-26 13:02:00,2011-11-10 17:16:00,29,378,2,34,336,33,640.45,0,0.0,0,640.45,320.225,0.0,5,2,3,10,523,Potential Loyalists
12539,Spain,2009-12-23 13:00:00,2011-11-17 13:30:00,22,716,7,503,4534,275,11186.75,0,0.0,0,11186.75,1598.107142857143,0.0,5,4,5,14,545,Champions
12540,Spain,2009-12-07 16:56:00,2011-11-20 11:31:00,19,732,32,739,10911,353,19250.49,2,91.19999999999999,8,19159.29,601.5778125,0.47375417456906277,5,5,5,15,555,Champions
12541,Spain,2011-03-04 09:32:00,2011-11-10 10:40:00,29,280,3,49,675,45,841.18,0,0.0,0,841.18,280.3933333333333,0.0,5,3,3,11,533,Potential Loyalists
12542,Spain,2010-03-09 16:26:00,2010-08-12 19:12:00,484,640,2,39,522,39,481.88,2,58.5,8,423.38,240.94,12.139951855233669,1,2,2,5,122,Hibernating
12543,Spain,2010-09-17 15:51:00,2010-09-17 15:51:00,448,448,1,42,683,42,840.25,0,0.0,0,840.25,840.25,0.0,1,1,3,5,113,Hibernating
12544,Spain,2011-11-03 16:15:00,2011-11-03 16:15:00,36,36,1,18,134,18,316.7,1,17.0,4,299.7,316.7,5.3678560151563,4,1,2,7,412,Promising Customers
12545,Spain,2011-03-25 12:04:00,2011-09-25 13:39:00,75,259,2,48,517,41,832.39,0,0.0,0,832.39,416.195,0.0,4,2,3,9,423,Potential Loyalists
12546,Spain,2011-09-23 09:44:00,2011-10-24 12:09:00,46,77,2,67,628,58,1021.5,1,20.0,16,1001.5,510.75,1.957905041605482,4,2,3,9,423,Potential Loyalists
12547,Spain,2010-07-27 13:55:00,2011-05-26 12:38:00,197,500,3,18,306,12,299.58,0,0.0,0,299.58,99.86,0.0,2,3,2,7,232,At Risk
12548,Spain,2011-06-26 15:35:00,2011-06-26 15:35:00,166,166,1,4,48,4,67.19999999999999,0,0.0,0,67.19999999999999,67.19999999999999,0.0,3,1,1,5,311,Regular Customers
12549,USA,2010-01-11 12:29:00,2010-05-13 12:05:00,575,697,5,48,1365,37,1570.68,0,0.0,0,1570.68,314.136,0.0,1,4,4,9,144,At Risk
12550,Spain,2011-09-21 14:35:00,2011-09-21 14:35:00,79,79,1,56,564,56,824.83,0,0.0,0,824.83,824.83,0.0,4,1,3,8,413,Promising Customers
12551,Spain,2010-12-17 11:23:00,2010-12-17 11:23:00,357,357,1,10,100,10,168.0,0,0.0,0,168.0,168.0,0.0,2,1,1,4,211,Hibernating
12552,Italy,2011-10-31 12:11:00,2011-10-31 12:11:00,39,39,1,19,85,19,317.82,0,0.0,0,317.82,317.82,0.0,4,1,2,7,412,Promising Customers
12553,France,2010-10-12 13:35:00,2011-12-01 16:38:00,8,423,12,227,2297,108,4104.75,5,59.93,43,4044.82,342.0625,1.4600158353127473,5,5,5,15,555,Champions
12554,Spain,2010-09-17 12:29:00,2010-09-17 12:29:00,448,448,1,25,237,25,384.5,0,0.0,0,384.5,384.5,0.0,1,1,2,4,112,Hibernating
12556,Spain,2011-07-11 13:35:00,2011-10-20 13:06:00,50,151,2,119,355,100,599.56,0,0.0,0,599.56,299.78,0.0,4,2,3,9,423,Potential Loyalists
12557,Spain,2009-12-17 10:39:00,2011-11-23 16:59:00,16,722,8,53,6382,15,18096.14,0,0.0,0,18096.14,2262.0175,0.0,5,4,5,14,545,Champions
12558,USA,2011-12-02 10:41:00,2011-12-02 10:41:00,7,7,1,11,196,11,269.96,1,269.96,196,0.0,269.96,100.0,5,1,1,7,511,New Customers
12559,Germany,2011-01-24 10:12:00,2011-02-02 09:49:00,310,319,2,20,281,20,525.71,1,25.5,2,500.21000000000004,262.855,4.850583021057236,2,2,2,6,222,Hibernating
12560,Germany,2011-07-19 15:55:00,2011-12-04 13:54:00,5,143,2,103,1098,90,1918.01,1,32.620000000000005,32,1885.3899999999999,959.005,1.7007210598484892,5,2,4,11,524,Potential Loyalists
12561,Germany,2011-02-10 11:39:00,2011-02-10 11:39:00,302,302,1,16,177,16,238.85,0,0.0,0,238.85,238.85,0.0,2,1,1,4,211,Hibernating
12562,France,2010-09-30 13:13:00,2011-12-01 17:20:00,8,435,9,198,2297,112,4426.92,0,0.0,0,4426.92,491.88,0.0,5,4,5,14,545,Champions
12563,Italy,2010-10-27 09:52:00,2010-10-27 09:52:00,408,408,1,12,112,12,221.24,0,0.0,0,221.24,221.24,0.0,1,1,1,3,111,Hibernating
12564,France,2011-03-23 14:55:00,2011-03-23 14:55:00,261,261,1,20,130,20,402.90000000000003,0,0.0,0,402.90000000000003,402.90000000000003,0.0,2,1,2,5,212,Hibernating
12565,Saudi Arabia,2011-02-24 10:34:00,2011-02-24 10:34:00,288,288,1,9,80,9,145.92000000000002,1,14.75,5,131.17000000000002,145.92000000000002,10.108278508771928,2,1,1,4,211,Hibernating
12566,Germany,2011-09-14 14:30:00,2011-09-14 14:30:00,86,86,1,18,262,18,297.65,1,4.95,1,292.7,297.65,1.6630270451873006,4,1,2,7,412,Promising Customers
12567,France,2010-02-11 10:30:00,2011-11-17 11:02:00,22,666,15,543,5251,364,10741.48,2,316.04,222,10425.439999999999,716.0986666666666,2.942238872110734,5,5,5,15,555,Champions
12568,Germany,2010-03-05 09:15:00,2010-03-05 09:15:00,644,644,1,4,47,4,52.0,0,0.0,0,52.0,52.0,0.0,1,1,1,3,111,Hibernating
12569,Germany,2011-04-01 13:47:00,2011-12-07 16:24:00,2,252,32,157,1747,91,3152.69,1,23.700000000000003,6,3128.9900000000002,98.5215625,0.7517389911472425,5,5,5,15,555,Champions
12571,France,2011-08-10 12:35:00,2011-10-31 10:19:00,39,121,2,34,523,31,519.61,0,0.0,0,519.61,259.805,0.0,4,2,2,8,422,Potential Loyalists
12572,Germany,2011-10-19 08:20:00,2011-12-01 09:20:00,8,51,2,58,446,52,912.4200000000001,1,15.7,2,896.72,456.21000000000004,1.7206988009907715,5,2,3,10,523,Potential Loyalists
12573,France,2010-08-31 17:25:00,2011-04-26 15:52:00,227,465,5,119,479,107,717.41,0,0.0,0,717.41,143.482,0.0,2,4,3,9,243,At Risk
12574,France,2011-01-28 09:20:00,2011-01-28 09:20:00,315,315,1,10,59,10,182.45000000000002,0,0.0,0,182.45000000000002,182.45000000000002,0.0,2,1,1,4,211,Hibernating
12575,France,2010-07-01 09:15:00,2010-09-08 13:09:00,457,526,2,36,312,33,568.82,0,0.0,0,568.82,284.41,0.0,1,2,2,5,122,Hibernating
12576,Poland,2010-07-01 13:46:00,2011-11-04 10:11:00,35,526,8,141,1492,113,2062.7200000000003,3,58.85,15,2003.8700000000003,257.84000000000003,2.8530290102389078,4,4,4,12,444,Champions
12577,France,2009-12-03 19:31:00,2011-11-04 13:24:00,35,736,8,297,1190,258,1613.15,1,62.400000000000006,6,1550.75,201.64375,3.8682081641508854,4,4,4,12,444,Champions
12578,Italy,2010-09-22 11:19:00,2011-11-18 13:30:00,21,443,4,168,2358,148,4026.4500000000003,3,70.0,46,3956.4500000000003,1006.6125000000001,1.7385041413652225,5,3,5,13,535,Potential Loyalists
12579,France,2011-09-22 17:15:00,2011-09-22 17:15:00,78,78,1,28,282,28,386.42,1,11.7,6,374.72,386.42,3.0277935924641577,4,1,2,7,412,Promising Customers
12580,Germany,2010-05-12 11:45:00,2011-04-07 10:24:00,246,576,2,56,564,51,962.9,0,0.0,0,962.9,481.45,0.0,2,2,3,7,223,Hibernating
12581,Germany,2011-10-31 08:56:00,2011-10-31 08:56:00,39,39,1,14,160,14,179.71,0,0.0,0,179.71,179.71,0.0,4,1,1,6,411,Promising Customers
12582,Finland,2010-05-11 09:55:00,2011-04-15 08:45:00,238,577,4,101,981,87,1820.4,0,0.0,0,1820.4,455.1,0.0,2,3,4,9,234,At Risk
12583,France,2009-12-06 11:57:00,2011-12-07 08:07:00,2,733,27,419,8474,140,12493.58,3,84.54,51,12409.039999999999,462.7251851851852,0.6766675364467191,5,5,5,15,555,Champions
12584,Italy,2011-03-04 15:15:00,2011-12-06 09:35:00,3,280,9,95,413,43,2254.15,9,444.2,62,1809.95,250.4611111111111,19.70587582902646,5,4,4,13,544,Champions
12585,Germany,2010-12-23 12:58:00,2011-04-19 13:39:00,234,351,2,85,1267,76,1824.1,2,57.29,21,1766.81,912.05,3.1407269338303823,2,2,4,8,224,At Risk
12586,Italy,2009-12-16 13:15:00,2011-11-22 16:24:00,17,723,4,94,687,82,2062.67,1,17.0,2,2045.67,515.6675,0.8241744922842723,5,3,4,12,534,Potential Loyalists
12587,Finland,2011-12-02 12:47:00,2011-12-02 12:47:00,7,7,1,3,50,3,104.0,0,0.0,0,104.0,104.0,0.0,5,1,1,7,511,New Customers
12588,Finland,2010-04-21 12:22:00,2011-10-31 15:01:00,39,597,3,42,432,30,718.78,1,19.8,4,698.98,239.59333333333333,2.7546676312640868,4,3,3,10,433,Potential Loyalists
12589,France,2010-01-19 12:26:00,2011-11-11 10:19:00,28,689,6,173,1741,119,3294.91,2,542.74,391,2752.17,549.1516666666666,16.472073592298425,5,4,4,13,544,Champions
12590,Germany,2011-05-12 14:46:00,2011-05-12 14:46:00,211,211,1,67,4282,67,9341.26,3,10.780000000000001,6,9330.48,9341.26,0.11540199073786621,2,1,5,8,215,At Risk
12591,Italy,2010-10-27 10:42:00,2011-01-26 14:35:00,317,408,3,65,645,62,1114.95,0,0.0,0,1114.95,371.65000000000003,0.0,2,3,3,8,233,At Risk
12592,Germany,2010-07-08 14:06:00,2011-09-08 15:04:00,92,519,4,76,1866,40,1723.64,0,0.0,0,1723.64,430.91,0.0,3,3,4,10,334,Need Attention
12593,France,2011-05-05 09:29:00,2011-08-23 12:43:00,108,218,3,20,204,13,382.1,0,0.0,0,382.1,127.36666666666667,0.0,3,3,2,8,332,Need Attention
12594,Italy,2010-03-03 13:51:00,2011-11-02 12:20:00,37,646,14,193,2761,77,4890.110000000001,1,27.599999999999998,24,4862.51,349.29357142857145,0.5644044816987757,4,5,5,14,455,Champions
12595,Germany,2010-07-23 09:10:00,2010-07-23 09:10:00,504,504,1,18,270,18,281.02,0,0.0,0,281.02,281.02,0.0,1,1,2,4,112,Hibernating
12596,Spain,2011-04-11 13:22:00,2011-10-19 13:02:00,51,242,2,25,468,24,450.27,0,0.0,0,450.27,225.135,0.0,4,2,2,8,422,Potential Loyalists
12597,Spain,2011-03-16 14:00:00,2011-11-20 13:33:00,19,268,4,202,2214,183,3195.22,1,128.09,49,3067.1299999999997,798.805,4.008800645964911,5,3,5,13,535,Potential Loyalists
12598,France,2010-03-01 09:58:00,2011-11-30 12:18:00,9,648,10,199,2887,129,4192.09,4,119.41999999999999,66,4072.67,419.209,2.8486983819526768,5,4,5,14,545,Champions
12599,France,2010-05-11 10:42:00,2011-11-10 13:34:00,29,577,13,120,2174,46,2026.72,0,0.0,0,2026.72,155.90153846153845,0.0,5,5,4,14,554,Champions
12600,Germany,2009-12-07 13:37:00,2011-11-11 10:29:00,28,732,20,109,1349,51,4385.85,2,42.25,6,4343.6,219.29250000000002,0.9633252391212649,5,5,5,15,555,Champions
12601,Germany,2010-10-31 10:57:00,2011-06-03 10:17:00,189,404,6,28,284,23,573.26,1,7.5,1,565.76,95.54333333333334,1.3083068764609427,2,4,2,8,242,At Risk
12602,France,2011-10-12 11:22:00,2011-10-12 11:22:00,58,58,1,12,162,12,153.12,0,0.0,0,153.12,153.12,0.0,4,1,1,6,411,Promising Customers
12603,Germany,2011-11-18 10:42:00,2011-11-18 10:42:00,21,21,1,1,56,1,613.1999999999999,0,0.0,0,613.1999999999999,613.1999999999999,0.0,5,1,3,9,513,New Customers
12604,France,2011-03-23 12:06:00,2011-09-21 14:08:00,79,261,2,15,200,14,236.18,0,0.0,0,236.18,118.09,0.0,4,2,1,7,421,Potential Loyalists
12605,Germany,2010-09-07 14:21:00,2010-11-28 14:18:00,376,458,3,72,921,62,1124.95,1,7.5,4,1117.45,374.98333333333335,0.6666962976132272,1,3,3,7,133,At Risk
12607,USA,2011-10-10 16:06:00,2011-10-10 16:06:00,60,60,1,101,1228,101,1579.51,1,1579.51,1228,0.0,1579.51,100.0,4,1,1,6,411,Promising Customers
12608,United Kingdom,2010-10-31 10:49:00,2010-10-31 10:49:00,404,404,1,16,323,16,415.79,0,0.0,0,415.79,415.79,0.0,1,1,2,4,112,Hibernating
12609,Germany,2009-12-20 13:30:00,2011-09-22 16:34:00,78,719,9,166,1530,128,3021.86,0,0.0,0,3021.86,335.76222222222225,0.0,4,4,5,13,445,Champions
12610,Italy,2011-08-05 13:52:00,2011-11-17 09:34:00,22,126,4,102,1039,84,1747.54,2,41.55,21,1705.99,436.885,2.377627979903178,5,3,4,12,534,Potential Loyalists
12611,Italy,2011-10-18 13:12:00,2011-10-18 13:12:00,52,52,1,65,846,65,1193.32,0,0.0,0,1193.32,1193.32,0.0,4,1,4,9,414,Promising Customers
12612,Germany,2011-09-26 15:35:00,2011-09-26 15:35:00,74,74,1,18,260,18,668.04,1,60.45,11,607.5899999999999,668.04,9.048859349739539,4,1,3,8,413,Promising Customers
12613,Germany,2009-12-14 13:10:00,2011-10-13 14:59:00,57,725,9,317,4127,217,6277.37,3,243.55,120,6033.82,697.4855555555555,3.87980953807088,4,4,5,13,445,Champions
12614,Germany,2011-03-07 10:22:00,2011-03-07 10:22:00,277,277,1,20,76,20,315.6,0,0.0,0,315.6,315.6,0.0,2,1,2,5,212,Hibernating
12615,France,2010-03-18 14:09:00,2011-12-07 15:02:00,2,631,8,264,3296,197,5362.9800000000005,3,176.1,22,5186.88,670.3725000000001,3.2836221652887008,5,4,5,14,545,Champions
12616,France,2010-11-16 11:38:00,2011-09-05 15:17:00,95,388,3,51,492,31,1023.1,4,85.75,17,937.35,341.03333333333336,8.38138989346105,3,3,3,9,333,Need Attention
12617,France,2011-11-10 14:39:00,2011-11-10 14:39:00,29,29,1,41,210,39,352.98,0,0.0,0,352.98,352.98,0.0,5,1,2,8,512,New Customers
12618,Italy,2011-11-18 11:10:00,2011-11-18 11:10:00,21,21,1,10,95,10,137.31,0,0.0,0,137.31,137.31,0.0,5,1,1,7,511,New Customers
12619,Germany,2010-05-28 12:52:00,2011-11-23 14:52:00,16,560,9,92,3500,53,3085.7,3,36.75,23,3048.95,342.85555555555555,1.1909777360080371,5,4,5,14,545,Champions
12620,France,2011-05-19 12:10:00,2011-11-25 10:20:00,14,204,3,91,1179,88,1303.41,0,0.0,0,1303.41,434.47,0.0,5,3,4,12,534,Potential Loyalists
12621,Germany,2010-02-09 12:01:00,2011-12-08 11:25:00,1,668,35,724,13583,343,22097.2,9,196.5,58,21900.7,631.3485714285714,0.8892529370236953,5,5,5,15,555,Champions
12622,Germany,2011-04-21 16:39:00,2011-04-21 16:39:00,232,232,1,10,68,10,162.1,0,0.0,0,162.1,162.1,0.0,2,1,1,4,211,Hibernating
12623,Germany,2010-01-12 11:45:00,2011-03-08 13:50:00,276,696,7,166,1947,111,3315.84,0,0.0,0,3315.84,473.6914285714286,0.0,2,4,5,11,245,At Risk
12624,France,2011-06-15 12:34:00,2011-08-25 15:04:00,106,177,2,36,351,35,569.13,0,0.0,0,569.13,284.565,0.0,3,2,2,7,322,Need Attention
12625,Germany,2010-04-22 11:33:00,2011-05-12 09:54:00,211,596,4,179,3282,143,4678.88,1,51.5,34,4627.38,1169.72,1.1006907636015457,2,3,5,10,235,At Risk
12626,Germany,2011-01-17 11:01:00,2011-11-16 16:06:00,23,326,9,285,3416,231,5954.4800000000005,4,232.13,103,5722.35,661.6088888888889,3.898409264956805,5,4,5,14,545,Champions
12627,Germany,2011-07-22 13:59:00,2011-11-29 12:07:00,10,140,6,224,2730,161,4082.53,0,0.0,0,4082.53,680.4216666666667,0.0,5,4,5,14,545,Champions
12628,Germany,2011-10-06 09:28:00,2011-12-05 13:15:00,4,64,3,38,445,33,732.46,1,16.85,3,715.61,244.15333333333334,2.3004669196952734,5,3,3,11,533,Potential Loyalists
12629,Sweden,2010-10-12 16:40:00,2010-11-19 09:18:00,385,423,2,43,713,39,1198.22,0,0.0,0,1198.22,599.11,0.0,1,2,4,7,124,At Risk
12630,Finland,2011-10-27 10:41:00,2011-11-30 10:48:00,9,43,2,62,542,59,1030.88,0,0.0,0,1030.88,515.44,0.0,5,2,3,10,523,Potential Loyalists
12631,Finland,2010-01-15 14:50:00,2011-10-13 13:53:00,57,693,6,182,1603,130,3321.57,1,29.3,14,3292.27,553.595,0.8821129766947557,4,4,5,13,445,Champions
12632,Germany,2010-05-24 09:07:00,2010-07-07 09:39:00,520,564,2,33,689,31,714.88,2,30.0,24,684.88,357.44,4.196508504923903,1,2,3,6,123,Hibernating
12633,Germany,2010-07-02 11:44:00,2011-10-12 11:40:00,58,525,7,299,3209,219,5156.16,3,82.95,31,5073.21,736.5942857142857,1.6087553528207037,4,4,5,13,445,Champions
12634,USA,2010-06-09 15:41:00,2010-06-09 15:41:00,548,548,1,19,336,19,360.0,0,0.0,0,360.0,360.0,0.0,1,1,2,4,112,Hibernating
12635,Germany,2010-09-09 10:50:00,2011-09-11 11:04:00,89,456,4,175,1932,158,2624.41,0,0.0,0,2624.41,656.1025,0.0,4,3,4,11,434,Potential Loyalists
12637,France,2010-06-14 13:36:00,2011-10-03 13:46:00,67,543,12,611,4246,294,8085.81,1,14.65,9,8071.160000000001,673.8175,0.18118160085384147,4,5,5,14,455,Champions
12638,Sweden,2010-03-10 10:30:00,2011-11-06 13:11:00,33,639,2,46,657,46,681.49,0,0.0,0,681.49,340.745,0.0,4,2,3,9,423,Potential Loyalists
12639,Sweden,2010-03-22 09:05:00,2011-04-15 12:48:00,238,627,3,61,625,57,1072.3700000000001,0,0.0,0,1072.3700000000001,357.4566666666667,0.0,2,3,3,8,233,At Risk
12640,France,2011-09-19 12:01:00,2011-11-16 11:52:00,23,81,3,50,301,46,994.58,0,0.0,0,994.58,331.5266666666667,0.0,5,3,3,11,533,Potential Loyalists
12641,Sweden,2011-08-16 13:26:00,2011-08-16 13:26:00,115,115,1,9,71,9,145.9,0,0.0,0,145.9,145.9,0.0,3,1,1,5,311,Regular Customers
12642,Germany,2011-08-24 09:23:00,2011-11-14 15:03:00,25,107,3,44,546,38,905.26,0,0.0,0,905.26,301.75333333333333,0.0,5,3,3,11,533,Potential Loyalists
12643,France,2010-04-07 14:16:00,2011-08-03 12:56:00,128,611,11,42,4642,13,7803.82,2,469.52,308,7334.299999999999,709.4381818181818,6.016540617287431,3,5,5,13,355,Loyal Customers
12644,Germany,2010-01-14 13:02:00,2011-08-02 10:33:00,129,694,4,110,1031,105,1900.49,2,102.94999999999999,31,1797.54,475.1225,5.417024030644728,3,3,4,10,334,Need Attention
12645,Germany,2010-02-09 10:49:00,2011-11-06 12:38:00,33,668,8,152,2107,110,3215.3,2,40.2,36,3175.1000000000004,401.9125,1.2502721363480858,4,4,5,13,445,Champions
12646,USA,2011-10-21 12:52:00,2011-12-05 10:14:00,4,49,2,45,897,43,1346.97,0,0.0,0,1346.97,673.485,0.0,5,2,4,11,524,Potential Loyalists
12647,Germany,2010-01-13 15:06:00,2011-11-17 12:56:00,22,695,35,484,6490,239,14109.55,7,189.81,71,13919.74,403.13,1.3452590621245895,5,5,5,15,555,Champions
12648,Germany,2010-01-07 18:38:00,2011-07-08 11:55:00,154,701,4,61,513,37,1039.0,1,15.0,4,1024.0,259.75,1.4436958614051971,3,3,3,9,333,Need Attention
12649,Germany,2010-01-12 17:24:00,2011-08-24 14:41:00,107,696,8,112,1948,93,2096.65,2,36.150000000000006,17,2060.5,262.08125,1.7241790475282002,3,4,4,11,344,Loyal Customers
12650,France,2011-12-06 16:34:00,2011-12-06 16:34:00,3,3,1,19,250,19,242.44,0,0.0,0,242.44,242.44,0.0,5,1,1,7,511,New Customers
12651,France,2010-08-31 15:21:00,2011-01-09 12:46:00,334,465,4,30,265,30,377.75,1,12.45,3,365.3,94.4375,3.2958305757776305,2,3,2,7,232,At Risk
12652,France,2010-10-01 15:16:00,2011-01-12 15:00:00,331,434,2,50,529,50,891.0300000000001,1,5.45,3,885.58,445.51500000000004,0.6116516840061501,2,2,3,7,223,Hibernating
12653,Israel,2010-07-01 09:56:00,2011-07-14 10:41:00,148,526,3,86,1681,76,4160.83,0,0.0,0,4160.83,1386.9433333333334,0.0,3,3,5,11,335,High-Value Active
12654,Germany,2011-02-17 13:16:00,2011-11-29 10:10:00,10,295,5,34,260,30,529.98,0,0.0,0,529.98,105.99600000000001,0.0,5,4,2,11,542,Loyal Customers
12655,France,2010-10-12 09:17:00,2010-10-12 09:17:00,423,423,1,15,79,15,243.35000000000002,0,0.0,0,243.35000000000002,243.35000000000002,0.0,1,1,1,3,111,Hibernating
12656,France,2010-05-26 09:00:00,2011-11-22 13:42:00,17,562,8,239,2822,173,5723.83,4,87.05,19,5636.78,715.47875,1.5208348256324873,5,4,5,14,545,Champions
12657,France,2011-09-22 11:40:00,2011-11-28 15:47:00,11,78,4,44,1032,34,1427.18,1,419.12,386,1008.0600000000001,356.795,29.367003461371375,5,3,3,11,533,Potential Loyalists
12658,Germany,2011-11-21 10:22:00,2011-11-21 10:22:00,18,18,1,35,317,35,632.05,0,0.0,0,632.05,632.05,0.0,5,1,3,9,513,New Customers
12659,France,2011-11-10 11:53:00,2011-11-10 11:53:00,29,29,1,4,104,4,73.67999999999999,0,0.0,0,73.67999999999999,73.67999999999999,0.0,5,1,1,7,511,New Customers
12660,France,2011-11-28 13:26:00,2011-11-28 13:26:00,11,11,1,12,126,12,227.10000000000002,0,0.0,0,227.10000000000002,227.10000000000002,0.0,5,1,1,7,511,New Customers
12661,Sweden,2010-09-29 16:46:00,2010-09-29 16:46:00,436,436,1,11,216,11,162.0,0,0.0,0,162.0,162.0,0.0,1,1,1,3,111,Hibernating
12662,Germany,2010-04-01 09:50:00,2011-12-09 11:59:00,0,617,20,372,3389,162,6130.54,2,38.85,21,6091.69,306.527,0.6337125277708,5,5,5,15,555,Champions
12663,Germany,2010-02-09 14:28:00,2010-03-25 09:40:00,624,668,2,8,178,8,185.4,1,35.400000000000006,12,150.0,92.7,19.093851132686087,1,2,1,4,121,Hibernating
12664,Finland,2009-12-13 10:28:00,2011-12-01 17:07:00,8,726,11,34,1476,9,5420.04,0,0.0,0,5420.04,492.7309090909091,0.0,5,5,5,15,555,Champions
12665,Germany,2010-02-08 15:11:00,2011-01-19 08:34:00,324,669,3,14,162,12,259.6,2,12.149999999999999,8,247.45000000000002,86.53333333333335,4.6802773497688746,2,3,1,6,231,At Risk
12666,Israel,2010-11-10 16:40:00,2010-11-10 16:40:00,394,394,1,31,370,31,1248.42,1,227.44,56,1020.98,1248.42,18.218227839989744,1,1,3,5,113,Hibernating
12667,Finland,2011-10-12 17:00:00,2011-10-12 17:00:00,58,58,1,32,391,32,460.13,0,0.0,0,460.13,460.13,0.0,4,1,2,7,412,Promising Customers
12668,Germany,2010-01-31 15:45:00,2011-11-28 10:56:00,11,677,9,527,4974,262,9906.03,2,63.97,39,9842.060000000001,1100.67,0.6457682845701052,5,4,5,14,545,Champions
12669,France,2011-03-28 10:15:00,2011-07-12 09:54:00,150,256,2,98,1104,96,1427.73,0,0.0,0,1427.73,713.865,0.0,3,2,4,9,324,Need Attention
12670,France,2010-02-11 10:13:00,2011-11-29 15:23:00,10,666,7,108,1609,70,3436.29,1,9.9,6,3426.39,490.8985714285714,0.28810141169691733,5,4,5,14,545,Champions
12671,Germany,2010-04-12 16:30:00,2010-04-12 16:30:00,606,606,1,45,1460,45,2622.481,0,0.0,0,2622.481,2622.481,0.0,1,1,4,6,114,At Risk
12672,France,2010-04-23 09:57:00,2011-01-14 09:20:00,329,595,2,21,136,21,407.05,1,26.55,7,380.5,203.525,6.52254022847316,2,2,2,6,222,Hibernating
12673,Germany,2010-11-03 10:46:00,2011-12-04 13:55:00,5,401,3,72,695,67,1140.02,0,0.0,0,1140.02,380.00666666666666,0.0,5,3,3,11,533,Potential Loyalists
12674,France,2011-05-16 09:10:00,2011-11-01 12:12:00,38,207,4,79,1126,51,1844.6,3,48.34,30,1796.26,461.15,2.620622357150602,4,3,4,11,434,Potential Loyalists
12675,Italy,2010-05-10 16:44:00,2010-06-04 09:49:00,553,578,2,111,333,110,873.25,2,23.7,2,849.55,436.625,2.7139994274262813,1,2,3,6,123,Hibernating
12676,Sweden,2010-08-13 13:29:00,2011-11-15 12:25:00,24,483,10,97,1854,66,2333.09,0,0.0,0,2333.09,233.30900000000003,0.0,5,4,4,13,544,Champions
12677,France,2010-02-11 13:55:00,2010-06-02 14:30:00,555,666,2,19,174,12,359.1,1,5.8,2,353.3,179.55,1.6151489835700361,1,2,2,5,122,Hibernating
12678,France,2010-01-07 16:46:00,2011-10-28 13:04:00,42,701,15,364,22346,197,32595.18,2,430.05,139,32165.13,2173.012,1.3193668511724739,4,5,5,14,455,Champions
12679,France,2011-03-01 12:26:00,2011-10-12 12:30:00,58,283,4,44,545,42,951.02,5,54.35,24,896.67,237.755,5.714916615844041,4,3,3,10,433,Potential Loyalists
12680,France,2011-08-18 15:44:00,2011-12-09 12:50:00,0,113,4,49,439,32,790.81,0,0.0,0,790.81,197.7025,0.0,5,3,3,11,533,Potential Loyalists
12681,France,2009-12-13 13:31:00,2011-11-25 11:33:00,14,726,44,1379,16848,458,26936.760000000002,9,257.52,92,26679.24,612.199090909091,0.9560169819978348,5,5,5,15,555,Champions
12682,France,2009-12-01 09:28:00,2011-12-06 10:00:00,3,738,51,941,10399,326,20736.22,1,88.1,9,20648.120000000003,406.5925490196079,0.424860461549887,5,5,5,15,555,Champions
12683,France,2009-12-13 15:01:00,2011-12-05 16:28:00,4,726,20,468,6948,235,10445.7,6,278.18,86,10167.52,522.2850000000001,2.663105392649607,5,5,5,15,555,Champions
12684,France,2011-05-10 12:55:00,2011-12-02 09:53:00,7,213,6,98,1973,59,2073.63,0,0.0,0,2073.63,345.605,0.0,5,4,4,13,544,Champions
12685,France,2011-09-07 10:28:00,2011-11-11 13:46:00,28,93,6,151,1507,116,2575.08,0,0.0,0,2575.08,429.18,0.0,5,4,4,13,544,Champions
12686,France,2010-12-03 09:51:00,2010-12-03 09:51:00,371,371,1,6,106,6,71.14,0,0.0,0,71.14,71.14,0.0,1,1,1,3,111,Hibernating
12687,Sweden,2010-08-16 12:12:00,2010-08-16 12:12:00,480,480,1,125,1402,125,1858.91,0,0.0,0,1858.91,1858.91,0.0,1,1,4,6,114,At Risk
12688,Israel,2011-08-18 08:49:00,2011-08-18 08:49:00,113,113,1,171,3028,171,4873.81,0,0.0,0,4873.81,4873.81,0.0,3,1,5,9,315,High-Value Active
12689,France,2011-08-04 10:04:00,2011-11-14 08:31:00,25,127,2,70,622,56,1139.6100000000001,0,0.0,0,1139.6100000000001,569.8050000000001,0.0,5,2,3,10,523,Potential Loyalists
12690,France,2011-05-18 09:09:00,2011-05-18 09:09:00,205,205,1,15,103,15,335.01,0,0.0,0,335.01,335.01,0.0,2,1,2,5,212,Hibernating
12691,France,2010-10-15 12:00:00,2011-11-11 16:49:00,28,420,6,33,438,23,1044.4,0,0.0,0,1044.4,174.0666666666667,0.0,5,4,3,12,543,Loyal Customers
12692,France,2010-03-12 14:02:00,2010-03-12 14:02:00,637,637,1,13,36,13,110.95,0,0.0,0,110.95,110.95,0.0,1,1,1,3,111,Hibernating
12693,Germany,2010-07-05 13:56:00,2011-08-04 17:51:00,127,522,7,72,520,62,1415.02,4,62.6,12,1352.42,202.1457142857143,4.423965739000155,3,4,4,11,344,Loyal Customers
12694,France,2010-10-14 19:39:00,2011-09-30 13:06:00,70,421,3,80,1345,68,1663.35,1,3.9,2,1659.4499999999998,554.4499999999999,0.2344665885111372,4,3,4,11,434,Potential Loyalists
12695,France,2010-02-12 13:22:00,2011-12-02 13:22:00,7,665,7,58,452,45,1371.1200000000001,0,0.0,0,1371.1200000000001,195.87428571428572,0.0,5,4,4,13,544,Champions
12696,Finland,2010-07-19 10:02:00,2010-10-01 10:43:00,434,508,2,47,561,42,731.91,0,0.0,0,731.91,365.955,0.0,1,2,3,6,123,Hibernating
12697,Sweden,2011-06-23 15:44:00,2011-11-11 08:47:00,28,169,3,38,503,36,757.59,2,18.57,9,739.02,252.53,2.45119391755435,5,3,3,11,533,Potential Loyalists
12698,Germany,2010-04-28 15:51:00,2010-04-28 15:51:00,590,590,1,15,108,15,285.75,0,0.0,0,285.75,285.75,0.0,1,1,2,4,112,Hibernating
12699,Germany,2010-10-18 12:07:00,2010-10-18 12:07:00,417,417,1,40,369,40,566.11,0,0.0,0,566.11,566.11,0.0,1,1,2,4,112,Hibernating
12700,France,2011-05-08 16:10:00,2011-12-02 10:47:00,7,215,4,264,2944,192,4525.99,0,0.0,0,4525.99,1131.4975,0.0,5,3,5,13,535,Potential Loyalists
12701,Germany,2010-03-16 13:23:00,2011-09-21 10:47:00,79,633,6,141,1716,117,2248.41,0,0.0,0,2248.41,374.73499999999996,0.0,4,4,4,12,444,Champions
12702,Germany,2011-11-20 10:36:00,2011-11-20 10:36:00,19,19,1,11,52,11,201.0,0,0.0,0,201.0,201.0,0.0,5,1,1,7,511,New Customers
12703,Germany,2010-01-24 12:05:00,2011-09-29 17:52:00,71,684,4,70,589,55,898.53,3,96.35,55,802.18,224.6325,10.723069903063893,4,3,3,10,433,Potential Loyalists
12704,Finland,2011-06-23 10:20:00,2011-12-02 13:15:00,7,169,8,81,991,63,1740.84,0,0.0,0,1740.84,217.605,0.0,5,4,4,13,544,Champions
12705,Germany,2010-06-24 09:51:00,2011-11-24 13:17:00,15,533,13,590,7152,319,11114.1,8,208.1,80,10906.0,854.9307692307692,1.8723963253884706,5,5,5,15,555,Champions
12707,France,2011-02-21 08:38:00,2011-02-21 08:38:00,291,291,1,33,256,33,603.42,0,0.0,0,603.42,603.42,0.0,2,1,3,6,213,Hibernating
12708,Germany,2009-12-18 10:25:00,2011-11-10 09:52:00,29,721,18,278,2401,129,4559.66,11,177.94,54,4381.72,253.31444444444443,3.9024839571371555,5,5,5,15,555,Champions
12709,Germany,2009-12-09 13:49:00,2011-11-24 15:38:00,15,730,32,480,13742,187,29487.18,21,779.08,206,28708.1,921.474375,2.642097345354829,5,5,5,15,555,Champions
12710,Germany,2011-05-22 14:05:00,2011-09-04 12:00:00,96,201,3,74,844,74,1023.02,1,18.45,2,1004.5699999999999,341.00666666666666,1.803483802858204,3,3,3,9,333,Need Attention
12711,Germany,2010-02-01 11:30:00,2010-04-07 11:59:00,611,676,2,58,763,55,1213.05,0,0.0,0,1213.05,606.525,0.0,1,2,4,7,124,At Risk
12712,Germany,2009-12-09 10:46:00,2011-11-11 08:19:00,28,730,21,235,2164,125,5985.03,7,183.25,44,5801.78,285.00142857142856,3.0618058723181005,5,5,5,15,555,Champions
12713,Germany,2011-12-09 12:16:00,2011-12-09 12:16:00,0,0,1,37,505,37,794.55,0,0.0,0,794.55,794.55,0.0,5,1,3,9,513,New Customers
12714,France,2009-12-04 10:00:00,2011-11-30 15:43:00,9,735,12,684,8703,435,12815.710000000001,0,0.0,0,12815.710000000001,1067.9758333333334,0.0,5,5,5,15,555,Champions
12715,Sweden,2011-08-25 15:22:00,2011-08-25 15:22:00,106,106,1,19,190,19,263.36,0,0.0,0,263.36,263.36,0.0,3,1,1,5,311,Regular Customers
12716,France,2011-07-29 13:28:00,2011-12-06 08:55:00,3,133,2,67,703,59,963.49,0,0.0,0,963.49,481.745,0.0,5,2,3,10,523,Potential Loyalists
12717,Greece,2010-04-28 14:34:00,2011-07-11 14:47:00,151,590,3,68,595,59,1058.91,0,0.0,0,1058.91,352.97,0.0,3,3,3,9,333,Need Attention
12718,France,2011-09-29 16:38:00,2011-09-29 16:38:00,71,71,1,18,201,18,202.25,0,0.0,0,202.25,202.25,0.0,4,1,1,6,411,Promising Customers
12719,France,2011-10-05 14:50:00,2011-12-04 13:45:00,5,65,2,37,370,33,572.95,1,36.85000000000001,13,536.1,286.475,6.431625796317306,5,2,2,9,522,Potential Loyalists
12720,Germany,2010-07-21 09:46:00,2011-12-07 08:03:00,2,506,29,464,5969,261,6905.28,10,194.79,76,6710.49,238.11310344827587,2.8208848880856388,5,5,5,15,555,Champions
12721,France,2010-08-25 11:07:00,2011-11-08 12:13:00,31,471,8,231,2634,182,3635.08,2,79.25,19,3555.83,454.385,2.1801445910406376,4,4,5,13,445,Champions
12722,France,2011-07-12 11:55:00,2011-09-15 14:50:00,85,150,4,52,565,49,979.63,2,93.3,6,886.33,244.9075,9.524003960679032,4,3,3,10,433,Potential Loyalists
12723,France,2011-10-05 15:52:00,2011-12-06 10:19:00,3,65,5,68,433,52,707.07,0,0.0,0,707.07,141.41400000000002,0.0,5,4,3,12,543,Loyal Customers
12724,France,2010-06-22 14:00:00,2011-12-04 16:02:00,5,535,7,122,1366,93,2083.52,0,0.0,0,2083.52,297.6457142857143,0.0,5,4,4,13,544,Champions
12725,Italy,2010-05-04 13:59:00,2010-12-03 15:45:00,371,584,3,103,1136,91,1906.76,0,0.0,0,1906.76,635.5866666666667,0.0,1,3,4,8,134,At Risk
12726,France,2010-03-25 16:25:00,2011-11-11 13:35:00,28,624,11,168,4600,62,3690.6,0,0.0,0,3690.6,335.5090909090909,0.0,5,5,5,15,555,Champions
12727,France,2010-02-23 09:54:00,2011-11-29 11:46:00,10,654,10,193,2789,131,4905.53,1,15.0,12,4890.53,490.553,0.30577735739053685,5,4,5,14,545,Champions
12728,France,2010-11-21 11:34:00,2011-09-29 15:31:00,71,383,5,56,535,47,926.17,0,0.0,0,926.17,185.23399999999998,0.0,4,4,3,11,443,Loyal Customers
12729,France,2011-08-18 11:40:00,2011-08-18 11:40:00,113,113,1,25,231,25,417.01,0,0.0,0,417.01,417.01,0.0,3,1,2,6,312,Regular Customers
12730,Germany,2010-07-06 12:19:00,2010-07-06 12:19:00,521,521,1,46,227,46,703.25,0,0.0,0,703.25,703.25,0.0,1,1,3,5,113,Hibernating
12731,France,2010-03-02 09:23:00,2011-11-16 11:59:00,23,647,17,392,11633,136,25631.71,2,91.5,70,25540.21,1507.7476470588235,0.3569796942927335,5,5,5,15,555,Champions
12732,France,2011-06-13 11:33:00,2011-06-13 11:33:00,179,179,1,11,110,11,218.26000000000002,0,0.0,0,218.26000000000002,218.26000000000002,0.0,3,1,1,5,311,Regular Customers
12733,USA,2010-01-19 13:23:00,2011-04-19 16:19:00,234,689,4,156,895,116,2424.02,2,98.05,11,2325.97,606.005,4.044933622659879,2,3,4,9,234,At Risk
12734,France,2010-11-12 13:26:00,2010-12-22 12:47:00,352,392,3,18,263,16,603.65,0,0.0,0,603.65,201.21666666666667,0.0,2,3,3,8,233,At Risk
12735,France,2011-01-06 14:26:00,2011-01-28 13:37:00,315,337,2,41,363,37,689.5699999999999,0,0.0,0,689.5699999999999,344.78499999999997,0.0,2,2,3,7,223,Hibernating
12736,France,2011-01-11 07:57:00,2011-01-11 07:57:00,332,332,1,3,168,3,144.0,0,0.0,0,144.0,144.0,0.0,2,1,1,4,211,Hibernating
12738,Germany,2010-12-02 18:27:00,2010-12-02 18:27:00,372,372,1,10,147,10,137.35,0,0.0,0,137.35,137.35,0.0,1,1,1,3,111,Hibernating
12739,United Arab Emirates,2010-11-10 14:27:00,2011-09-01 17:45:00,99,394,2,86,948,83,2421.23,0,0.0,0,2421.23,1210.615,0.0,3,2,4,9,324,Need Attention
12740,France,2011-10-07 10:44:00,2011-10-07 10:44:00,63,63,1,27,342,27,427.6,0,0.0,0,427.6,427.6,0.0,4,1,2,7,412,Promising Customers
12741,USA,2010-06-24 16:24:00,2010-06-24 16:24:00,533,533,1,15,213,15,236.07,0,0.0,0,236.07,236.07,0.0,1,1,1,3,111,Hibernating
12742,United Arab Emirates,2010-03-24 12:43:00,2010-03-24 12:43:00,625,625,1,67,1359,67,1201.52,1,16.5,10,1185.02,1201.52,1.3732605366535722,1,1,4,6,114,At Risk
12743,Unspecified,2011-07-28 16:06:00,2011-07-28 16:21:00,134,134,2,131,315,114,540.13,0,0.0,0,540.13,270.065,0.0,3,2,2,7,322,Need Attention
12744,Singapore,2010-04-27 16:19:00,2011-10-14 14:54:00,56,591,8,332,6987,244,13158.16,0,0.0,0,13158.16,1644.77,0.0,4,4,5,13,445,Champions
12745,United Kingdom,2010-05-14 16:50:00,2010-08-10 10:14:00,486,574,2,22,467,20,723.85,0,0.0,0,723.85,361.925,0.0,1,2,3,6,123,Hibernating
12746,United Kingdom,2010-06-17 10:41:00,2010-06-17 10:41:00,540,540,1,17,97,17,254.55,2,23.700000000000003,6,230.85000000000002,254.55,9.310548025928108,1,1,1,3,111,Hibernating
12747,United Kingdom,2009-12-07 13:23:00,2011-12-07 14:34:00,2,732,26,249,2640,85,8898.48,6,111.95,25,8786.529999999999,342.24923076923073,1.2580800316458542,5,5,5,15,555,Champions
12748,United Kingdom,2009-12-04 17:31:00,2011-12-09 12:20:00,0,735,322,6557,36853,2283,49176.74,21,2502.56,2018,46674.18,152.72279503105588,5.088909919608335,5,5,5,15,555,Champions
12749,United Kingdom,2010-07-06 15:05:00,2011-12-06 09:56:00,3,521,9,337,2359,259,6847.36,7,568.87,89,6278.49,760.8177777777778,8.30787339938312,5,4,5,14,545,Champions
12750,Poland,2011-08-03 09:13:00,2011-08-03 09:13:00,128,128,1,15,137,15,275.88,0,0.0,0,275.88,275.88,0.0,3,1,2,6,312,Regular Customers
12751,Brazil,2010-09-21 12:49:00,2010-09-21 12:49:00,444,444,1,62,189,61,268.27,0,0.0,0,268.27,268.27,0.0,1,1,1,3,111,Hibernating
12752,Norway,2011-09-19 13:32:00,2011-09-19 13:32:00,81,81,1,53,2262,53,4366.78,0,0.0,0,4366.78,4366.78,0.0,4,1,5,10,415,Promising Customers
12753,Japan,2010-12-12 11:44:00,2011-11-17 10:52:00,22,362,6,197,11421,132,21429.39,5,405.38,171,21024.01,3571.565,1.891701070352446,5,4,5,14,545,Champions
12754,Japan,2011-02-04 10:31:00,2011-04-18 09:00:00,235,308,3,63,6481,49,3010.74,0,0.0,0,3010.74,1003.5799999999999,0.0,2,3,5,10,235,At Risk
12755,Japan,2010-01-15 11:57:00,2011-03-04 12:42:00,280,693,11,63,2293,34,5236.26,10,2606.7599999999998,1259,2629.5000000000005,476.0236363636364,49.78286028577648,2,5,4,11,254,At Risk
12756,Japan,2011-09-14 09:31:00,2011-09-14 09:31:00,86,86,1,4,144,4,112.08,0,0.0,0,112.08,112.08,0.0,4,1,1,6,411,Promising Customers
12757,Portugal,2011-05-12 19:01:00,2011-11-24 12:30:00,15,211,9,358,2387,235,4176.75,1,15.0,12,4161.75,464.0833333333333,0.3591309032142216,5,4,5,14,545,Champions
12758,Portugal,2009-12-01 14:40:00,2011-08-15 10:22:00,116,738,7,313,6155,187,9903.24,1,124.24000000000001,64,9779.0,1414.7485714285715,1.2545389185761429,3,4,5,12,345,Loyal Customers
12759,Netherlands,2009-12-04 10:47:00,2011-10-18 14:49:00,52,735,8,294,3177,205,4618.74,0,0.0,0,4618.74,577.3425,0.0,4,4,5,13,445,Champions
12760,Netherlands,2010-09-10 08:50:00,2010-09-10 08:50:00,455,455,1,20,196,20,317.8,0,0.0,0,317.8,317.8,0.0,1,1,2,4,112,Hibernating
12761,Netherlands,2010-09-01 10:47:00,2010-09-01 10:47:00,464,464,1,25,277,25,712.95,0,0.0,0,712.95,712.95,0.0,1,1,3,5,113,Hibernating
12762,Portugal,2011-11-14 14:23:00,2011-12-02 10:23:00,7,25,2,67,1220,61,1702.52,0,0.0,0,1702.52,851.26,0.0,5,2,4,11,524,Potential Loyalists
12763,Japan,2010-12-05 15:46:00,2011-07-24 14:12:00,138,369,2,18,316,16,494.08,0,0.0,0,494.08,247.04,0.0,3,2,2,7,322,Need Attention
12764,Lebanon,2011-01-27 10:19:00,2011-01-27 10:19:00,316,316,1,45,386,45,1693.88,0,0.0,0,1693.88,1693.88,0.0,2,1,4,7,214,At Risk
12765,Netherlands,2010-03-08 09:43:00,2010-08-24 13:51:00,472,641,6,62,1002,48,1299.58,0,0.0,0,1299.58,216.59666666666666,0.0,1,4,4,9,144,At Risk
12766,Portugal,2010-10-28 09:29:00,2011-12-06 08:46:00,3,407,9,396,4994,252,8134.99,2,41.849999999999994,19,8093.139999999999,903.8877777777777,0.5144443939082899,5,4,5,14,545,Champions
12767,Korea,2010-11-29 09:38:00,2010-11-29 09:38:00,375,375,1,43,598,43,949.82,0,0.0,0,949.82,949.82,0.0,1,1,3,5,113,Hibernating
12768,Korea,2010-09-15 12:08:00,2010-09-15 12:08:00,450,450,1,10,102,10,168.69,1,168.69,102,0.0,168.69,100.0,1,1,1,3,111,Hibernating
12769,Brazil,2011-04-15 10:25:00,2011-04-15 10:25:00,238,238,1,32,356,32,1143.6,0,0.0,0,1143.6,1143.6,0.0,2,1,3,6,213,Hibernating
12770,Japan,2010-09-09 11:43:00,2011-05-13 09:33:00,210,456,2,28,1843,19,3246.45,5,265.0,70,2981.45,1623.225,8.16276240200835,2,2,5,9,225,At Risk
12771,Portugal,2010-08-11 11:51:00,2010-08-11 11:51:00,485,485,1,14,102,14,226.29999999999998,1,19.8,4,206.49999999999997,226.29999999999998,8.749447635881575,1,1,1,3,111,Hibernating
12772,Portugal,2011-10-11 09:19:00,2011-10-11 09:19:00,59,59,1,54,551,54,752.47,0,0.0,0,752.47,752.47,0.0,4,1,3,8,413,Promising Customers
12773,Portugal,2010-05-24 17:30:00,2010-05-24 17:30:00,564,564,1,6,109,6,124.25,1,124.25,109,0.0,124.25,100.0,1,1,1,3,111,Hibernating
12774,Netherlands,2010-06-22 10:38:00,2010-06-22 10:38:00,535,535,1,5,52,5,83.7,0,0.0,0,83.7,83.7,0.0,1,1,1,3,111,Hibernating
12775,Netherlands,2010-10-26 14:24:00,2011-11-22 16:33:00,17,409,7,74,1074,54,1551.1200000000001,1,34.8,24,1516.3200000000002,221.58857142857144,2.2435401516323688,5,4,4,13,544,Champions
12776,Portugal,2010-02-10 12:11:00,2010-02-10 12:11:00,667,667,1,3,45,3,27.5,0,0.0,0,27.5,27.5,0.0,1,1,1,3,111,Hibernating
12777,United Kingdom,2010-09-08 11:35:00,2010-09-08 11:35:00,457,457,1,26,458,26,519.45,0,0.0,0,519.45,519.45,0.0,1,1,2,4,112,Hibernating
12778,Netherlands,2010-04-16 09:57:00,2011-11-20 11:30:00,19,602,9,105,1720,76,1541.68,0,0.0,0,1541.68,171.29777777777778,0.0,5,4,4,13,544,Champions
12779,Poland,2009-12-03 07:25:00,2011-11-02 11:43:00,37,736,14,269,3501,142,6474.11,7,315.51,169,6158.599999999999,462.43642857142856,4.873411171574162,4,5,5,14,455,Champions
12780,Netherlands,2010-04-20 09:40:00,2010-04-20 09:40:00,598,598,1,19,284,19,322.4,0,0.0,0,322.4,322.4,0.0,1,1,2,4,112,Hibernating
12781,Czech Republic,2011-02-28 08:43:00,2011-10-07 10:37:00,63,284,2,24,670,24,786.74,2,115.02,78,671.72,393.37,14.61982357576836,4,2,3,9,423,Potential Loyalists
12782,Portugal,2010-07-08 13:31:00,2011-12-05 09:16:00,4,519,11,217,1990,141,3862.2400000000002,3,92.2,32,3770.0400000000004,351.1127272727273,2.3872157090186006,5,5,5,15,555,Champions
12783,Portugal,2011-09-25 15:35:00,2011-12-07 15:56:00,2,75,4,78,611,74,1295.8700000000001,0,0.0,0,1295.8700000000001,323.96750000000003,0.0,5,3,4,12,534,Potential Loyalists
12784,Portugal,2010-06-28 13:06:00,2011-11-24 12:53:00,15,529,2,127,853,120,1511.15,0,0.0,0,1511.15,755.575,0.0,5,2,4,11,524,Potential Loyalists
12785,Portugal,2009-12-08 13:56:00,2010-12-10 13:48:00,364,731,3,53,446,41,904.4,2,21.09,6,883.31,301.46666666666664,2.331932773109244,2,3,3,8,233,At Risk
12786,Netherlands,2010-04-09 12:12:00,2010-04-09 12:12:00,609,609,1,17,320,17,668.5000000000001,0,0.0,0,668.5000000000001,668.5000000000001,0.0,1,1,3,5,113,Hibernating
12787,Netherlands,2010-10-22 14:57:00,2011-11-30 08:44:00,9,413,4,40,506,29,799.1800000000001,0,0.0,0,799.1800000000001,199.79500000000002,0.0,5,3,3,11,533,Potential Loyalists
12788,Netherlands,2010-06-29 13:05:00,2010-09-02 14:21:00,463,528,4,22,190,19,384.90000000000003,0,0.0,0,384.90000000000003,96.22500000000001,0.0,1,3,2,6,132,At Risk
12789,Netherlands,2010-01-15 12:06:00,2011-10-05 13:34:00,65,693,3,5,33,4,225.35,0,0.0,0,225.35,75.11666666666666,0.0,4,3,1,8,431,Potential Loyalists
12790,Netherlands,2010-10-25 13:04:00,2011-05-31 14:14:00,192,410,2,35,303,35,546.85,1,28.4,6,518.45,273.425,5.193380268812288,2,2,2,6,222,Hibernating
12791,Netherlands,2010-03-25 17:29:00,2010-12-01 11:27:00,373,624,5,22,347,15,656.83,0,0.0,0,656.83,131.366,0.0,1,4,3,8,143,At Risk
12792,Portugal,2010-06-23 10:49:00,2011-03-28 11:36:00,256,534,2,45,390,38,715.01,0,0.0,0,715.01,357.505,0.0,2,2,3,7,223,Hibernating
12793,Portugal,2010-11-03 13:05:00,2011-01-09 12:12:00,334,401,3,41,456,33,745.53,0,0.0,0,745.53,248.51,0.0,2,3,3,8,233,At Risk
12794,Portugal,2011-09-02 12:01:00,2011-10-17 14:54:00,53,98,2,45,592,43,860.41,0,0.0,0,860.41,430.205,0.0,4,2,3,9,423,Potential Loyalists
12795,Portugal,2011-11-21 10:27:00,2011-11-21 10:27:00,18,18,1,13,64,13,318.48,0,0.0,0,318.48,318.48,0.0,5,1,2,8,512,New Customers
12796,Netherlands,2010-03-21 15:49:00,2010-03-21 15:49:00,628,628,1,6,180,6,351.0,0,0.0,0,351.0,351.0,0.0,1,1,2,4,112,Hibernating
12797,Portugal,2010-10-11 12:53:00,2010-12-09 10:55:00,365,424,2,28,212,26,468.08000000000004,4,80.65,43,387.43000000000006,234.04000000000002,17.229960690480258,2,2,2,6,222,Hibernating
12798,Japan,2010-10-14 12:27:00,2011-11-29 15:52:00,10,421,4,33,8455,27,8510.93,0,0.0,0,8510.93,2127.7325,0.0,5,3,5,13,535,Potential Loyalists
12799,Japan,2010-06-28 15:57:00,2010-06-28 15:57:00,529,529,1,15,137,15,219.35,0,0.0,0,219.35,219.35,0.0,1,1,1,3,111,Hibernating
12800,Portugal,2010-02-01 11:02:00,2010-08-26 14:11:00,470,676,2,32,281,30,500.25,0,0.0,0,500.25,250.125,0.0,1,2,2,5,122,Hibernating
12801,Sweden,2010-07-27 09:38:00,2010-07-27 09:38:00,500,500,1,49,500,49,871.82,1,39.95,1,831.87,871.82,4.582367919983483,1,1,3,5,113,Hibernating
12802,Netherlands,2010-05-25 09:34:00,2011-06-06 09:36:00,186,563,5,131,1956,106,2186.42,2,66.0,18,2120.42,437.284,3.01863319947677,2,4,4,10,244,At Risk
12803,Netherlands,2010-11-11 14:57:00,2010-11-11 14:57:00,393,393,1,54,867,54,1017.81,0,0.0,0,1017.81,1017.81,0.0,1,1,3,5,113,Hibernating
12804,Netherlands,2010-07-27 13:52:00,2010-08-31 11:58:00,465,500,2,66,270,60,325.37,0,0.0,0,325.37,162.685,0.0,1,2,2,5,122,Hibernating
12805,Netherlands,2010-02-03 09:06:00,2010-11-23 12:27:00,381,674,4,54,581,43,1230.95,0,0.0,0,1230.95,307.7375,0.0,1,3,4,8,134,At Risk
12806,Netherlands,2010-04-30 10:44:00,2010-05-16 13:49:00,572,588,2,64,2084,56,2558.96,0,0.0,0,2558.96,1279.48,0.0,1,2,4,7,124,At Risk
12807,Sweden,2010-11-21 14:21:00,2010-11-21 14:21:00,383,383,1,15,143,15,250.35,1,20.4,24,229.95,250.35,8.148591971240263,1,1,1,3,111,Hibernating
12808,Portugal,2010-09-03 10:24:00,2011-11-03 10:05:00,36,462,5,46,321,45,748.7,0,0.0,0,748.7,149.74,0.0,4,4,3,11,443,Loyal Customers
12809,Portugal,2010-03-02 14:19:00,2011-06-15 10:51:00,177,647,3,78,508,74,1384.3400000000001,5,50.6,10,1333.7400000000002,461.4466666666667,3.6551714174263545,3,3,4,10,334,Need Attention
12810,Japan,2010-02-01 09:52:00,2010-06-23 10:53:00,534,676,2,32,389,32,534.99,0,0.0,0,534.99,267.495,0.0,1,2,2,5,122,Hibernating
12811,Portugal,2010-10-08 12:20:00,2011-03-23 10:55:00,261,427,4,51,429,46,893.9,0,0.0,0,893.9,223.475,0.0,2,3,3,8,233,At Risk
12812,Japan,2011-10-26 09:54:00,2011-10-26 09:54:00,44,44,1,15,164,15,229.64000000000001,0,0.0,0,229.64000000000001,229.64000000000001,0.0,4,1,1,6,411,Promising Customers
12813,Netherlands,2010-01-15 16:52:00,2010-07-26 09:50:00,501,693,3,42,1134,36,1621.8,0,0.0,0,1621.8,540.6,0.0,1,3,4,8,134,At Risk
12814,Poland,2011-08-30 12:11:00,2011-08-30 12:11:00,101,101,1,1,48,1,85.92,0,0.0,0,85.92,85.92,0.0,3,1,1,5,311,Regular Customers
12815,Poland,2011-05-25 13:34:00,2011-07-15 10:21:00,147,198,2,45,374,37,863.46,0,0.0,0,863.46,431.73,0.0,3,2,3,8,323,Need Attention
12816,Poland,2011-06-16 13:24:00,2011-09-05 12:41:00,95,176,2,27,125,26,452.2,0,0.0,0,452.2,226.1,0.0,3,2,2,7,322,Need Attention
12817,Austria,2010-10-01 08:57:00,2011-03-03 16:28:00,281,434,3,22,216,15,570.98,0,0.0,0,570.98,190.32666666666668,0.0,2,3,2,7,232,At Risk
12818,Austria,2011-03-23 12:06:00,2011-03-23 12:06:00,261,261,1,13,920,13,1182.0800000000002,1,24.2,6,1157.88,1182.0800000000002,2.047238765565782,2,1,3,6,213,Hibernating
12819,United Kingdom,2010-09-07 15:20:00,2010-09-07 15:20:00,458,458,1,19,344,19,540.52,0,0.0,0,540.52,540.52,0.0,1,1,2,4,112,Hibernating
12820,United Kingdom,2009-12-05 13:37:00,2011-12-06 15:12:00,3,734,11,159,1964,131,2689.52,2,41.58,38,2647.94,244.50181818181818,1.5460007733722,5,5,4,14,554,Champions
12821,United Kingdom,2010-04-07 15:14:00,2011-05-09 15:51:00,214,611,2,13,162,13,220.8,0,0.0,0,220.8,110.4,0.0,2,2,1,5,221,Hibernating
12822,United Kingdom,2011-09-13 13:46:00,2011-09-30 10:04:00,70,87,2,46,550,41,948.88,1,29.9,2,918.98,474.44,3.151083382514122,4,2,3,9,423,Potential Loyalists
12823,United Kingdom,2010-01-29 12:52:00,2011-09-26 07:35:00,74,679,18,18,930,1,6501.5,0,0.0,0,6501.5,361.19444444444446,0.0,4,5,5,14,455,Champions
12824,United Kingdom,2011-10-11 12:49:00,2011-10-11 12:49:00,59,59,1,25,232,25,397.12,0,0.0,0,397.12,397.12,0.0,4,1,2,7,412,Promising Customers
12825,United Kingdom,2010-03-08 10:17:00,2010-07-06 13:56:00,521,641,2,24,139,20,518.63,0,0.0,0,518.63,259.315,0.0,1,2,2,5,122,Hibernating
12826,United Kingdom,2009-12-18 10:43:00,2011-12-07 10:25:00,2,721,12,157,1915,93,2800.75,2,16.549999999999997,5,2784.2,233.39583333333334,0.5909131482638578,5,5,4,14,554,Champions
12827,United Kingdom,2011-10-26 15:44:00,2011-12-04 12:17:00,5,44,3,25,197,19,430.15,0,0.0,0,430.15,143.38333333333333,0.0,5,3,2,10,532,Potential Loyalists
12828,United Kingdom,2011-08-01 16:16:00,2011-12-07 08:45:00,2,130,6,56,494,46,1018.71,0,0.0,0,1018.71,169.785,0.0,5,4,3,12,543,Loyal Customers
12829,United Kingdom,2010-06-07 15:04:00,2011-01-07 11:13:00,336,550,3,19,550,17,385.3,1,39.95,1,345.35,128.43333333333334,10.368543991694784,2,3,2,7,232,At Risk
12830,United Kingdom,2011-06-21 10:53:00,2011-11-02 11:54:00,37,171,6,38,9848,13,6814.64,0,0.0,0,6814.64,1135.7733333333333,0.0,4,4,5,13,445,Champions
12831,United Kingdom,2010-09-02 15:58:00,2011-03-22 13:02:00,262,463,3,22,303,16,451.11,0,0.0,0,451.11,150.37,0.0,2,3,2,7,232,At Risk
12832,United Kingdom,2011-09-02 13:48:00,2011-11-07 13:30:00,32,98,2,27,195,27,383.03000000000003,0,0.0,0,383.03000000000003,191.51500000000001,0.0,4,2,2,8,422,Potential Loyalists
12833,United Kingdom,2011-07-17 13:46:00,2011-07-17 13:46:00,145,145,1,24,156,24,417.38,0,0.0,0,417.38,417.38,0.0,3,1,2,6,312,Regular Customers
12834,United Kingdom,2011-03-02 09:49:00,2011-03-02 09:49:00,282,282,1,18,110,18,312.38,0,0.0,0,312.38,312.38,0.0,2,1,2,5,212,Hibernating
12835,United Kingdom,2009-12-03 12:13:00,2010-10-08 10:59:00,427,736,41,615,2349,138,5996.83,8,24.64,14,5972.19,146.2641463414634,0.4108837502480477,1,5,5,11,155,At Risk
12836,United Kingdom,2009-12-01 14:19:00,2011-10-11 15:10:00,59,738,15,411,2231,280,6559.7300000000005,2,39.15,4,6520.580000000001,437.31533333333334,0.5968233448632794,4,5,5,14,455,Champions
12837,United Kingdom,2010-05-19 15:10:00,2011-06-19 16:07:00,173,569,2,88,194,83,662.66,0,0.0,0,662.66,331.33,0.0,3,2,3,8,323,Need Attention
12838,United Kingdom,2010-04-26 09:59:00,2011-11-06 12:20:00,33,592,10,356,1606,230,2975.91,2,22.450000000000003,7,2953.46,297.591,0.7543910938166815,4,4,5,13,445,Champions
12839,United Kingdom,2009-12-07 09:18:00,2011-12-07 12:33:00,2,732,26,554,6578,156,9669.12,4,139.4,94,9529.720000000001,371.8892307692308,1.4417030712205454,5,5,5,15,555,Champions
12840,United Kingdom,2010-02-03 14:51:00,2011-07-19 09:29:00,143,674,7,176,2258,109,4041.9700000000003,4,28.1,14,4013.8700000000003,577.4242857142857,0.695205555706747,3,4,5,12,345,Loyal Customers
12841,United Kingdom,2010-07-08 15:38:00,2011-12-05 11:13:00,4,519,40,644,5008,307,6958.2,2,150.2,75,6808.0,173.95499999999998,2.1586042367278893,5,5,5,15,555,Champions
12842,United Kingdom,2009-12-02 08:15:00,2011-09-30 15:33:00,70,737,4,48,887,45,1917.99,0,0.0,0,1917.99,479.4975,0.0,4,3,4,11,434,Potential Loyalists
12843,United Kingdom,2009-12-13 11:41:00,2011-10-05 12:09:00,65,726,28,216,3025,127,6461.87,4,242.8,131,6219.07,230.78107142857144,3.75742625586711,4,5,5,14,455,Champions
12844,United Kingdom,2010-04-25 11:51:00,2011-11-10 13:31:00,29,593,4,103,223,88,648.6,0,0.0,0,648.6,162.15,0.0,5,3,3,11,533,Potential Loyalists
12845,United Kingdom,2011-02-22 14:10:00,2011-03-17 13:34:00,267,290,4,27,204,26,354.09000000000003,0,0.0,0,354.09000000000003,88.52250000000001,0.0,2,3,2,7,232,At Risk
12847,United Kingdom,2010-11-17 12:44:00,2011-11-17 13:16:00,22,387,2,119,1497,100,1609.0,0,0.0,0,1609.0,804.5,0.0,5,2,4,11,524,Potential Loyalists
12848,United Kingdom,2010-02-02 12:45:00,2010-02-02 12:45:00,675,675,1,16,58,16,208.0,0,0.0,0,208.0,208.0,0.0,1,1,1,3,111,Hibernating
12849,United Kingdom,2010-04-27 13:44:00,2011-11-08 13:41:00,31,591,6,140,1834,122,3015.98,0,0.0,0,3015.98,502.66333333333336,0.0,4,4,5,13,445,Champions
12850,United Kingdom,2010-09-20 12:26:00,2010-09-20 12:26:00,445,445,1,2,200,2,330.0,0,0.0,0,330.0,330.0,0.0,1,1,2,4,112,Hibernating
12851,United Kingdom,2010-08-19 15:13:00,2011-09-04 12:41:00,96,477,2,77,157,71,280.76,0,0.0,0,280.76,140.38,0.0,3,2,2,7,322,Need Attention
12852,United Kingdom,2011-02-18 08:47:00,2011-02-18 08:47:00,294,294,1,17,149,17,311.55,1,11.8,4,299.75,311.55,3.787514042689777,2,1,2,5,212,Hibernating
12853,United Kingdom,2010-02-05 11:57:00,2011-07-28 11:29:00,134,672,11,148,1668,111,3907.5,5,179.0,29,3728.5,355.22727272727275,4.580934101087652,3,5,5,13,355,Loyal Customers
12854,United Kingdom,2009-12-11 12:55:00,2011-09-22 12:15:00,78,728,7,261,1630,188,2970.9700000000003,4,71.65,21,2899.32,424.42428571428576,2.411670262574176,4,4,5,13,445,Champions
12855,United Kingdom,2010-11-02 18:16:00,2010-12-02 09:37:00,372,402,4,67,240,65,612.84,0,0.0,0,612.84,153.21,0.0,1,3,3,7,133,At Risk
12856,United Kingdom,2011-10-07 12:38:00,2011-12-02 10:52:00,7,63,6,311,1076,155,2170.78,2,17.25,3,2153.53,361.7966666666667,0.7946452427238135,5,4,4,13,544,Champions
12857,United Kingdom,2010-01-25 15:37:00,2011-05-13 10:20:00,210,683,6,121,1420,71,3688.0,1,3.75,1,3684.25,614.6666666666666,0.10168112798264642,2,4,5,11,245,At Risk
12858,United Kingdom,2010-11-21 12:55:00,2010-11-21 12:55:00,383,383,1,37,51,36,147.27,0,0.0,0,147.27,147.27,0.0,1,1,1,3,111,Hibernating
12859,United Kingdom,2010-09-07 12:20:00,2010-09-07 12:20:00,458,458,1,21,292,21,575.1,0,0.0,0,575.1,575.1,0.0,1,1,2,4,112,Hibernating
12860,United Kingdom,2010-01-15 15:22:00,2010-01-15 15:22:00,693,693,1,16,26,16,54.22,0,0.0,0,54.22,54.22,0.0,1,1,1,3,111,Hibernating
12861,United Kingdom,2010-03-30 11:39:00,2010-03-30 11:39:00,619,619,1,4,27,4,68.25,0,0.0,0,68.25,68.25,0.0,1,1,1,3,111,Hibernating
12862,United Kingdom,2010-08-01 15:20:00,2010-10-10 11:47:00,425,495,2,131,611,119,984.62,0,0.0,0,984.62,492.31,0.0,1,2,3,6,123,Hibernating
12863,United Kingdom,2010-04-29 13:54:00,2011-10-18 14:15:00,52,589,6,48,895,24,2792.55,1,17.0,2,2775.55,465.425,0.608762600490591,4,4,4,12,444,Champions
12864,United Kingdom,2010-07-19 17:22:00,2011-07-24 13:03:00,138,508,2,7,447,5,299.57,0,0.0,0,299.57,149.785,0.0,3,2,2,7,322,Need Attention
12865,Austria,2010-08-20 12:20:00,2011-11-13 14:31:00,26,476,4,195,1973,156,3323.4700000000003,1,20.16,48,3303.3100000000004,830.8675000000001,0.6065949143515662,5,3,5,13,535,Potential Loyalists
12866,Belgium,2010-07-25 11:37:00,2011-03-01 14:11:00,283,502,3,60,544,57,1092.35,0,0.0,0,1092.35,364.1166666666666,0.0,2,3,3,8,233,At Risk
12867,United Kingdom,2009-12-16 16:25:00,2011-11-13 15:30:00,26,723,13,1050,7876,365,7829.26,3,46.349999999999994,23,7782.91,602.2507692307693,0.5920099728454541,5,5,5,15,555,Champions
12868,United Kingdom,2010-11-12 10:05:00,2011-06-07 10:42:00,185,392,8,134,1170,86,2043.76,0,0.0,0,2043.76,255.47,0.0,2,4,4,10,244,At Risk
12869,United Kingdom,2010-01-27 12:10:00,2010-01-27 12:10:00,681,681,1,37,144,35,337.66999999999996,0,0.0,0,337.66999999999996,337.66999999999996,0.0,1,1,2,4,112,Hibernating
12870,United Kingdom,2010-03-25 14:32:00,2010-11-29 13:42:00,375,624,3,93,906,85,1676.95,1,14.899999999999999,2,1662.05,558.9833333333333,0.8885178448969855,1,3,4,8,134,At Risk
12871,United Kingdom,2010-09-26 10:34:00,2011-09-16 15:07:00,84,439,3,18,484,13,744.02,0,0.0,0,744.02,248.00666666666666,0.0,4,3,3,10,433,Potential Loyalists
12872,United Kingdom,2009-12-03 20:03:00,2011-01-17 10:52:00,326,736,12,394,1642,217,3283.96,1,7.15,3,3276.81,273.66333333333336,0.21772494183851204,2,5,5,12,255,At Risk
12873,United Kingdom,2010-01-27 09:50:00,2011-03-02 14:58:00,282,681,3,35,786,33,2027.3,0,0.0,0,2027.3,675.7666666666667,0.0,2,3,4,9,234,At Risk
12874,Belgium,2010-06-03 12:51:00,2010-11-19 15:23:00,385,554,2,46,618,43,873.42,1,15.0,12,858.42,436.71,1.7173868242082848,1,2,3,6,123,Hibernating
12875,United Kingdom,2010-01-11 12:37:00,2011-07-19 15:30:00,143,697,5,8,5187,2,1356.9900000000002,0,0.0,0,1356.9900000000002,271.398,0.0,3,4,4,11,344,Loyal Customers
12876,Belgium,2010-04-28 13:26:00,2011-10-13 12:26:00,57,590,4,166,3025,116,3751.79,1,13.2,8,3738.59,937.9475,0.3518320588305849,4,3,5,12,435,Potential Loyalists
12877,United Kingdom,2010-01-18 10:23:00,2011-12-06 10:30:00,3,690,20,274,2237,149,2942.14,0,0.0,0,2942.14,147.107,0.0,5,5,5,15,555,Champions
12878,United Kingdom,2011-03-18 14:02:00,2011-04-17 13:07:00,236,266,2,47,547,38,854.99,1,13.35,11,841.64,427.495,1.5614217710148657,2,2,3,7,223,Hibernating
12879,United Kingdom,2011-09-09 12:11:00,2011-10-26 12:24:00,44,91,3,10,370,7,573.22,1,20.650000000000002,7,552.57,191.07333333333335,3.6024562995010645,4,3,2,9,432,Potential Loyalists
12880,United Kingdom,2010-05-14 11:57:00,2010-11-23 10:50:00,381,574,2,36,279,32,640.13,0,0.0,0,640.13,320.065,0.0,1,2,3,6,123,Hibernating
12881,United Kingdom,2011-03-09 11:44:00,2011-03-09 11:44:00,275,275,1,7,21,7,298.0,0,0.0,0,298.0,298.0,0.0,2,1,2,5,212,Hibernating
12882,United Kingdom,2011-11-06 11:22:00,2011-11-30 16:18:00,9,33,2,13,246,12,1463.04,0,0.0,0,1463.04,731.52,0.0,5,2,4,11,524,Potential Loyalists
12883,United Kingdom,2011-09-11 15:18:00,2011-11-15 09:32:00,24,89,4,42,196,39,703.47,0,0.0,0,703.47,175.8675,0.0,5,3,3,11,533,Potential Loyalists
12884,United Kingdom,2011-09-12 13:10:00,2011-09-12 13:10:00,88,88,1,7,43,7,309.05,0,0.0,0,309.05,309.05,0.0,4,1,2,7,412,Promising Customers
12885,United Kingdom,2011-08-08 11:45:00,2011-10-07 13:40:00,63,123,3,71,655,66,1175.22,1,16.95,1,1158.27,391.74,1.4422831469852453,4,3,3,10,433,Potential Loyalists
12886,United Kingdom,2011-05-04 11:21:00,2011-10-03 10:09:00,67,219,2,82,770,75,1378.4,1,27.31,9,1351.0900000000001,689.2,1.9812826465467206,4,2,4,10,424,Potential Loyalists
12887,United Kingdom,2010-11-21 11:18:00,2010-11-21 11:18:00,383,383,1,13,100,13,222.4,0,0.0,0,222.4,222.4,0.0,1,1,1,3,111,Hibernating
12888,United Kingdom,2011-03-29 14:31:00,2011-05-09 16:02:00,214,255,2,5,76,4,354.12,2,40.35,8,313.77,177.06,11.394442561843443,2,2,2,6,222,Hibernating
12889,United Kingdom,2010-07-25 14:32:00,2010-11-23 16:08:00,381,502,4,25,124,25,385.46000000000004,2,19.8,4,365.66,96.36500000000001,5.136719763399574,1,3,2,6,132,At Risk
12890,United Kingdom,2010-11-17 14:05:00,2011-11-15 17:26:00,24,387,2,135,457,124,706.02,0,0.0,0,706.02,353.01,0.0,5,2,3,10,523,Potential Loyalists
12891,United Kingdom,2010-02-18 14:32:00,2011-06-07 12:31:00,185,659,11,11,2325,2,840.5,1,21.0,50,819.5,76.4090909090909,2.498512790005949,2,5,3,10,253,At Risk
12892,United Kingdom,2010-11-08 09:51:00,2010-11-08 09:51:00,396,396,1,18,140,18,263.38,0,0.0,0,263.38,263.38,0.0,1,1,1,3,111,Hibernating
12893,United Kingdom,2011-11-09 12:34:00,2011-11-09 12:34:00,30,30,1,31,90,27,176.55,0,0.0,0,176.55,176.55,0.0,5,1,1,7,511,New Customers
12894,United Kingdom,2010-05-13 14:47:00,2010-05-13 14:47:00,575,575,1,21,33,21,157.35,0,0.0,0,157.35,157.35,0.0,1,1,1,3,111,Hibernating
12895,United Kingdom,2011-09-14 08:35:00,2011-10-28 13:51:00,42,86,2,22,210,22,372.8,1,25.5,6,347.3,186.4,6.840128755364806,4,2,2,8,422,Potential Loyalists
12897,United Kingdom,2010-06-14 11:58:00,2011-05-19 12:13:00,204,543,4,14,249,10,514.25,0,0.0,0,514.25,128.5625,0.0,2,3,2,7,232,At Risk
12898,United Kingdom,2010-02-18 12:36:00,2010-09-02 08:08:00,463,659,2,27,235,27,296.21,0,0.0,0,296.21,148.105,0.0,1,2,2,5,122,Hibernating
12899,United Kingdom,2010-10-22 09:53:00,2010-10-22 09:53:00,413,413,1,17,108,17,366.4,0,0.0,0,366.4,366.4,0.0,1,1,2,4,112,Hibernating
12900,United Kingdom,2010-10-13 15:17:00,2010-10-13 15:17:00,422,422,1,13,139,13,340.33000000000004,0,0.0,0,340.33000000000004,340.33000000000004,0.0,1,1,2,4,112,Hibernating
12901,United Kingdom,2011-03-14 10:41:00,2011-12-01 10:07:00,8,270,28,116,23075,30,17654.54,6,1338.4,1776,16316.140000000001,630.5192857142857,7.581052805680579,5,5,5,15,555,Champions
12902,United Kingdom,2011-03-20 12:06:00,2011-03-20 12:06:00,264,264,1,10,66,10,138.68,0,0.0,0,138.68,138.68,0.0,2,1,1,4,211,Hibernating
12903,United Kingdom,2010-10-07 12:39:00,2010-10-07 12:39:00,428,428,1,41,493,41,833.5300000000001,0,0.0,0,833.5300000000001,833.5300000000001,0.0,1,1,3,5,113,Hibernating
12904,United Kingdom,2011-06-20 13:18:00,2011-11-21 14:34:00,18,172,2,71,294,59,496.06,0,0.0,0,496.06,248.03,0.0,5,2,2,9,522,Potential Loyalists
12905,United Kingdom,2010-01-26 14:06:00,2010-05-12 10:05:00,576,682,2,54,532,52,1018.42,1,6.6,4,1011.8199999999999,509.21,0.6480626853361089,1,2,3,6,123,Hibernating
12906,United Kingdom,2011-09-22 15:03:00,2011-11-28 09:55:00,11,78,5,63,1749,55,2919.81,0,0.0,0,2919.81,583.962,0.0,5,4,5,14,545,Champions
12907,United Kingdom,2010-08-02 14:33:00,2010-11-09 12:08:00,395,494,2,25,177,23,508.91,1,68.55000000000001,13,440.36,254.455,13.469965219783461,1,2,2,5,122,Hibernating
12908,United Kingdom,2010-03-19 15:59:00,2011-06-16 15:39:00,176,630,5,5,3000,1,1776.0,1,390.0,600,1386.0,355.2,21.95945945945946,3,4,4,11,344,Loyal Customers
12909,United Kingdom,2010-02-24 12:14:00,2011-10-31 12:43:00,39,653,8,158,1948,120,3103.19,5,68.42,16,3034.77,387.89875,2.2048279351248232,4,4,5,13,445,Champions
12910,United Kingdom,2010-03-28 13:10:00,2011-11-16 14:28:00,23,621,13,137,3632,75,5796.52,1,49.5,30,5747.02,445.8861538461539,0.853960652253421,5,5,5,15,555,Champions
12911,United Kingdom,2010-06-06 12:13:00,2010-06-06 12:13:00,551,551,1,236,807,220,1651.72,0,0.0,0,1651.72,1651.72,0.0,1,1,4,6,114,At Risk
12912,United Kingdom,2011-10-30 11:35:00,2011-12-07 08:55:00,2,40,5,24,670,17,1662.3,0,0.0,0,1662.3,332.46,0.0,5,4,4,13,544,Champions
12913,United Kingdom,2009-12-01 12:18:00,2011-12-05 12:11:00,4,738,13,92,3086,52,6283.24,0,0.0,0,6283.24,483.32615384615383,0.0,5,5,5,15,555,Champions
12914,United Kingdom,2010-11-04 12:28:00,2010-11-04 12:28:00,400,400,1,9,336,9,223.98,0,0.0,0,223.98,223.98,0.0,1,1,1,3,111,Hibernating
12915,United Kingdom,2010-04-29 19:36:00,2011-07-14 11:34:00,148,589,4,60,411,46,975.1,4,89.9,18,885.2,243.775,9.219567223874476,3,3,3,9,333,Need Attention
12916,United Kingdom,2010-01-24 11:26:00,2011-07-24 10:35:00,138,684,7,172,1681,82,4479.73,1,23.8,8,4455.929999999999,639.9614285714285,0.5312820192288376,3,4,5,12,345,Loyal Customers
12917,United Kingdom,2009-12-09 14:22:00,2011-08-03 16:42:00,128,730,6,50,1104,45,4359.2,2,29.7,6,4329.5,726.5333333333333,0.681317672967517,3,4,5,12,345,Loyal Customers
12919,United Kingdom,2011-06-23 09:22:00,2011-12-01 13:47:00,8,169,6,50,673,34,1335.19,2,33.75,5,1301.44,222.53166666666667,2.5277301357859177,5,4,4,13,544,Champions
12920,United Kingdom,2009-12-14 15:58:00,2011-11-22 15:05:00,17,725,4,59,420,59,486.64,0,0.0,0,486.64,121.66,0.0,5,3,2,10,532,Potential Loyalists
12921,United Kingdom,2009-12-01 13:43:00,2011-11-30 16:22:00,9,738,74,1499,21328,322,35233.24,29,1281.5900000000001,435,33951.649999999994,476.12486486486483,3.6374457756368708,5,5,5,15,555,Champions
12922,United Kingdom,2011-07-01 15:35:00,2011-07-01 15:35:00,161,161,1,28,370,28,405.38,0,0.0,0,405.38,405.38,0.0,3,1,2,6,312,Regular Customers
12923,United Kingdom,2010-05-13 14:55:00,2011-10-06 16:20:00,64,575,3,59,229,53,769.17,0,0.0,0,769.17,256.39,0.0,4,3,3,10,433,Potential Loyalists
12924,United Kingdom,2009-12-09 12:40:00,2011-09-12 13:55:00,88,730,12,73,1422,55,2461.45,2,46.25,11,2415.2,205.1208333333333,1.8789737756200613,4,5,4,13,454,Champions
12925,United Kingdom,2010-04-26 10:32:00,2011-12-05 11:11:00,4,592,3,50,649,46,729.33,0,0.0,0,729.33,243.11,0.0,5,3,3,11,533,Potential Loyalists
12926,United Kingdom,2009-12-14 14:35:00,2010-10-24 15:57:00,411,725,4,261,752,201,1523.59,0,0.0,0,1523.59,380.8975,0.0,1,3,4,8,134,At Risk
12927,United Kingdom,2010-11-10 10:02:00,2010-11-10 10:02:00,394,394,1,11,145,11,197.31,0,0.0,0,197.31,197.31,0.0,1,1,1,3,111,Hibernating
12928,United Kingdom,2010-06-08 10:16:00,2011-11-04 14:24:00,35,549,12,179,2899,94,4304.89,0,0.0,0,4304.89,358.74083333333334,0.0,4,5,5,14,455,Champions
12929,United Kingdom,2011-02-01 12:08:00,2011-02-01 12:08:00,311,311,1,8,37,8,117.85,1,12.75,1,105.1,117.85,10.818837505303353,2,1,1,4,211,Hibernating
12930,United Kingdom,2011-06-21 13:25:00,2011-09-22 15:18:00,78,171,2,25,252,20,415.8,2,5.9,2,409.90000000000003,207.9,1.418951418951419,4,2,2,8,422,Potential Loyalists
12931,United Kingdom,2009-12-01 11:46:00,2011-11-18 12:39:00,21,738,57,218,62906,37,92347.34,11,20800.37,13667,71546.97,1620.1287719298246,22.524059707621248,5,5,5,15,555,Champions
12932,United Kingdom,2010-02-10 08:46:00,2010-06-18 14:22:00,539,667,8,95,1609,69,1698.56,0,0.0,0,1698.56,212.32,0.0,1,4,4,9,144,At Risk
12933,United Kingdom,2009-12-10 16:39:00,2011-11-15 16:38:00,24,729,8,289,949,227,1636.63,3,59.75,55,1576.88,204.57875,3.6507946206534156,5,4,4,13,544,Champions
12934,United Kingdom,2009-12-03 10:51:00,2009-12-03 10:51:00,736,736,1,2,31,2,181.65,0,0.0,0,181.65,181.65,0.0,1,1,1,3,111,Hibernating
12935,United Kingdom,2010-04-11 15:59:00,2011-12-07 17:25:00,2,607,15,254,3201,113,4243.86,4,61.849999999999994,31,4182.009999999999,282.924,1.457399631467579,5,5,5,15,555,Champions
12936,United Kingdom,2011-09-22 13:51:00,2011-11-22 17:32:00,17,78,4,62,559,56,1063.9,1,51.0,20,1012.9000000000001,265.975,4.793683616881285,5,3,3,11,533,Potential Loyalists
12937,United Kingdom,2009-12-03 15:43:00,2011-11-24 15:05:00,15,736,9,217,1983,128,3097.61,0,0.0,0,3097.61,344.1788888888889,0.0,5,4,5,14,545,Champions
12938,United Kingdom,2011-11-14 11:21:00,2011-11-14 11:21:00,25,25,1,9,140,9,114.14,0,0.0,0,114.14,114.14,0.0,5,1,1,7,511,New Customers
12939,United Kingdom,2010-01-12 11:27:00,2011-10-06 14:33:00,64,696,20,86,10328,24,25264.8,0,0.0,0,25264.8,1263.24,0.0,4,5,5,14,455,Champions
12940,United Kingdom,2011-09-13 10:16:00,2011-10-16 12:09:00,54,87,2,96,404,87,899.69,2,37.25,5,862.44,449.845,4.140314997387988,4,2,3,9,423,Potential Loyalists
12941,United Kingdom,2009-12-15 13:12:00,2009-12-15 13:12:00,724,724,1,27,381,27,377.49,0,0.0,0,377.49,377.49,0.0,1,1,2,4,112,Hibernating
12942,United Kingdom,2010-12-09 09:34:00,2011-07-31 14:39:00,131,365,3,70,198,68,675.6,0,0.0,0,675.6,225.20000000000002,0.0,3,3,3,9,333,Need Attention
12943,United Kingdom,2010-04-13 11:03:00,2010-05-30 13:52:00,558,605,2,25,222,22,496.5,2,7.5,2,489.0,248.25,1.5105740181268883,1,2,2,5,122,Hibernating
12944,United Kingdom,2010-12-20 10:41:00,2011-11-04 11:04:00,35,354,2,30,289,29,604.51,0,0.0,0,604.51,302.255,0.0,4,2,3,9,423,Potential Loyalists
12945,United Kingdom,2010-02-21 15:18:00,2011-02-24 14:15:00,288,656,2,51,446,47,900.11,0,0.0,0,900.11,450.055,0.0,2,2,3,7,223,Hibernating
12946,United Kingdom,2010-09-29 10:14:00,2010-09-29 10:14:00,436,436,1,20,149,20,324.45,0,0.0,0,324.45,324.45,0.0,1,1,2,4,112,Hibernating
12947,United Kingdom,2010-12-01 16:21:00,2011-07-19 10:06:00,143,373,6,97,1165,83,1603.99,5,196.7,8,1407.29,267.33166666666665,12.263168722997026,3,4,4,11,344,Loyal Customers
12948,United Kingdom,2009-12-02 12:28:00,2011-11-23 17:10:00,16,737,9,125,1304,89,2317.43,1,11.25,3,2306.18,257.4922222222222,0.48545155624981123,5,4,4,13,544,Champions
12949,United Kingdom,2009-12-03 15:56:00,2011-11-09 11:25:00,30,736,22,715,8233,347,15526.7,6,135.7,36,15391.0,705.7590909090909,0.8739783727385727,5,5,5,15,555,Champions
12950,United Kingdom,2011-11-15 13:48:00,2011-12-07 13:17:00,2,24,3,23,1380,13,1843.0,0,0.0,0,1843.0,614.3333333333334,0.0,5,3,4,12,534,Potential Loyalists
12951,United Kingdom,2010-01-10 12:43:00,2011-12-01 12:14:00,8,698,15,194,1662,110,3213.7200000000003,5,49.3,12,3164.42,214.24800000000002,1.5340477701853301,5,5,5,15,555,Champions
12952,United Kingdom,2011-09-22 16:37:00,2011-12-04 10:35:00,5,78,4,79,653,64,1387.79,1,4.95,1,1382.84,346.9475,0.3566822069621485,5,3,4,12,534,Potential Loyalists
12953,United Kingdom,2010-07-05 13:37:00,2011-11-30 09:24:00,9,522,2,48,364,45,828.8100000000001,0,0.0,0,828.8100000000001,414.40500000000003,0.0,5,2,3,10,523,Potential Loyalists
12954,United Kingdom,2010-03-11 10:16:00,2010-03-11 10:16:00,638,638,1,10,83,10,162.45,0,0.0,0,162.45,162.45,0.0,1,1,1,3,111,Hibernating
12955,United Kingdom,2011-03-17 09:03:00,2011-12-08 16:29:00,1,267,11,180,3664,81,4757.16,3,22.9,22,4734.26,432.4690909090909,0.48137964667995187,5,5,5,15,555,Champions
12956,United Kingdom,2009-12-15 19:03:00,2011-02-06 16:08:00,306,724,4,42,340,42,521.89,0,0.0,0,521.89,130.4725,0.0,2,3,2,7,232,At Risk
12957,United Kingdom,2009-12-11 12:01:00,2011-11-30 09:53:00,9,728,13,490,4686,402,8706.97,8,78.55,25,8628.42,669.766923076923,0.9021508056189467,5,5,5,15,555,Champions
12958,United Kingdom,2010-05-05 16:22:00,2010-11-04 16:16:00,400,583,2,49,118,45,467.34,0,0.0,0,467.34,233.67,0.0,1,2,2,5,122,Hibernating
12959,United Kingdom,2010-08-12 17:20:00,2010-08-12 17:20:00,484,484,1,8,109,8,150.95,0,0.0,0,150.95,150.95,0.0,1,1,1,3,111,Hibernating
12960,United Kingdom,2010-02-16 13:32:00,2010-10-22 09:31:00,413,661,4,70,1379,49,1322.0700000000002,0,0.0,0,1322.0700000000002,330.51750000000004,0.0,1,3,4,8,134,At Risk
12961,United Kingdom,2010-11-25 16:44:00,2010-11-25 16:44:00,379,379,1,40,180,37,211.99,0,0.0,0,211.99,211.99,0.0,1,1,1,3,111,Hibernating
12962,United Kingdom,2011-08-18 13:38:00,2011-12-02 15:55:00,7,113,2,16,129,15,266.39,0,0.0,0,266.39,133.195,0.0,5,2,1,8,521,Potential Loyalists
12963,United Kingdom,2010-07-08 14:45:00,2011-12-01 12:55:00,8,519,12,174,1637,129,3235.79,1,73.20000000000002,24,3162.59,269.64916666666664,2.2621987211778274,5,5,5,15,555,Champions
12964,United Kingdom,2010-09-28 17:47:00,2010-09-28 17:47:00,437,437,1,26,56,26,132.24,0,0.0,0,132.24,132.24,0.0,1,1,1,3,111,Hibernating
12965,United Kingdom,2011-09-11 15:31:00,2011-09-11 15:31:00,89,89,1,108,282,108,769.8100000000001,0,0.0,0,769.8100000000001,769.8100000000001,0.0,4,1,3,8,413,Promising Customers
12966,United Kingdom,2011-11-30 12:38:00,2011-11-30 12:38:00,9,9,1,10,75,10,160.18,0,0.0,0,160.18,160.18,0.0,5,1,1,7,511,New Customers
12967,United Kingdom,2010-11-21 11:03:00,2010-12-16 19:10:00,358,383,3,65,912,47,2938.52,2,466.15,195,2472.37,979.5066666666667,15.863427848032341,2,3,4,9,234,At Risk
12968,United Kingdom,2011-08-19 15:44:00,2011-08-19 15:44:00,112,112,1,5,73,5,135.95,0,0.0,0,135.95,135.95,0.0,3,1,1,5,311,Regular Customers
12969,United Kingdom,2010-04-16 10:50:00,2010-04-16 10:50:00,602,602,1,5,55,5,122.45,0,0.0,0,122.45,122.45,0.0,1,1,1,3,111,Hibernating
12970,United Kingdom,2009-12-04 14:19:00,2011-12-02 14:30:00,7,735,10,343,952,279,1452.54,0,0.0,0,1452.54,145.254,0.0,5,4,4,13,544,Champions
12971,United Kingdom,2009-12-15 19:04:00,2011-12-06 12:20:00,3,724,116,407,14306,102,15704.6,3,486.55,1525,15218.050000000001,135.3844827586207,3.0981368516230914,5,5,5,15,555,Champions
12972,United Kingdom,2010-02-16 14:30:00,2010-10-22 08:41:00,413,661,4,77,844,69,1161.2,2,45.25,15,1115.95,290.3,3.8968308646228036,1,3,3,7,133,At Risk
12973,United Kingdom,2010-10-22 10:14:00,2010-10-22 10:14:00,413,413,1,6,31,6,385.55,0,0.0,0,385.55,385.55,0.0,1,1,2,4,112,Hibernating
12974,United Kingdom,2010-05-23 11:45:00,2011-05-26 09:33:00,197,565,2,32,104,27,408.95,0,0.0,0,408.95,204.475,0.0,2,2,2,6,222,Hibernating
12975,United Kingdom,2009-12-06 10:38:00,2010-09-29 09:46:00,436,733,6,112,911,92,2100.09,2,106.1,8,1993.9900000000002,350.01500000000004,5.052164431048192,1,4,4,9,144,At Risk
12976,United Kingdom,2010-02-12 15:46:00,2011-05-12 09:55:00,211,665,8,154,2684,106,3156.38,0,0.0,0,3156.38,394.5475,0.0,2,4,5,11,245,At Risk
12977,United Kingdom,2010-07-16 16:25:00,2011-07-06 16:40:00,156,511,4,58,128,54,513.88,0,0.0,0,513.88,128.47,0.0,3,3,2,8,332,Need Attention
12978,United Kingdom,2009-12-10 12:10:00,2010-11-19 14:29:00,385,729,5,163,1394,126,2502.82,1,6.75,1,2496.07,500.564,0.26969578315659937,1,4,4,9,144,At Risk
12979,United Arab Emirates,2009-12-10 15:45:00,2009-12-10 15:45:00,729,729,1,56,520,56,517.7,1,38.16,36,479.5400000000001,517.7,7.3710643229669675,1,1,2,4,112,Hibernating
12980,United Kingdom,2009-12-02 11:26:00,2011-07-05 09:34:00,157,737,21,52,1910,7,16245.78,5,336.39,27,15909.390000000001,773.6085714285715,2.070630034384314,3,5,5,13,355,Loyal Customers
12981,United Kingdom,2011-07-29 14:14:00,2011-11-10 12:00:00,29,133,2,20,242,12,372.21999999999997,0,0.0,0,372.21999999999997,186.10999999999999,0.0,5,2,2,9,522,Potential Loyalists
12982,United Kingdom,2010-04-12 13:50:00,2011-04-11 11:51:00,242,606,8,178,1729,139,2744.81,9,182.69,64,2562.12,343.10125,6.655834101449646,2,4,4,10,244,At Risk
12983,United Kingdom,2010-04-20 12:58:00,2010-04-20 12:58:00,598,598,1,30,638,30,490.08,0,0.0,0,490.08,490.08,0.0,1,1,2,4,112,Hibernating
12984,United Kingdom,2011-11-21 12:37:00,2011-11-21 12:37:00,18,18,1,4,26,4,97.5,0,0.0,0,97.5,97.5,0.0,5,1,1,7,511,New Customers
12985,United Kingdom,2011-11-11 12:44:00,2011-12-09 10:46:00,0,28,2,76,1533,73,1239.38,1,23.759999999999998,120,1215.6200000000001,619.69,1.9170875760460873,5,2,4,11,524,Potential Loyalists
12986,United Kingdom,2010-01-21 10:45:00,2010-10-07 11:57:00,428,687,10,102,1164,61,2729.84,2,731.5,282,1998.3400000000001,272.98400000000004,26.79644228233156,1,4,4,9,144,At Risk
12987,United Kingdom,2010-01-20 09:57:00,2011-09-27 12:03:00,73,688,5,66,585,61,1312.21,1,13.7,2,1298.51,262.442,1.0440402069790657,4,4,4,12,444,Champions
12988,United Kingdom,2011-02-20 14:31:00,2011-02-20 14:31:00,292,292,1,83,126,75,505.82,0,0.0,0,505.82,505.82,0.0,2,1,2,5,212,Hibernating
12989,United Kingdom,2009-12-10 13:27:00,2011-12-06 15:28:00,3,729,33,97,6935,50,13551.75,6,704.95,171,12846.8,410.65909090909093,5.2019111922814405,5,5,5,15,555,Champions
12990,United Kingdom,2010-03-30 11:36:00,2011-11-08 13:01:00,31,619,7,27,480,9,955.5,0,0.0,0,955.5,136.5,0.0,4,4,3,11,443,Loyal Customers
12991,United Kingdom,2010-11-15 13:43:00,2011-11-16 15:34:00,23,389,3,45,483,45,764.82,0,0.0,0,764.82,254.94000000000003,0.0,5,3,3,11,533,Potential Loyalists
12992,United Kingdom,2009-12-14 16:46:00,2009-12-14 16:46:00,725,725,1,6,21,6,93.35,0,0.0,0,93.35,93.35,0.0,1,1,1,3,111,Hibernating
12993,United Kingdom,2010-02-18 10:35:00,2011-11-16 15:49:00,23,659,8,76,751,57,1259.63,2,68.37,103,1191.2600000000002,157.45375,5.427784349372435,5,4,4,13,544,Champions
12994,United Kingdom,2011-03-16 08:31:00,2011-12-05 15:43:00,4,268,3,61,459,52,974.42,2,72.2,19,902.2199999999999,324.8066666666667,7.409535929065496,5,3,3,11,533,Potential Loyalists
12995,United Kingdom,2011-09-15 15:44:00,2011-09-15 15:44:00,85,85,1,3,108,3,211.32,1,10.6,10,200.72,211.32,5.016089343176225,4,1,1,6,411,Promising Customers
12996,United Kingdom,2010-11-29 09:27:00,2010-11-29 09:27:00,375,375,1,22,122,22,355.5,0,0.0,0,355.5,355.5,0.0,1,1,2,4,112,Hibernating
12997,United Kingdom,2010-04-06 11:06:00,2011-11-17 15:47:00,22,612,8,107,1186,65,2110.91,8,45.8,23,2065.1099999999997,263.86375,2.1696803748146536,5,4,4,13,544,Champions
12998,United Kingdom,2010-02-24 11:55:00,2010-08-04 08:05:00,492,653,3,58,1124,58,920.08,1,22.7,22,897.38,306.6933333333333,2.467176767237631,1,3,3,7,133,At Risk
12999,United Kingdom,2011-04-08 10:26:00,2011-05-27 13:24:00,196,245,3,28,342,25,455.88,0,0.0,0,455.88,151.96,0.0,2,3,2,7,232,At Risk
13000,United Kingdom,2009-12-14 17:03:00,2011-08-25 10:43:00,106,725,4,62,548,57,1032.5,1,67.5,10,965.0,258.125,6.5375302663438255,3,3,3,9,333,Need Attention
13001,United Kingdom,2009-12-03 16:21:00,2011-12-05 14:51:00,4,736,33,1015,13448,300,24042.65,4,36.05,21,24006.600000000002,728.5651515151516,0.14994187412785195,5,5,5,15,555,Champions
13002,United Kingdom,2010-10-01 11:58:00,2011-01-25 15:18:00,318,434,3,23,201,19,414.13,0,0.0,0,414.13,138.04333333333332,0.0,2,3,2,7,232,At Risk
13003,United Kingdom,2011-05-09 08:23:00,2011-08-26 10:50:00,105,214,3,6,103,4,149.05,0,0.0,0,149.05,49.68333333333334,0.0,3,3,1,7,331,Need Attention
13004,United Kingdom,2009-12-15 09:44:00,2011-11-28 11:27:00,11,724,36,815,8768,417,11650.85,10,506.86,326,11143.99,323.63472222222225,4.350412201684856,5,5,5,15,555,Champions
13005,United Kingdom,2010-09-08 12:52:00,2011-06-19 10:53:00,173,457,4,56,462,41,999.68,2,64.64999999999999,7,935.03,249.92,6.4670694622279115,3,3,3,9,333,Need Attention
13006,United Kingdom,2011-10-14 13:49:00,2011-10-14 13:49:00,56,56,1,4,55,4,81.57,0,0.0,0,81.57,81.57,0.0,4,1,1,6,411,Promising Customers
13007,United Kingdom,2010-05-09 10:38:00,2010-05-09 10:38:00,579,579,1,11,59,11,175.25,0,0.0,0,175.25,175.25,0.0,1,1,1,3,111,Hibernating
13008,United Kingdom,2009-12-16 16:07:00,2011-01-20 14:24:00,323,723,3,35,379,31,612.13,4,68.85,67,543.28,204.04333333333332,11.247610801627104,2,3,2,7,232,At Risk
13009,United Kingdom,2010-02-05 12:22:00,2010-02-05 12:22:00,672,672,1,4,120,4,234.0,0,0.0,0,234.0,234.0,0.0,1,1,1,3,111,Hibernating
13010,United Kingdom,2010-03-01 11:28:00,2010-11-30 15:09:00,374,648,2,12,323,10,330.12,0,0.0,0,330.12,165.06,0.0,1,2,2,5,122,Hibernating
13011,United Kingdom,2010-12-02 17:22:00,2010-12-02 17:22:00,372,372,1,3,13,3,50.550000000000004,0,0.0,0,50.550000000000004,50.550000000000004,0.0,1,1,1,3,111,Hibernating
13012,United Kingdom,2010-04-26 14:14:00,2011-11-30 13:05:00,9,592,11,153,1559,95,2957.83,3,376.55,169,2581.2799999999997,268.89363636363635,12.730616702109318,5,5,4,14,554,Champions
13013,United Kingdom,2009-12-14 10:34:00,2011-12-08 15:01:00,1,725,29,487,5661,289,11097.43,2,23.95,7,11073.48,382.67,0.21581573391316727,5,5,5,15,555,Champions
13014,United Kingdom,2010-10-03 11:35:00,2011-11-29 12:27:00,10,432,11,224,1979,140,5381.08,7,160.25,31,5220.83,489.1890909090909,2.9780267158265628,5,5,5,15,555,Champions
13015,United Kingdom,2010-04-15 16:35:00,2011-10-17 13:19:00,53,603,11,348,3527,260,6579.78,3,120.7,72,6459.08,598.1618181818181,1.834407837344106,4,5,5,14,455,Champions
13016,United Kingdom,2011-08-08 15:00:00,2011-09-27 14:08:00,73,123,3,47,527,39,789.89,0,0.0,0,789.89,263.2966666666667,0.0,4,3,3,10,433,Potential Loyalists
13017,United Kingdom,2011-12-02 15:53:00,2011-12-02 15:53:00,7,7,1,1,48,1,204.0,0,0.0,0,204.0,204.0,0.0,5,1,1,7,511,New Customers
13018,United Kingdom,2010-03-01 12:34:00,2011-11-23 13:28:00,16,648,35,603,6746,401,9763.16,2,20.35,5,9742.81,278.9474285714286,0.20843661273604042,5,5,5,15,555,Champions
13019,United Kingdom,2009-12-06 15:40:00,2010-11-25 14:56:00,379,733,6,55,397,46,1229.95,2,17.0,2,1212.95,204.99166666666667,1.38217000691085,1,4,4,9,144,At Risk
13020,United Kingdom,2010-02-18 10:35:00,2010-05-26 11:12:00,562,659,2,39,278,38,618.96,3,12.0,7,606.96,309.48,1.9387359441644048,1,2,3,6,123,Hibernating
13021,United Kingdom,2009-12-05 12:02:00,2011-12-05 16:37:00,4,734,17,257,2546,166,4887.24,7,80.58,26,4806.66,287.48470588235296,1.6487833623885875,5,5,5,15,555,Champions
13022,Belgium,2010-10-06 10:50:00,2010-10-06 10:50:00,429,429,1,4,34,4,50.3,0,0.0,0,50.3,50.3,0.0,1,1,1,3,111,Hibernating
13023,United Kingdom,2010-06-29 09:51:00,2011-10-06 16:27:00,64,528,3,73,573,68,1251.03,0,0.0,0,1251.03,417.01,0.0,4,3,4,11,434,Potential Loyalists
13024,United Kingdom,2010-05-06 14:25:00,2010-08-26 09:42:00,470,582,2,31,181,26,555.87,1,20.45,7,535.42,277.935,3.6789177325633693,1,2,2,5,122,Hibernating
13025,United Kingdom,2009-12-08 10:02:00,2009-12-08 10:02:00,731,731,1,13,241,13,323.39,0,0.0,0,323.39,323.39,0.0,1,1,2,4,112,Hibernating
13026,United Kingdom,2009-12-13 11:34:00,2011-12-08 16:58:00,1,726,9,82,2466,52,1733.08,3,35.34,34,1697.74,192.56444444444443,2.039144182611305,5,4,4,13,544,Champions
13027,United Kingdom,2010-01-20 10:41:00,2011-08-18 09:39:00,113,688,19,85,42840,7,17239.2,1,96.0,240,17143.2,907.3263157894737,0.5568703884170959,3,5,5,13,355,Loyal Customers
13028,United Kingdom,2011-10-25 14:09:00,2011-11-17 11:10:00,22,45,2,45,798,40,661.3199999999999,1,1.6400000000000001,2,659.68,330.65999999999997,0.24798887074336182,5,2,3,10,523,Potential Loyalists
13029,United Kingdom,2010-07-04 13:46:00,2011-11-09 09:13:00,30,523,5,17,194,13,1927.3,0,0.0,0,1927.3,385.46,0.0,5,4,4,13,544,Champions
13030,United Kingdom,2010-12-06 14:31:00,2011-11-28 14:30:00,11,368,2,92,348,76,752.44,0,0.0,0,752.44,376.22,0.0,5,2,3,10,523,Potential Loyalists
13031,United Kingdom,2010-06-03 14:57:00,2010-10-28 15:34:00,407,554,5,407,2309,275,3292.84,0,0.0,0,3292.84,658.568,0.0,1,4,5,10,145,At Risk
13032,United Kingdom,2010-09-05 14:01:00,2011-10-18 15:54:00,52,460,9,207,1274,147,2815.96,2,25.96,12,2790.0,312.88444444444445,0.9218880950013495,4,4,4,12,444,Champions
13033,United Kingdom,2010-10-06 09:37:00,2010-12-17 14:23:00,357,429,2,13,98,12,220.55,0,0.0,0,220.55,110.275,0.0,2,2,1,5,221,Hibernating
13034,United Kingdom,2010-11-03 15:22:00,2011-10-16 12:21:00,54,401,3,44,406,42,756.82,0,0.0,0,756.82,252.27333333333334,0.0,4,3,3,10,433,Potential Loyalists
13035,United Kingdom,2010-10-04 15:41:00,2011-09-27 08:57:00,73,431,3,42,926,27,1364.2,1,35.25,17,1328.95,454.73333333333335,2.5839319747837557,4,3,4,11,434,Potential Loyalists
13036,United Kingdom,2010-01-24 11:35:00,2010-01-24 11:35:00,684,684,1,6,38,6,307.1,0,0.0,0,307.1,307.1,0.0,1,1,2,4,112,Hibernating
13037,United Kingdom,2009-12-03 17:04:00,2011-07-24 15:46:00,138,736,12,232,2130,181,3914.9500000000003,4,72.4,25,3842.55,326.24583333333334,1.8493211918415304,3,5,5,13,355,Loyal Customers
13038,United Kingdom,2011-02-22 11:43:00,2011-09-20 14:37:00,80,290,3,28,360,24,908.46,0,0.0,0,908.46,302.82,0.0,4,3,3,10,433,Potential Loyalists
13039,United Kingdom,2009-12-17 16:43:00,2010-05-04 16:45:00,584,722,4,55,290,37,1010.73,0,0.0,0,1010.73,252.6825,0.0,1,3,3,7,133,At Risk
13040,United Kingdom,2011-11-06 13:53:00,2011-12-01 10:38:00,8,33,2,43,355,38,676.99,0,0.0,0,676.99,338.495,0.0,5,2,3,10,523,Potential Loyalists
13041,United Kingdom,2010-04-29 08:43:00,2010-09-15 11:44:00,450,589,4,35,335,23,799.13,0,0.0,0,799.13,199.7825,0.0,1,3,3,7,133,At Risk
13042,United Kingdom,2009-12-07 15:42:00,2010-04-20 13:43:00,598,732,3,184,812,164,1488.59,1,33.75,5,1454.84,496.19666666666666,2.267246185988083,1,3,4,8,134,At Risk
13043,United Kingdom,2011-03-11 14:52:00,2011-03-11 14:52:00,273,273,1,13,254,13,516.42,1,44.85,3,471.56999999999994,516.42,8.684791448820729,2,1,2,5,212,Hibernating
13044,United Kingdom,2010-01-08 14:46:00,2011-02-21 15:20:00,291,700,11,416,2548,356,4848.05,2,29.7,2,4818.35,440.7318181818182,0.6126174441270201,2,5,5,12,255,At Risk
13045,United Kingdom,2010-08-10 13:02:00,2011-09-01 15:04:00,99,486,3,45,405,41,808.9200000000001,0,0.0,0,808.9200000000001,269.64000000000004,0.0,3,3,3,9,333,Need Attention
13046,United Kingdom,2010-09-09 13:09:00,2011-11-09 08:36:00,30,456,3,56,505,50,949.25,0,0.0,0,949.25,316.4166666666667,0.0,5,3,3,11,533,Potential Loyalists
13047,United Kingdom,2009-12-16 11:43:00,2011-10-14 11:15:00,56,723,23,377,3327,189,8423.58,17,313.49,69,8110.09,366.24260869565217,3.721576811759371,4,5,5,14,455,Champions
13048,United Kingdom,2010-01-27 12:55:00,2011-11-25 13:23:00,14,681,9,265,2661,125,4049.13,4,49.05,13,4000.08,449.90333333333336,1.2113713316193848,5,4,5,14,545,Champions
13049,United Kingdom,2010-11-03 15:39:00,2011-10-06 15:31:00,64,401,4,26,620,19,1408.24,1,24.1,14,1384.14,352.06,1.7113560188604215,4,3,4,11,434,Potential Loyalists
13050,United Kingdom,2009-12-15 15:06:00,2011-11-25 09:18:00,14,724,34,980,6987,512,11877.29,20,351.75,76,11525.54,349.33205882352945,2.961534154676698,5,5,5,15,555,Champions
13051,United Kingdom,2010-03-30 11:11:00,2010-05-10 09:14:00,578,619,2,4,72,4,155.8,0,0.0,0,155.8,77.9,0.0,1,2,1,4,121,Hibernating
13052,United Kingdom,2010-02-23 12:31:00,2011-05-11 14:12:00,212,654,7,247,1423,160,3118.48,0,0.0,0,3118.48,445.4971428571429,0.0,2,4,5,11,245,At Risk
13053,United Kingdom,2010-03-28 11:28:00,2010-03-28 11:28:00,621,621,1,17,47,17,127.65,0,0.0,0,127.65,127.65,0.0,1,1,1,3,111,Hibernating
13055,United Kingdom,2010-10-06 08:17:00,2011-09-22 14:26:00,78,429,4,154,1821,145,2321.11,2,28.6,16,2292.51,580.2775,1.2321690915122505,4,3,4,11,434,Potential Loyalists
13056,United Kingdom,2010-06-06 14:10:00,2010-06-06 14:10:00,551,551,1,19,158,18,209.48,0,0.0,0,209.48,209.48,0.0,1,1,1,3,111,Hibernating
13057,United Kingdom,2010-03-18 12:14:00,2010-06-27 15:44:00,530,631,3,40,456,34,709.59,1,181.34999999999997,13,528.24,236.53,25.5570117955439,1,3,2,6,132,At Risk
13058,United Kingdom,2011-07-11 12:01:00,2011-11-15 12:43:00,24,151,3,8,52,5,271.40000000000003,0,0.0,0,271.40000000000003,90.46666666666668,0.0,5,3,1,9,531,Potential Loyalists
13059,United Kingdom,2010-03-31 12:23:00,2011-04-04 10:40:00,249,618,10,198,860,155,2291.77,2,30.55,5,2261.22,229.177,1.3330308015202224,2,4,4,10,244,At Risk
13060,United Kingdom,2011-03-31 11:37:00,2011-03-31 11:37:00,253,253,1,15,123,15,307.53000000000003,0,0.0,0,307.53000000000003,307.53000000000003,0.0,2,1,2,5,212,Hibernating
13061,United Kingdom,2011-09-28 16:04:00,2011-09-28 16:04:00,72,72,1,10,107,10,248.61,0,0.0,0,248.61,248.61,0.0,4,1,1,6,411,Promising Customers
13062,United Kingdom,2011-06-01 15:12:00,2011-06-01 15:12:00,191,191,1,11,343,11,346.98,0,0.0,0,346.98,346.98,0.0,2,1,2,5,212,Hibernating
13063,United Kingdom,2010-08-16 12:27:00,2010-08-16 12:27:00,480,480,1,12,116,12,188.4,0,0.0,0,188.4,188.4,0.0,1,1,1,3,111,Hibernating
13064,United Kingdom,2010-04-27 10:08:00,2011-11-27 12:31:00,12,591,6,93,668,58,1666.84,0,0.0,0,1666.84,277.8066666666667,0.0,5,4,4,13,544,Champions
13065,United Kingdom,2010-06-10 11:44:00,2010-12-01 16:52:00,373,547,5,62,381,49,1055.05,1,4.95,1,1050.1,211.01,0.4691720771527417,1,4,3,8,143,At Risk
13066,United Kingdom,2011-11-07 17:06:00,2011-11-15 12:57:00,24,32,2,48,322,48,470.8,1,39.9,2,430.90000000000003,235.4,8.474936278674596,5,2,2,9,522,Potential Loyalists
13067,United Kingdom,2010-09-19 13:43:00,2011-09-18 13:38:00,82,446,3,32,131,24,508.51,0,0.0,0,508.51,169.50333333333333,0.0,4,3,2,9,432,Potential Loyalists
13068,United Kingdom,2011-01-24 08:20:00,2011-11-29 15:00:00,10,319,2,2,200,1,344.0,0,0.0,0,344.0,172.0,0.0,5,2,2,9,522,Potential Loyalists
13069,United Kingdom,2010-06-14 14:27:00,2011-12-09 08:39:00,0,543,38,1038,15171,573,9284.45,4,925.66,707,8358.79,244.32763157894738,9.970003608183575,5,5,5,15,555,Champions
13070,United Kingdom,2009-12-07 14:44:00,2011-05-31 13:45:00,192,732,4,33,372,12,751.7,1,7.8,4,743.9000000000001,187.925,1.0376479978714912,2,3,3,8,233,At Risk
13071,United Kingdom,2010-04-06 13:37:00,2010-04-06 13:37:00,612,612,1,12,30,12,129.22,0,0.0,0,129.22,129.22,0.0,1,1,1,3,111,Hibernating
13072,United Kingdom,2011-03-18 08:12:00,2011-03-18 08:12:00,266,266,1,7,69,7,177.15,0,0.0,0,177.15,177.15,0.0,2,1,1,4,211,Hibernating
13073,United Kingdom,2010-09-28 09:27:00,2010-10-24 14:06:00,411,437,2,27,261,25,418.08,0,0.0,0,418.08,209.04,0.0,1,2,2,5,122,Hibernating
13074,United Kingdom,2009-12-16 11:46:00,2010-07-16 16:53:00,511,723,4,29,826,26,1378.74,1,15.9,2,1362.84,344.685,1.1532268593063233,1,3,4,8,134,At Risk
13075,United Kingdom,2011-08-02 10:19:00,2011-08-02 10:19:00,129,129,1,22,485,22,919.61,0,0.0,0,919.61,919.61,0.0,3,1,3,7,313,Need Attention
13076,United Kingdom,2010-09-08 10:27:00,2010-09-08 10:27:00,457,457,1,9,44,9,135.4,0,0.0,0,135.4,135.4,0.0,1,1,1,3,111,Hibernating
13077,United Kingdom,2009-12-11 11:17:00,2011-12-08 19:24:00,1,728,11,330,2468,208,2740.65,3,24.5,61,2716.15,249.15,0.8939485158630252,5,5,4,14,554,Champions
13078,United Kingdom,2009-12-01 09:06:00,2011-12-06 15:36:00,3,738,57,791,12032,153,29018.06,38,648.62,160,28369.440000000002,509.0887719298246,2.235228681724416,5,5,5,15,555,Champions
13079,United Kingdom,2010-10-18 14:15:00,2011-12-05 16:53:00,4,417,6,17,158,11,419.18,0,0.0,0,419.18,69.86333333333333,0.0,5,4,2,11,542,Loyal Customers
13080,United Kingdom,2010-04-09 13:07:00,2011-06-13 14:59:00,179,609,4,19,193,17,280.73,1,19.9,2,260.83000000000004,70.1825,7.088661703416093,3,3,1,7,331,Need Attention
13081,United Kingdom,2009-12-08 13:58:00,2011-11-28 10:54:00,11,731,28,2280,40077,738,56838.37,15,869.4,362,55968.97,2029.9417857142857,1.5296005145819627,5,5,5,15,555,Champions
13082,United Kingdom,2009-12-22 15:37:00,2011-08-05 16:16:00,126,717,21,129,8466,99,7335.75,4,66.83,53,7268.92,349.32142857142856,0.9110179599904576,3,5,5,13,355,Loyal Customers
13083,United Kingdom,2010-10-10 13:38:00,2011-12-05 15:01:00,4,425,3,22,307,19,395.43,0,0.0,0,395.43,131.81,0.0,5,3,2,10,532,Potential Loyalists
13084,United Kingdom,2010-08-05 08:49:00,2010-08-05 08:49:00,491,491,1,2,144,2,122.39999999999999,1,5.949999999999999,7,116.44999999999999,122.39999999999999,4.861111111111112,1,1,1,3,111,Hibernating
13085,United Kingdom,2009-12-01 07:45:00,2011-07-05 12:11:00,157,738,8,84,944,50,2433.28,1,143.7,108,2289.5800000000004,304.16,5.905608890057863,3,4,4,11,344,Loyal Customers
13086,United Kingdom,2010-11-22 10:28:00,2010-11-22 10:28:00,382,382,1,47,155,47,439.33000000000004,0,0.0,0,439.33000000000004,439.33000000000004,0.0,1,1,2,4,112,Hibernating
13087,United Kingdom,2009-12-13 15:16:00,2009-12-13 15:16:00,726,726,1,15,86,15,313.64,0,0.0,0,313.64,313.64,0.0,1,1,2,4,112,Hibernating
13088,United Kingdom,2010-10-18 15:35:00,2010-10-18 15:35:00,417,417,1,20,76,19,236.11,0,0.0,0,236.11,236.11,0.0,1,1,1,3,111,Hibernating
13089,United Kingdom,2009-12-02 15:44:00,2011-12-07 09:02:00,2,737,203,3315,58932,857,113416.91,44,3523.6699999999996,991,109893.24,558.7039901477833,3.1068294842453383,5,5,5,15,555,Champions
13090,United Kingdom,2010-08-02 13:58:00,2011-12-01 12:39:00,8,494,23,273,3246,162,13076.74,6,331.81,82,12744.93,568.5539130434782,2.5374061119208613,5,5,5,15,555,Champions
13091,United Kingdom,2009-12-10 12:44:00,2011-11-11 15:54:00,28,729,2,44,1338,40,1108.8,3,2452.04,2424,-1343.24,554.4,221.14357864357865,5,2,1,8,521,Potential Loyalists
13092,United Kingdom,2010-02-10 08:44:00,2011-09-30 11:18:00,70,667,12,105,664,52,2140.28,3,132.95000000000002,63,2007.3300000000002,178.35666666666668,6.211804063019792,4,5,4,13,454,Champions
13093,United Kingdom,2009-12-04 10:32:00,2011-03-09 12:14:00,275,735,55,1037,25971,199,54144.25,32,860.95,171,53283.3,984.4409090909091,1.590104212358653,2,5,5,12,255,At Risk
13094,United Kingdom,2010-11-15 14:15:00,2011-11-18 14:07:00,21,389,13,29,1896,5,2209.44,4,218.46,174,1990.98,169.9569230769231,9.887573321746688,5,5,4,14,554,Champions
13095,United Kingdom,2011-09-30 12:03:00,2011-09-30 12:03:00,70,70,1,6,144,6,74.39999999999999,0,0.0,0,74.39999999999999,74.39999999999999,0.0,4,1,1,6,411,Promising Customers
13096,United Kingdom,2010-11-10 14:08:00,2010-11-10 14:08:00,394,394,1,1,6,1,419.7000000000001,0,0.0,0,419.7000000000001,419.7000000000001,0.0,1,1,2,4,112,Hibernating
13097,United Kingdom,2009-12-01 13:31:00,2011-11-07 10:43:00,32,738,27,1003,5344,389,13015.36,11,203.8,44,12811.560000000001,482.0503703703704,1.5658422049025154,4,5,5,14,455,Champions
13098,United Kingdom,2011-01-26 13:46:00,2011-12-08 14:14:00,1,317,28,572,15968,156,28882.44,13,223.56,57,28658.879999999997,1031.5157142857142,0.7740343267397076,5,5,5,15,555,Champions
13099,United Kingdom,2011-09-01 17:40:00,2011-09-01 17:40:00,99,99,1,1,288,1,207.36,0,0.0,0,207.36,207.36,0.0,3,1,1,5,311,Regular Customers
13101,United Kingdom,2010-01-27 15:49:00,2011-04-19 14:37:00,234,681,4,51,478,48,695.4,0,0.0,0,695.4,173.85,0.0,2,3,3,8,233,At Risk
13102,United Kingdom,2010-05-06 13:12:00,2011-12-08 12:52:00,1,582,37,481,6366,212,11380.1,5,256.8,66,11123.300000000001,307.57027027027027,2.256570680398239,5,5,5,15,555,Champions
13103,United Kingdom,2010-05-11 14:41:00,2011-10-31 09:38:00,39,577,3,33,426,27,709.64,0,0.0,0,709.64,236.54666666666665,0.0,4,3,3,10,433,Potential Loyalists
13104,United Kingdom,2010-02-24 15:06:00,2011-12-06 13:10:00,3,653,9,30,834,15,1709.1,0,0.0,0,1709.1,189.89999999999998,0.0,5,4,4,13,544,Champions
13105,United Kingdom,2010-09-29 13:41:00,2010-09-29 13:41:00,436,436,1,1,100,1,72.0,0,0.0,0,72.0,72.0,0.0,1,1,1,3,111,Hibernating
13106,United Kingdom,2010-10-22 13:10:00,2011-07-29 15:12:00,133,413,2,16,231,15,603.46,1,17.0,4,586.46,301.73,2.817088125144997,3,2,2,7,322,Need Attention
13107,United Kingdom,2010-02-04 10:50:00,2011-10-26 14:52:00,44,673,9,178,4316,142,5253.07,6,143.45,61,5109.62,583.6744444444444,2.730784093872726,4,4,5,13,445,Champions
13108,United Kingdom,2010-09-30 17:09:00,2010-12-02 10:35:00,372,435,2,35,745,27,748.46,0,0.0,0,748.46,374.23,0.0,1,2,3,6,123,Hibernating
13109,United Kingdom,2010-06-06 12:59:00,2011-10-11 10:16:00,59,551,3,70,757,57,1134.03,4,26.450000000000003,7,1107.58,378.01,2.332389795684418,4,3,3,10,433,Potential Loyalists
13110,United Kingdom,2009-12-01 14:14:00,2011-11-08 14:30:00,31,738,12,252,763,167,2957.4700000000003,2,61.3,6,2896.17,246.45583333333335,2.0727175592651825,4,5,5,14,455,Champions
13111,United Kingdom,2009-12-21 09:00:00,2009-12-21 09:00:00,718,718,1,12,180,12,321.88000000000005,0,0.0,0,321.88000000000005,321.88000000000005,0.0,1,1,2,4,112,Hibernating
13112,United Kingdom,2010-06-16 17:03:00,2010-06-16 17:03:00,541,541,1,2,11,2,20.599999999999998,2,26.040000000000003,12,-5.440000000000005,20.599999999999998,126.40776699029128,1,1,1,3,111,Hibernating
13113,United Kingdom,2010-03-28 16:13:00,2011-12-09 12:49:00,0,621,37,377,4435,166,18230.07,22,1979.98,492,16250.09,492.7045945945946,10.861066359043054,5,5,5,15,555,Champions
13114,United Kingdom,2009-12-09 09:56:00,2009-12-09 09:56:00,730,730,1,16,74,16,234.38,0,0.0,0,234.38,234.38,0.0,1,1,1,3,111,Hibernating
13115,United Kingdom,2010-04-19 13:29:00,2011-11-28 12:38:00,11,599,10,314,3934,178,5494.7,13,115.25,37,5379.45,549.47,2.097475749358473,5,4,5,14,545,Champions
13116,United Kingdom,2011-07-24 14:33:00,2011-07-24 14:33:00,138,138,1,30,291,30,501.14,1,15.95,1,485.19,501.14,3.182743345173006,3,1,2,6,312,Regular Customers
13117,United Kingdom,2010-03-26 13:50:00,2011-11-18 12:02:00,21,623,18,162,1852,122,2255.66,1,1.7,2,2253.96,125.31444444444443,0.07536596827536066,5,5,4,14,554,Champions
13118,United Kingdom,2010-09-26 15:46:00,2011-11-20 12:46:00,19,439,9,148,834,111,2415.41,3,81.31,23,2334.1,268.37888888888887,3.3663022012825983,5,4,4,13,544,Champions
13119,United Kingdom,2010-02-09 08:38:00,2010-02-09 08:38:00,668,668,1,11,110,11,134.9,0,0.0,0,134.9,134.9,0.0,1,1,1,3,111,Hibernating
13120,United Kingdom,2011-04-15 10:19:00,2011-04-15 10:19:00,238,238,1,1,12,1,30.6,0,0.0,0,30.6,30.6,0.0,2,1,1,4,211,Hibernating
13121,United Kingdom,2011-03-15 16:47:00,2011-03-15 16:47:00,269,269,1,50,252,50,283.73,1,29.0,25,254.73000000000002,283.73,10.220984739012442,2,1,1,4,211,Hibernating
13122,United Kingdom,2011-04-13 14:12:00,2011-09-06 15:53:00,94,240,2,55,585,54,922.39,0,0.0,0,922.39,461.195,0.0,3,2,3,8,323,Need Attention
13123,United Kingdom,2010-06-28 12:43:00,2010-08-24 10:18:00,472,529,2,45,268,36,506.75,0,0.0,0,506.75,253.375,0.0,1,2,2,5,122,Hibernating
13124,United Kingdom,2010-11-19 15:50:00,2011-09-11 12:45:00,89,385,4,283,2738,216,4641.66,0,0.0,0,4641.66,1160.415,0.0,4,3,5,12,435,Potential Loyalists
13125,United Kingdom,2010-07-04 11:58:00,2010-07-04 11:58:00,523,523,1,20,53,20,148.62,0,0.0,0,148.62,148.62,0.0,1,1,1,3,111,Hibernating
13126,United Kingdom,2010-03-02 12:24:00,2011-12-05 10:00:00,4,647,13,238,3289,183,3774.81,6,95.78,28,3679.0299999999997,290.37,2.537346250539762,5,5,5,15,555,Champions
13127,United Kingdom,2011-09-23 10:26:00,2011-09-23 10:26:00,77,77,1,15,127,15,259.17,0,0.0,0,259.17,259.17,0.0,4,1,1,6,411,Promising Customers
13128,United Kingdom,2010-03-18 15:08:00,2010-03-18 15:08:00,631,631,1,1,31,1,263.5,0,0.0,0,263.5,263.5,0.0,1,1,1,3,111,Hibernating
13129,United Kingdom,2010-06-28 11:54:00,2010-09-13 13:47:00,452,529,2,11,296,10,233.25,0,0.0,0,233.25,116.625,0.0,1,2,1,4,121,Hibernating
13130,United Kingdom,2011-09-06 15:30:00,2011-09-06 15:30:00,94,94,1,2,32,2,64.0,0,0.0,0,64.0,64.0,0.0,3,1,1,5,311,Regular Customers
13131,United Kingdom,2010-02-09 09:47:00,2011-11-16 13:21:00,23,668,7,149,1523,107,3313.77,1,34.0,4,3279.77,473.3957142857143,1.026021721483386,5,4,5,14,545,Champions
13132,United Kingdom,2011-03-23 12:44:00,2011-03-23 12:44:00,261,261,1,3,20,3,77.3,0,0.0,0,77.3,77.3,0.0,2,1,1,4,211,Hibernating
13133,United Kingdom,2010-09-06 15:30:00,2011-03-11 10:31:00,273,459,3,12,55,12,200.45,0,0.0,0,200.45,66.81666666666666,0.0,2,3,1,6,231,At Risk
13134,United Kingdom,2010-10-19 13:21:00,2011-09-15 10:35:00,85,416,6,121,1364,110,2475.23,3,52.95,15,2422.28,412.53833333333336,2.1391951455016303,4,4,4,12,444,Champions
13135,United Kingdom,2010-08-05 17:28:00,2011-05-27 10:52:00,196,491,2,18,4423,18,3371.45,0,0.0,0,3371.45,1685.725,0.0,2,2,5,9,225,At Risk
13136,United Kingdom,2009-12-08 18:30:00,2011-10-14 13:41:00,56,731,13,315,3109,204,6274.56,10,154.81,66,6119.75,482.65846153846155,2.4672646368829048,4,5,5,14,455,Champions
13137,United Kingdom,2010-07-25 15:40:00,2011-11-29 12:09:00,10,502,16,1394,4238,628,7586.94,0,0.0,0,7586.94,474.18375,0.0,5,5,5,15,555,Champions
13138,United Kingdom,2010-11-08 11:45:00,2011-11-17 16:51:00,22,396,7,85,593,41,1274.01,1,12.75,1,1261.26,182.00142857142856,1.0007770739633126,5,4,4,13,544,Champions
13139,United Kingdom,2010-09-28 09:12:00,2011-11-23 13:54:00,16,437,8,265,4614,214,8202.98,1,9.15,7,8193.83,1025.3725,0.11154482883049818,5,4,5,14,545,Champions
13140,United Kingdom,2010-08-05 19:05:00,2011-08-23 15:33:00,108,491,5,105,572,89,1054.92,0,0.0,0,1054.92,210.984,0.0,3,4,3,10,343,Loyal Customers
13141,United Kingdom,2009-12-09 13:34:00,2011-09-16 09:54:00,84,730,17,424,5159,285,7656.08,4,131.95,35,7524.13,450.35764705882355,1.723466839426965,4,5,5,14,455,Champions
13142,United Kingdom,2011-11-20 16:07:00,2011-11-20 16:07:00,19,19,1,23,258,23,307.09000000000003,0,0.0,0,307.09000000000003,307.09000000000003,0.0,5,1,2,8,512,New Customers
13143,United Kingdom,2010-05-04 12:22:00,2010-05-04 12:22:00,584,584,1,23,198,23,405.1,1,5.9,2,399.20000000000005,405.1,1.4564305109849418,1,1,2,4,112,Hibernating
13144,United Kingdom,2010-10-04 14:14:00,2011-01-11 11:15:00,332,431,2,6,29,6,135.35,0,0.0,0,135.35,67.675,0.0,2,2,1,5,221,Hibernating
13145,United Kingdom,2010-04-19 11:11:00,2011-10-31 12:45:00,39,599,7,9,265,5,1128.52,1,3.75,3,1124.77,161.21714285714285,0.332293623506894,4,4,3,11,443,Loyal Customers
13146,United Kingdom,2011-11-13 15:29:00,2011-11-13 15:29:00,26,26,1,17,154,16,228.91,0,0.0,0,228.91,228.91,0.0,5,1,1,7,511,New Customers
13147,United Kingdom,2011-09-01 12:28:00,2011-11-29 13:59:00,10,99,4,4,144,1,712.8,0,0.0,0,712.8,178.2,0.0,5,3,3,11,533,Potential Loyalists
13148,United Kingdom,2009-12-07 15:26:00,2011-11-10 15:23:00,29,732,26,761,4481,450,8488.32,10,498.21,181,7990.11,326.4738461538461,5.869359307848903,5,5,5,15,555,Champions
13149,United Kingdom,2011-02-23 13:57:00,2011-11-25 13:09:00,14,289,4,86,1280,76,1676.06,0,0.0,0,1676.06,419.015,0.0,5,3,4,12,534,Potential Loyalists
13150,United Kingdom,2010-03-19 09:03:00,2010-08-12 12:59:00,484,630,3,8,171,7,449.96999999999997,1,14.95,1,435.02,149.98999999999998,3.32244371847012,1,3,2,6,132,At Risk
13151,United Kingdom,2010-03-22 10:26:00,2011-02-17 12:29:00,295,627,3,157,788,130,2454.71,2,69.05,7,2385.66,818.2366666666667,2.81295957567289,2,3,4,9,234,At Risk
13152,United Kingdom,2010-01-14 10:01:00,2010-10-18 13:44:00,417,694,7,135,977,114,2146.38,2,31.400000000000002,8,2114.98,306.6257142857143,1.462928279242259,1,4,4,9,144,At Risk
13153,United Kingdom,2011-12-04 12:14:00,2011-12-04 12:14:00,5,5,1,15,418,15,486.22,0,0.0,0,486.22,486.22,0.0,5,1,2,8,512,New Customers
13154,United Kingdom,2009-12-04 08:46:00,2010-11-05 16:00:00,399,735,3,93,976,78,1624.84,1,15.55,3,1609.29,541.6133333333333,0.9570173063193915,1,3,4,8,134,At Risk
13155,United Kingdom,2010-08-05 09:30:00,2011-11-06 15:41:00,33,491,6,112,741,79,1370.48,0,0.0,0,1370.48,228.41333333333333,0.0,4,4,4,12,444,Champions
13156,United Kingdom,2010-02-01 13:45:00,2010-11-19 13:09:00,385,676,3,104,914,94,1586.54,0,0.0,0,1586.54,528.8466666666667,0.0,1,3,4,8,134,At Risk
13157,United Kingdom,2010-03-08 11:59:00,2011-10-21 13:50:00,49,641,9,251,4762,173,5687.36,1,19.65,9,5667.71,631.9288888888889,0.34550301018398694,4,4,5,13,445,Champions
13158,United Kingdom,2010-11-16 17:12:00,2011-09-06 11:58:00,94,388,5,100,992,70,1508.18,0,0.0,0,1508.18,301.636,0.0,3,4,4,11,344,Loyal Customers
13159,United Kingdom,2011-08-16 11:44:00,2011-12-01 11:20:00,8,115,4,120,1058,114,1429.35,1,58.10000000000001,14,1371.25,357.3375,4.064784692342674,5,3,4,12,534,Potential Loyalists
13160,United Kingdom,2011-11-17 13:07:00,2011-11-17 13:07:00,22,22,1,4,56,4,91.8,0,0.0,0,91.8,91.8,0.0,5,1,1,7,511,New Customers
13161,United Kingdom,2010-07-27 12:44:00,2011-01-30 14:03:00,313,500,2,33,105,30,472.13,0,0.0,0,472.13,236.065,0.0,2,2,2,6,222,Hibernating
13162,United Kingdom,2009-12-04 13:59:00,2011-08-09 15:59:00,122,735,16,238,5755,186,9275.49,3,158.54999999999998,87,9116.94,579.718125,1.709343657316217,3,5,5,13,355,Loyal Customers
13163,United Kingdom,2010-04-08 16:21:00,2010-04-08 16:21:00,610,610,1,2,3,2,17.65,1,17.65,3,0.0,17.65,100.0,1,1,1,3,111,Hibernating
13164,United Kingdom,2010-02-10 11:52:00,2010-05-19 13:52:00,569,667,2,10,120,7,372.2,1,63.75,5,308.45,186.1,17.127888232133262,1,2,2,5,122,Hibernating
13165,United Kingdom,2010-10-22 17:04:00,2011-10-24 15:05:00,46,413,3,49,1736,47,1451.1599999999999,0,0.0,0,1451.1599999999999,483.71999999999997,0.0,4,3,4,11,434,Potential Loyalists
13166,United Kingdom,2010-10-21 14:29:00,2011-03-01 15:16:00,283,414,2,68,522,55,875.93,1,2.5,2,873.43,437.965,0.28541093466372885,2,2,3,7,223,Hibernating
13167,United Kingdom,2010-11-14 12:58:00,2011-11-21 12:24:00,18,390,5,80,995,63,1113.15,0,0.0,0,1113.15,222.63000000000002,0.0,5,4,3,12,543,Loyal Customers
13168,United Kingdom,2010-06-15 15:00:00,2011-11-03 12:56:00,36,542,5,173,898,127,1840.73,1,9.05,2,1831.68,368.146,0.49165276819522696,4,4,4,12,444,Champions
13169,United Kingdom,2010-05-26 15:58:00,2011-10-07 12:11:00,63,562,3,18,296,16,840.08,0,0.0,0,840.08,280.0266666666667,0.0,4,3,3,10,433,Potential Loyalists
13170,United Kingdom,2011-11-13 12:19:00,2011-11-13 12:19:00,26,26,1,30,141,29,108.81,0,0.0,0,108.81,108.81,0.0,5,1,1,7,511,New Customers
13171,United Kingdom,2011-02-13 14:16:00,2011-11-18 10:27:00,21,299,3,46,229,37,468.41,2,41.6,2,426.81,156.13666666666668,8.881108430648363,5,3,2,10,532,Potential Loyalists
13172,United Kingdom,2010-11-04 15:10:00,2010-11-04 15:10:00,400,400,1,1,48,1,69.6,0,0.0,0,69.6,69.6,0.0,1,1,1,3,111,Hibernating
13173,United Kingdom,2009-12-10 12:52:00,2011-12-05 15:51:00,4,729,11,215,1479,159,2389.82,2,18.85,3,2370.9700000000003,217.25636363636366,0.788762333564871,5,5,4,14,554,Champions
13174,United Kingdom,2009-12-04 15:40:00,2011-11-23 14:35:00,16,735,11,935,3790,600,7972.46,0,0.0,0,7972.46,724.7690909090909,0.0,5,5,5,15,555,Champions
13175,United Kingdom,2009-12-04 12:11:00,2010-05-06 13:13:00,582,735,2,46,423,40,831.45,2,38.35,31,793.1,415.725,4.612424078417223,1,2,3,6,123,Hibernating
13176,United Kingdom,2011-10-24 15:43:00,2011-10-24 15:43:00,46,46,1,67,448,66,481.49,0,0.0,0,481.49,481.49,0.0,4,1,2,7,412,Promising Customers
13177,United Kingdom,2010-10-05 10:35:00,2011-10-06 09:56:00,64,430,2,30,180,23,512.2,0,0.0,0,512.2,256.1,0.0,4,2,2,8,422,Potential Loyalists
13178,United Kingdom,2009-12-16 14:00:00,2011-11-13 16:14:00,26,723,21,687,8778,194,14059.19,4,61.300000000000004,29,13997.890000000001,669.4852380952382,0.43601373905609075,5,5,5,15,555,Champions
13179,United Kingdom,2010-03-31 11:40:00,2010-03-31 11:40:00,618,618,1,34,368,34,572.3100000000001,0,0.0,0,572.3100000000001,572.3100000000001,0.0,1,1,2,4,112,Hibernating
13180,United Kingdom,2010-04-11 13:37:00,2010-04-11 13:37:00,607,607,1,4,42,4,86.10000000000001,0,0.0,0,86.10000000000001,86.10000000000001,0.0,1,1,1,3,111,Hibernating
13181,United Kingdom,2010-11-23 15:05:00,2010-11-23 15:05:00,381,381,1,19,171,19,359.69,0,0.0,0,359.69,359.69,0.0,1,1,2,4,112,Hibernating
13182,United Kingdom,2011-10-25 13:46:00,2011-10-25 13:46:00,45,45,1,11,201,11,121.18,0,0.0,0,121.18,121.18,0.0,4,1,1,6,411,Promising Customers
13183,United Kingdom,2010-03-14 12:32:00,2011-12-02 10:30:00,7,635,15,156,4027,64,7036.18,3,25.3,26,7010.88,469.07866666666666,0.35957010764363617,5,5,5,15,555,Champions
13184,United Kingdom,2011-02-22 17:25:00,2011-11-25 12:02:00,14,290,10,178,1661,137,1667.95,2,52.5,30,1615.45,166.79500000000002,3.1475763661980274,5,4,4,13,544,Champions
13185,United Kingdom,2011-03-17 11:56:00,2011-03-17 11:56:00,267,267,1,1,12,1,71.4,0,0.0,0,71.4,71.4,0.0,2,1,1,4,211,Hibernating
13186,United Kingdom,2011-08-03 09:09:00,2011-10-31 11:40:00,39,128,3,79,820,69,1575.89,2,36.199999999999996,16,1539.69,525.2966666666667,2.2971146463268375,4,3,4,11,434,Potential Loyalists
13187,United Kingdom,2010-03-25 17:18:00,2011-01-06 18:57:00,337,624,4,54,283,50,328.36,1,18.7,22,309.66,82.09,5.694968936533073,2,3,2,7,232,At Risk
13188,United Kingdom,2011-11-28 15:28:00,2011-11-28 15:28:00,11,11,1,2,25,2,114.6,0,0.0,0,114.6,114.6,0.0,5,1,1,7,511,New Customers
13189,United Kingdom,2011-08-16 13:12:00,2011-11-21 10:39:00,18,115,2,29,842,29,260.68,0,0.0,0,260.68,130.34,0.0,5,2,1,8,521,Potential Loyalists
13190,United Kingdom,2009-12-07 12:13:00,2010-06-13 15:47:00,544,732,3,17,308,16,570.66,1,51.9,2,518.76,190.22,9.094732415098306,1,3,2,6,132,At Risk
13191,United Kingdom,2010-02-19 17:02:00,2010-02-19 17:02:00,658,658,1,57,111,57,159.21,0,0.0,0,159.21,159.21,0.0,1,1,1,3,111,Hibernating
13192,United Kingdom,2010-01-22 08:37:00,2011-09-05 14:13:00,95,686,6,162,1629,135,2558.58,2,14.049999999999999,11,2544.5299999999997,426.43,0.5491327220567659,3,4,4,11,344,Loyal Customers
13193,United Kingdom,2011-10-09 14:30:00,2011-10-09 14:30:00,61,61,1,25,46,22,112.08,0,0.0,0,112.08,112.08,0.0,4,1,1,6,411,Promising Customers
13194,United Kingdom,2010-10-14 11:54:00,2011-07-27 09:01:00,135,421,2,10,326,10,472.78,0,0.0,0,472.78,236.39,0.0,3,2,2,7,322,Need Attention
13195,United Kingdom,2010-10-21 13:07:00,2010-10-21 13:07:00,414,414,1,46,70,43,136.73,0,0.0,0,136.73,136.73,0.0,1,1,1,3,111,Hibernating
13196,United Kingdom,2010-04-01 12:54:00,2011-11-28 13:54:00,11,617,7,188,2006,141,3068.84,1,9.2,2,3059.6400000000003,438.4057142857143,0.299787541872499,5,4,5,14,545,Champions
13197,United Kingdom,2010-04-09 09:14:00,2010-04-09 09:14:00,609,609,1,19,204,19,373.01000000000005,0,0.0,0,373.01000000000005,373.01000000000005,0.0,1,1,2,4,112,Hibernating
13198,United Kingdom,2010-10-01 13:27:00,2011-11-29 15:17:00,10,434,8,314,3449,265,4974.2300000000005,4,61.95,11,4912.280000000001,621.7787500000001,1.245418888953667,5,4,5,14,545,Champions
13199,United Kingdom,2009-12-05 10:11:00,2011-12-06 12:30:00,3,734,66,202,11566,60,15949.210000000001,2,27.91,9,15921.300000000001,241.65469696969697,0.17499299338337135,5,5,5,15,555,Champions
13200,United Kingdom,2011-08-05 14:50:00,2011-11-20 15:35:00,19,126,4,46,516,42,870.09,0,0.0,0,870.09,217.5225,0.0,5,3,3,11,533,Potential Loyalists
13201,United Kingdom,2010-03-07 11:01:00,2010-07-25 14:30:00,502,642,4,86,1036,65,1233.06,0,0.0,0,1233.06,308.265,0.0,1,3,4,8,134,At Risk
13202,United Kingdom,2009-12-09 10:48:00,2010-11-10 16:24:00,394,730,7,69,572,55,1580.3,1,8.95,1,1571.35,225.75714285714284,0.5663481617414414,1,4,4,9,144,At Risk
13203,United Kingdom,2009-12-17 14:15:00,2011-11-30 10:45:00,9,722,10,169,2413,158,2648.25,1,17.700000000000003,6,2630.55,264.825,0.668365902010762,5,4,4,13,544,Champions
13204,United Kingdom,2009-12-08 14:56:00,2009-12-08 14:56:00,731,731,1,57,428,57,966.6600000000001,0,0.0,0,966.6600000000001,966.6600000000001,0.0,1,1,3,5,113,Hibernating
13205,United Kingdom,2010-09-22 16:26:00,2010-09-22 16:26:00,443,443,1,1,256,1,2803.2,0,0.0,0,2803.2,2803.2,0.0,1,1,4,6,114,At Risk
13206,United Kingdom,2009-12-07 13:48:00,2010-11-04 16:50:00,400,732,13,566,7086,393,8308.19,0,0.0,0,8308.19,639.0915384615384,0.0,1,5,5,11,155,At Risk
13207,United Kingdom,2010-04-06 16:37:00,2011-11-24 14:52:00,15,612,4,13,178,10,535.86,0,0.0,0,535.86,133.965,0.0,5,3,2,10,532,Potential Loyalists
13208,United Kingdom,2009-12-03 13:25:00,2011-10-11 16:25:00,59,736,8,250,1307,197,1951.82,0,0.0,0,1951.82,243.9775,0.0,4,4,4,12,444,Champions
13209,United Kingdom,2010-01-24 14:30:00,2011-11-09 13:54:00,30,684,13,366,5781,284,8509.51,3,71.45,21,8438.06,654.5776923076924,0.8396488164418398,5,5,5,15,555,Champions
13210,United Kingdom,2011-09-07 08:18:00,2011-09-07 08:18:00,93,93,1,22,316,22,353.48,0,0.0,0,353.48,353.48,0.0,3,1,2,6,312,Regular Customers
13211,United Kingdom,2009-12-06 15:24:00,2011-11-29 14:43:00,10,733,10,201,1845,98,2618.77,2,22.450000000000003,5,2596.32,261.877,0.8572726890868614,5,4,4,13,544,Champions
13212,United Kingdom,2011-10-09 14:48:00,2011-11-20 12:40:00,19,61,3,141,309,128,786.83,1,7.5,1,779.33,262.2766666666667,0.9531919220161914,5,3,3,11,533,Potential Loyalists
13213,United Kingdom,2010-05-20 14:50:00,2011-10-14 11:42:00,56,568,11,204,2962,181,3851.52,3,16.9,10,3834.62,350.1381818181818,0.4387878032568959,4,5,5,14,455,Champions
13214,United Kingdom,2010-03-03 14:10:00,2010-10-18 10:00:00,417,646,7,229,2966,207,3264.23,0,0.0,0,3264.23,466.31857142857143,0.0,1,4,5,10,145,At Risk
13215,United Kingdom,2010-11-02 18:26:00,2010-11-02 18:26:00,402,402,1,1,96,1,81.6,0,0.0,0,81.6,81.6,0.0,1,1,1,3,111,Hibernating
13216,United Kingdom,2011-03-17 12:18:00,2011-03-17 12:18:00,267,267,1,5,297,5,333.74,0,0.0,0,333.74,333.74,0.0,2,1,2,5,212,Hibernating
13217,United Kingdom,2010-02-22 12:49:00,2011-08-09 15:32:00,122,655,4,5,512,3,666.48,2,400.36,148,266.12,166.62,60.07081982955228,3,3,1,7,331,Need Attention
13218,United Kingdom,2011-08-04 16:59:00,2011-08-04 16:59:00,127,127,1,5,88,5,62.64,0,0.0,0,62.64,62.64,0.0,3,1,1,5,311,Regular Customers
13219,United Kingdom,2010-03-31 14:18:00,2010-03-31 14:18:00,618,618,1,11,11,11,76.23,0,0.0,0,76.23,76.23,0.0,1,1,1,3,111,Hibernating
13220,United Kingdom,2010-05-13 10:35:00,2011-09-22 13:38:00,78,575,5,53,396,46,1336.0900000000001,0,0.0,0,1336.0900000000001,267.218,0.0,4,4,4,12,444,Champions
13221,United Kingdom,2010-12-15 13:24:00,2011-04-13 16:58:00,240,359,2,65,243,61,844.86,0,0.0,0,844.86,422.43,0.0,2,2,3,7,223,Hibernating
13222,United Kingdom,2010-05-11 13:54:00,2010-05-11 13:54:00,577,577,1,1,30,1,88.5,0,0.0,0,88.5,88.5,0.0,1,1,1,3,111,Hibernating
13223,United Kingdom,2010-02-12 13:27:00,2011-05-23 13:03:00,200,665,6,13,568,8,969.12,0,0.0,0,969.12,161.52,0.0,2,4,3,9,243,At Risk
13224,United Kingdom,2011-07-11 14:10:00,2011-10-10 14:55:00,60,151,2,107,1515,100,2152.95,1,5.1,6,2147.85,1076.475,0.23688427506444645,4,2,4,10,424,Potential Loyalists
13225,United Kingdom,2009-12-17 09:09:00,2011-12-06 13:29:00,3,722,16,125,7401,60,16260.07,1,380.79999999999995,64,15879.27,1016.254375,2.3419333373103557,5,5,5,15,555,Champions
13226,United Kingdom,2010-11-11 13:46:00,2011-03-11 14:35:00,273,393,2,28,179,28,312.46,0,0.0,0,312.46,156.23,0.0,2,2,2,6,222,Hibernating
13227,United Kingdom,2011-05-22 11:47:00,2011-05-22 11:47:00,201,201,1,9,99,9,257.7,0,0.0,0,257.7,257.7,0.0,2,1,1,4,211,Hibernating
13228,United Kingdom,2011-09-19 14:28:00,2011-09-19 14:28:00,81,81,1,2,200,2,358.0,0,0.0,0,358.0,358.0,0.0,4,1,2,7,412,Promising Customers
13229,United Kingdom,2011-04-28 12:07:00,2011-04-28 12:07:00,225,225,1,10,63,10,160.95,0,0.0,0,160.95,160.95,0.0,2,1,1,4,211,Hibernating
13230,United Kingdom,2010-03-18 20:02:00,2011-12-05 16:03:00,4,631,30,1250,3495,652,6109.51,1,43.56,121,6065.95,203.65033333333335,0.7129868025422661,5,5,5,15,555,Champions
13232,United Kingdom,2011-04-10 13:48:00,2011-11-27 10:39:00,12,243,7,201,771,146,1327.75,0,0.0,0,1327.75,189.67857142857142,0.0,5,4,4,13,544,Champions
13233,United Kingdom,2010-01-14 14:10:00,2011-09-26 13:25:00,74,694,4,76,1604,74,1176.46,0,0.0,0,1176.46,294.115,0.0,4,3,3,10,433,Potential Loyalists
13234,United Kingdom,2009-12-07 12:32:00,2010-02-05 11:41:00,672,732,2,61,159,56,346.5,0,0.0,0,346.5,173.25,0.0,1,2,2,5,122,Hibernating
13235,United Kingdom,2011-05-11 17:13:00,2011-05-11 17:13:00,212,212,1,58,441,53,1031.07,0,0.0,0,1031.07,1031.07,0.0,2,1,3,6,213,Hibernating
13236,United Kingdom,2011-08-25 08:58:00,2011-11-15 12:50:00,24,106,2,36,416,34,744.85,1,17.58,5,727.27,372.425,2.360206753037524,5,2,3,10,523,Potential Loyalists
13237,United Kingdom,2010-11-17 10:07:00,2010-11-17 10:07:00,387,387,1,24,128,24,643.0,0,0.0,0,643.0,643.0,0.0,1,1,3,5,113,Hibernating
13238,United Kingdom,2010-04-28 15:02:00,2011-11-22 15:37:00,17,590,6,47,442,24,1006.63,1,19.9,2,986.73,167.77166666666668,1.9768931980966193,5,4,3,12,543,Loyal Customers
13239,United Kingdom,2010-07-25 13:34:00,2011-03-23 10:25:00,261,502,5,93,1151,86,1594.69,1,14.85,3,1579.8400000000001,318.938,0.9312154713455278,2,4,4,10,244,At Risk
13240,United Kingdom,2010-02-25 13:17:00,2011-09-04 14:08:00,96,652,8,199,707,159,1455.39,1,77.35000000000001,13,1378.0400000000002,181.92375,5.314726636846482,3,4,4,11,344,Loyal Customers
13241,United Kingdom,2010-10-24 11:17:00,2010-10-24 11:17:00,411,411,1,40,46,40,112.53,0,0.0,0,112.53,112.53,0.0,1,1,1,3,111,Hibernating
13242,United Kingdom,2010-02-09 13:12:00,2011-08-19 12:53:00,112,668,7,35,350,19,699.4,0,0.0,0,699.4,99.91428571428571,0.0,3,4,3,10,343,Loyal Customers
13243,United Kingdom,2010-03-18 13:10:00,2011-05-20 13:14:00,203,631,5,205,554,165,1220.38,0,0.0,0,1220.38,244.07600000000002,0.0,2,4,4,10,244,At Risk
13244,United Kingdom,2011-09-08 11:46:00,2011-09-08 11:46:00,92,92,1,27,38,27,121.74000000000001,0,0.0,0,121.74000000000001,121.74000000000001,0.0,3,1,1,5,311,Regular Customers
13245,United Kingdom,2010-10-03 14:03:00,2011-10-20 11:40:00,50,432,2,45,371,43,989.22,0,0.0,0,989.22,494.61,0.0,4,2,3,9,423,Potential Loyalists
13246,United Kingdom,2010-07-02 13:36:00,2011-11-21 16:50:00,18,525,11,371,2796,229,3351.75,3,109.75,71,3242.0,304.70454545454544,3.274408890877899,5,5,5,15,555,Champions
13247,United Kingdom,2011-09-18 11:31:00,2011-11-22 10:59:00,17,82,4,25,328,18,501.12,0,0.0,0,501.12,125.28,0.0,5,3,2,10,532,Potential Loyalists
13248,United Kingdom,2011-06-03 13:05:00,2011-08-07 12:40:00,124,189,2,26,305,25,465.68,0,0.0,0,465.68,232.84,0.0,3,2,2,7,322,Need Attention
13249,United Kingdom,2010-01-24 12:11:00,2011-09-08 13:26:00,92,684,9,35,1246,21,1608.9299999999998,0,0.0,0,1608.9299999999998,178.76999999999998,0.0,3,4,4,11,344,Loyal Customers
13250,United Kingdom,2010-07-25 14:01:00,2010-09-05 11:33:00,460,502,2,19,107,17,253.09,1,7.5,2,245.59,126.545,2.9633727132640564,1,2,1,4,121,Hibernating
13251,United Kingdom,2010-11-02 13:20:00,2010-11-02 13:20:00,402,402,1,25,215,25,252.68,0,0.0,0,252.68,252.68,0.0,1,1,1,3,111,Hibernating
13252,United Kingdom,2010-03-24 10:30:00,2010-11-10 16:00:00,394,625,2,19,134,19,399.3,1,58.0,6,341.3,199.65,14.525419484097169,1,2,2,5,122,Hibernating
13253,United Kingdom,2010-01-05 12:13:00,2011-07-06 10:09:00,156,703,4,75,3015,73,2951.11,0,0.0,0,2951.11,737.7775,0.0,3,3,5,11,335,High-Value Active
13254,United Kingdom,2010-11-28 15:42:00,2010-11-28 15:42:00,376,376,1,4,43,4,51.41,0,0.0,0,51.41,51.41,0.0,1,1,1,3,111,Hibernating
13255,United Kingdom,2010-07-15 13:20:00,2011-11-30 13:14:00,9,512,3,26,407,26,678.76,1,8.850000000000001,3,669.91,226.25333333333333,1.3038481937651014,5,3,3,11,533,Potential Loyalists
13257,United Kingdom,2010-09-29 14:58:00,2010-09-29 14:58:00,436,436,1,7,33,7,149.75,2,31.799999999999997,4,117.95,149.75,21.23539232053422,1,1,1,3,111,Hibernating
13258,United Kingdom,2010-11-04 12:45:00,2011-11-28 09:31:00,11,400,5,44,446,29,1009.43,0,0.0,0,1009.43,201.886,0.0,5,4,3,12,543,Loyal Customers
13259,United Kingdom,2010-01-10 10:26:00,2011-10-09 10:48:00,61,698,9,312,502,233,1398.79,0,0.0,0,1398.79,155.42111111111112,0.0,4,4,4,12,444,Champions
13260,United Kingdom,2011-10-09 13:21:00,2011-10-09 13:21:00,61,61,1,8,142,8,557.62,0,0.0,0,557.62,557.62,0.0,4,1,2,7,412,Promising Customers
13261,United Kingdom,2011-02-27 10:41:00,2011-03-16 12:22:00,268,285,2,9,210,8,944.1,0,0.0,0,944.1,472.05,0.0,2,2,3,7,223,Hibernating
13262,United Kingdom,2010-04-18 12:14:00,2011-03-21 15:06:00,263,600,3,50,247,48,573.45,0,0.0,0,573.45,191.15,0.0,2,3,2,7,232,At Risk
13263,United Kingdom,2010-10-22 17:07:00,2011-12-08 13:59:00,1,413,38,1900,5365,505,8650.98,0,0.0,0,8650.98,227.6573684210526,0.0,5,5,5,15,555,Champions
13264,United Kingdom,2010-09-23 12:42:00,2010-09-23 12:42:00,442,442,1,38,375,38,722.5600000000001,0,0.0,0,722.5600000000001,722.5600000000001,0.0,1,1,3,5,113,Hibernating
13265,United Kingdom,2011-03-11 09:54:00,2011-10-17 15:02:00,53,273,5,90,1740,66,2092.66,0,0.0,0,2092.66,418.532,0.0,4,4,4,12,444,Champions
13266,United Kingdom,2009-12-17 10:52:00,2011-11-28 14:39:00,11,722,19,307,6837,154,6135.04,11,169.74,168,5965.3,322.89684210526315,2.766730127268934,5,5,5,15,555,Champions
13267,United Kingdom,2009-12-07 16:56:00,2011-12-07 11:12:00,2,732,36,411,3959,152,9429.81,14,217.75,56,9212.06,261.93916666666667,2.3091663564801412,5,5,5,15,555,Champions
13268,United Kingdom,2011-03-17 13:20:00,2011-11-22 11:34:00,17,267,10,432,3548,256,3152.71,4,47.050000000000004,23,3105.66,315.271,1.4923668843629767,5,4,5,14,545,Champions
13269,United Kingdom,2009-12-02 11:47:00,2011-12-08 14:53:00,1,737,28,486,6366,238,8537.32,2,30.31,5,8507.01,304.9042857142857,0.35502944718014556,5,5,5,15,555,Champions
13270,United Kingdom,2010-12-08 14:53:00,2010-12-08 14:53:00,366,366,1,1,200,1,590.0,0,0.0,0,590.0,590.0,0.0,1,1,2,4,112,Hibernating
13271,United Kingdom,2011-11-02 14:31:00,2011-11-02 14:31:00,37,37,1,87,240,79,211.49,1,39.12,72,172.37,211.49,18.49732847888789,4,1,1,6,411,Promising Customers
13272,United Kingdom,2011-09-11 12:06:00,2011-11-08 14:00:00,31,89,2,15,96,15,276.56,0,0.0,0,276.56,138.28,0.0,4,2,2,8,422,Potential Loyalists
13273,United Kingdom,2011-08-18 14:02:00,2011-08-18 14:02:00,113,113,1,16,153,16,138.98,0,0.0,0,138.98,138.98,0.0,3,1,1,5,311,Regular Customers
13274,United Kingdom,2010-10-26 13:48:00,2010-10-26 13:48:00,409,409,1,19,199,19,360.85,0,0.0,0,360.85,360.85,0.0,1,1,2,4,112,Hibernating
13275,United Kingdom,2010-03-17 14:05:00,2010-11-21 12:09:00,383,632,2,48,138,48,238.86,0,0.0,0,238.86,119.43,0.0,1,2,1,4,121,Hibernating
13276,United Kingdom,2010-03-07 14:05:00,2011-10-07 12:44:00,63,642,5,239,840,209,1891.91,2,20.7,2,1871.21,378.382,1.0941323847328888,4,4,4,12,444,Champions
13277,United Kingdom,2010-06-18 08:45:00,2011-11-24 09:21:00,15,539,7,23,382,10,523.3,0,0.0,0,523.3,74.75714285714285,0.0,5,4,2,11,542,Loyal Customers
13278,United Kingdom,2010-04-08 11:59:00,2011-10-30 11:49:00,40,610,4,107,1333,79,1425.35,0,0.0,0,1425.35,356.3375,0.0,4,3,4,11,434,Potential Loyalists
13279,United Kingdom,2011-09-22 17:24:00,2011-09-22 17:24:00,78,78,1,9,73,9,137.75,1,11.45,3,126.3,137.75,8.312159709618875,4,1,1,6,411,Promising Customers
13280,United Kingdom,2010-03-05 09:07:00,2011-08-09 13:14:00,122,644,7,205,1489,159,2293.33,1,25.5,2,2267.83,327.61857142857144,1.1119202208142744,3,4,4,11,344,Loyal Customers
13281,United Kingdom,2010-09-26 16:03:00,2010-09-26 16:03:00,439,439,1,22,201,22,350.85,2,44.4,26,306.45000000000005,350.85,12.654980761008977,1,1,2,4,112,Hibernating
13282,United Kingdom,2010-10-29 14:11:00,2011-11-21 15:33:00,18,406,4,51,410,42,1313.19,3,84.3,18,1228.89,328.2975,6.419482329289744,5,3,4,12,534,Potential Loyalists
13283,United Kingdom,2010-03-09 14:36:00,2011-10-11 09:50:00,59,640,4,20,204,19,373.36,0,0.0,0,373.36,93.34,0.0,4,3,2,9,432,Potential Loyalists
13284,United Kingdom,2011-01-13 09:23:00,2011-01-13 09:23:00,330,330,1,13,91,13,201.19,1,5.04,12,196.15,201.19,2.505094686614643,2,1,1,4,211,Hibernating
13285,United Kingdom,2010-03-25 14:26:00,2011-11-16 13:19:00,23,624,6,231,2457,182,3364.59,0,0.0,0,3364.59,560.765,0.0,5,4,5,14,545,Champions
13286,United Kingdom,2010-04-18 15:35:00,2010-04-18 15:35:00,600,600,1,49,274,46,734.91,0,0.0,0,734.91,734.91,0.0,1,1,3,5,113,Hibernating
13287,United Kingdom,2010-01-04 10:43:00,2010-04-15 15:26:00,603,704,3,53,429,46,781.59,4,261.92,192,519.6700000000001,260.53000000000003,33.511175936232554,1,3,2,6,132,At Risk
13288,United Kingdom,2010-02-11 14:59:00,2010-09-22 16:32:00,443,666,5,10,379,7,927.61,1,35.45,3,892.16,185.522,3.8216491844632987,1,4,3,8,143,At Risk
13289,United Kingdom,2009-12-16 11:53:00,2009-12-16 11:53:00,723,723,1,16,119,16,307.95,0,0.0,0,307.95,307.95,0.0,1,1,2,4,112,Hibernating
13291,United Kingdom,2010-02-11 18:36:00,2011-07-07 10:36:00,155,666,11,318,1600,155,3270.79,0,0.0,0,3270.79,297.3445454545454,0.0,3,5,5,13,355,Loyal Customers
13292,United Kingdom,2010-07-01 14:36:00,2011-11-01 10:04:00,38,526,5,59,530,55,994.51,1,6.72,16,987.79,198.902,0.6757096459563,4,4,3,11,443,Loyal Customers
13293,United Kingdom,2010-02-09 12:05:00,2010-11-12 13:28:00,392,668,6,72,555,51,1192.94,1,12.6,6,1180.3400000000001,198.82333333333335,1.0562140593827014,1,4,4,9,144,At Risk
13294,United Kingdom,2010-03-03 12:54:00,2011-06-03 08:54:00,189,646,3,102,996,93,1689.53,0,0.0,0,1689.53,563.1766666666666,0.0,2,3,4,9,234,At Risk
13295,United Kingdom,2010-05-12 09:13:00,2010-12-15 11:21:00,359,576,4,67,733,56,1101.97,5,40.7,34,1061.27,275.4925,3.6933854823634036,2,3,3,8,233,At Risk
13296,United Kingdom,2010-05-11 14:29:00,2011-07-25 13:46:00,137,577,6,53,653,50,792.51,0,0.0,0,792.51,132.085,0.0,3,4,3,10,343,Loyal Customers
13297,United Kingdom,2010-06-15 12:35:00,2011-12-02 09:32:00,7,542,7,123,2694,108,4368.62,1,15.95,1,4352.67,624.0885714285714,0.36510385430639425,5,4,5,14,545,Champions
13298,United Kingdom,2011-12-08 13:11:00,2011-12-08 13:11:00,1,1,1,2,96,2,360.0,0,0.0,0,360.0,360.0,0.0,5,1,2,8,512,New Customers
13299,United Kingdom,2010-06-29 11:30:00,2011-03-16 12:55:00,268,528,3,62,416,56,1218.7,2,45.4,8,1173.3,406.23333333333335,3.7252810371707556,2,3,3,8,233,At Risk
13300,United Kingdom,2010-05-14 15:56:00,2011-06-23 13:09:00,169,574,3,55,455,44,1285.51,2,18.3,8,1267.21,428.50333333333333,1.423559521123912,3,3,4,10,334,Need Attention
13301,United Kingdom,2011-02-20 13:13:00,2011-08-28 11:25:00,103,292,4,80,343,74,600.1899999999999,0,0.0,0,600.1899999999999,150.04749999999999,0.0,3,3,3,9,333,Need Attention
13302,United Kingdom,2010-07-01 12:32:00,2011-07-07 17:56:00,155,526,2,3,12,3,159.2,0,0.0,0,159.2,79.6,0.0,3,2,1,6,321,Need Attention
13303,United Kingdom,2010-11-04 14:55:00,2010-11-04 14:55:00,400,400,1,4,26,4,61.72,0,0.0,0,61.72,61.72,0.0,1,1,1,3,111,Hibernating
13304,United Kingdom,2010-02-08 12:42:00,2010-12-23 14:35:00,351,669,4,78,716,59,1217.99,3,97.2,28,1120.79,304.4975,7.980361086708429,2,3,3,8,233,At Risk
13305,United Kingdom,2010-03-10 14:49:00,2011-12-05 15:15:00,4,639,16,200,2228,153,3616.41,0,0.0,0,3616.41,226.025625,0.0,5,5,5,15,555,Champions
13306,United Kingdom,2010-10-05 14:55:00,2010-10-05 14:55:00,430,430,1,4,74,4,53.65,0,0.0,0,53.65,53.65,0.0,1,1,1,3,111,Hibernating
13307,United Kingdom,2010-04-26 13:28:00,2011-08-11 17:14:00,120,592,3,15,140,15,273.34,0,0.0,0,273.34,91.11333333333333,0.0,3,3,2,8,332,Need Attention
13308,United Kingdom,2010-04-22 09:22:00,2011-11-17 09:31:00,22,596,4,71,1073,65,1670.3700000000001,1,17.9,3,1652.47,417.59250000000003,1.0716188628866656,5,3,4,12,534,Potential Loyalists
13309,United Kingdom,2010-11-12 12:10:00,2011-12-02 16:34:00,7,392,6,130,1914,95,1706.3700000000001,0,0.0,0,1706.3700000000001,284.39500000000004,0.0,5,4,4,13,544,Champions
13310,United Kingdom,2010-11-02 17:03:00,2011-11-11 17:23:00,28,402,5,95,816,80,1541.2,3,48.400000000000006,12,1492.8,308.24,3.140410070075266,5,4,4,13,544,Champions
13311,United Kingdom,2011-07-12 14:26:00,2011-12-05 12:55:00,4,150,2,26,305,25,598.57,0,0.0,0,598.57,299.285,0.0,5,2,3,10,523,Potential Loyalists
13312,United Kingdom,2010-09-14 14:36:00,2010-09-14 14:36:00,451,451,1,5,41,5,124.75,0,0.0,0,124.75,124.75,0.0,1,1,1,3,111,Hibernating
13313,United Kingdom,2009-12-02 16:18:00,2011-11-17 16:48:00,22,737,12,187,2308,105,3445.32,3,22.05,9,3423.27,287.11,0.6399986068057538,5,5,5,15,555,Champions
13314,United Kingdom,2011-09-27 10:20:00,2011-12-08 12:29:00,1,73,3,62,560,55,775.94,1,182.43,73,593.51,258.6466666666667,23.51083846689177,5,3,3,11,533,Potential Loyalists
13315,United Kingdom,2010-01-19 15:34:00,2010-01-19 15:34:00,689,689,1,22,232,22,310.26000000000005,0,0.0,0,310.26000000000005,310.26000000000005,0.0,1,1,2,4,112,Hibernating
13316,United Kingdom,2010-03-10 10:01:00,2011-11-02 13:40:00,37,639,10,173,19931,115,12940.82,1,122.4,48,12818.42,1294.0819999999999,0.9458442355275787,4,4,5,13,445,Champions
13317,United Kingdom,2009-12-13 11:11:00,2011-10-04 13:35:00,66,726,19,344,3149,222,6486.091,12,417.56,97,6068.531,341.3732105263158,6.437775849891714,4,5,5,14,455,Champions
13318,United Kingdom,2011-11-02 13:26:00,2011-12-08 18:51:00,1,37,3,20,304,14,640.76,0,0.0,0,640.76,213.58666666666667,0.0,5,3,3,11,533,Potential Loyalists
13319,United Kingdom,2009-12-06 14:46:00,2011-12-04 13:34:00,5,733,58,923,8974,345,21323.22,20,348.26,72,20974.960000000003,367.6417241379311,1.6332430092640793,5,5,5,15,555,Champions
13320,United Kingdom,2010-08-18 10:29:00,2011-09-22 18:07:00,78,478,6,149,1509,98,2211.6,3,67.15,37,2144.45,368.59999999999997,3.03626333875927,4,4,4,12,444,Champions
13321,United Kingdom,2011-09-14 15:18:00,2011-09-28 15:24:00,72,86,2,11,372,10,567.36,0,0.0,0,567.36,283.68,0.0,4,2,2,8,422,Potential Loyalists
13322,United Kingdom,2011-11-22 14:21:00,2011-11-22 14:21:00,17,17,1,25,117,25,199.48000000000002,0,0.0,0,199.48000000000002,199.48000000000002,0.0,5,1,1,7,511,New Customers
13323,United Kingdom,2011-09-16 13:23:00,2011-12-06 17:12:00,3,84,5,21,175,6,787.85,0,0.0,0,787.85,157.57,0.0,5,4,3,12,543,Loyal Customers
13324,United Kingdom,2010-05-25 10:23:00,2011-11-03 16:28:00,36,563,18,132,8448,36,10513.47,5,92.1,18,10421.369999999999,584.0816666666666,0.8760190498474815,4,5,5,14,455,Champions
13325,United Kingdom,2011-09-19 10:36:00,2011-09-19 10:36:00,81,81,1,12,240,12,675.3,0,0.0,0,675.3,675.3,0.0,4,1,3,8,413,Promising Customers
13326,United Kingdom,2010-10-03 16:00:00,2010-10-03 16:00:00,432,432,1,13,140,13,281.76,0,0.0,0,281.76,281.76,0.0,1,1,2,4,112,Hibernating
13327,United Kingdom,2009-12-18 15:35:00,2011-11-01 10:21:00,38,721,19,320,4202,174,9052.87,2,138.45,31,8914.42,476.4668421052632,1.5293492560922666,4,5,5,14,455,Champions
13328,United Kingdom,2011-01-27 15:22:00,2011-01-27 15:22:00,316,316,1,17,680,17,1308.48,0,0.0,0,1308.48,1308.48,0.0,2,1,4,7,214,At Risk
13329,United Kingdom,2009-12-04 15:41:00,2011-11-08 10:29:00,31,735,8,118,3311,68,4808.7699999999995,6,135.95,45,4672.82,601.0962499999999,2.8271262713750085,4,4,5,13,445,Champions
13330,United Kingdom,2010-02-23 10:12:00,2011-09-08 12:27:00,92,654,6,117,1951,80,2796.1,0,0.0,0,2796.1,466.01666666666665,0.0,3,4,4,11,344,Loyal Customers
13331,United Kingdom,2010-11-03 08:04:00,2010-11-03 08:04:00,401,401,1,12,54,12,262.4,0,0.0,0,262.4,262.4,0.0,1,1,1,3,111,Hibernating
13332,United Kingdom,2011-11-25 13:30:00,2011-11-25 13:30:00,14,14,1,21,179,21,350.90000000000003,0,0.0,0,350.90000000000003,350.90000000000003,0.0,5,1,2,8,512,New Customers
13333,United Kingdom,2010-02-19 09:26:00,2010-10-24 13:24:00,411,658,3,55,685,54,1015.74,0,0.0,0,1015.74,338.58,0.0,1,3,3,7,133,At Risk
13334,United Kingdom,2010-02-25 12:21:00,2011-09-18 15:21:00,82,652,5,474,3198,307,6201.8,1,6.75,1,6195.05,1240.3600000000001,0.10883936921538909,4,4,5,13,445,Champions
13336,United Kingdom,2011-09-23 14:05:00,2011-09-23 14:05:00,77,77,1,51,559,51,795.12,0,0.0,0,795.12,795.12,0.0,4,1,3,8,413,Promising Customers
13337,United Kingdom,2010-06-11 13:27:00,2010-06-11 13:27:00,546,546,1,87,980,87,1575.26,1,25.2,24,1550.06,1575.26,1.5997359166105913,1,1,4,6,114,At Risk
13338,United Kingdom,2010-01-05 12:25:00,2011-07-05 09:06:00,157,703,4,126,1149,112,2345.62,5,172.0,24,2173.62,586.405,7.332816057161859,3,3,4,10,334,Need Attention
13339,United Kingdom,2011-05-23 08:31:00,2011-05-23 08:31:00,200,200,1,54,326,54,860.12,0,0.0,0,860.12,860.12,0.0,2,1,3,6,213,Hibernating
13340,United Kingdom,2010-02-22 14:54:00,2011-10-25 13:15:00,45,655,12,215,9636,190,22100.56,0,0.0,0,22100.56,1841.7133333333334,0.0,4,5,5,14,455,Champions
13341,United Kingdom,2011-03-24 09:50:00,2011-03-24 09:50:00,260,260,1,42,301,42,775.85,0,0.0,0,775.85,775.85,0.0,2,1,3,6,213,Hibernating
13343,United Kingdom,2011-06-15 12:24:00,2011-06-15 12:24:00,177,177,1,18,134,18,303.43,1,49.5,9,253.93,303.43,16.313482516560658,3,1,1,5,311,Regular Customers
13344,United Kingdom,2011-03-07 10:28:00,2011-10-03 09:45:00,67,277,3,116,952,115,2511.69,0,0.0,0,2511.69,837.23,0.0,4,3,4,11,434,Potential Loyalists
13345,United Kingdom,2011-02-25 09:01:00,2011-02-25 09:01:00,287,287,1,19,140,19,339.5,1,11.899999999999999,2,327.6,339.5,3.5051546391752573,2,1,2,5,212,Hibernating
13346,United Kingdom,2010-04-22 12:34:00,2010-09-03 11:41:00,462,596,6,6,180,4,299.4,0,0.0,0,299.4,49.9,0.0,1,4,2,7,142,At Risk
13347,United Kingdom,2011-09-30 13:28:00,2011-09-30 13:28:00,70,70,1,7,204,7,291.36,0,0.0,0,291.36,291.36,0.0,4,1,2,7,412,Promising Customers
13348,United Kingdom,2011-10-06 17:28:00,2011-10-06 17:28:00,64,64,1,14,136,14,233.76000000000002,0,0.0,0,233.76000000000002,233.76000000000002,0.0,4,1,1,6,411,Promising Customers
13349,United Kingdom,2011-11-29 08:07:00,2011-11-29 08:07:00,10,10,1,15,224,15,197.32,0,0.0,0,197.32,197.32,0.0,5,1,1,7,511,New Customers
13350,United Kingdom,2011-09-21 13:33:00,2011-11-23 16:33:00,16,79,2,38,285,35,879.12,1,68.4,3,810.72,439.56,7.780507780507781,5,2,3,10,523,Potential Loyalists
13351,United Kingdom,2011-10-04 12:55:00,2011-10-04 12:55:00,66,66,1,15,116,15,323.94,0,0.0,0,323.94,323.94,0.0,4,1,2,7,412,Promising Customers
13352,United Kingdom,2011-10-10 13:55:00,2011-10-10 13:55:00,60,60,1,23,320,23,347.98,1,8.7,6,339.28000000000003,347.98,2.5001436864187596,4,1,2,7,412,Promising Customers
13354,United Kingdom,2011-09-29 13:17:00,2011-09-29 13:17:00,71,71,1,51,604,51,743.53,0,0.0,0,743.53,743.53,0.0,4,1,3,8,413,Promising Customers
13355,United Kingdom,2011-08-09 14:48:00,2011-08-09 14:48:00,122,122,1,32,314,32,674.7,0,0.0,0,674.7,674.7,0.0,3,1,3,7,313,Need Attention
13356,United Kingdom,2011-09-20 14:33:00,2011-09-20 14:33:00,80,80,1,42,325,42,768.24,0,0.0,0,768.24,768.24,0.0,4,1,3,8,413,Promising Customers
13357,United Kingdom,2010-03-22 14:30:00,2011-03-27 13:56:00,257,627,5,393,2087,283,3795.01,0,0.0,0,3795.01,759.0020000000001,0.0,2,4,5,11,245,At Risk
13358,United Kingdom,2011-03-16 11:52:00,2011-03-16 11:52:00,268,268,1,28,284,28,389.03000000000003,0,0.0,0,389.03000000000003,389.03000000000003,0.0,2,1,2,5,212,Hibernating
13359,United Kingdom,2010-11-01 15:05:00,2011-10-07 09:30:00,63,403,2,54,379,51,943.3100000000001,2,41.35,7,901.96,471.65500000000003,4.383500651959589,4,2,3,9,423,Potential Loyalists
13360,United Kingdom,2010-01-08 11:16:00,2010-10-04 12:37:00,431,700,4,65,941,57,1503.65,2,39.55,9,1464.1000000000001,375.9125,2.630266351877099,1,3,4,8,134,At Risk
13361,United Kingdom,2010-04-01 07:49:00,2010-08-24 14:56:00,472,617,2,34,324,29,1450.5,0,0.0,0,1450.5,725.25,0.0,1,2,4,7,124,At Risk
13362,United Kingdom,2010-10-10 15:27:00,2011-11-30 14:41:00,9,425,7,298,2481,186,5394.07,3,36.5,12,5357.57,770.5814285714285,0.6766690087447883,5,4,5,14,545,Champions
13363,United Kingdom,2010-10-26 11:07:00,2011-11-22 12:40:00,17,409,3,100,1144,77,1623.8600000000001,0,0.0,0,1623.8600000000001,541.2866666666667,0.0,5,3,4,12,534,Potential Loyalists
13364,United Kingdom,2011-09-29 18:13:00,2011-09-29 18:13:00,71,71,1,10,71,10,134.96,1,134.96,71,0.0,134.96,100.0,4,1,1,6,411,Promising Customers
13365,United Kingdom,2011-05-06 12:00:00,2011-11-06 12:36:00,33,217,2,128,1247,122,2225.37,2,61.05,11,2164.3199999999997,1112.685,2.7433640248587876,4,2,4,10,424,Potential Loyalists
13366,United Kingdom,2011-10-20 13:37:00,2011-10-20 13:37:00,50,50,1,1,144,1,56.16,0,0.0,0,56.16,56.16,0.0,4,1,1,6,411,Promising Customers
13367,United Kingdom,2010-10-04 10:00:00,2010-10-04 10:00:00,431,431,1,19,252,19,460.2,0,0.0,0,460.2,460.2,0.0,1,1,2,4,112,Hibernating
13368,United Kingdom,2010-10-12 10:43:00,2011-03-28 09:59:00,256,423,4,50,604,44,1021.5,1,35.400000000000006,12,986.1,255.375,3.4654919236417037,2,3,3,8,233,At Risk
13369,United Kingdom,2010-12-09 11:30:00,2010-12-09 11:30:00,365,365,1,13,148,13,258.28000000000003,1,44.53,22,213.75000000000003,258.28000000000003,17.24097878271643,2,1,1,4,211,Hibernating
13370,United Kingdom,2010-12-03 10:26:00,2010-12-03 10:26:00,371,371,1,39,343,39,754.87,1,33.55,7,721.32,754.87,4.444473882920238,1,1,3,5,113,Hibernating
13371,United Kingdom,2010-03-17 15:29:00,2010-07-22 17:33:00,505,632,2,92,1019,75,2297.66,2,26.2,3,2271.46,1148.83,1.1402905564792005,1,2,4,7,124,At Risk
13372,United Kingdom,2011-09-11 12:46:00,2011-09-11 12:46:00,89,89,1,22,158,22,328.64,0,0.0,0,328.64,328.64,0.0,4,1,2,7,412,Promising Customers
13373,United Kingdom,2009-12-06 12:34:00,2011-10-10 10:51:00,60,733,6,358,4263,292,7587.1900000000005,0,0.0,0,7587.1900000000005,1264.5316666666668,0.0,4,4,5,13,445,Champions
13374,United Kingdom,2010-09-16 10:29:00,2010-10-21 10:04:00,414,449,2,16,134,16,372.8,0,0.0,0,372.8,186.4,0.0,1,2,2,5,122,Hibernating
13375,United Kingdom,2010-09-21 08:12:00,2011-09-12 10:19:00,88,444,2,71,1124,62,1792.23,1,5.75,1,1786.48,896.115,0.32082935783911665,4,2,4,10,424,Potential Loyalists
13376,United Kingdom,2011-04-19 13:03:00,2011-09-01 16:16:00,99,234,3,50,490,44,869.76,0,0.0,0,869.76,289.92,0.0,3,3,3,9,333,Need Attention
13377,United Kingdom,2010-03-04 10:06:00,2010-11-08 12:20:00,396,645,2,76,746,70,1452.88,1,7.45,3,1445.43,726.44,0.5127746269478552,1,2,4,7,124,At Risk
13379,United Kingdom,2011-07-26 12:26:00,2011-11-13 13:45:00,26,136,3,97,601,85,572.56,0,0.0,0,572.56,190.85333333333332,0.0,5,3,2,10,532,Potential Loyalists
13380,United Kingdom,2010-10-03 10:18:00,2010-10-03 10:18:00,432,432,1,3,48,3,62.4,0,0.0,0,62.4,62.4,0.0,1,1,1,3,111,Hibernating
13381,United Kingdom,2009-12-01 15:19:00,2011-11-08 11:58:00,31,738,12,356,5125,154,8224.37,3,39.35,17,8185.02,685.3641666666667,0.4784561005888597,4,5,5,14,455,Champions
13382,United Kingdom,2009-12-08 09:56:00,2011-03-04 10:03:00,280,731,5,86,863,74,1387.58,0,0.0,0,1387.58,277.51599999999996,0.0,2,4,4,10,244,At Risk
13383,United Kingdom,2010-06-14 11:45:00,2010-06-14 11:45:00,543,543,1,1,288,1,305.28000000000003,0,0.0,0,305.28000000000003,305.28000000000003,0.0,1,1,2,4,112,Hibernating
13384,United Kingdom,2010-07-27 12:22:00,2011-11-09 11:04:00,30,500,11,264,4142,192,6680.83,4,45.74,12,6635.09,607.3481818181818,0.6846454706975031,5,5,5,15,555,Champions
13385,United Kingdom,2011-01-14 09:52:00,2011-01-14 09:52:00,329,329,1,35,281,35,534.57,0,0.0,0,534.57,534.57,0.0,2,1,2,5,212,Hibernating
13386,United Kingdom,2010-09-28 13:09:00,2010-10-21 12:52:00,414,437,2,31,514,24,835.46,0,0.0,0,835.46,417.73,0.0,1,2,3,6,123,Hibernating
13387,United Kingdom,2010-10-18 14:07:00,2010-10-18 14:07:00,417,417,1,70,117,70,181.84,0,0.0,0,181.84,181.84,0.0,1,1,1,3,111,Hibernating
13388,United Kingdom,2010-04-15 10:18:00,2011-07-31 12:52:00,131,603,3,69,701,68,1185.65,1,49.95,1,1135.7,395.2166666666667,4.212879011512672,3,3,3,9,333,Need Attention
13389,United Kingdom,2011-04-21 12:12:00,2011-11-28 14:01:00,11,232,3,51,429,50,797.96,0,0.0,0,797.96,265.9866666666667,0.0,5,3,3,11,533,Potential Loyalists
13390,United Kingdom,2011-09-26 08:38:00,2011-09-26 08:38:00,74,74,1,13,224,13,544.08,0,0.0,0,544.08,544.08,0.0,4,1,2,7,412,Promising Customers
13391,United Kingdom,2011-05-20 10:50:00,2011-05-20 10:50:00,203,203,1,1,4,1,59.8,0,0.0,0,59.8,59.8,0.0,2,1,1,4,211,Hibernating
13392,United Kingdom,2010-01-31 13:34:00,2010-01-31 13:34:00,677,677,1,8,82,8,91.14,0,0.0,0,91.14,91.14,0.0,1,1,1,3,111,Hibernating
13393,United Kingdom,2009-12-07 18:12:00,2010-05-05 09:34:00,583,732,4,69,662,53,1131.45,2,25.6,4,1105.8500000000001,282.8625,2.262583410667727,1,3,3,7,133,At Risk
13394,United Kingdom,2009-12-01 11:58:00,2011-12-08 11:36:00,1,738,19,409,5354,254,6621.7,4,292.32,196,6329.38,348.5105263157895,4.414576317259918,5,5,5,15,555,Champions
13395,United Kingdom,2010-10-14 13:00:00,2011-06-07 15:04:00,185,421,3,81,1660,77,1180.23,0,0.0,0,1180.23,393.41,0.0,2,3,4,9,234,At Risk
13396,United Kingdom,2011-01-24 13:37:00,2011-11-10 16:59:00,29,319,2,43,600,42,1360.99,2,35.7,8,1325.29,680.495,2.623090544383133,5,2,4,11,524,Potential Loyalists
13397,United Kingdom,2010-01-20 09:50:00,2011-09-28 10:56:00,72,688,10,89,1336,68,3191.87,3,88.8,8,3103.0699999999997,319.187,2.7820681920003008,4,4,5,13,445,Champions
13398,United Kingdom,2010-09-17 09:34:00,2011-05-31 13:17:00,192,448,2,39,341,37,670.34,0,0.0,0,670.34,335.17,0.0,2,2,3,7,223,Hibernating
13399,United Kingdom,2010-07-08 17:47:00,2010-09-01 13:59:00,464,519,3,15,120,10,275.4,0,0.0,0,275.4,91.8,0.0,1,3,2,6,132,At Risk
13400,United Kingdom,2010-05-06 09:00:00,2010-05-06 09:00:00,582,582,1,23,284,23,310.83,1,9.9,2,300.93,310.83,3.1850207508927713,1,1,2,4,112,Hibernating
13402,United Kingdom,2010-05-24 10:56:00,2011-08-04 15:51:00,127,564,4,79,917,55,1226.8500000000001,0,0.0,0,1226.8500000000001,306.71250000000003,0.0,3,3,4,10,334,Need Attention
13403,United Kingdom,2009-12-16 13:23:00,2011-11-22 08:28:00,17,723,3,9,114,9,229.5,0,0.0,0,229.5,76.5,0.0,5,3,1,9,531,Potential Loyalists
13404,United Kingdom,2011-05-11 11:57:00,2011-12-08 15:37:00,1,212,2,11,111,11,252.49,0,0.0,0,252.49,126.245,0.0,5,2,1,8,521,Potential Loyalists
13405,United Kingdom,2009-12-15 14:13:00,2011-05-19 16:31:00,204,724,5,41,853,32,1198.81,3,17.25,7,1181.56,239.762,1.4389269358780792,2,4,4,10,244,At Risk
13406,United Kingdom,2010-03-18 07:29:00,2010-10-08 14:44:00,427,631,2,9,292,7,568.92,1,11.7,6,557.2199999999999,284.46,2.056528158616326,1,2,2,5,122,Hibernating
13407,United Kingdom,2010-02-16 11:13:00,2010-05-10 12:41:00,578,661,3,85,1690,85,2244.7,3,132.81,67,2111.89,748.2333333333332,5.916603555040764,1,3,4,8,134,At Risk
13408,United Kingdom,2009-12-04 09:31:00,2011-12-08 09:05:00,1,735,106,826,28675,321,50174.782,21,423.42,148,49751.362,473.347,0.843890064136203,5,5,5,15,555,Champions
13410,United Kingdom,2009-12-08 13:43:00,2011-11-15 15:33:00,24,731,9,50,1244,25,2201.96,3,29.450000000000003,11,2172.51,244.66222222222223,1.3374448218859563,5,4,4,13,544,Champions
13411,United Kingdom,2011-08-24 13:57:00,2011-08-24 13:57:00,107,107,1,18,72,17,213.55,0,0.0,0,213.55,213.55,0.0,3,1,1,5,311,Regular Customers
13412,United Kingdom,2010-03-29 16:28:00,2010-03-29 16:28:00,620,620,1,34,176,33,487.35,0,0.0,0,487.35,487.35,0.0,1,1,2,4,112,Hibernating
13413,United Kingdom,2010-01-21 17:43:00,2010-03-10 12:17:00,639,687,6,43,455,38,429.44,1,76.32000000000001,72,353.12,71.57333333333334,17.771982116244413,1,4,2,7,142,At Risk
13414,United Kingdom,2010-04-15 17:00:00,2011-07-29 11:45:00,133,603,6,55,2702,48,2494.14,1,11.9,2,2482.24,415.69,0.4771183654486115,3,4,4,11,344,Loyal Customers
13415,United Kingdom,2009-12-11 14:20:00,2010-08-24 11:38:00,472,728,4,101,496,85,784.17,1,118.75,92,665.42,196.0425,15.143400028055144,1,3,3,7,133,At Risk
13416,United Kingdom,2009-12-03 13:02:00,2011-10-27 08:56:00,43,736,3,26,208,16,940.8000000000001,0,0.0,0,940.8000000000001,313.6,0.0,4,3,3,10,433,Potential Loyalists
13417,United Kingdom,2010-02-08 12:39:00,2011-12-05 08:49:00,4,669,6,77,532,57,1669.49,1,75.6,24,1593.89,278.24833333333333,4.528329010655948,5,4,4,13,544,Champions
13418,United Kingdom,2009-12-11 12:51:00,2011-11-28 10:23:00,11,728,31,537,7354,328,11559.66,6,317.43999999999994,83,11242.22,372.8922580645161,2.7461015289377015,5,5,5,15,555,Champions
13419,United Kingdom,2011-10-07 12:49:00,2011-10-07 12:49:00,63,63,1,16,275,16,221.06,0,0.0,0,221.06,221.06,0.0,4,1,1,6,411,Promising Customers
13420,United Kingdom,2011-06-22 11:35:00,2011-07-13 08:48:00,149,170,2,8,101,8,159.85,2,19.5,13,140.35,79.925,12.198936502971536,3,2,1,6,321,Need Attention
13421,United Kingdom,2010-02-14 14:45:00,2011-10-30 14:21:00,40,663,8,264,2326,173,4048.25,3,14.299999999999999,3,4033.95,506.03125,0.35323905391218424,4,4,5,13,445,Champions
13422,United Kingdom,2011-10-06 13:42:00,2011-10-06 13:42:00,64,64,1,127,1326,127,2626.3,1,24.75,5,2601.55,2626.3,0.9423904352130372,4,1,4,9,414,Promising Customers
13423,United Kingdom,2010-10-07 09:02:00,2010-10-07 09:02:00,428,428,1,12,141,12,217.03,0,0.0,0,217.03,217.03,0.0,1,1,1,3,111,Hibernating
13424,United Kingdom,2010-09-16 10:49:00,2010-09-16 10:49:00,449,449,1,40,529,40,572.77,1,14.85,3,557.92,572.77,2.5926637219128095,1,1,2,4,112,Hibernating
13425,United Kingdom,2010-05-09 14:35:00,2011-08-23 17:13:00,108,579,5,177,2358,124,3390.4300000000003,3,27.7,6,3362.7300000000005,678.086,0.8170055125751009,3,4,5,12,345,Loyal Customers
13426,United Kingdom,2009-12-09 15:16:00,2011-12-09 08:59:00,0,730,22,343,4868,162,8167.38,1,83.0,20,8084.38,371.24454545454546,1.016237765354373,5,5,5,15,555,Champions
13427,United Kingdom,2009-12-17 13:44:00,2011-11-20 13:02:00,19,722,6,52,880,35,1006.53,0,0.0,0,1006.53,167.755,0.0,5,4,3,12,543,Loyal Customers
13428,United Kingdom,2010-07-13 13:20:00,2011-11-29 14:20:00,10,514,3,138,356,122,478.54,0,0.0,0,478.54,159.51333333333335,0.0,5,3,2,10,532,Potential Loyalists
13429,United Kingdom,2011-09-25 15:59:00,2011-11-29 09:10:00,10,75,4,67,1390,55,1006.8,0,0.0,0,1006.8,251.7,0.0,5,3,3,11,533,Potential Loyalists
13430,United Kingdom,2011-09-14 14:26:00,2011-11-21 08:19:00,18,86,2,49,751,48,679.45,2,27.380000000000003,12,652.07,339.725,4.029729928618736,5,2,3,10,523,Potential Loyalists
13431,United Kingdom,2010-02-18 11:53:00,2011-10-03 13:49:00,67,659,8,129,1570,113,3316.2400000000002,1,27.0,4,3289.2400000000002,414.53000000000003,0.8141750898608061,4,4,5,13,445,Champions
13432,United Kingdom,2010-04-06 14:42:00,2010-05-17 13:18:00,571,612,2,110,214,97,436.55,0,0.0,0,436.55,218.275,0.0,1,2,2,5,122,Hibernating
13433,United Kingdom,2010-01-12 08:59:00,2010-07-26 16:55:00,501,696,4,24,190,22,658.32,1,1.45,1,656.87,164.58,0.2202576254708956,1,3,3,7,133,At Risk
13434,United Kingdom,2010-02-22 09:54:00,2011-09-26 14:30:00,74,655,5,35,864,17,1666.8600000000001,0,0.0,0,1666.8600000000001,333.372,0.0,4,4,4,12,444,Champions
13435,United Kingdom,2010-07-27 16:56:00,2011-12-04 14:45:00,5,500,9,149,2754,96,4447.33,2,15.4,4,4431.93,494.1477777777778,0.3462751808388404,5,4,5,14,545,Champions
13436,United Kingdom,2011-12-08 10:33:00,2011-12-08 10:33:00,1,1,1,12,76,12,196.89,0,0.0,0,196.89,196.89,0.0,5,1,1,7,511,New Customers
13437,United Kingdom,2011-06-02 14:30:00,2011-11-25 14:00:00,14,190,7,167,1283,143,3408.06,0,0.0,0,3408.06,486.86571428571426,0.0,5,4,5,14,545,Champions
13438,United Kingdom,2010-06-10 18:46:00,2010-06-10 18:46:00,547,547,1,1,10,1,46.5,0,0.0,0,46.5,46.5,0.0,1,1,1,3,111,Hibernating
13439,United Kingdom,2010-07-01 14:36:00,2011-03-29 14:20:00,255,526,3,167,952,132,986.61,0,0.0,0,986.61,328.87,0.0,2,3,3,8,233,At Risk
13440,United Kingdom,2010-09-14 10:34:00,2010-10-12 13:11:00,423,451,7,59,573,49,1295.25,3,81.3,22,1213.95,185.03571428571428,6.276780544296468,1,4,4,9,144,At Risk
13441,United Kingdom,2010-10-04 10:38:00,2011-09-09 09:38:00,91,431,2,38,520,33,720.9,0,0.0,0,720.9,360.45,0.0,3,2,3,8,323,Need Attention
13442,United Kingdom,2009-12-01 14:59:00,2010-02-10 14:03:00,667,738,3,38,115,33,419.87,0,0.0,0,419.87,139.95666666666668,0.0,1,3,2,6,132,At Risk
13443,United Kingdom,2010-01-31 13:30:00,2010-09-17 12:31:00,448,677,6,198,802,175,1269.3700000000001,1,32.45,11,1236.92,211.5616666666667,2.5563862388428906,1,4,4,9,144,At Risk
13444,United Kingdom,2010-07-21 14:34:00,2010-11-30 13:02:00,374,506,2,57,331,51,619.08,0,0.0,0,619.08,309.54,0.0,1,2,3,6,123,Hibernating
13445,United Kingdom,2010-03-23 15:34:00,2010-03-23 15:34:00,626,626,1,7,198,7,241.89999999999998,0,0.0,0,241.89999999999998,241.89999999999998,0.0,1,1,1,3,111,Hibernating
13446,United Kingdom,2010-02-14 11:52:00,2010-10-05 18:51:00,430,663,11,192,2403,113,3881.89,7,268.62,65,3613.27,352.8990909090909,6.919825136724637,1,5,5,11,155,At Risk
13447,United Kingdom,2011-11-04 10:10:00,2011-11-16 13:38:00,23,35,3,59,584,55,1129.14,1,24.91,7,1104.23,376.38000000000005,2.206103760384009,5,3,3,11,533,Potential Loyalists
13448,United Kingdom,2009-12-06 12:14:00,2011-11-23 12:33:00,16,733,12,532,4194,320,8386.22,4,73.7,22,8312.519999999999,698.8516666666666,0.8788226399975199,5,5,5,15,555,Champions
13449,United Kingdom,2011-11-16 08:28:00,2011-11-16 08:28:00,23,23,1,19,222,19,291.88,0,0.0,0,291.88,291.88,0.0,5,1,2,8,512,New Customers
13450,United Kingdom,2010-04-15 19:15:00,2011-11-13 11:54:00,26,603,13,147,4318,57,4120.04,1,2.5,2,4117.54,316.92615384615385,0.06067902253376181,5,5,5,15,555,Champions
13451,United Kingdom,2010-03-21 16:13:00,2011-11-13 15:58:00,26,628,11,1021,5226,560,7088.92,2,70.95,9,7017.97,644.4472727272728,1.0008576764866863,5,5,5,15,555,Champions
13452,United Kingdom,2010-08-24 09:53:00,2011-03-25 14:19:00,259,472,3,3,6,2,729.8,0,0.0,0,729.8,243.26666666666665,0.0,2,3,3,8,233,At Risk
13453,United Kingdom,2010-11-02 13:23:00,2011-06-27 09:34:00,165,402,3,40,341,33,781.69,2,22.7,2,758.99,260.56333333333333,2.9039644872008084,3,3,3,9,333,Need Attention
13454,United Kingdom,2010-03-08 14:40:00,2010-03-08 14:40:00,641,641,1,23,198,23,219.87,0,0.0,0,219.87,219.87,0.0,1,1,1,3,111,Hibernating
13455,United Kingdom,2009-12-09 08:58:00,2011-11-15 11:21:00,24,730,6,114,795,79,2212.9900000000002,5,132.11,28,2080.88,368.8316666666667,5.969751331908413,5,4,4,13,544,Champions
13456,United Kingdom,2011-05-16 15:34:00,2011-11-22 09:18:00,17,207,6,63,765,43,1766.72,1,28.9,9,1737.82,294.4533333333333,1.6357996739721066,5,4,4,13,544,Champions
13457,United Kingdom,2009-12-02 12:46:00,2010-01-20 08:48:00,688,737,2,9,96,9,148.22,2,4.949999999999999,3,143.27,74.11,3.3396302793145325,1,2,1,4,121,Hibernating
13458,United Kingdom,2010-11-16 14:01:00,2011-12-02 15:29:00,7,388,16,485,6760,290,11959.27,8,108.65,48,11850.62,747.454375,0.908500267992946,5,5,5,15,555,Champions
13459,United Kingdom,2010-01-26 13:35:00,2010-03-25 10:24:00,624,682,2,73,986,57,1160.41,0,0.0,0,1160.41,580.205,0.0,1,2,3,6,123,Hibernating
13460,United Kingdom,2011-10-21 09:50:00,2011-11-10 17:17:00,29,49,2,17,286,16,183.44,0,0.0,0,183.44,91.72,0.0,5,2,1,8,521,Potential Loyalists
13461,United Kingdom,2010-04-21 16:01:00,2011-11-01 09:01:00,38,597,6,62,3132,30,4160.0,2,21.5,4,4138.5,693.3333333333334,0.516826923076923,4,4,5,13,445,Champions
13462,United Kingdom,2009-12-14 09:48:00,2011-04-01 11:20:00,252,725,5,71,697,64,1153.8500000000001,1,8.25,1,1145.6000000000001,230.77000000000004,0.7149976166746109,2,4,3,9,243,At Risk
13464,United Kingdom,2010-03-31 15:22:00,2011-10-12 15:01:00,58,618,6,151,1440,128,3097.64,1,13.75,11,3083.89,516.2733333333333,0.4438863134515309,4,4,5,13,445,Champions
13465,United Kingdom,2010-05-02 15:30:00,2010-09-19 15:13:00,446,586,2,34,584,34,931.12,0,0.0,0,931.12,465.56,0.0,1,2,3,6,123,Hibernating
13466,United Kingdom,2010-03-21 13:50:00,2011-06-08 16:39:00,184,628,5,55,660,49,1013.35,2,61.099999999999994,12,952.25,202.67000000000002,6.029506093649775,2,4,3,9,243,At Risk
13467,United Kingdom,2011-11-03 16:56:00,2011-11-29 10:01:00,10,36,2,98,580,89,1071.91,0,0.0,0,1071.91,535.955,0.0,5,2,3,10,523,Potential Loyalists
13468,United Kingdom,2009-12-03 13:32:00,2011-12-08 10:39:00,1,736,72,693,5617,290,12793.28,14,275.27,59,12518.01,177.68444444444447,2.151676505165211,5,5,5,15,555,Champions
13469,United Kingdom,2010-02-24 15:03:00,2010-02-24 15:03:00,653,653,1,6,52,6,82.4,0,0.0,0,82.4,82.4,0.0,1,1,1,3,111,Hibernating
13470,United Kingdom,2011-08-16 17:06:00,2011-09-01 14:57:00,99,115,2,10,100,7,165.0,0,0.0,0,165.0,82.5,0.0,3,2,1,6,321,Need Attention
13471,United Kingdom,2011-10-23 13:10:00,2011-12-08 15:44:00,1,47,4,254,1583,214,2501.84,0,0.0,0,2501.84,625.46,0.0,5,3,4,12,534,Potential Loyalists
13472,United Kingdom,2010-06-02 09:48:00,2010-09-02 09:41:00,463,555,2,28,310,24,592.24,0,0.0,0,592.24,296.12,0.0,1,2,3,6,123,Hibernating
13473,United Kingdom,2009-12-15 19:02:00,2011-10-10 11:20:00,60,724,8,70,1000,65,2657.76,2,246.78,44,2410.98,332.22,9.285262777677442,4,4,4,12,444,Champions
13474,United Kingdom,2010-08-01 14:40:00,2011-04-17 13:53:00,236,495,3,126,318,116,646.59,0,0.0,0,646.59,215.53,0.0,2,3,3,8,233,At Risk
13475,United Kingdom,2011-02-14 12:36:00,2011-06-01 13:52:00,191,298,4,86,1012,64,1431.78,0,0.0,0,1431.78,357.945,0.0,2,3,4,9,234,At Risk
13476,United Kingdom,2010-03-05 09:39:00,2011-06-14 12:00:00,178,644,5,106,713,86,2061.4700000000003,2,145.7,3,1915.7700000000002,412.29400000000004,7.067772026757603,3,4,4,11,344,Loyal Customers
13477,United Kingdom,2010-01-25 11:52:00,2011-11-02 12:04:00,37,683,11,157,2091,112,2819.17,2,13.05,3,2806.12,256.28818181818184,0.4629022017118514,4,5,4,13,454,Champions
13478,United Kingdom,2010-01-31 15:51:00,2010-08-27 13:23:00,469,677,5,125,1189,114,2215.78,2,147.75,21,2068.03,443.15600000000006,6.668080766141042,1,4,4,9,144,At Risk
13479,United Kingdom,2010-08-19 16:18:00,2011-05-23 10:45:00,200,477,4,53,716,45,851.37,3,42.870000000000005,8,808.5,212.8425,5.035413509989781,2,3,3,8,233,At Risk
13480,United Kingdom,2010-01-29 12:35:00,2010-10-19 11:53:00,416,679,2,41,362,40,627.82,0,0.0,0,627.82,313.91,0.0,1,2,3,6,123,Hibernating
13481,United Kingdom,2009-12-04 12:37:00,2011-10-25 09:07:00,45,735,11,224,2055,162,3830.84,3,27.75,15,3803.09,348.2581818181818,0.7243842081632227,4,5,5,14,455,Champions
13482,United Kingdom,2010-03-22 10:31:00,2011-04-21 17:03:00,232,627,2,20,187,20,336.09,0,0.0,0,336.09,168.045,0.0,2,2,2,6,222,Hibernating
13483,United Kingdom,2011-10-05 11:53:00,2011-10-05 11:53:00,65,65,1,10,160,10,140.34,0,0.0,0,140.34,140.34,0.0,4,1,1,6,411,Promising Customers
13484,United Kingdom,2010-03-10 11:46:00,2011-04-12 16:30:00,241,639,3,39,224,38,790.72,1,23.4,12,767.32,263.5733333333333,2.9593282072035607,2,3,3,8,233,At Risk
13485,United Kingdom,2009-12-03 13:46:00,2011-04-20 13:58:00,233,736,11,157,1797,130,3015.2200000000003,4,61.300000000000004,10,2953.92,274.1109090909091,2.0330191495147947,2,5,5,12,255,At Risk
13486,United Kingdom,2011-07-07 17:19:00,2011-09-22 13:13:00,78,155,3,69,669,69,1122.41,0,0.0,0,1122.41,374.1366666666667,0.0,4,3,3,10,433,Potential Loyalists
13487,United Kingdom,2009-12-05 10:25:00,2011-10-13 12:07:00,57,734,5,49,362,31,846.87,0,0.0,0,846.87,169.374,0.0,4,4,3,11,443,Loyal Customers
13488,United Kingdom,2010-01-25 10:13:00,2011-11-22 14:41:00,17,683,23,679,7375,370,14205.960000000001,6,74.15,17,14131.810000000001,617.6504347826087,0.5219640207349592,5,5,5,15,555,Champions
13489,United Kingdom,2011-02-18 10:42:00,2011-08-26 13:16:00,105,294,4,14,560,11,449.52,0,0.0,0,449.52,112.38,0.0,3,3,2,8,332,Need Attention
13490,United Kingdom,2010-02-23 14:48:00,2010-02-23 14:48:00,654,654,1,8,25,8,154.25,0,0.0,0,154.25,154.25,0.0,1,1,1,3,111,Hibernating
13491,United Kingdom,2009-12-07 08:24:00,2011-10-19 08:32:00,51,732,27,261,2349,144,4467.66,0,0.0,0,4467.66,165.46888888888887,0.0,4,5,5,14,455,Champions
13492,Switzerland,2011-05-09 10:06:00,2011-07-26 14:25:00,136,214,3,50,408,38,1269.84,0,0.0,0,1269.84,423.28,0.0,3,3,4,10,334,Need Attention
13493,Switzerland,2011-02-25 16:42:00,2011-03-09 15:35:00,275,287,2,6,377,5,498.63,0,0.0,0,498.63,249.315,0.0,2,2,2,6,222,Hibernating
13494,United Kingdom,2011-02-01 11:58:00,2011-02-01 11:58:00,311,311,1,18,162,18,316.26000000000005,0,0.0,0,316.26000000000005,316.26000000000005,0.0,2,1,2,5,212,Hibernating
13495,United Kingdom,2009-12-07 12:12:00,2011-12-02 11:21:00,7,732,10,133,2465,59,4863.31,3,72.9,22,4790.410000000001,486.331,1.4989790903726063,5,4,5,14,545,Champions
13496,United Kingdom,2010-12-15 10:17:00,2011-11-29 10:58:00,10,359,2,35,341,28,653.33,1,35.400000000000006,12,617.9300000000001,326.665,5.418394991811184,5,2,3,10,523,Potential Loyalists
13497,United Kingdom,2010-02-08 10:27:00,2011-03-02 09:04:00,282,669,6,58,525,52,1166.8300000000002,1,27.0,4,1139.8300000000002,194.4716666666667,2.3139617596393642,2,4,3,9,243,At Risk
13498,United Kingdom,2009-12-09 15:26:00,2009-12-09 15:26:00,730,730,1,17,362,17,327.38,0,0.0,0,327.38,327.38,0.0,1,1,2,4,112,Hibernating
13499,United Kingdom,2011-03-15 08:52:00,2011-11-22 11:21:00,17,269,5,42,1365,31,1159.1100000000001,2,12.15,7,1146.96,231.82200000000003,1.0482180293501047,5,4,3,12,543,Loyal Customers
13500,United Kingdom,2010-11-03 13:16:00,2011-11-16 15:35:00,23,401,4,85,838,77,1466.3,1,30.0,24,1436.3,366.575,2.045966036963786,5,3,4,12,534,Potential Loyalists
13501,Switzerland,2010-05-18 13:24:00,2011-02-24 18:59:00,288,570,3,114,1253,90,2885.11,2,44.85,15,2840.26,961.7033333333334,1.5545334493312213,2,3,5,10,235,At Risk
13502,United Kingdom,2010-06-09 10:52:00,2011-11-23 10:39:00,16,548,5,33,490,28,780.5,1,5.9,2,774.6,156.1,0.7559256886611146,5,4,3,12,543,Loyal Customers
13503,United Kingdom,2010-02-16 13:49:00,2011-09-29 13:23:00,71,661,5,188,1101,157,1778.04,4,71.25,21,1706.79,355.608,4.007221434838361,4,4,4,12,444,Champions
13504,United Kingdom,2011-10-06 13:20:00,2011-10-06 13:20:00,64,64,1,22,178,22,295.93,0,0.0,0,295.93,295.93,0.0,4,1,2,7,412,Promising Customers
13505,Switzerland,2011-04-21 12:07:00,2011-09-28 11:56:00,72,232,4,211,2467,181,3633.63,4,110.75,25,3522.88,908.4075,3.0479162710567667,4,3,5,12,435,Potential Loyalists
13506,United Kingdom,2010-09-05 12:33:00,2011-01-27 13:53:00,316,460,5,81,942,55,1338.08,3,29.549999999999997,6,1308.53,267.616,2.2083881382279085,2,4,4,10,244,At Risk
13507,United Kingdom,2011-07-17 11:50:00,2011-12-06 13:13:00,3,145,4,162,1597,146,2479.16,0,0.0,0,2479.16,619.79,0.0,5,3,4,12,534,Potential Loyalists
13508,United Kingdom,2010-03-07 11:58:00,2011-04-10 11:58:00,243,642,2,28,180,27,287.05,0,0.0,0,287.05,143.525,0.0,2,2,2,6,222,Hibernating
13509,United Kingdom,2010-07-20 12:10:00,2011-12-01 10:10:00,8,507,7,48,1213,26,1099.72,0,0.0,0,1099.72,157.10285714285715,0.0,5,4,3,12,543,Loyal Customers
13510,United Kingdom,2009-12-21 11:53:00,2011-12-08 13:46:00,1,718,11,289,3044,176,4558.29,6,69.9,22,4488.39,414.39,1.5334697880126102,5,5,5,15,555,Champions
13511,United Kingdom,2010-02-01 12:10:00,2010-02-01 12:10:00,676,676,1,5,60,5,282.76,1,38.15,7,244.60999999999999,282.76,13.492007356061677,1,1,1,3,111,Hibernating
13512,United Kingdom,2010-05-05 13:22:00,2011-03-24 10:03:00,260,583,4,39,419,31,713.39,0,0.0,0,713.39,178.3475,0.0,2,3,3,8,233,At Risk
13513,United Kingdom,2010-02-22 16:36:00,2011-08-05 11:50:00,126,655,3,40,364,32,824.59,1,27.6,12,796.99,274.86333333333334,3.34711796165367,3,3,3,9,333,Need Attention
13514,United Kingdom,2010-01-26 15:11:00,2011-09-27 09:39:00,73,682,4,21,288,15,815.9000000000001,0,0.0,0,815.9000000000001,203.97500000000002,0.0,4,3,3,10,433,Potential Loyalists
13515,United Kingdom,2010-03-05 11:58:00,2011-09-28 11:26:00,72,644,6,76,819,64,1265.82,0,0.0,0,1265.82,210.97,0.0,4,4,4,12,444,Champions
13516,United Kingdom,2010-10-18 08:52:00,2011-11-18 13:15:00,21,417,4,61,1114,55,1685.26,0,0.0,0,1685.26,421.315,0.0,5,3,4,12,534,Potential Loyalists
13517,United Kingdom,2011-06-13 08:44:00,2011-10-11 11:43:00,59,179,3,141,1369,125,2128.42,2,19.35,9,2109.07,709.4733333333334,0.9091250786968738,4,3,4,11,434,Potential Loyalists
13518,United Kingdom,2011-09-15 10:29:00,2011-09-15 10:29:00,85,85,1,36,382,36,627.16,0,0.0,0,627.16,627.16,0.0,4,1,3,8,413,Promising Customers
13519,United Kingdom,2010-09-23 11:45:00,2011-09-22 18:24:00,78,442,2,19,133,19,343.21,1,11.95,1,331.26,171.605,3.4818332799160863,4,2,2,8,422,Potential Loyalists
13520,Switzerland,2009-12-17 11:11:00,2011-10-12 10:20:00,58,722,11,188,3150,80,5446.0,3,108.75,61,5337.25,495.09090909090907,1.9968784428938668,4,5,5,14,455,Champions
13521,United Kingdom,2011-11-29 15:09:00,2011-12-08 13:50:00,1,10,3,417,715,312,1070.47,0,0.0,0,1070.47,356.8233333333333,0.0,5,3,3,11,533,Potential Loyalists
13522,United Kingdom,2011-11-09 15:11:00,2011-11-09 15:11:00,30,30,1,5,44,5,125.80000000000001,0,0.0,0,125.80000000000001,125.80000000000001,0.0,5,1,1,7,511,New Customers
13523,United Kingdom,2010-11-02 14:55:00,2011-11-06 15:11:00,33,402,6,201,1989,177,4534.57,1,209.5,7,4325.07,755.7616666666667,4.620063203346734,4,4,5,13,445,Champions
13524,United Kingdom,2011-05-04 12:26:00,2011-10-30 12:34:00,40,219,5,27,324,17,680.1800000000001,0,0.0,0,680.1800000000001,136.036,0.0,4,4,3,11,443,Loyal Customers
13525,United Kingdom,2011-04-05 15:36:00,2011-11-25 12:01:00,14,248,2,6,394,5,628.78,0,0.0,0,628.78,314.39,0.0,5,2,3,10,523,Potential Loyalists
13526,United Kingdom,2009-12-01 12:56:00,2009-12-01 13:13:00,738,738,2,44,1911,29,1182.0,2,239.39999999999998,264,942.6,591.0,20.253807106598984,1,2,3,6,123,Hibernating
13527,United Kingdom,2010-01-21 12:37:00,2011-11-06 12:04:00,33,687,12,443,2736,266,4541.29,2,33.7,20,4507.59,378.44083333333333,0.7420798935985151,4,5,5,14,455,Champions
13529,United Kingdom,2011-05-19 11:50:00,2011-09-22 09:15:00,78,204,2,15,74,15,307.76,0,0.0,0,307.76,153.88,0.0,4,2,2,8,422,Potential Loyalists
13530,United Kingdom,2010-03-15 14:10:00,2010-03-15 14:10:00,634,634,1,18,272,18,402.98,0,0.0,0,402.98,402.98,0.0,1,1,2,4,112,Hibernating
13531,United Kingdom,2009-12-03 15:20:00,2011-05-18 16:56:00,205,736,6,75,497,44,1433.07,0,0.0,0,1433.07,238.845,0.0,2,4,4,10,244,At Risk
13532,United Kingdom,2011-11-06 12:25:00,2011-11-06 12:25:00,33,33,1,66,129,66,210.31,0,0.0,0,210.31,210.31,0.0,4,1,1,6,411,Promising Customers
13533,United Kingdom,2011-03-17 12:47:00,2011-06-10 11:54:00,182,267,3,75,202,61,269.09,0,0.0,0,269.09,89.69666666666666,0.0,2,3,1,6,231,At Risk
13534,United Kingdom,2010-07-07 15:00:00,2011-12-07 14:52:00,2,520,35,392,3869,163,7720.900000000001,25,396.4,161,7324.500000000001,220.59714285714287,5.1341164890103475,5,5,5,15,555,Champions
13535,United Kingdom,2010-11-02 11:49:00,2010-11-02 11:49:00,402,402,1,1,10,1,89.5,0,0.0,0,89.5,89.5,0.0,1,1,1,3,111,Hibernating
13536,United Kingdom,2011-09-25 13:30:00,2011-12-08 16:38:00,1,75,7,178,2126,91,3444.39,0,0.0,0,3444.39,492.05571428571426,0.0,5,4,5,14,545,Champions
13537,United Kingdom,2010-09-14 10:41:00,2010-10-10 12:45:00,425,451,2,42,337,38,717.85,0,0.0,0,717.85,358.925,0.0,1,2,3,6,123,Hibernating
13538,United Kingdom,2010-02-02 12:47:00,2011-10-27 16:34:00,43,675,12,142,959,105,3103.13,0,0.0,0,3103.13,258.5941666666667,0.0,4,5,5,14,455,Champions
13539,United Kingdom,2010-04-28 12:04:00,2011-09-15 10:18:00,85,590,7,86,710,69,1569.36,2,38.1,12,1531.26,224.1942857142857,2.4277412448386606,4,4,4,12,444,Champions
13540,United Kingdom,2010-02-22 09:22:00,2010-08-29 14:20:00,467,655,3,32,189,26,632.39,0,0.0,0,632.39,210.79666666666665,0.0,1,3,3,7,133,At Risk
13541,United Kingdom,2010-05-18 16:15:00,2010-10-08 16:37:00,427,570,2,10,279,10,785.25,1,67.35000000000001,13,717.9,392.625,8.576886341929322,1,2,3,6,123,Hibernating
13542,United Kingdom,2009-12-10 19:53:00,2010-11-28 11:24:00,376,729,17,331,804,98,3959.4900000000002,1,35.4,3,3924.09,232.91117647058826,0.8940545373267769,1,5,5,11,155,At Risk
13543,United Kingdom,2010-01-21 14:30:00,2010-03-15 13:34:00,634,687,2,47,329,37,1439.61,0,0.0,0,1439.61,719.805,0.0,1,2,4,7,124,At Risk
13544,United Kingdom,2010-03-05 11:31:00,2011-10-31 11:57:00,39,644,6,238,331,219,790.2,1,8.5,1,781.7,131.70000000000002,1.0756770437863832,4,4,3,11,443,Loyal Customers
13545,United Kingdom,2010-06-13 11:49:00,2010-11-14 11:27:00,390,544,2,54,252,54,364.93,1,27.29,7,337.64,182.465,7.4781464938481355,1,2,2,5,122,Hibernating
13546,United Kingdom,2010-10-11 17:23:00,2011-11-27 14:50:00,12,424,5,152,587,95,1086.24,0,0.0,0,1086.24,217.248,0.0,5,4,3,12,543,Loyal Customers
13547,United Kingdom,2010-10-27 14:14:00,2010-10-27 14:14:00,408,408,1,43,78,43,164.53,0,0.0,0,164.53,164.53,0.0,1,1,1,3,111,Hibernating
13548,United Kingdom,2010-08-25 13:44:00,2011-09-04 14:50:00,96,471,3,184,558,169,901.44,0,0.0,0,901.44,300.48,0.0,3,3,3,9,333,Need Attention
13549,United Kingdom,2010-11-17 12:17:00,2011-11-14 09:20:00,25,387,8,59,554,44,1005.8000000000001,1,2.08,1,1003.72,125.72500000000001,0.20680055677072978,5,4,3,12,543,Loyal Customers
13550,United Kingdom,2010-11-21 15:24:00,2010-11-21 15:24:00,383,383,1,42,430,40,342.55,0,0.0,0,342.55,342.55,0.0,1,1,2,4,112,Hibernating
13551,United Kingdom,2010-02-11 15:01:00,2011-01-24 14:46:00,319,666,2,5,36,5,244.2,0,0.0,0,244.2,122.1,0.0,2,2,1,5,221,Hibernating
13552,United Kingdom,2010-02-19 13:28:00,2011-10-04 15:19:00,66,658,22,207,2630,162,6948.92,10,360.29,68,6588.63,315.86,5.1848344778756985,4,5,5,14,455,Champions
13553,United Kingdom,2010-02-03 12:21:00,2010-02-03 12:21:00,674,674,1,89,201,85,499.6,0,0.0,0,499.6,499.6,0.0,1,1,2,4,112,Hibernating
13554,United Kingdom,2010-09-19 12:39:00,2010-11-24 15:05:00,380,446,7,196,578,156,1629.35,3,81.89,15,1547.4599999999998,232.7642857142857,5.02593058581643,1,4,4,9,144,At Risk
13555,United Kingdom,2010-01-19 13:20:00,2011-09-27 12:36:00,73,689,13,397,4762,264,8891.84,3,92.85,19,8798.99,683.9876923076923,1.0442158203476446,4,5,5,14,455,Champions
13556,United Kingdom,2010-09-30 09:01:00,2010-10-06 16:44:00,429,435,2,9,134,8,200.82,0,0.0,0,200.82,100.41,0.0,1,2,1,4,121,Hibernating
13557,United Kingdom,2009-12-08 17:41:00,2011-11-11 15:24:00,28,731,13,180,2398,126,3032.26,3,52.18000000000001,38,2980.0800000000004,233.25076923076924,1.720828688832752,5,5,5,15,555,Champions
13558,United Kingdom,2011-10-02 13:01:00,2011-12-04 11:24:00,5,68,4,169,338,123,594.52,0,0.0,0,594.52,148.63,0.0,5,3,3,11,533,Potential Loyalists
13559,United Kingdom,2010-06-14 11:52:00,2010-07-15 09:52:00,512,543,2,2,360,1,990.0,0,0.0,0,990.0,495.0,0.0,1,2,3,6,123,Hibernating
13560,United Kingdom,2011-12-02 13:11:00,2011-12-02 13:11:00,7,7,1,32,63,32,171.42000000000002,0,0.0,0,171.42000000000002,171.42000000000002,0.0,5,1,1,7,511,New Customers
13561,United Kingdom,2010-02-28 13:42:00,2011-05-08 12:39:00,215,649,11,229,1125,131,1803.4,0,0.0,0,1803.4,163.94545454545457,0.0,2,5,4,11,254,At Risk
13562,United Kingdom,2010-01-14 16:33:00,2011-09-19 10:51:00,81,694,8,196,1603,88,4838.18,0,0.0,0,4838.18,604.7725,0.0,4,4,5,13,445,Champions
13563,United Kingdom,2011-07-22 17:21:00,2011-09-16 14:45:00,84,140,2,49,209,49,777.53,0,0.0,0,777.53,388.765,0.0,4,2,3,9,423,Potential Loyalists
13564,United Kingdom,2009-12-02 11:55:00,2010-12-20 16:50:00,354,737,36,1195,8833,483,15880.22,13,267.12,87,15613.099999999999,441.1172222222222,1.6820925654682368,2,5,5,12,255,At Risk
13565,United Kingdom,2010-10-24 15:51:00,2011-11-20 14:33:00,19,411,3,60,260,45,414.8,0,0.0,0,414.8,138.26666666666668,0.0,5,3,2,10,532,Potential Loyalists
13566,United Kingdom,2010-03-10 12:22:00,2011-10-30 11:59:00,40,639,5,365,1250,262,1684.75,0,0.0,0,1684.75,336.95,0.0,4,4,4,12,444,Champions
13567,United Kingdom,2010-06-16 12:48:00,2010-10-07 12:51:00,428,541,4,201,643,180,1079.29,1,5.1,2,1074.19,269.8225,0.4725328688304348,1,3,3,7,133,At Risk
13568,United Kingdom,2011-06-19 14:42:00,2011-06-19 14:42:00,173,173,1,43,66,41,187.05,0,0.0,0,187.05,187.05,0.0,3,1,1,5,311,Regular Customers
13569,United Kingdom,2010-10-07 13:05:00,2011-11-22 13:07:00,17,428,4,178,344,139,725.04,0,0.0,0,725.04,181.26,0.0,5,3,3,11,533,Potential Loyalists
13570,United Kingdom,2011-04-10 13:36:00,2011-04-10 13:36:00,243,243,1,27,161,27,239.49,0,0.0,0,239.49,239.49,0.0,2,1,1,4,211,Hibernating
13571,United Kingdom,2009-12-08 13:02:00,2011-11-27 10:47:00,12,731,26,673,3191,263,4537.26,0,0.0,0,4537.26,174.51000000000002,0.0,5,5,5,15,555,Champions
13572,United Kingdom,2011-05-18 11:59:00,2011-05-18 11:59:00,205,205,1,33,534,32,1384.25,0,0.0,0,1384.25,1384.25,0.0,2,1,4,7,214,At Risk
13573,United Kingdom,2010-03-12 16:06:00,2011-10-20 14:33:00,50,637,6,86,646,72,903.07,0,0.0,0,903.07,150.51166666666668,0.0,4,4,3,11,443,Loyal Customers
13574,United Kingdom,2010-10-24 13:28:00,2010-10-24 13:28:00,411,411,1,91,304,84,404.45,0,0.0,0,404.45,404.45,0.0,1,1,2,4,112,Hibernating
13575,United Kingdom,2011-06-16 14:24:00,2011-11-16 13:14:00,23,176,5,46,449,41,732.07,0,0.0,0,732.07,146.41400000000002,0.0,5,4,3,12,543,Loyal Customers
13576,United Kingdom,2009-12-08 15:12:00,2011-11-29 15:34:00,10,731,28,268,4506,145,11202.59,4,35.589999999999996,13,11167.0,400.09250000000003,0.3176943903150967,5,5,5,15,555,Champions
13577,United Kingdom,2009-12-14 16:10:00,2011-11-14 15:19:00,25,725,11,167,1660,101,3484.28,3,137.66,48,3346.6200000000003,316.75272727272727,3.950887988336184,5,5,5,15,555,Champions
13578,United Kingdom,2010-10-26 13:44:00,2010-10-26 13:44:00,409,409,1,9,127,9,147.66,0,0.0,0,147.66,147.66,0.0,1,1,1,3,111,Hibernating
13579,United Kingdom,2010-02-18 13:53:00,2011-11-25 08:41:00,14,659,5,81,718,72,1374.3400000000001,1,3.2,4,1371.14,274.86800000000005,0.23283903546429557,5,4,4,13,544,Champions
13580,United Kingdom,2010-10-29 15:01:00,2010-10-29 15:01:00,406,406,1,5,45,5,107.75,0,0.0,0,107.75,107.75,0.0,1,1,1,3,111,Hibernating
13581,United Kingdom,2010-10-21 16:30:00,2011-02-03 14:41:00,309,414,2,33,119,32,280.53000000000003,0,0.0,0,280.53000000000003,140.26500000000001,0.0,2,2,2,6,222,Hibernating
13582,United Kingdom,2010-04-01 11:38:00,2010-11-15 11:34:00,389,617,2,11,106,10,241.68,0,0.0,0,241.68,120.84,0.0,1,2,1,4,121,Hibernating
13583,United Kingdom,2010-01-29 13:53:00,2011-07-07 10:40:00,155,679,2,96,1097,93,1445.031,0,0.0,0,1445.031,722.5155,0.0,3,2,4,9,324,Need Attention
13584,United Kingdom,2010-02-02 08:40:00,2011-02-06 12:49:00,306,675,3,80,360,74,385.7,2,45.3,87,340.4,128.56666666666666,11.744879439979258,2,3,2,7,232,At Risk
13585,United Kingdom,2009-12-01 14:56:00,2010-06-27 12:33:00,530,738,3,39,1386,29,684.54,1,10.08,48,674.4599999999999,228.17999999999998,1.4725216933999474,1,3,3,7,133,At Risk
13586,United Kingdom,2010-06-16 13:47:00,2010-06-16 13:47:00,541,541,1,20,38,20,127.28,0,0.0,0,127.28,127.28,0.0,1,1,1,3,111,Hibernating
13587,United Kingdom,2010-02-14 13:17:00,2011-10-07 12:31:00,63,663,4,30,664,27,1673.5,2,365.4,20,1308.1,418.375,21.834478637585896,4,3,4,11,434,Potential Loyalists
13588,United Kingdom,2011-03-29 15:53:00,2011-11-24 10:42:00,15,255,9,174,2606,131,2478.95,3,29.42,32,2449.5299999999997,275.43888888888887,1.1867927953367354,5,4,4,13,544,Champions
13589,United Kingdom,2009-12-06 10:26:00,2011-11-25 12:10:00,14,733,6,52,293,48,1120.74,0,0.0,0,1120.74,186.79,0.0,5,4,3,12,543,Loyal Customers
13590,United Kingdom,2009-12-01 13:37:00,2011-11-28 12:54:00,11,738,18,406,5271,255,6336.04,3,51.3,10,6284.74,352.0022222222222,0.8096539794572003,5,5,5,15,555,Champions
13591,United Kingdom,2009-12-14 15:44:00,2011-10-06 12:26:00,64,725,7,101,850,89,2093.94,1,12.75,1,2081.19,299.13428571428574,0.6088999684804722,4,4,4,12,444,Champions
13592,United Kingdom,2011-03-20 14:01:00,2011-11-04 09:49:00,35,264,4,16,84,15,247.95999999999998,0,0.0,0,247.95999999999998,61.989999999999995,0.0,4,3,1,8,431,Potential Loyalists
13593,United Kingdom,2010-03-02 16:36:00,2011-08-23 13:35:00,108,647,14,408,2170,212,5493.29,2,48.48,28,5444.81,392.3778571428571,0.882531233559488,3,5,5,13,355,Loyal Customers
13594,United Kingdom,2010-08-11 10:23:00,2011-10-18 10:19:00,52,485,2,33,396,31,533.32,1,24.9,2,508.4200000000001,266.66,4.668866721668041,4,2,2,8,422,Potential Loyalists
13595,United Kingdom,2010-03-03 14:42:00,2010-07-11 12:36:00,516,646,3,143,341,114,784.48,0,0.0,0,784.48,261.49333333333334,0.0,1,3,3,7,133,At Risk
13596,United Kingdom,2011-11-27 11:57:00,2011-12-04 12:01:00,5,12,2,146,384,133,664.11,0,0.0,0,664.11,332.055,0.0,5,2,3,10,523,Potential Loyalists
13597,United Kingdom,2010-11-02 09:30:00,2010-11-04 14:54:00,400,402,2,17,231,17,396.71,1,19.5,10,377.21,198.355,4.915429406871519,1,2,2,5,122,Hibernating
13598,United Kingdom,2010-02-26 11:22:00,2011-10-23 14:28:00,47,651,5,92,393,78,761.96,1,12.75,1,749.21,152.392,1.6733161845766182,4,4,3,11,443,Loyal Customers
13599,United Kingdom,2009-12-01 12:30:00,2011-12-08 16:10:00,1,738,33,392,6248,235,9811.04,19,375.57,223,9435.470000000001,297.30424242424243,3.8280345406807017,5,5,5,15,555,Champions
13600,United Kingdom,2010-03-15 17:16:00,2011-01-31 15:27:00,312,634,2,41,599,35,518.42,0,0.0,0,518.42,259.21,0.0,2,2,2,6,222,Hibernating
13601,United Kingdom,2010-06-11 15:03:00,2011-10-25 17:31:00,45,546,4,185,957,160,1159.99,0,0.0,0,1159.99,289.9975,0.0,4,3,3,10,433,Potential Loyalists
13602,United Kingdom,2010-05-28 11:49:00,2011-10-06 11:47:00,64,560,4,58,538,49,1025.17,0,0.0,0,1025.17,256.2925,0.0,4,3,3,10,433,Potential Loyalists
13603,United Kingdom,2011-11-13 15:57:00,2011-11-13 15:57:00,26,26,1,27,164,27,164.34,0,0.0,0,164.34,164.34,0.0,5,1,1,7,511,New Customers
13604,United Kingdom,2010-02-19 12:02:00,2010-02-19 12:02:00,658,658,1,21,242,21,717.62,1,4.23,3,713.39,717.62,0.5894484546138625,1,1,3,5,113,Hibernating
13605,United Kingdom,2010-05-17 15:46:00,2010-11-17 17:16:00,387,571,2,53,425,50,522.67,0,0.0,0,522.67,261.335,0.0,1,2,2,5,122,Hibernating
13606,United Kingdom,2011-02-01 11:42:00,2011-11-10 17:46:00,29,311,3,40,276,40,276.75,0,0.0,0,276.75,92.25,0.0,5,3,2,10,532,Potential Loyalists
13607,United Kingdom,2010-11-02 11:48:00,2011-10-30 16:17:00,40,402,2,121,466,110,1075.81,1,17.700000000000003,6,1058.11,537.905,1.6452719346352986,4,2,3,9,423,Potential Loyalists
13608,United Kingdom,2010-06-17 12:28:00,2010-06-17 12:28:00,540,540,1,34,110,31,232.05,0,0.0,0,232.05,232.05,0.0,1,1,1,3,111,Hibernating
13609,United Kingdom,2010-04-25 13:26:00,2010-04-25 13:26:00,593,593,1,7,19,7,167.35,0,0.0,0,167.35,167.35,0.0,1,1,1,3,111,Hibernating
13610,United Kingdom,2010-01-05 14:12:00,2011-11-27 15:38:00,12,703,14,398,868,308,2102.46,3,31.75,8,2070.71,150.1757142857143,1.51013574574546,5,5,4,14,554,Champions
13611,United Kingdom,2009-12-03 07:57:00,2011-09-11 14:51:00,89,736,10,226,1988,170,3297.9300000000003,4,38.5,13,3259.4300000000003,329.793,1.1673989441862016,4,4,5,13,445,Champions
13612,United Kingdom,2010-03-17 12:14:00,2010-03-17 12:14:00,632,632,1,50,444,50,818.29,1,40.5,6,777.79,818.29,4.949345586528004,1,1,3,5,113,Hibernating
13613,United Kingdom,2010-02-17 12:40:00,2010-09-13 12:01:00,452,660,5,59,445,50,1039.8500000000001,0,0.0,0,1039.8500000000001,207.97000000000003,0.0,1,4,3,8,143,At Risk
13614,United Kingdom,2010-06-06 13:42:00,2011-11-15 14:47:00,24,551,6,264,821,227,2332.74,0,0.0,0,2332.74,388.78999999999996,0.0,5,4,4,13,544,Champions
13615,United Kingdom,2010-01-28 15:43:00,2011-01-25 08:21:00,318,680,8,367,2910,259,6272.53,4,60.300000000000004,19,6212.23,784.06625,0.9613345811020435,2,4,5,11,245,At Risk
13616,United Kingdom,2010-01-17 14:56:00,2010-05-20 12:59:00,568,691,2,35,172,31,283.85,0,0.0,0,283.85,141.925,0.0,1,2,2,5,122,Hibernating
13617,United Kingdom,2010-08-01 15:23:00,2011-10-30 13:50:00,40,495,8,107,593,48,1278.75,1,14.95,1,1263.8,159.84375,1.16911045943304,4,4,4,12,444,Champions
13618,United Kingdom,2011-06-19 11:09:00,2011-06-19 11:09:00,173,173,1,13,246,13,177.34,0,0.0,0,177.34,177.34,0.0,3,1,1,5,311,Regular Customers
13619,United Kingdom,2010-02-03 14:16:00,2010-06-13 11:39:00,544,674,2,44,78,38,223.44,0,0.0,0,223.44,111.72,0.0,1,2,1,4,121,Hibernating
13620,United Kingdom,2010-06-29 15:02:00,2010-06-29 15:02:00,528,528,1,5,74,5,112.34,0,0.0,0,112.34,112.34,0.0,1,1,1,3,111,Hibernating
13621,United Kingdom,2011-08-15 08:26:00,2011-08-15 08:26:00,116,116,1,19,343,19,213.85,0,0.0,0,213.85,213.85,0.0,3,1,1,5,311,Regular Customers
13622,United Kingdom,2010-01-12 13:22:00,2010-01-12 13:22:00,696,696,1,32,379,32,658.95,1,7.5,2,651.45,658.95,1.1381743683132255,1,1,3,5,113,Hibernating
13623,United Kingdom,2009-12-02 13:57:00,2011-11-09 12:00:00,30,737,10,284,1010,211,2533.06,5,76.33,10,2456.73,253.30599999999998,3.0133514405501645,5,4,4,13,544,Champions
13624,United Kingdom,2010-11-16 13:43:00,2010-11-16 13:43:00,388,388,1,22,820,22,462.08,1,34.9,6,427.18,462.08,7.552804709141274,1,1,2,4,112,Hibernating
13625,United Kingdom,2010-04-22 10:50:00,2010-04-22 10:50:00,596,596,1,21,144,21,301.26,0,0.0,0,301.26,301.26,0.0,1,1,2,4,112,Hibernating
13626,United Kingdom,2010-11-25 16:12:00,2011-04-01 10:05:00,252,379,2,44,398,44,707.04,1,17.55,3,689.49,353.52,2.482179226069247,2,2,3,7,223,Hibernating
13627,United Kingdom,2010-03-09 14:03:00,2011-10-11 14:20:00,59,640,7,129,1632,118,2245.9,3,28.35,5,2217.55,320.84285714285716,1.2623001914599938,4,4,4,12,444,Champions
13628,United Kingdom,2010-02-01 14:44:00,2010-02-01 14:44:00,676,676,1,16,106,16,310.14,0,0.0,0,310.14,310.14,0.0,1,1,2,4,112,Hibernating
13629,United Kingdom,2010-02-11 17:34:00,2011-11-16 13:21:00,23,666,19,87,7722,28,13370.86,0,0.0,0,13370.86,703.7294736842106,0.0,5,5,5,15,555,Champions
13630,United Kingdom,2011-02-27 12:49:00,2011-12-04 15:16:00,5,285,7,71,1391,51,2031.78,4,36.1,14,1995.68,290.2542857142857,1.7767671696738823,5,4,4,13,544,Champions
13631,United Kingdom,2011-03-17 17:13:00,2011-09-01 09:57:00,99,267,11,11,467,6,3070.42,1,48.65,7,3021.77,279.1290909090909,1.584473785345327,3,5,5,13,355,Loyal Customers
13632,United Kingdom,2010-04-07 10:59:00,2011-11-15 10:51:00,24,611,8,220,1633,166,3645.81,2,13.45,3,3632.36,455.72625,0.36891664678082514,5,4,5,14,545,Champions
13634,United Kingdom,2010-01-10 14:26:00,2011-11-06 13:40:00,33,698,15,443,2085,267,4988.08,1,553.92,156,4434.16,332.53866666666664,11.104874019662876,4,5,5,14,455,Champions
13635,United Kingdom,2009-12-01 09:46:00,2011-10-03 10:55:00,67,738,4,162,1884,135,2999.16,2,50.94,15,2948.22,749.79,1.698475573160485,4,3,5,12,435,Potential Loyalists
13636,United Kingdom,2011-02-27 14:29:00,2011-11-03 10:30:00,36,285,5,63,592,57,949.12,1,7.5,6,941.62,189.824,0.7902056641942009,4,4,3,11,443,Loyal Customers
13637,United Kingdom,2011-04-27 13:06:00,2011-10-18 13:32:00,52,226,3,98,404,78,803.05,0,0.0,0,803.05,267.68333333333334,0.0,4,3,3,10,433,Potential Loyalists
13638,United Kingdom,2011-11-24 10:38:00,2011-11-24 10:38:00,15,15,1,8,93,8,122.64,0,0.0,0,122.64,122.64,0.0,5,1,1,7,511,New Customers
13639,United Kingdom,2010-09-29 10:05:00,2011-09-26 13:36:00,74,436,2,59,997,49,1346.27,0,0.0,0,1346.27,673.135,0.0,4,2,4,10,424,Potential Loyalists
13640,United Kingdom,2010-04-07 15:33:00,2010-04-07 15:33:00,611,611,1,4,108,4,405.0,0,0.0,0,405.0,405.0,0.0,1,1,2,4,112,Hibernating
13641,United Kingdom,2009-12-05 13:17:00,2010-03-09 07:37:00,640,734,4,43,1097,40,942.37,2,94.65,18,847.72,235.5925,10.043825673567708,1,3,3,7,133,At Risk
13642,United Kingdom,2010-10-03 12:23:00,2011-05-08 12:34:00,215,432,4,105,231,93,472.2,1,12.75,1,459.45,118.05,2.7001270648030493,2,3,2,7,232,At Risk
13643,United Kingdom,2009-12-08 12:48:00,2011-11-08 15:37:00,31,731,10,102,902,71,2156.77,5,44.6,8,2112.17,215.677,2.0679071018235606,4,4,4,12,444,Champions
13644,United Kingdom,2011-08-26 11:53:00,2011-11-23 14:07:00,16,105,4,146,2067,144,2624.26,1,26.74,7,2597.5200000000004,656.065,1.0189539146273614,5,3,4,12,534,Potential Loyalists
13645,United Kingdom,2011-08-11 16:11:00,2011-08-11 16:11:00,120,120,1,5,158,5,252.1,0,0.0,0,252.1,252.1,0.0,3,1,1,5,311,Regular Customers
13646,United Kingdom,2010-11-05 12:00:00,2010-11-05 12:13:00,399,399,2,58,79,58,326.25,1,2.95,1,323.3,163.125,0.9042145593869733,1,2,2,5,122,Hibernating
13647,United Kingdom,2010-04-15 12:55:00,2011-11-30 12:00:00,9,603,8,139,1795,98,3041.68,1,7.9,1,3033.7799999999997,380.21,0.25972488887719947,5,4,5,14,545,Champions
13648,United Kingdom,2009-12-01 18:13:00,2010-11-04 14:46:00,400,738,8,105,959,94,1759.0700000000002,3,77.95,31,1681.1200000000001,219.88375000000002,4.431318821877469,1,4,4,9,144,At Risk
13649,United Kingdom,2010-06-30 16:35:00,2011-03-28 11:51:00,256,527,6,108,782,97,1453.68,0,0.0,0,1453.68,242.28,0.0,2,4,4,10,244,At Risk
13650,United Kingdom,2010-01-26 08:44:00,2011-11-23 12:22:00,16,682,10,172,1746,127,3288.0,6,189.5,72,3098.5,328.8,5.76338199513382,5,4,5,14,545,Champions
13651,United Kingdom,2010-11-23 09:44:00,2011-10-31 12:11:00,39,381,2,13,61,13,211.85,1,17.9,2,193.95,105.925,8.449374557469907,4,2,1,7,421,Potential Loyalists
13652,United Kingdom,2010-02-25 17:37:00,2011-10-25 08:51:00,45,652,5,141,1458,116,2262.05,0,0.0,0,2262.05,452.41,0.0,4,4,4,12,444,Champions
13653,United Kingdom,2010-08-09 08:19:00,2010-08-09 08:19:00,487,487,1,9,72,9,152.2,0,0.0,0,152.2,152.2,0.0,1,1,1,3,111,Hibernating
13654,United Kingdom,2009-12-02 11:43:00,2011-10-27 16:24:00,43,737,11,329,4762,262,6308.0,0,0.0,0,6308.0,573.4545454545455,0.0,4,5,5,14,455,Champions
13655,United Kingdom,2010-04-27 09:59:00,2011-08-17 14:25:00,114,591,6,119,1225,103,2280.51,2,18.85,12,2261.6600000000003,380.08500000000004,0.8265694954198842,3,4,4,11,344,Loyal Customers
13656,United Kingdom,2010-04-23 12:50:00,2011-06-28 10:31:00,164,595,4,87,862,81,1078.85,3,25.5,3,1053.35,269.7125,2.3636279371553046,3,3,3,9,333,Need Attention
13657,United Kingdom,2011-05-22 12:35:00,2011-11-29 12:32:00,10,201,2,16,209,16,382.14,0,0.0,0,382.14,191.07,0.0,5,2,2,9,522,Potential Loyalists
13658,United Kingdom,2010-02-05 13:17:00,2011-11-30 10:13:00,9,672,9,237,2171,164,6025.5,4,253.43,25,5772.07,669.5,4.205958011783255,5,4,5,14,545,Champions
13659,United Kingdom,2010-02-17 09:05:00,2011-05-18 12:37:00,205,660,12,274,2527,224,4884.68,5,178.25,35,4706.43,407.0566666666667,3.6491643260152147,2,5,5,12,255,At Risk
13660,United Kingdom,2010-11-04 16:10:00,2010-11-04 16:10:00,400,400,1,40,136,39,306.64,1,10.9,2,295.74,306.64,3.554656926689278,1,1,2,4,112,Hibernating
13661,United Kingdom,2010-04-15 14:58:00,2010-04-15 14:58:00,603,603,1,17,118,17,325.24,0,0.0,0,325.24,325.24,0.0,1,1,2,4,112,Hibernating
13662,United Kingdom,2010-02-19 13:21:00,2011-09-15 12:04:00,85,658,11,136,1169,126,2233.61,6,66.98,27,2166.63,203.05545454545455,2.9987329927785065,4,5,4,13,454,Champions
13663,United Kingdom,2010-03-03 10:11:00,2011-06-13 15:44:00,179,646,5,99,893,87,2047.51,1,33.9,2,2013.61,409.502,1.6556695693793926,3,4,4,11,344,Loyal Customers
13665,United Kingdom,2010-07-23 13:29:00,2010-11-18 13:06:00,386,504,3,106,1652,97,1711.66,0,0.0,0,1711.66,570.5533333333334,0.0,1,3,4,8,134,At Risk
13666,United Kingdom,2009-12-04 10:48:00,2011-10-10 15:39:00,60,735,5,18,53,18,127.05,0,0.0,0,127.05,25.41,0.0,4,4,1,9,441,Loyal Customers
13667,United Kingdom,2011-07-13 15:42:00,2011-07-13 15:42:00,149,149,1,83,149,82,299.05,0,0.0,0,299.05,299.05,0.0,3,1,2,6,312,Regular Customers
13668,United Kingdom,2009-12-11 14:28:00,2011-12-07 12:11:00,2,728,35,756,6096,411,12948.48,12,340.8,151,12607.68,369.9565714285714,2.63196915776987,5,5,5,15,555,Champions
13669,United Kingdom,2010-10-28 15:05:00,2011-10-20 09:32:00,50,407,3,14,393,13,413.55,0,0.0,0,413.55,137.85,0.0,4,3,2,9,432,Potential Loyalists
13670,United Kingdom,2011-09-25 15:25:00,2011-09-25 15:25:00,75,75,1,25,282,25,349.7,0,0.0,0,349.7,349.7,0.0,4,1,2,7,412,Promising Customers
13671,United Kingdom,2010-11-10 10:50:00,2010-11-10 10:50:00,394,394,1,64,95,61,172.6,0,0.0,0,172.6,172.6,0.0,1,1,1,3,111,Hibernating
13672,United Kingdom,2009-12-09 11:40:00,2011-02-11 13:53:00,301,730,3,18,138,13,419.92,3,186.39000000000001,57,233.53,139.97333333333333,44.38702610020957,2,3,1,6,231,At Risk
13673,United Kingdom,2011-11-07 15:40:00,2011-11-21 12:11:00,18,32,2,60,114,47,387.44,0,0.0,0,387.44,193.72,0.0,5,2,2,9,522,Potential Loyalists
13674,United Kingdom,2010-10-03 10:41:00,2010-10-03 10:41:00,432,432,1,14,102,14,240.68,1,24.799999999999997,4,215.88,240.68,10.304138274887817,1,1,1,3,111,Hibernating
13675,United Kingdom,2011-02-28 12:14:00,2011-07-11 12:57:00,151,284,2,25,330,25,486.82000000000005,0,0.0,0,486.82000000000005,243.41000000000003,0.0,3,2,2,7,322,Need Attention
13676,United Kingdom,2010-03-30 16:53:00,2010-06-18 17:30:00,539,619,2,13,104,13,243.9,1,90.75,45,153.15,121.95,37.20787207872079,1,2,1,4,121,Hibernating
13677,United Kingdom,2010-07-07 17:25:00,2010-10-31 11:32:00,404,520,2,106,217,98,551.24,0,0.0,0,551.24,275.62,0.0,1,2,2,5,122,Hibernating
13678,United Kingdom,2011-07-11 10:14:00,2011-07-11 10:14:00,151,151,1,16,924,16,232.6,0,0.0,0,232.6,232.6,0.0,3,1,1,5,311,Regular Customers
13679,United Kingdom,2009-12-04 16:52:00,2010-08-03 12:13:00,493,735,3,50,102,44,281.26,0,0.0,0,281.26,93.75333333333333,0.0,1,3,2,6,132,At Risk
13680,United Kingdom,2009-12-04 14:14:00,2011-12-08 13:47:00,1,735,12,646,5244,354,11419.67,1,1520.11,669,9899.56,951.6391666666667,13.311330362436042,5,5,5,15,555,Champions
13681,United Kingdom,2011-07-07 15:21:00,2011-11-22 11:13:00,17,155,4,57,360,37,827.83,0,0.0,0,827.83,206.9575,0.0,5,3,3,11,533,Potential Loyalists
13682,United Kingdom,2011-06-05 14:06:00,2011-06-05 14:06:00,187,187,1,3,10,3,59.5,0,0.0,0,59.5,59.5,0.0,2,1,1,4,211,Hibernating
13683,United Kingdom,2010-09-08 10:00:00,2010-09-08 10:00:00,457,457,1,10,180,10,258.6,0,0.0,0,258.6,258.6,0.0,1,1,1,3,111,Hibernating
13684,United Kingdom,2010-03-28 14:48:00,2011-02-27 10:13:00,285,621,4,108,234,81,594.88,2,50.46,12,544.42,148.72,8.482383001613771,2,3,2,7,232,At Risk
13685,United Kingdom,2011-10-10 12:59:00,2011-12-07 11:41:00,2,60,7,39,5056,29,3119.44,0,0.0,0,3119.44,445.63428571428574,0.0,5,4,5,14,545,Champions
13686,United Kingdom,2010-11-03 13:44:00,2011-06-10 09:10:00,182,401,3,34,378,27,409.04,0,0.0,0,409.04,136.34666666666666,0.0,2,3,2,7,232,At Risk
13687,United Kingdom,2010-09-27 16:30:00,2010-09-27 16:30:00,438,438,1,45,87167,45,11880.84,0,0.0,0,11880.84,11880.84,0.0,1,1,5,7,115,At Risk
13688,United Kingdom,2010-03-14 14:11:00,2010-03-14 14:11:00,635,635,1,5,130,5,375.5,0,0.0,0,375.5,375.5,0.0,1,1,2,4,112,Hibernating
13689,United Kingdom,2010-09-21 10:27:00,2011-10-07 13:21:00,63,444,2,9,722,6,1259.5,0,0.0,0,1259.5,629.75,0.0,4,2,4,10,424,Potential Loyalists
13690,United Kingdom,2011-10-11 15:03:00,2011-10-11 15:03:00,59,59,1,9,67,9,172.25,0,0.0,0,172.25,172.25,0.0,4,1,1,6,411,Promising Customers
13691,United Kingdom,2010-11-08 17:34:00,2010-11-08 17:34:00,396,396,1,53,144,53,210.78,0,0.0,0,210.78,210.78,0.0,1,1,1,3,111,Hibernating
13692,United Kingdom,2010-10-15 13:28:00,2011-11-15 11:17:00,24,420,5,96,2101,83,3114.4,2,91.45,11,3022.9500000000003,622.88,2.9363601335730802,5,4,5,14,545,Champions
13693,United Kingdom,2009-12-07 11:29:00,2010-11-30 18:21:00,374,732,9,106,880,78,2011.8200000000002,3,45.5,8,1966.3200000000002,223.53555555555556,2.2616337445695933,1,4,4,9,144,At Risk
13694,United Kingdom,2009-12-04 15:26:00,2011-12-06 09:32:00,3,735,143,1519,188201,896,195640.69,15,5249.19,3659,190391.5,1368.1167132867133,2.683076818017765,5,5,5,15,555,Champions
13695,United Kingdom,2010-05-11 11:07:00,2011-11-08 14:26:00,31,577,16,96,1791,47,2770.73,0,0.0,0,2770.73,173.170625,0.0,4,5,4,13,454,Champions
13696,United Kingdom,2010-02-11 14:17:00,2010-10-14 09:44:00,421,666,3,24,552,24,2020.4,1,11.7,6,2008.7,673.4666666666667,0.5790932488616115,1,3,4,8,134,At Risk
13697,United Kingdom,2011-11-01 09:14:00,2011-11-01 09:14:00,38,38,1,12,177,12,151.3,0,0.0,0,151.3,151.3,0.0,4,1,1,6,411,Promising Customers
13698,United Kingdom,2010-01-27 09:02:00,2010-04-22 11:52:00,596,681,2,38,227,31,451.73,0,0.0,0,451.73,225.865,0.0,1,2,2,5,122,Hibernating
13699,United Kingdom,2010-06-07 13:03:00,2011-07-07 16:51:00,155,550,2,37,219,33,764.15,1,52.75,5,711.4,382.075,6.903094942092522,3,2,3,8,323,Need Attention
13700,United Kingdom,2010-02-07 10:53:00,2011-11-13 13:00:00,26,670,13,240,2786,163,2596.9700000000003,1,27.25,11,2569.7200000000003,199.7669230769231,1.0492997608751737,5,5,4,14,554,Champions
13701,United Kingdom,2010-09-19 12:39:00,2010-09-19 12:39:00,446,446,1,9,80,9,161.0,1,1.45,1,159.55,161.0,0.9006211180124223,1,1,1,3,111,Hibernating
13702,United Kingdom,2010-09-20 11:40:00,2010-09-20 11:40:00,445,445,1,5,74,5,135.18,0,0.0,0,135.18,135.18,0.0,1,1,1,3,111,Hibernating
13703,United Kingdom,2010-10-20 13:11:00,2011-01-25 13:10:00,318,415,2,37,128,36,425.56,1,326.06,118,99.5,212.78,76.61904314315255,2,2,1,5,221,Hibernating
13704,United Kingdom,2011-09-12 14:40:00,2011-12-04 15:13:00,5,88,9,134,1531,111,2308.06,1,12.75,3,2295.31,256.4511111111111,0.5524119823574777,5,4,4,13,544,Champions
13705,United Kingdom,2010-03-25 17:19:00,2011-12-02 12:32:00,7,624,7,74,906,55,1717.19,0,0.0,0,1717.19,245.31285714285715,0.0,5,4,4,13,544,Champions
13706,United Kingdom,2010-03-23 09:18:00,2011-02-10 09:21:00,302,626,2,38,301,38,631.1700000000001,0,0.0,0,631.1700000000001,315.58500000000004,0.0,2,2,3,7,223,Hibernating
13707,United Kingdom,2010-06-21 11:57:00,2011-03-17 18:03:00,267,536,5,155,2210,142,3365.86,0,0.0,0,3365.86,673.172,0.0,2,4,5,11,245,At Risk
13708,United Kingdom,2011-03-13 13:46:00,2011-03-13 13:46:00,271,271,1,48,300,48,283.33,0,0.0,0,283.33,283.33,0.0,2,1,2,5,212,Hibernating
13709,United Kingdom,2010-01-11 10:40:00,2011-12-06 10:28:00,3,697,18,407,4122,296,7571.35,4,78.94,15,7492.410000000001,420.6305555555556,1.0426145931703066,5,5,5,15,555,Champions
13710,United Kingdom,2010-04-06 12:54:00,2011-11-08 08:16:00,31,612,3,15,336,13,509.52,0,0.0,0,509.52,169.84,0.0,4,3,2,9,432,Potential Loyalists
13711,United Kingdom,2009-12-15 19:04:00,2011-05-05 10:31:00,218,724,9,92,819,80,1792.26,6,159.65,23,1632.61,199.14,8.907747759811635,2,4,4,10,244,At Risk
13712,United Kingdom,2010-04-08 11:16:00,2011-04-07 12:33:00,246,610,2,33,1128,32,766.42,0,0.0,0,766.42,383.21,0.0,2,2,3,7,223,Hibernating
13713,United Kingdom,2010-05-05 16:48:00,2010-10-27 16:18:00,408,583,3,80,284,70,740.76,0,0.0,0,740.76,246.92,0.0,1,3,3,7,133,At Risk
13714,United Kingdom,2010-08-31 13:57:00,2010-08-31 13:57:00,465,465,1,30,50,30,161.35,0,0.0,0,161.35,161.35,0.0,1,1,1,3,111,Hibernating
13715,United Kingdom,2010-03-11 15:33:00,2011-03-03 19:21:00,281,638,17,512,4800,277,8153.04,4,44.95,15,8108.09,479.5905882352941,0.5513280935700058,2,5,5,12,255,At Risk
13716,United Kingdom,2011-03-15 13:49:00,2011-03-15 13:49:00,269,269,1,21,138,21,138.28,0,0.0,0,138.28,138.28,0.0,2,1,1,4,211,Hibernating
13717,United Kingdom,2010-08-11 09:40:00,2011-11-07 14:13:00,32,485,8,124,2144,110,1763.3,3,15.25,3,1748.05,220.4125,0.8648556683491182,4,4,4,12,444,Champions
13718,United Kingdom,2011-02-17 11:58:00,2011-04-07 13:24:00,246,295,2,12,173,9,306.55,0,0.0,0,306.55,153.275,0.0,2,2,2,6,222,Hibernating
13719,United Kingdom,2010-05-17 14:36:00,2011-11-24 15:26:00,15,571,11,247,1586,193,2782.1,0,0.0,0,2782.1,252.9181818181818,0.0,5,5,4,14,554,Champions
13720,United Kingdom,2011-03-30 09:17:00,2011-08-15 12:46:00,116,254,4,43,501,42,799.9,0,0.0,0,799.9,199.975,0.0,3,3,3,9,333,Need Attention
13721,United Kingdom,2010-11-09 17:59:00,2011-11-03 14:05:00,36,395,2,42,512,41,741.54,0,0.0,0,741.54,370.77,0.0,4,2,3,9,423,Potential Loyalists
13722,United Kingdom,2010-03-03 14:13:00,2011-07-31 12:44:00,131,646,10,189,3059,137,5635.41,1,6.25,1,5629.16,563.5409999999999,0.11090586133040899,3,4,5,12,345,Loyal Customers
13723,United Kingdom,2010-04-07 14:32:00,2011-05-06 17:04:00,217,611,6,58,593,51,1194.08,0,0.0,0,1194.08,199.01333333333332,0.0,2,4,4,10,244,At Risk
13724,United Kingdom,2010-03-12 15:28:00,2010-03-12 15:28:00,637,637,1,42,130,39,213.01,0,0.0,0,213.01,213.01,0.0,1,1,1,3,111,Hibernating
13725,United Kingdom,2011-02-04 12:18:00,2011-10-21 10:03:00,49,308,8,104,806,95,1980.56,3,170.75,147,1809.81,247.57,8.62129902653795,4,4,4,12,444,Champions
13726,United Kingdom,2011-08-31 11:06:00,2011-11-01 10:49:00,38,100,2,42,1054,39,1079.66,0,0.0,0,1079.66,539.83,0.0,4,2,3,9,423,Potential Loyalists
13727,United Kingdom,2009-12-09 13:25:00,2011-11-11 09:46:00,28,730,8,83,368,74,1074.15,1,12.75,3,1061.4,134.26875,1.1869850579527998,5,4,3,12,543,Loyal Customers
13728,United Kingdom,2009-12-09 17:13:00,2011-11-03 10:49:00,36,730,16,164,1269,75,2855.17,0,0.0,0,2855.17,178.448125,0.0,4,5,5,14,455,Champions
13729,United Kingdom,2010-01-24 14:57:00,2010-09-30 10:44:00,435,684,3,39,419,36,724.73,2,48.3,14,676.4300000000001,241.57666666666668,6.664550936210727,1,3,3,7,133,At Risk
13730,United Kingdom,2011-07-01 12:47:00,2011-07-27 08:35:00,135,161,2,43,488,38,752.6,0,0.0,0,752.6,376.3,0.0,3,2,3,8,323,Need Attention
13731,United Kingdom,2011-04-07 10:10:00,2011-05-04 14:33:00,219,246,2,38,278,36,610.59,0,0.0,0,610.59,305.295,0.0,2,2,3,7,223,Hibernating
13732,United Kingdom,2011-11-11 15:49:00,2011-11-11 15:49:00,28,28,1,33,498,33,491.86,0,0.0,0,491.86,491.86,0.0,5,1,2,8,512,New Customers
13733,United Kingdom,2009-12-04 15:28:00,2010-10-25 12:18:00,410,735,2,29,335,28,487.03000000000003,1,2.5,2,484.53000000000003,243.51500000000001,0.5133154015153071,1,2,2,5,122,Hibernating
13734,United Kingdom,2010-04-16 08:42:00,2010-07-19 12:04:00,508,602,4,27,302,24,6695.6900000000005,2,3250.3500000000004,93,3445.34,1673.9225000000001,48.54391407009584,1,3,5,9,135,At Risk
13735,United Kingdom,2009-12-13 13:31:00,2011-11-15 11:14:00,24,726,13,647,4135,362,9762.77,9,340.41,88,9422.36,750.9823076923077,3.486817778151078,5,5,5,15,555,Champions
13736,United Kingdom,2009-12-06 12:07:00,2011-12-04 15:19:00,5,733,7,554,1549,325,2752.47,5,51.2,12,2701.27,393.21,1.860147431216326,5,4,4,13,544,Champions
13737,United Kingdom,2011-05-23 16:32:00,2011-05-23 16:32:00,200,200,1,30,125,29,339.6,0,0.0,0,339.6,339.6,0.0,2,1,2,5,212,Hibernating
13738,United Kingdom,2010-11-08 15:23:00,2010-11-08 15:23:00,396,396,1,89,237,88,434.78,0,0.0,0,434.78,434.78,0.0,1,1,2,4,112,Hibernating
13739,United Kingdom,2010-06-30 10:25:00,2011-11-21 13:35:00,18,527,2,6,76,6,292.2,0,0.0,0,292.2,146.1,0.0,5,2,2,9,522,Potential Loyalists
13740,United Kingdom,2009-12-02 12:22:00,2011-04-13 10:32:00,240,737,5,94,987,83,1582.77,0,0.0,0,1582.77,316.554,0.0,2,4,4,10,244,At Risk
13741,United Kingdom,2011-05-06 13:43:00,2011-09-29 09:19:00,71,217,3,34,218,34,668.4300000000001,1,2.1,1,666.33,222.81000000000003,0.3141690229343387,4,3,3,10,433,Potential Loyalists
13742,United Kingdom,2011-01-23 14:59:00,2011-11-23 11:07:00,16,320,12,313,1115,200,3107.87,2,28.599999999999998,8,3079.27,258.9891666666667,0.920244411767545,5,5,5,15,555,Champions
13743,United Kingdom,2011-03-25 14:46:00,2011-12-07 10:09:00,2,259,7,41,1776,8,1341.6,1,1.45,1,1340.1499999999999,191.65714285714284,0.10807990459153251,5,4,4,13,544,Champions
13744,United Kingdom,2011-02-20 14:08:00,2011-09-05 15:19:00,95,292,2,63,1153,54,1080.52,0,0.0,0,1080.52,540.26,0.0,3,2,3,8,323,Need Attention
13745,United Kingdom,2010-06-11 17:19:00,2011-06-30 16:43:00,162,546,2,56,1146,46,777.36,2,16.09,25,761.27,388.68,2.0698260780076154,3,2,3,8,323,Need Attention
13746,United Kingdom,2010-10-22 11:55:00,2010-10-22 11:55:00,413,413,1,9,83,9,176.69,0,0.0,0,176.69,176.69,0.0,1,1,1,3,111,Hibernating
13747,United Kingdom,2010-10-11 09:15:00,2010-12-01 10:37:00,373,424,2,5,60,4,169.8,0,0.0,0,169.8,84.9,0.0,1,2,1,4,121,Hibernating
13748,United Kingdom,2009-12-01 16:44:00,2011-09-05 09:45:00,95,738,9,58,1028,40,2064.35,0,0.0,0,2064.35,229.3722222222222,0.0,3,4,4,11,344,Loyal Customers
13750,United Kingdom,2010-04-01 14:49:00,2011-10-17 12:16:00,53,617,11,75,1370,51,3602.18,2,38.58,10,3563.6,327.47090909090906,1.071018105702658,4,5,5,14,455,Champions
13751,United Kingdom,2011-02-24 15:56:00,2011-02-24 15:56:00,288,288,1,9,152,9,296.25,0,0.0,0,296.25,296.25,0.0,2,1,2,5,212,Hibernating
13752,United Kingdom,2010-06-30 10:23:00,2011-08-07 14:16:00,124,527,7,94,1005,75,1579.8300000000002,0,0.0,0,1579.8300000000002,225.69000000000003,0.0,3,4,4,11,344,Loyal Customers
13753,United Kingdom,2009-12-03 10:20:00,2011-02-25 12:48:00,287,736,4,80,1450,64,2094.57,0,0.0,0,2094.57,523.6425,0.0,2,3,4,9,234,At Risk
13754,United Kingdom,2010-09-28 15:29:00,2011-07-11 11:51:00,151,437,3,21,315,16,447.05,0,0.0,0,447.05,149.01666666666668,0.0,3,3,2,8,332,Need Attention
13755,United Kingdom,2011-10-07 15:45:00,2011-12-06 12:26:00,3,63,9,321,1242,232,2108.06,1,6.67,23,2101.39,234.2288888888889,0.3164046564139541,5,4,4,13,544,Champions
13756,United Kingdom,2009-12-15 15:18:00,2011-12-07 16:44:00,2,724,23,343,5138,142,8655.95,2,60.300000000000004,26,8595.650000000001,376.3456521739131,0.6966306413507471,5,5,5,15,555,Champions
13757,United Kingdom,2010-02-03 12:37:00,2010-02-03 12:37:00,674,674,1,8,54,8,195.55,0,0.0,0,195.55,195.55,0.0,1,1,1,3,111,Hibernating
13758,United Kingdom,2009-12-01 10:06:00,2011-11-28 11:11:00,11,738,14,284,4666,212,8595.29,3,51.0,8,8544.29,613.9492857142858,0.5933482174539776,5,5,5,15,555,Champions
13759,United Kingdom,2011-09-29 15:40:00,2011-11-06 14:47:00,33,71,2,25,287,24,659.4100000000001,0,0.0,0,659.4100000000001,329.70500000000004,0.0,4,2,3,9,423,Potential Loyalists
13760,United Kingdom,2010-04-25 13:10:00,2011-10-16 16:13:00,54,593,5,119,623,95,1363.6399999999999,1,5.0,4,1358.6399999999999,272.72799999999995,0.3666656888914963,4,4,4,12,444,Champions
13761,United Kingdom,2010-02-21 11:08:00,2011-10-20 14:01:00,50,656,6,122,1079,118,1952.17,0,0.0,0,1952.17,325.3616666666667,0.0,4,4,4,12,444,Champions
13762,United Kingdom,2010-01-10 12:13:00,2011-05-05 09:15:00,218,698,5,35,2608,23,2472.48,1,306.72,272,2165.76,494.496,12.405358182877112,2,4,4,10,244,At Risk
13763,United Kingdom,2010-09-30 17:39:00,2011-10-07 15:13:00,63,435,3,50,3224,50,5217.44,3,35.45,4,5181.99,1739.1466666666665,0.6794519917814101,4,3,5,12,435,Potential Loyalists
13764,United Kingdom,2010-03-07 12:56:00,2011-09-30 12:03:00,70,642,6,368,2080,294,2908.67,0,0.0,0,2908.67,484.77833333333336,0.0,4,4,5,13,445,Champions
13765,United Kingdom,2010-02-24 13:46:00,2010-02-24 13:46:00,653,653,1,17,297,17,352.821,0,0.0,0,352.821,352.821,0.0,1,1,2,4,112,Hibernating
13766,United Kingdom,2010-08-01 14:25:00,2010-08-01 14:25:00,495,495,1,17,137,16,190.35,0,0.0,0,190.35,190.35,0.0,1,1,1,3,111,Hibernating
13767,United Kingdom,2009-12-01 10:52:00,2011-12-07 15:00:00,2,738,73,764,14595,117,33903.57,23,422.75,95,33480.82,464.43246575342465,1.2469188348011728,5,5,5,15,555,Champions
13768,United Kingdom,2009-12-09 10:25:00,2009-12-13 10:41:00,726,730,2,33,373,30,875.97,6,117.9,16,758.07,437.985,13.459365046748175,1,2,3,6,123,Hibernating
13769,United Kingdom,2009-12-16 11:59:00,2011-12-07 15:08:00,2,723,20,275,2452,121,5478.12,9,33.79,16,5444.33,273.906,0.6168174483216871,5,5,5,15,555,Champions
13770,United Kingdom,2009-12-09 14:44:00,2010-10-13 15:10:00,422,730,4,48,468,48,785.37,0,0.0,0,785.37,196.3425,0.0,1,3,3,7,133,At Risk
13771,United Kingdom,2010-02-25 12:37:00,2011-10-06 14:18:00,64,652,9,216,3140,182,5728.82,1,2.75,1,5726.07,636.5355555555556,0.04800290461211908,4,4,5,13,445,Champions
13772,United Kingdom,2010-02-23 13:55:00,2011-11-06 11:43:00,33,654,8,567,1446,394,3100.02,1,19.5,22,3080.52,387.5025,0.6290281998180657,4,4,5,13,445,Champions
13773,United Kingdom,2010-02-18 10:27:00,2010-11-08 11:49:00,396,659,2,19,174,19,301.54,0,0.0,0,301.54,150.77,0.0,1,2,2,5,122,Hibernating
13774,United Kingdom,2011-09-19 12:06:00,2011-09-19 12:06:00,81,81,1,22,192,22,345.0,0,0.0,0,345.0,345.0,0.0,4,1,2,7,412,Promising Customers
13775,United Kingdom,2010-04-28 12:15:00,2010-04-28 12:15:00,590,590,1,63,455,63,1049.66,0,0.0,0,1049.66,1049.66,0.0,1,1,3,5,113,Hibernating
13777,United Kingdom,2009-12-02 09:47:00,2011-12-09 12:25:00,0,737,61,356,23190,44,49638.26,11,410.1,153,49228.16,813.7419672131148,0.8261772270019134,5,5,5,15,555,Champions
13778,United Kingdom,2010-05-23 13:34:00,2011-08-28 15:25:00,103,565,4,44,511,33,1124.49,1,7.95,1,1116.54,281.1225,0.7069871675159406,3,3,3,9,333,Need Attention
13779,United Kingdom,2010-07-12 11:24:00,2010-07-12 11:24:00,515,515,1,27,53,27,161.13,0,0.0,0,161.13,161.13,0.0,1,1,1,3,111,Hibernating
13780,United Kingdom,2010-10-28 19:51:00,2011-12-02 13:49:00,7,407,3,98,479,90,732.07,0,0.0,0,732.07,244.02333333333334,0.0,5,3,3,11,533,Potential Loyalists
13781,United Kingdom,2009-12-18 15:46:00,2011-04-03 12:08:00,250,721,3,57,300,56,778.83,1,7.95,1,770.88,259.61,1.0207619120989175,2,3,3,8,233,At Risk
13782,United Kingdom,2009-12-06 12:52:00,2011-11-27 11:54:00,12,733,13,238,643,187,1786.08,1,7.95,1,1778.1299999999999,137.39076923076922,0.445108841709218,5,5,4,14,554,Champions
13783,United Kingdom,2010-02-04 13:47:00,2010-08-09 09:23:00,487,673,4,10,3437,4,1542.09,0,0.0,0,1542.09,385.5225,0.0,1,3,4,8,134,At Risk
13784,United Kingdom,2010-09-15 12:27:00,2011-11-30 09:33:00,9,450,14,43,2827,13,2910.23,1,13.05,5,2897.18,207.87357142857144,0.44841816626177317,5,5,5,15,555,Champions
13785,United Kingdom,2010-09-05 16:01:00,2010-10-07 09:25:00,428,460,4,30,151,26,542.49,0,0.0,0,542.49,135.6225,0.0,1,3,2,6,132,At Risk
13786,United Kingdom,2009-12-03 15:32:00,2010-12-07 13:53:00,367,736,6,116,1515,80,3127.9900000000002,1,15.0,12,3112.9900000000002,521.3316666666667,0.47954117500375637,1,4,5,10,145,At Risk
13787,United Kingdom,2010-01-14 10:13:00,2011-09-25 12:06:00,75,694,6,86,998,71,1222.5,3,48.8,11,1173.7,203.75,3.9918200408997953,4,4,3,11,443,Loyal Customers
13788,United Kingdom,2010-07-22 15:50:00,2010-07-22 15:50:00,505,505,1,1,1,1,3.75,0,0.0,0,3.75,3.75,0.0,1,1,1,3,111,Hibernating
13789,United Kingdom,2010-11-16 15:31:00,2010-11-16 15:31:00,388,388,1,18,258,18,239.46,0,0.0,0,239.46,239.46,0.0,1,1,1,3,111,Hibernating
13790,United Kingdom,2011-12-05 15:48:00,2011-12-05 15:48:00,4,4,1,45,748,45,348.79999999999995,0,0.0,0,348.79999999999995,348.79999999999995,0.0,5,1,2,8,512,New Customers
13791,United Kingdom,2011-06-24 16:38:00,2011-08-04 11:44:00,127,168,2,11,1200,7,1516.0,1,468.32,372,1047.68,758.0,30.89182058047493,3,2,3,8,323,Need Attention
13792,United Kingdom,2010-10-13 11:05:00,2011-10-04 14:31:00,66,422,3,23,156,23,383.95,0,0.0,0,383.95,127.98333333333333,0.0,4,3,2,9,432,Potential Loyalists
13793,United Kingdom,2010-03-03 08:25:00,2010-03-03 08:25:00,646,646,1,7,52,7,96.0,0,0.0,0,96.0,96.0,0.0,1,1,1,3,111,Hibernating
13794,United Kingdom,2010-06-11 12:30:00,2010-06-11 12:30:00,546,546,1,9,63,9,126.03,0,0.0,0,126.03,126.03,0.0,1,1,1,3,111,Hibernating
13795,United Kingdom,2010-03-12 12:44:00,2010-11-16 17:25:00,388,637,4,29,1250,23,836.3,0,0.0,0,836.3,209.075,0.0,1,3,3,7,133,At Risk
13796,United Kingdom,2010-07-28 14:45:00,2010-07-28 14:45:00,499,499,1,22,218,22,289.7,0,0.0,0,289.7,289.7,0.0,1,1,2,4,112,Hibernating
13797,United Kingdom,2010-03-02 12:17:00,2010-09-29 10:34:00,436,647,3,78,573,71,1179.45,1,11.0,3,1168.45,393.15000000000003,0.9326380940268769,1,3,3,7,133,At Risk
13798,United Kingdom,2009-12-08 16:21:00,2011-12-08 15:51:00,1,731,110,721,48187,168,75428.87,14,2251.37,934,73177.5,685.717,2.984759018662218,5,5,5,15,555,Champions
13799,United Kingdom,2010-03-05 16:39:00,2011-08-15 12:07:00,116,644,9,106,1539,64,2803.57,4,763.75,181,2039.8200000000002,311.5077777777778,27.24205209786094,3,4,4,11,344,Loyal Customers
13800,United Kingdom,2009-12-03 10:03:00,2011-02-03 12:27:00,309,736,3,73,891,73,1679.56,0,0.0,0,1679.56,559.8533333333334,0.0,2,3,4,9,234,At Risk
13801,United Kingdom,2011-10-04 10:15:00,2011-10-04 10:15:00,66,66,1,23,168,23,324.8,0,0.0,0,324.8,324.8,0.0,4,1,2,7,412,Promising Customers
13802,United Kingdom,2010-02-16 10:11:00,2011-07-24 10:54:00,138,661,19,448,14129,212,26259.11,5,767.55,299,25491.56,1382.0584210526315,2.92298558481228,3,5,5,13,355,Loyal Customers
13803,United Kingdom,2010-03-31 10:00:00,2011-03-29 12:57:00,255,618,3,78,831,73,1338.91,1,19.8,12,1319.1100000000001,446.30333333333334,1.478814856861178,2,3,4,9,234,At Risk
13804,United Kingdom,2010-09-29 10:26:00,2011-11-09 12:32:00,30,436,9,167,1797,149,3161.12,0,0.0,0,3161.12,351.23555555555555,0.0,5,4,5,14,545,Champions
13805,United Kingdom,2011-08-02 15:29:00,2011-10-18 14:50:00,52,129,2,13,1900,10,924.5999999999999,0,0.0,0,924.5999999999999,462.29999999999995,0.0,4,2,3,9,423,Potential Loyalists
13806,United Kingdom,2011-10-07 11:43:00,2011-10-07 11:43:00,63,63,1,10,56,10,256.38,0,0.0,0,256.38,256.38,0.0,4,1,1,6,411,Promising Customers
13807,United Kingdom,2009-12-04 12:41:00,2010-12-07 15:48:00,367,735,3,25,116,24,422.2,1,24.9,2,397.3,140.73333333333332,5.897678825201326,1,3,2,6,132,At Risk
13808,United Kingdom,2011-09-04 12:07:00,2011-12-04 12:18:00,5,96,5,76,782,70,1747.66,0,0.0,0,1747.66,349.53200000000004,0.0,5,4,4,13,544,Champions
13809,Cyprus,2010-09-05 11:42:00,2011-02-07 13:15:00,305,460,3,25,281,23,679.6999999999999,0,0.0,0,679.6999999999999,226.56666666666663,0.0,2,3,3,8,233,At Risk
13810,Germany,2011-10-14 12:57:00,2011-11-11 08:33:00,28,56,2,32,307,30,827.51,0,0.0,0,827.51,413.755,0.0,5,2,3,10,523,Potential Loyalists
13811,Germany,2011-04-14 18:40:00,2011-06-09 09:54:00,183,239,2,10,63,5,519.75,0,0.0,0,519.75,259.875,0.0,2,2,2,6,222,Hibernating
13812,Germany,2011-08-26 12:54:00,2011-10-28 14:27:00,42,105,3,33,330,32,485.0,0,0.0,0,485.0,161.66666666666666,0.0,4,3,2,9,432,Potential Loyalists
13813,Germany,2009-12-06 10:16:00,2011-10-31 10:38:00,39,733,8,135,1271,83,2387.4700000000003,4,79.05,16,2308.42,298.43375000000003,3.3110363690433804,4,4,4,12,444,Champions
13814,Germany,2010-06-30 14:12:00,2011-09-08 13:48:00,92,527,3,79,1214,56,2257.32,2,18.25,3,2239.07,752.44,0.8084808534013785,3,3,4,10,334,Need Attention
13815,Germany,2010-02-12 10:26:00,2011-11-17 14:19:00,22,665,8,349,5340,202,6737.74,2,189.95,23,6547.79,842.2175,2.8191945667241534,5,4,5,14,545,Champions
13816,Germany,2011-10-06 14:37:00,2011-11-16 08:38:00,23,64,2,26,265,24,499.67,2,16.63,9,483.04,249.835,3.3281966097624434,5,2,2,9,522,Potential Loyalists
13817,Germany,2010-12-23 11:46:00,2011-11-10 17:49:00,29,351,2,22,208,19,328.98,0,0.0,0,328.98,164.49,0.0,5,2,2,9,522,Potential Loyalists
13818,United Kingdom,2010-10-06 12:35:00,2010-10-06 12:35:00,429,429,1,5,60,5,61.28,0,0.0,0,61.28,61.28,0.0,1,1,1,3,111,Hibernating
13819,United Kingdom,2009-12-01 16:18:00,2011-02-11 10:38:00,301,738,6,101,2309,47,2642.35,1,11.25,7,2631.1,440.39166666666665,0.42575737506386363,2,4,4,10,244,At Risk
13820,United Kingdom,2010-01-28 12:26:00,2010-10-17 13:46:00,418,680,3,89,285,68,652.75,2,20.25,3,632.5,217.58333333333334,3.1022596706242815,1,3,3,7,133,At Risk
13821,United Kingdom,2010-01-04 13:36:00,2011-07-18 09:49:00,144,704,6,204,477,158,1379.08,1,23.700000000000003,6,1355.3799999999999,229.84666666666666,1.7185369956782788,3,4,4,11,344,Loyal Customers
13822,United Kingdom,2011-10-30 15:55:00,2011-12-04 12:13:00,5,40,2,96,611,90,632.0,0,0.0,0,632.0,316.0,0.0,5,2,3,10,523,Potential Loyalists
13823,United Kingdom,2009-12-15 14:34:00,2011-11-21 10:22:00,18,724,7,163,1564,108,3403.4500000000003,1,44.9,4,3358.55,486.2071428571429,1.3192495849799468,5,4,5,14,545,Champions
13824,United Kingdom,2010-03-12 15:17:00,2011-11-07 12:41:00,32,637,12,100,1442,59,3314.76,2,41.4,8,3273.36,276.23,1.2489592006661114,4,5,5,14,455,Champions
13825,United Kingdom,2009-12-09 14:30:00,2010-03-28 11:02:00,621,730,2,40,182,38,255.59,0,0.0,0,255.59,127.795,0.0,1,2,1,4,121,Hibernating
13826,United Kingdom,2011-06-16 13:48:00,2011-06-16 13:48:00,176,176,1,10,82,10,189.5,1,9.95,1,179.55,189.5,5.25065963060686,3,1,1,5,311,Regular Customers
13827,United Kingdom,2011-07-19 15:38:00,2011-10-13 12:38:00,57,143,3,92,138,83,409.8,0,0.0,0,409.8,136.6,0.0,4,3,2,9,432,Potential Loyalists
13828,United Kingdom,2011-11-17 16:02:00,2011-11-17 16:02:00,22,22,1,15,311,15,209.49,0,0.0,0,209.49,209.49,0.0,5,1,1,7,511,New Customers
13829,United Kingdom,2010-10-14 18:19:00,2010-10-14 18:19:00,421,421,1,1,12,1,102.0,1,102.0,12,0.0,102.0,100.0,1,1,1,3,111,Hibernating
13830,United Kingdom,2010-05-07 12:24:00,2010-05-07 12:24:00,581,581,1,11,47,11,156.85000000000002,1,20.9,2,135.95000000000002,156.85000000000002,13.324832642652213,1,1,1,3,111,Hibernating
13831,United Kingdom,2009-12-10 14:50:00,2011-11-23 15:41:00,16,729,18,182,2393,121,6585.54,2,14.4,4,6571.14,365.86333333333334,0.2186608843010596,5,5,5,15,555,Champions
13832,United Kingdom,2010-10-13 14:41:00,2011-11-20 15:36:00,19,422,2,55,420,54,609.89,1,11.25,3,598.64,304.945,1.8445949269540411,5,2,3,10,523,Potential Loyalists
13833,United Kingdom,2010-10-31 14:11:00,2011-07-03 13:27:00,159,404,2,44,243,43,700.41,0,0.0,0,700.41,350.205,0.0,3,2,3,8,323,Need Attention
13834,United Kingdom,2010-02-08 12:52:00,2010-05-12 10:27:00,576,669,2,16,221,15,324.19,1,54.3,6,269.89,162.095,16.749437058515067,1,2,1,4,121,Hibernating
13835,United Kingdom,2010-03-04 08:26:00,2011-11-14 15:37:00,25,645,7,71,520,60,1095.27,1,50.45,7,1044.82,156.46714285714285,4.6061701680864084,5,4,3,12,543,Loyal Customers
13836,United Kingdom,2010-10-21 13:27:00,2010-11-05 13:31:00,399,414,2,31,273,29,620.37,1,17.85,3,602.52,310.185,2.877315150635911,1,2,3,6,123,Hibernating
13837,United Kingdom,2011-01-26 12:15:00,2011-05-12 12:10:00,211,317,2,18,182,17,266.59000000000003,0,0.0,0,266.59000000000003,133.29500000000002,0.0,2,2,1,5,221,Hibernating
13838,United Kingdom,2010-05-09 11:40:00,2011-12-04 11:00:00,5,579,10,403,694,328,1690.07,0,0.0,0,1690.07,169.007,0.0,5,4,4,13,544,Champions
13839,United Kingdom,2010-08-10 13:52:00,2010-08-10 13:52:00,486,486,1,7,25,7,139.95000000000002,0,0.0,0,139.95000000000002,139.95000000000002,0.0,1,1,1,3,111,Hibernating
13840,United Kingdom,2010-10-19 13:34:00,2010-10-19 13:34:00,416,416,1,40,358,40,651.4,0,0.0,0,651.4,651.4,0.0,1,1,3,5,113,Hibernating
13841,United Kingdom,2011-04-01 12:10:00,2011-04-01 12:10:00,252,252,1,1,100,1,85.0,0,0.0,0,85.0,85.0,0.0,2,1,1,4,211,Hibernating
13842,United Kingdom,2010-02-16 15:54:00,2011-10-12 10:51:00,58,661,18,335,2716,214,5319.34,1,24.950000000000003,7,5294.39,295.5188888888889,0.46904315196998125,4,5,5,14,455,Champions
13843,United Kingdom,2010-11-23 17:48:00,2010-11-23 17:48:00,381,381,1,18,145,18,319.75,0,0.0,0,319.75,319.75,0.0,1,1,2,4,112,Hibernating
13844,United Kingdom,2011-11-28 13:21:00,2011-11-28 13:21:00,11,11,1,20,196,20,361.62,0,0.0,0,361.62,361.62,0.0,5,1,2,8,512,New Customers
13845,United Kingdom,2011-10-06 08:25:00,2011-10-06 08:25:00,64,64,1,9,182,9,312.98,0,0.0,0,312.98,312.98,0.0,4,1,2,7,412,Promising Customers
13846,United Kingdom,2010-11-05 09:47:00,2011-11-15 12:07:00,24,399,4,81,705,81,1307.79,1,17.45,5,1290.34,326.9475,1.3343120837443319,5,3,4,12,534,Potential Loyalists
13847,United Kingdom,2009-12-20 10:41:00,2009-12-20 10:41:00,719,719,1,19,96,19,310.72,0,0.0,0,310.72,310.72,0.0,1,1,2,4,112,Hibernating
13848,United Kingdom,2009-12-09 16:17:00,2011-09-08 12:58:00,92,730,8,10,9200,3,3015.0,0,0.0,0,3015.0,376.875,0.0,3,4,5,12,345,Loyal Customers
13849,United Kingdom,2010-03-25 12:03:00,2011-10-19 10:59:00,51,624,5,220,1883,189,3469.3,1,25.5,2,3443.8,693.86,0.7350185916467298,4,4,5,13,445,Champions
13850,United Kingdom,2011-08-02 14:04:00,2011-08-02 14:04:00,129,129,1,93,944,93,1595.48,1,8.67,3,1586.81,1595.48,0.5434101336274977,3,1,4,8,314,Need Attention
13851,United Kingdom,2010-01-29 11:54:00,2011-09-05 12:36:00,95,679,8,140,2525,111,4606.46,1,89.69999999999999,6,4516.76,575.8075,1.9472653621218896,3,4,5,12,345,Loyal Customers
13852,United Kingdom,2010-04-08 09:06:00,2010-04-08 09:06:00,610,610,1,11,85,11,187.35000000000002,1,16.9,6,170.45000000000002,187.35000000000002,9.020549773151853,1,1,1,3,111,Hibernating
13853,United Kingdom,2011-10-13 14:18:00,2011-10-13 14:18:00,57,57,1,23,312,23,1090.1399999999999,1,33.2,8,1056.9399999999998,1090.1399999999999,3.045480397013228,4,1,3,8,413,Promising Customers
13854,United Kingdom,2010-01-08 11:28:00,2011-12-01 09:06:00,8,700,39,178,3642,61,11944.56,6,95.75,21,11848.81,306.2707692307692,0.8016201517678342,5,5,5,15,555,Champions
13855,United Kingdom,2009-12-08 16:56:00,2010-07-27 09:53:00,500,731,4,73,575,64,1310.3400000000001,1,56.400000000000006,14,1253.94,327.58500000000004,4.304226383991941,1,3,4,8,134,At Risk
13856,United Kingdom,2010-03-30 15:40:00,2011-06-24 10:03:00,168,619,11,54,1105,33,1142.03,4,83.15,19,1058.8799999999999,103.82090909090908,7.280894547428702,3,5,3,11,353,Loyal Customers
13857,United Kingdom,2010-05-17 14:21:00,2010-11-11 12:54:00,393,571,6,127,781,98,1000.91,1,3.9,2,997.01,166.81833333333333,0.3896454226653745,1,4,3,8,143,At Risk
13858,United Kingdom,2011-10-13 16:17:00,2011-10-13 16:17:00,57,57,1,11,75,11,216.17000000000002,0,0.0,0,216.17000000000002,216.17000000000002,0.0,4,1,1,6,411,Promising Customers
13859,United Kingdom,2010-06-28 15:36:00,2011-01-17 16:14:00,326,529,2,36,167,34,515.86,0,0.0,0,515.86,257.93,0.0,2,2,2,6,222,Hibernating
13860,United Kingdom,2011-09-14 09:27:00,2011-12-08 12:57:00,1,86,5,76,591,58,1245.9,1,5.9,2,1240.0,249.18,0.47355325467533504,5,4,4,13,544,Champions
13861,United Kingdom,2010-06-27 11:37:00,2010-10-06 14:20:00,429,530,2,21,225,21,273.26,1,21.95,5,251.31,136.63,8.032642904193809,1,2,1,4,121,Hibernating
13862,United Kingdom,2010-11-15 13:43:00,2011-11-21 16:24:00,18,389,9,160,1927,113,2556.09,2,22.049999999999997,6,2534.04,284.01,0.8626456814900882,5,4,4,13,544,Champions
13863,United Kingdom,2010-04-25 13:09:00,2011-04-06 10:20:00,247,593,4,70,553,59,1239.55,2,21.919999999999998,7,1217.6299999999999,309.8875,1.7683836876285746,2,3,4,9,234,At Risk
13864,United Kingdom,2010-11-18 12:50:00,2010-11-18 12:50:00,386,386,1,1,192,1,662.4000000000001,0,0.0,0,662.4000000000001,662.4000000000001,0.0,1,1,3,5,113,Hibernating
13865,United Kingdom,2011-02-23 12:04:00,2011-10-12 13:31:00,58,289,4,30,204,26,501.56,0,0.0,0,501.56,125.39,0.0,4,3,2,9,432,Potential Loyalists
13866,United Kingdom,2011-09-26 14:54:00,2011-09-26 14:54:00,74,74,1,7,57,7,145.67,0,0.0,0,145.67,145.67,0.0,4,1,1,6,411,Promising Customers
13867,United Kingdom,2011-05-05 17:28:00,2011-11-08 15:48:00,31,218,3,60,501,51,1005.09,0,0.0,0,1005.09,335.03000000000003,0.0,4,3,3,10,433,Potential Loyalists
13868,United Kingdom,2011-11-01 12:45:00,2011-12-02 16:32:00,7,38,2,33,1964,32,3192.54,0,0.0,0,3192.54,1596.27,0.0,5,2,5,12,525,Potential Loyalists
13869,United Kingdom,2010-01-17 14:53:00,2011-08-08 13:53:00,123,691,10,838,4302,502,7996.87,0,0.0,0,7996.87,799.687,0.0,3,4,5,12,345,Loyal Customers
13870,United Kingdom,2010-02-08 12:08:00,2011-12-07 13:23:00,2,669,15,241,3449,159,5712.08,3,22.240000000000002,6,5689.84,380.80533333333335,0.3893502892116357,5,5,5,15,555,Champions
13871,United Kingdom,2009-12-20 13:09:00,2011-11-17 10:49:00,22,719,17,402,3502,183,7885.85,4,80.9,40,7804.950000000001,463.8735294117647,1.025888141417856,5,5,5,15,555,Champions
13872,United Kingdom,2009-12-14 09:56:00,2010-06-30 15:35:00,527,725,3,57,339,51,919.57,3,28.25,7,891.32,306.52333333333337,3.0720880411496676,1,3,3,7,133,At Risk
13873,United Kingdom,2010-03-03 12:31:00,2011-08-12 10:08:00,119,646,8,60,472,55,1038.92,1,7.9,2,1031.02,129.865,0.760405035998922,3,4,3,10,343,Loyal Customers
13874,United Kingdom,2010-02-04 18:39:00,2010-12-16 18:20:00,358,673,7,69,864,46,2049.15,3,59.95,13,1989.2,292.7357142857143,2.925603298928824,2,4,4,10,244,At Risk
13875,United Kingdom,2009-12-17 10:30:00,2011-10-17 09:36:00,53,722,14,270,3072,159,4814.37,0,0.0,0,4814.37,343.88357142857143,0.0,4,5,5,14,455,Champions
13876,United Kingdom,2011-10-07 10:22:00,2011-10-07 10:22:00,63,63,1,7,36,7,122.7,0,0.0,0,122.7,122.7,0.0,4,1,1,6,411,Promising Customers
13877,United Kingdom,2010-01-19 10:53:00,2011-09-14 15:49:00,86,689,3,23,478,23,449.68,2,3.3499999999999996,3,446.33,149.89333333333335,0.7449742038783134,4,3,2,9,432,Potential Loyalists
13878,United Kingdom,2010-04-14 13:50:00,2011-10-16 12:19:00,54,604,4,102,927,93,2416.9,0,0.0,0,2416.9,604.225,0.0,4,3,4,11,434,Potential Loyalists
13879,United Kingdom,2010-03-04 10:49:00,2010-03-04 10:49:00,645,645,1,25,204,25,395.5,0,0.0,0,395.5,395.5,0.0,1,1,2,4,112,Hibernating
13880,United Kingdom,2010-05-26 14:29:00,2011-11-18 13:44:00,21,562,17,223,2535,148,4293.86,0,0.0,0,4293.86,252.57999999999998,0.0,5,5,5,15,555,Champions
13881,United Kingdom,2010-03-04 14:41:00,2011-12-06 12:50:00,3,645,43,457,29760,182,45179.1,8,786.6,314,44392.5,1050.6767441860466,1.7410705392537702,5,5,5,15,555,Champions
13882,United Kingdom,2011-10-06 15:28:00,2011-12-07 11:16:00,2,64,5,65,953,54,1191.13,1,59.85,3,1131.2800000000002,238.22600000000003,5.024640467455273,5,4,3,12,543,Loyal Customers
13883,United Kingdom,2010-02-28 12:53:00,2011-11-29 10:45:00,10,649,14,314,3582,199,6535.37,11,213.78,90,6321.59,466.8121428571429,3.271123134573865,5,5,5,15,555,Champions
13884,United Kingdom,2010-08-26 19:57:00,2011-12-02 16:30:00,7,470,10,182,752,108,1825.03,4,36.1,7,1788.93,182.503,1.9780496758957389,5,4,4,13,544,Champions
13885,United Kingdom,2011-05-23 08:52:00,2011-06-03 15:07:00,189,200,2,28,182,28,506.8,0,0.0,0,506.8,253.4,0.0,2,2,2,6,222,Hibernating
13886,United Kingdom,2011-09-29 13:17:00,2011-09-29 13:17:00,71,71,1,16,126,16,243.56,0,0.0,0,243.56,243.56,0.0,4,1,1,6,411,Promising Customers
13887,United Kingdom,2011-05-19 17:22:00,2011-05-19 17:22:00,204,204,1,19,147,19,349.55,0,0.0,0,349.55,349.55,0.0,2,1,2,5,212,Hibernating
13888,United Kingdom,2010-05-13 11:57:00,2011-08-12 10:13:00,119,575,7,171,795,124,2001.5900000000001,0,0.0,0,2001.5900000000001,285.9414285714286,0.0,3,4,4,11,344,Loyal Customers
13889,United Kingdom,2010-01-22 14:32:00,2011-09-08 09:13:00,92,686,6,83,979,57,1991.23,2,135.5,32,1855.73,331.87166666666667,6.804839219979611,3,4,4,11,344,Loyal Customers
13890,United Kingdom,2009-12-06 15:15:00,2011-12-08 15:36:00,1,733,14,173,1392,100,2927.38,8,68.65,27,2858.73,209.09857142857143,2.3451003969419753,5,5,5,15,555,Champions
13891,United Kingdom,2010-05-06 16:02:00,2010-11-26 15:57:00,378,582,3,99,476,97,859.21,0,0.0,0,859.21,286.40333333333336,0.0,1,3,3,7,133,At Risk
13892,United Kingdom,2010-05-13 10:32:00,2011-11-13 11:50:00,26,575,6,36,3125,33,1267.65,0,0.0,0,1267.65,211.275,0.0,5,4,4,13,544,Champions
13893,United Kingdom,2011-02-15 11:30:00,2011-02-15 11:30:00,297,297,1,21,190,21,821.1,0,0.0,0,821.1,821.1,0.0,2,1,3,6,213,Hibernating
13894,United Kingdom,2011-02-02 12:54:00,2011-11-16 09:44:00,23,310,3,27,354,25,564.62,2,28.65,15,535.97,188.20666666666668,5.074209202649569,5,3,2,10,532,Potential Loyalists
13895,United Kingdom,2009-12-03 13:09:00,2011-11-11 16:57:00,28,736,6,186,2060,154,4008.52,2,84.9,2,3923.62,668.0866666666667,2.117988684102861,5,4,5,14,545,Champions
13896,United Kingdom,2010-03-24 08:55:00,2010-03-24 08:55:00,625,625,1,21,149,21,388.55,0,0.0,0,388.55,388.55,0.0,1,1,2,4,112,Hibernating
13897,United Kingdom,2010-01-31 13:48:00,2011-10-20 14:30:00,50,677,3,59,820,58,1160.72,0,0.0,0,1160.72,386.9066666666667,0.0,4,3,3,10,433,Potential Loyalists
13898,United Kingdom,2010-10-24 15:42:00,2011-01-18 10:28:00,325,411,2,46,544,43,686.4,0,0.0,0,686.4,343.2,0.0,2,2,3,7,223,Hibernating
13899,United Kingdom,2011-03-10 09:30:00,2011-11-23 13:40:00,16,274,2,19,156,19,388.52,0,0.0,0,388.52,194.26,0.0,5,2,2,9,522,Potential Loyalists
13900,United Kingdom,2010-03-25 13:46:00,2011-06-09 19:26:00,183,624,6,95,938,80,1610.5900000000001,1,2.5,2,1608.0900000000001,268.4316666666667,0.15522262028200845,2,4,4,10,244,At Risk
13901,United Kingdom,2010-01-05 09:29:00,2011-09-28 14:48:00,72,703,15,310,3344,280,5676.34,5,77.0,18,5599.34,378.42266666666666,1.356507890647847,4,5,5,14,455,Champions
13902,Denmark,2009-12-15 10:02:00,2010-03-17 13:09:00,632,724,5,62,220596,57,34023.26,2,3648.0,2508,30375.260000000002,6804.652,10.722076602888729,1,4,5,10,145,At Risk
13903,United Kingdom,2010-11-04 17:44:00,2010-11-04 17:44:00,400,400,1,10,103,10,165.45000000000002,0,0.0,0,165.45000000000002,165.45000000000002,0.0,1,1,1,3,111,Hibernating
13904,United Kingdom,2011-02-18 11:18:00,2011-11-02 13:41:00,37,294,2,26,332,24,332.64,0,0.0,0,332.64,166.32,0.0,4,2,2,8,422,Potential Loyalists
13905,United Kingdom,2009-12-07 11:41:00,2009-12-07 11:41:00,732,732,1,12,135,12,312.65,2,68.2,11,244.45,312.65,21.813529505837202,1,1,1,3,111,Hibernating
13906,United Kingdom,2010-10-26 15:00:00,2010-10-26 15:00:00,409,409,1,1,100,1,42.0,0,0.0,0,42.0,42.0,0.0,1,1,1,3,111,Hibernating
13907,United Kingdom,2010-01-17 12:22:00,2010-01-17 12:22:00,691,691,1,4,68,4,136.8,0,0.0,0,136.8,136.8,0.0,1,1,1,3,111,Hibernating
13908,United Kingdom,2011-03-08 12:04:00,2011-09-21 11:49:00,79,276,4,121,1477,103,2319.55,1,22.5,8,2297.05,579.8875,0.9700157358108252,4,3,4,11,434,Potential Loyalists
13909,United Kingdom,2010-07-06 16:52:00,2010-10-12 17:22:00,423,521,2,38,301,35,282.85,0,0.0,0,282.85,141.425,0.0,1,2,2,5,122,Hibernating
13911,United Kingdom,2010-03-01 16:31:00,2011-10-13 15:43:00,57,648,20,238,4487,178,4234.99,2,34.95,11,4200.04,211.74949999999998,0.8252675921312683,4,5,5,14,455,Champions
13912,United Kingdom,2010-10-12 08:43:00,2010-10-12 08:43:00,423,423,1,7,29,7,124.95,0,0.0,0,124.95,124.95,0.0,1,1,1,3,111,Hibernating
13913,United Kingdom,2010-07-21 10:11:00,2010-07-21 10:11:00,506,506,1,3,10,3,42.22,0,0.0,0,42.22,42.22,0.0,1,1,1,3,111,Hibernating
13914,United Kingdom,2011-11-03 16:28:00,2011-11-28 10:35:00,11,36,2,33,380,28,626.45,1,12.5,1,613.95,313.225,1.9953707398834704,5,2,3,10,523,Potential Loyalists
13915,United Kingdom,2010-11-10 15:17:00,2010-11-10 15:17:00,394,394,1,2,24,2,70.80000000000001,1,39.6,8,31.20000000000001,70.80000000000001,55.932203389830505,1,1,1,3,111,Hibernating
13916,United Kingdom,2010-02-02 10:06:00,2010-09-02 10:04:00,463,675,4,74,673,72,1275.81,1,15.3,6,1260.51,318.9525,1.1992381310696736,1,3,4,8,134,At Risk
13917,United Kingdom,2011-06-01 12:46:00,2011-10-21 09:56:00,49,191,2,18,228,16,272.04,0,0.0,0,272.04,136.02,0.0,4,2,2,8,422,Potential Loyalists
13918,United Kingdom,2011-03-31 18:05:00,2011-10-21 12:25:00,49,253,2,30,1140,30,1212.8400000000001,0,0.0,0,1212.8400000000001,606.4200000000001,0.0,4,2,4,10,424,Potential Loyalists
13919,Denmark,2010-06-17 09:30:00,2011-10-11 14:24:00,59,540,4,73,1127,64,1252.68,1,34.65,37,1218.03,313.17,2.7660695468914644,4,3,4,11,434,Potential Loyalists
13920,United Kingdom,2010-05-26 15:48:00,2010-10-04 12:37:00,431,562,4,86,1772,81,1774.68,1,39.8,4,1734.88,443.67,2.2426578312709897,1,3,4,8,134,At Risk
13921,United Kingdom,2009-12-18 12:19:00,2010-11-02 16:32:00,402,721,4,44,210,36,730.7,1,9.95,1,720.75,182.675,1.3617079512795947,1,3,3,7,133,At Risk
13922,United Kingdom,2010-08-29 14:36:00,2010-12-23 10:38:00,351,467,3,30,467,30,865.2,2,38.550000000000004,13,826.6500000000001,288.40000000000003,4.455617198335645,2,3,3,8,233,At Risk
13923,United Kingdom,2011-10-17 12:33:00,2011-10-17 12:33:00,53,53,1,20,185,20,351.13,0,0.0,0,351.13,351.13,0.0,4,1,2,7,412,Promising Customers
13924,United Kingdom,2011-09-28 15:07:00,2011-12-08 09:39:00,1,72,6,117,1575,90,1838.8500000000001,5,156.77,43,1682.0800000000002,306.475,8.525437093835821,5,4,4,13,544,Champions
13925,United Kingdom,2011-07-28 12:09:00,2011-09-08 12:47:00,92,134,4,41,331,28,678.25,2,61.599999999999994,4,616.65,169.5625,9.082196830077404,3,3,3,9,333,Need Attention
13926,United Kingdom,2011-11-16 13:16:00,2011-11-16 13:16:00,23,23,1,11,104,11,223.85000000000002,0,0.0,0,223.85000000000002,223.85000000000002,0.0,5,1,1,7,511,New Customers
13927,United Kingdom,2010-09-28 16:12:00,2011-09-26 12:00:00,74,437,2,41,463,37,708.26,1,18.3,6,689.96,354.13,2.5837969107389944,4,2,3,9,423,Potential Loyalists
13928,United Kingdom,2011-07-29 15:59:00,2011-11-29 10:33:00,10,133,4,27,129,23,464.57,0,0.0,0,464.57,116.1425,0.0,5,3,2,10,532,Potential Loyalists
13929,United Kingdom,2010-01-14 07:25:00,2011-06-23 15:26:00,169,694,11,57,1566,38,3494.1,3,176.0,16,3318.1,317.6454545454545,5.037062476746516,3,5,5,13,355,Loyal Customers
13930,United Kingdom,2011-07-26 11:00:00,2011-10-13 09:45:00,57,136,2,17,274,15,337.34,0,0.0,0,337.34,168.67,0.0,4,2,2,8,422,Potential Loyalists
13931,United Kingdom,2009-12-03 10:26:00,2011-09-05 10:12:00,95,736,11,271,3488,205,5257.38,1,6.6,4,5250.78,477.94363636363636,0.12553781541376122,3,5,5,13,355,Loyal Customers
13932,United Kingdom,2011-02-18 12:02:00,2011-02-18 12:02:00,294,294,1,16,72,16,307.4,0,0.0,0,307.4,307.4,0.0,2,1,2,5,212,Hibernating
13933,United Kingdom,2011-07-14 13:35:00,2011-08-22 14:03:00,109,148,2,23,205,23,608.79,0,0.0,0,608.79,304.395,0.0,3,2,3,8,323,Need Attention
13934,United Kingdom,2011-03-21 08:39:00,2011-03-21 08:39:00,263,263,1,31,390,31,922.1,0,0.0,0,922.1,922.1,0.0,2,1,3,6,213,Hibernating
13935,United Kingdom,2010-02-25 16:01:00,2010-04-22 11:21:00,596,652,3,80,2252,67,6116.92,0,0.0,0,6116.92,2038.9733333333334,0.0,1,3,5,9,135,At Risk
13936,United Kingdom,2010-10-21 14:21:00,2011-06-13 08:47:00,179,414,3,59,661,56,939.6600000000001,1,15.3,6,924.3600000000001,313.22,1.628248515420471,3,3,3,9,333,Need Attention
13937,United Kingdom,2010-11-02 12:37:00,2011-06-23 16:35:00,169,402,2,54,587,54,880.13,1,12.75,1,867.38,440.065,1.4486496313044666,3,2,3,8,323,Need Attention
13938,United Kingdom,2011-11-04 14:37:00,2011-11-04 14:37:00,35,35,1,7,70,7,71.66,0,0.0,0,71.66,71.66,0.0,4,1,1,6,411,Promising Customers
13939,United Kingdom,2010-04-06 12:43:00,2011-11-16 13:33:00,23,612,7,110,1608,91,1560.96,3,27.3,8,1533.66,222.99428571428572,1.7489237392373922,5,4,4,13,544,Champions
13940,United Kingdom,2011-07-18 16:05:00,2011-11-22 15:15:00,17,144,4,49,516,39,839.14,0,0.0,0,839.14,209.785,0.0,5,3,3,11,533,Potential Loyalists
13941,United Kingdom,2009-12-16 16:10:00,2011-11-18 09:43:00,21,723,15,94,4782,42,10027.18,2,200.55,57,9826.630000000001,668.4786666666666,2.00006382651952,5,5,5,15,555,Champions
13942,United Kingdom,2010-06-23 12:35:00,2010-06-23 12:35:00,534,534,1,1,1000,1,320.0,0,0.0,0,320.0,320.0,0.0,1,1,2,4,112,Hibernating
13943,United Kingdom,2010-05-11 11:30:00,2010-05-11 11:30:00,577,577,1,15,94,15,246.54000000000002,0,0.0,0,246.54000000000002,246.54000000000002,0.0,1,1,1,3,111,Hibernating
13944,United Kingdom,2010-02-24 15:02:00,2010-02-24 15:02:00,653,653,1,35,153,35,200.43,0,0.0,0,200.43,200.43,0.0,1,1,1,3,111,Hibernating
13945,United Kingdom,2010-08-17 09:59:00,2010-11-10 10:00:00,394,479,2,51,413,49,854.1500000000001,0,0.0,0,854.1500000000001,427.07500000000005,0.0,1,2,3,6,123,Hibernating
13946,United Kingdom,2009-12-04 11:07:00,2011-09-21 13:33:00,79,735,6,56,2847,49,1876.23,1,130.8,24,1745.43,312.705,6.971426744055901,4,4,4,12,444,Champions
13947,United Kingdom,2011-10-05 14:42:00,2011-10-05 14:42:00,65,65,1,5,44,5,90.60000000000001,0,0.0,0,90.60000000000001,90.60000000000001,0.0,4,1,1,6,411,Promising Customers
13948,United Kingdom,2009-12-04 12:14:00,2010-12-14 10:18:00,360,735,4,24,248,23,548.76,1,11.9,2,536.86,137.19,2.168525402726146,2,3,2,7,232,At Risk
13949,United Kingdom,2011-09-06 11:55:00,2011-12-07 09:35:00,2,94,6,160,2474,124,2427.32,0,0.0,0,2427.32,404.55333333333334,0.0,5,4,4,13,544,Champions
13950,United Kingdom,2011-04-07 11:29:00,2011-11-28 14:44:00,11,246,4,35,323,33,745.0600000000001,1,16.5,2,728.5600000000001,186.26500000000001,2.2145867446917022,5,3,3,11,533,Potential Loyalists
13951,United Kingdom,2011-02-18 15:21:00,2011-06-16 16:43:00,176,294,3,39,459,38,674.45,0,0.0,0,674.45,224.8166666666667,0.0,3,3,3,9,333,Need Attention
13952,United Kingdom,2009-12-16 09:41:00,2011-05-06 09:00:00,217,723,14,409,5947,238,12823.521,3,32.629999999999995,9,12790.891000000001,915.9657857142857,0.25445429535304687,2,5,5,12,255,At Risk
13953,United Kingdom,2009-12-11 12:58:00,2011-12-02 16:04:00,7,728,12,25,5224,8,6640.68,0,0.0,0,6640.68,553.39,0.0,5,5,5,15,555,Champions
13954,United Kingdom,2011-09-30 10:52:00,2011-12-08 12:50:00,1,70,2,25,150,24,439.92,1,61.33,9,378.59000000000003,219.96,13.941171122022187,5,2,2,9,522,Potential Loyalists
13955,United Kingdom,2010-11-29 17:35:00,2011-07-08 17:19:00,154,375,3,85,272,82,544.0699999999999,0,0.0,0,544.0699999999999,181.35666666666665,0.0,3,3,2,8,332,Need Attention
13956,United Kingdom,2011-03-13 12:51:00,2011-12-04 13:20:00,5,271,5,147,486,123,1019.27,0,0.0,0,1019.27,203.85399999999998,0.0,5,4,3,12,543,Loyal Customers
13957,United Kingdom,2010-02-19 10:32:00,2010-10-18 10:02:00,417,658,3,27,157,21,458.25,0,0.0,0,458.25,152.75,0.0,1,3,2,6,132,At Risk
13958,United Kingdom,2009-12-05 13:12:00,2010-11-25 10:11:00,379,734,8,227,2264,172,4709.2300000000005,4,204.45,49,4504.780000000001,588.6537500000001,4.3414740838735835,1,4,5,10,145,At Risk
13959,United Kingdom,2010-07-16 15:11:00,2011-09-21 15:06:00,79,511,6,157,694,120,1064.77,0,0.0,0,1064.77,177.46166666666667,0.0,4,4,3,11,443,Loyal Customers
13960,United Kingdom,2011-09-29 12:39:00,2011-11-18 15:27:00,21,71,2,12,142,11,230.22,0,0.0,0,230.22,115.11,0.0,5,2,1,8,521,Potential Loyalists
13961,United Kingdom,2010-11-12 14:40:00,2010-11-12 14:40:00,392,392,1,19,226,19,538.4,1,39.7,4,498.7,538.4,7.37369985141159,1,1,2,4,112,Hibernating
13962,United Kingdom,2010-09-30 10:35:00,2011-11-18 08:47:00,21,435,3,23,160,23,362.8,0,0.0,0,362.8,120.93333333333334,0.0,5,3,2,10,532,Potential Loyalists
13963,United Kingdom,2010-04-21 16:20:00,2011-02-04 14:43:00,308,597,17,165,2007,129,2860.57,1,112.25,7,2748.32,168.26882352941178,3.9240431102892077,2,5,4,11,254,At Risk
13964,United Kingdom,2010-10-05 12:38:00,2010-11-17 13:53:00,387,430,2,24,228,22,438.9,1,17.0,2,421.9,219.45,3.8733196627933473,1,2,2,5,122,Hibernating
13965,United Kingdom,2010-01-05 15:21:00,2010-08-20 10:40:00,476,703,3,24,425,23,996.61,2,218.95,23,777.6600000000001,332.2033333333333,21.96947652542118,1,3,3,7,133,At Risk
13966,United Kingdom,2010-09-30 13:08:00,2010-09-30 13:08:00,435,435,1,21,760,21,384.26,0,0.0,0,384.26,384.26,0.0,1,1,2,4,112,Hibernating
13967,United Kingdom,2010-11-08 13:24:00,2011-07-17 12:02:00,145,396,2,6,66,4,166.3,0,0.0,0,166.3,83.15,0.0,3,2,1,6,321,Need Attention
13968,United Kingdom,2010-10-12 13:22:00,2010-10-12 13:22:00,423,423,1,8,174,8,123.66,0,0.0,0,123.66,123.66,0.0,1,1,1,3,111,Hibernating
13969,United Kingdom,2010-03-25 13:15:00,2011-12-02 15:11:00,7,624,35,1064,6640,472,12973.460000000001,4,153.1,62,12820.36,370.67028571428574,1.1801015303550477,5,5,5,15,555,Champions
13970,United Kingdom,2010-09-28 11:53:00,2010-11-18 13:21:00,386,437,2,13,469,10,846.55,0,0.0,0,846.55,423.275,0.0,1,2,3,6,123,Hibernating
13971,United Kingdom,2010-01-26 09:51:00,2011-11-21 12:06:00,18,682,14,255,3084,184,4667.57,4,73.74000000000001,32,4593.83,333.3978571428571,1.5798370458289863,5,5,5,15,555,Champions
13972,United Kingdom,2011-05-22 11:34:00,2011-09-30 11:54:00,70,201,2,15,187,15,190.25,0,0.0,0,190.25,95.125,0.0,4,2,1,7,421,Potential Loyalists
13973,United Kingdom,2011-02-25 15:21:00,2011-02-25 15:21:00,287,287,1,11,109,11,264.7,0,0.0,0,264.7,264.7,0.0,2,1,1,4,211,Hibernating
13974,United Kingdom,2010-05-06 17:55:00,2011-10-21 14:41:00,49,582,2,43,356,43,677.72,2,14.2,2,663.52,338.86,2.0952605795903914,4,2,3,9,423,Potential Loyalists
13975,United Kingdom,2010-02-02 13:13:00,2011-11-08 13:19:00,31,675,12,737,3884,434,5256.4,2,31.55,8,5224.849999999999,438.0333333333333,0.600220683357431,4,5,5,14,455,Champions
13976,United Kingdom,2010-02-09 13:08:00,2011-05-17 09:13:00,206,668,4,56,452,49,1192.3600000000001,0,0.0,0,1192.3600000000001,298.09000000000003,0.0,2,3,4,9,234,At Risk
13977,United Kingdom,2010-10-24 14:08:00,2010-10-24 14:08:00,411,411,1,13,303,13,519.8100000000001,0,0.0,0,519.8100000000001,519.8100000000001,0.0,1,1,2,4,112,Hibernating
13978,United Kingdom,2011-10-25 15:04:00,2011-11-25 11:36:00,14,45,2,15,315,14,196.79,0,0.0,0,196.79,98.395,0.0,5,2,1,8,521,Potential Loyalists
13979,United Kingdom,2009-12-03 10:02:00,2011-09-27 13:32:00,73,736,7,391,2241,355,3373.63,4,89.4,18,3284.23,481.94714285714286,2.649964578213971,4,4,5,13,445,Champions
13980,United Kingdom,2010-02-21 14:18:00,2011-10-10 13:34:00,60,656,5,63,463,57,768.82,4,46.8,6,722.0200000000001,153.764,6.087250591816029,4,4,3,11,443,Loyal Customers
13981,United Kingdom,2010-10-20 10:03:00,2010-10-20 10:03:00,415,415,1,22,234,22,331.14,1,3.75,1,327.39,331.14,1.13245153107447,1,1,2,4,112,Hibernating
13982,United Kingdom,2010-01-20 14:04:00,2011-10-31 16:24:00,39,688,9,225,2478,123,3954.29,4,26.8,12,3927.49,439.36555555555555,0.6777449301897432,4,4,5,13,445,Champions
13983,United Kingdom,2009-12-09 13:53:00,2011-11-10 11:06:00,29,730,21,325,3925,238,6753.89,9,115.03999999999999,114,6638.85,321.61380952380955,1.7033146823534289,5,5,5,15,555,Champions
13984,United Kingdom,2009-12-07 11:51:00,2011-11-13 12:38:00,26,732,12,88,1301,53,1893.8,1,432.48,408,1461.32,157.81666666666666,22.836624775583484,5,5,4,14,554,Champions
13985,United Kingdom,2010-02-09 13:56:00,2011-12-05 17:06:00,4,668,22,480,4936,149,10020.86,2,38.550000000000004,9,9982.310000000001,455.49363636363637,0.384697520971254,5,5,5,15,555,Champions
13986,United Kingdom,2011-11-22 15:00:00,2011-11-22 15:00:00,17,17,1,13,430,12,320.46,0,0.0,0,320.46,320.46,0.0,5,1,2,8,512,New Customers
13987,United Kingdom,2010-11-04 09:54:00,2010-11-25 10:20:00,379,400,2,46,492,46,682.54,0,0.0,0,682.54,341.27,0.0,1,2,3,6,123,Hibernating
13988,United Kingdom,2010-03-24 11:05:00,2011-11-20 10:15:00,19,625,8,295,3385,218,4757.8,3,49.160000000000004,19,4708.64,594.725,1.033250662070705,5,4,5,14,545,Champions
13989,United Kingdom,2010-05-25 12:13:00,2011-10-05 09:47:00,65,563,5,86,2207,61,2026.06,0,0.0,0,2026.06,405.212,0.0,4,4,4,12,444,Champions
13990,United Kingdom,2011-05-10 15:19:00,2011-05-10 15:19:00,213,213,1,16,190,16,311.3,0,0.0,0,311.3,311.3,0.0,2,1,2,5,212,Hibernating
13991,United Kingdom,2011-07-19 12:58:00,2011-11-27 16:18:00,12,143,6,81,994,57,851.88,1,5.34,2,846.54,141.98,0.6268488519509791,5,4,3,12,543,Loyal Customers
13992,United Kingdom,2010-09-02 17:04:00,2011-11-09 15:23:00,30,463,3,11,154,10,219.5,0,0.0,0,219.5,73.16666666666667,0.0,5,3,1,9,531,Potential Loyalists
13993,United Kingdom,2009-12-03 11:57:00,2011-10-28 09:06:00,42,736,19,261,2135,110,6775.71,5,85.35,15,6690.36,356.6163157894737,1.259646590541803,4,5,5,14,455,Champions
13994,United Kingdom,2011-07-14 18:28:00,2011-12-06 11:05:00,3,148,6,148,932,122,2274.14,0,0.0,0,2274.14,379.0233333333333,0.0,5,4,4,13,544,Champions
13995,United Kingdom,2009-12-18 12:43:00,2011-11-24 14:22:00,15,721,14,230,2359,146,3902.01,4,65.75,35,3836.26,278.71500000000003,1.6850289978754536,5,5,5,15,555,Champions
13996,United Kingdom,2010-11-05 15:07:00,2010-11-18 16:27:00,386,399,2,32,612,28,845.76,0,0.0,0,845.76,422.88,0.0,1,2,3,6,123,Hibernating
13997,United Kingdom,2010-06-07 17:33:00,2010-07-08 18:06:00,519,550,3,44,143,36,376.46,0,0.0,0,376.46,125.48666666666666,0.0,1,3,2,6,132,At Risk
13998,United Kingdom,2010-05-12 13:18:00,2010-09-19 10:20:00,446,576,3,31,204,30,566.7,0,0.0,0,566.7,188.9,0.0,1,3,2,6,132,At Risk
13999,United Kingdom,2009-12-05 12:42:00,2011-11-29 13:40:00,10,734,29,466,5043,174,9502.26,7,64.25,20,9438.01,327.6641379310345,0.676154935773174,5,5,5,15,555,Champions
14000,United Kingdom,2009-12-02 09:50:00,2011-05-12 16:50:00,211,737,5,49,1838,28,2046.34,3,168.75,27,1877.59,409.268,8.246430211988233,2,4,4,10,244,At Risk
14001,United Kingdom,2010-08-03 12:49:00,2011-10-25 10:31:00,45,493,9,103,1779,60,4228.85,0,0.0,0,4228.85,469.87222222222226,0.0,4,4,5,13,445,Champions
14002,United Kingdom,2011-07-06 14:59:00,2011-07-28 15:55:00,134,156,2,47,877,47,529.73,0,0.0,0,529.73,264.865,0.0,3,2,2,7,322,Need Attention
14003,United Kingdom,2009-12-07 08:53:00,2009-12-07 08:53:00,732,732,1,16,149,16,209.41,0,0.0,0,209.41,209.41,0.0,1,1,1,3,111,Hibernating
14004,United Kingdom,2010-09-30 09:39:00,2011-10-27 14:40:00,43,435,11,241,3425,127,6258.45,0,0.0,0,6258.45,568.9499999999999,0.0,4,5,5,14,455,Champions
14005,United Kingdom,2011-05-08 10:33:00,2011-11-30 12:41:00,9,215,5,84,2478,53,2874.72,0,0.0,0,2874.72,574.944,0.0,5,4,5,14,545,Champions
14006,United Kingdom,2010-02-25 09:45:00,2011-08-16 09:39:00,115,652,7,77,2181,55,2196.67,0,0.0,0,2196.67,313.81,0.0,3,4,4,11,344,Loyal Customers
14007,United Kingdom,2010-07-15 09:06:00,2010-07-15 09:06:00,512,512,1,5,16,5,79.48,0,0.0,0,79.48,79.48,0.0,1,1,1,3,111,Hibernating
14008,United Kingdom,2010-10-03 13:09:00,2010-10-03 13:09:00,432,432,1,32,326,32,509.04,1,15.3,6,493.74,509.04,3.005657708628006,1,1,2,4,112,Hibernating
14009,United Kingdom,2010-09-03 12:08:00,2011-05-25 15:47:00,198,462,3,74,951,71,1099.91,1,9.680000000000001,4,1090.23,366.6366666666667,0.8800720058913911,2,3,3,8,233,At Risk
14010,United Kingdom,2010-05-23 12:46:00,2010-05-23 13:00:00,565,565,2,24,177,20,445.15,1,157.05,49,288.09999999999997,222.575,35.28024261484893,1,2,2,5,122,Hibernating
14011,United Kingdom,2010-04-11 13:40:00,2010-08-16 15:31:00,480,607,2,32,644,32,457.82,1,5.9,2,451.92,228.91,1.2887160892927352,1,2,2,5,122,Hibernating
14012,United Kingdom,2011-03-07 12:26:00,2011-03-07 12:26:00,277,277,1,11,160,11,328.8,0,0.0,0,328.8,328.8,0.0,2,1,2,5,212,Hibernating
14013,United Kingdom,2010-03-26 10:02:00,2011-08-21 15:01:00,110,623,5,68,775,56,1084.57,1,78.35,9,1006.2199999999999,216.914,7.224061148657994,3,4,3,10,343,Loyal Customers
14014,United Kingdom,2010-05-12 09:04:00,2011-09-23 13:18:00,77,576,3,76,2004,76,1948.21,0,0.0,0,1948.21,649.4033333333333,0.0,4,3,4,11,434,Potential Loyalists
14015,United Kingdom,2011-10-18 10:02:00,2011-10-18 10:02:00,52,52,1,20,378,20,917.34,0,0.0,0,917.34,917.34,0.0,4,1,3,8,413,Promising Customers
14016,EIRE,2010-01-08 14:12:00,2011-07-01 11:29:00,161,700,11,446,5720,353,11303.41,2,23.7,2,11279.71,1027.5827272727272,0.20967124080255428,3,5,5,13,355,Loyal Customers
14017,United Kingdom,2010-05-17 14:52:00,2010-05-17 14:52:00,571,571,1,14,73,14,229.75,0,0.0,0,229.75,229.75,0.0,1,1,1,3,111,Hibernating
14018,United Kingdom,2010-03-04 14:23:00,2010-03-04 14:23:00,645,645,1,13,224,13,367.15,0,0.0,0,367.15,367.15,0.0,1,1,2,4,112,Hibernating
14019,United Kingdom,2011-07-24 15:39:00,2011-10-24 10:13:00,46,138,3,66,1037,37,1421.6100000000001,1,22.65,3,1398.96,473.87000000000006,1.5932639753518896,4,3,4,11,434,Potential Loyalists
14020,United Kingdom,2010-06-28 15:29:00,2011-11-23 09:22:00,16,529,4,72,648,63,1249.01,1,35.75,7,1213.26,312.2525,2.8622669153969946,5,3,4,12,534,Potential Loyalists
14021,United Kingdom,2010-04-26 11:22:00,2011-07-07 15:46:00,155,592,7,90,878,84,1716.58,0,0.0,0,1716.58,245.22571428571428,0.0,3,4,4,11,344,Loyal Customers
14022,United Kingdom,2010-08-10 09:38:00,2011-04-28 14:39:00,225,486,2,47,681,45,792.15,0,0.0,0,792.15,396.075,0.0,2,2,3,7,223,Hibernating
14023,United Kingdom,2011-04-03 15:50:00,2011-12-02 13:58:00,7,250,2,31,345,30,584.07,0,0.0,0,584.07,292.035,0.0,5,2,2,9,522,Potential Loyalists
14024,United Kingdom,2010-11-14 10:51:00,2011-08-10 11:30:00,121,390,3,34,238,33,645.74,0,0.0,0,645.74,215.24666666666667,0.0,3,3,3,9,333,Need Attention
14025,United Kingdom,2010-05-05 09:56:00,2010-09-01 10:11:00,464,583,8,99,1914,60,4057.9,2,88.8,16,3969.1,507.2375,2.1883240099558883,1,4,5,10,145,At Risk
14026,United Kingdom,2010-03-24 14:10:00,2010-08-26 10:31:00,470,625,2,50,427,43,713.11,0,0.0,0,713.11,356.555,0.0,1,2,3,6,123,Hibernating
14027,United Kingdom,2011-10-10 09:01:00,2011-10-10 09:01:00,60,60,1,6,62,6,104.82,0,0.0,0,104.82,104.82,0.0,4,1,1,6,411,Promising Customers
14028,United Kingdom,2010-06-07 12:02:00,2010-06-07 13:33:00,550,550,3,9,7170,3,10396.5,1,3610.5,2490,6786.0,3465.5,34.72803347280335,1,3,5,9,135,At Risk
14029,United Kingdom,2011-07-18 16:57:00,2011-10-07 14:46:00,63,144,2,15,198,15,467.66,0,0.0,0,467.66,233.83,0.0,4,2,2,8,422,Potential Loyalists
14030,United Kingdom,2009-12-10 17:27:00,2011-11-21 16:48:00,18,729,20,824,4215,591,7521.8,2,116.7,54,7405.1,376.09000000000003,1.5514903347602966,5,5,5,15,555,Champions
14031,United Kingdom,2009-12-03 15:35:00,2011-12-02 17:13:00,7,736,44,750,13783,280,39019.51,10,2906.9799999999996,548,36112.53,886.8070454545455,7.450067927557264,5,5,5,15,555,Champions
14032,United Kingdom,2009-12-14 12:02:00,2011-12-07 15:23:00,2,725,16,230,3740,79,4546.41,9,64.2,37,4482.21,284.150625,1.4121031759124234,5,5,5,15,555,Champions
14033,United Kingdom,2010-06-02 15:10:00,2010-06-02 15:10:00,555,555,1,1,576,1,109.44,0,0.0,0,109.44,109.44,0.0,1,1,1,3,111,Hibernating
14034,United Kingdom,2011-07-05 13:06:00,2011-11-17 14:02:00,22,157,3,86,420,82,648.89,1,139.8,108,509.09,216.29666666666665,21.54448365670607,5,3,2,10,532,Potential Loyalists
14035,United Kingdom,2010-04-06 12:39:00,2011-11-11 10:03:00,28,612,9,145,1405,70,2794.75,2,4.25,3,2790.5,310.52777777777777,0.15207084712407193,5,4,4,13,544,Champions
14036,United Kingdom,2011-02-28 09:26:00,2011-02-28 09:26:00,284,284,1,38,268,38,626.65,0,0.0,0,626.65,626.65,0.0,2,1,3,6,213,Hibernating
14037,United Kingdom,2009-12-07 11:39:00,2011-06-16 13:57:00,176,732,6,114,590,96,836.95,1,81.0,27,755.95,139.49166666666667,9.67799749088954,3,4,3,10,343,Loyal Customers
14038,United Kingdom,2010-02-04 08:56:00,2011-09-22 13:37:00,78,673,5,161,1708,99,3069.88,3,68.94999999999999,11,3000.9300000000003,613.976,2.246016130923684,4,4,5,13,445,Champions
14039,United Kingdom,2010-05-13 10:15:00,2011-11-06 13:48:00,33,575,2,10,192,10,267.28000000000003,0,0.0,0,267.28000000000003,133.64000000000001,0.0,4,2,1,7,421,Potential Loyalists
14040,United Kingdom,2009-12-01 12:14:00,2011-10-30 12:42:00,40,738,35,781,4972,335,12523.81,6,183.68,49,12340.13,357.82314285714284,1.4666463320666794,4,5,5,14,455,Champions
14041,United Kingdom,2011-03-18 13:25:00,2011-03-18 13:25:00,266,266,1,21,94,21,141.41,0,0.0,0,141.41,141.41,0.0,2,1,1,4,211,Hibernating
14042,United Kingdom,2009-12-14 15:07:00,2009-12-14 15:07:00,725,725,1,21,180,21,431.98,0,0.0,0,431.98,431.98,0.0,1,1,2,4,112,Hibernating
14043,United Kingdom,2009-12-10 15:56:00,2010-08-05 18:18:00,491,729,2,41,152,37,302.59999999999997,1,2.95,1,299.65,151.29999999999998,0.9748843357567748,1,2,2,5,122,Hibernating
14044,United Kingdom,2010-01-24 15:14:00,2011-11-13 12:05:00,26,684,10,825,2099,532,3073.95,1,16.95,1,3057.0,307.395,0.5514077977846094,5,4,5,14,545,Champions
14045,United Kingdom,2010-01-08 10:08:00,2011-08-22 15:27:00,109,700,16,37,4459,16,10986.63,3,1652.4,340,9334.23,686.664375,15.040098738193604,3,5,5,13,355,Loyal Customers
14046,United Kingdom,2011-02-28 14:48:00,2011-02-28 14:48:00,284,284,1,13,443,13,151.59,0,0.0,0,151.59,151.59,0.0,2,1,1,4,211,Hibernating
14047,United Kingdom,2010-02-01 10:05:00,2011-12-01 11:43:00,8,676,14,152,1541,91,3968.11,5,87.0,13,3881.11,283.43642857142856,2.1924795431578255,5,5,5,15,555,Champions
14048,United Kingdom,2010-11-22 14:08:00,2011-02-07 14:53:00,305,382,3,141,467,126,748.69,1,34.8,14,713.8900000000001,249.56333333333336,4.648118714020488,2,3,3,8,233,At Risk
14049,United Kingdom,2010-04-01 14:52:00,2011-11-23 12:20:00,16,617,13,1061,8480,573,13023.4,5,175.0,55,12848.4,1001.8,1.3437351229325676,5,5,5,15,555,Champions
14050,United Kingdom,2011-08-25 13:46:00,2011-11-08 10:00:00,31,106,2,54,689,49,746.36,0,0.0,0,746.36,373.18,0.0,4,2,3,9,423,Potential Loyalists
14051,United Kingdom,2009-12-03 11:53:00,2011-12-09 10:20:00,0,736,37,318,5709,82,21770.98,5,329.5,56,21441.48,588.4048648648649,1.5134826268730208,5,5,5,15,555,Champions
14052,United Kingdom,2010-11-14 11:37:00,2011-11-20 12:30:00,19,390,2,121,174,115,466.66,0,0.0,0,466.66,233.33,0.0,5,2,2,9,522,Potential Loyalists
14053,United Kingdom,2010-08-10 11:02:00,2011-08-07 14:27:00,124,486,4,9,490,3,572.3,0,0.0,0,572.3,143.075,0.0,3,3,2,8,332,Need Attention
14054,United Kingdom,2011-10-05 15:49:00,2011-10-05 15:49:00,65,65,1,6,62,6,92.46000000000001,0,0.0,0,92.46000000000001,92.46000000000001,0.0,4,1,1,6,411,Promising Customers
14055,United Kingdom,2009-12-16 15:11:00,2011-08-25 15:04:00,106,723,3,33,720,33,1520.96,0,0.0,0,1520.96,506.9866666666667,0.0,3,3,4,10,334,Need Attention
14056,United Kingdom,2011-02-28 15:19:00,2011-12-08 13:36:00,1,284,23,1088,4252,320,8152.71,6,89.41,39,8063.3,354.46565217391304,1.0966905482962106,5,5,5,15,555,Champions
14057,United Kingdom,2009-12-03 13:17:00,2011-11-16 10:32:00,23,736,22,447,6438,244,8346.66,1,70.56,168,8276.1,379.39363636363635,0.8453680873547025,5,5,5,15,555,Champions
14058,United Kingdom,2010-06-27 11:29:00,2010-09-03 09:31:00,462,530,2,24,211,23,469.19,0,0.0,0,469.19,234.595,0.0,1,2,2,5,122,Hibernating
14059,United Kingdom,2011-03-18 10:06:00,2011-03-18 10:06:00,266,266,1,8,128,8,183.6,0,0.0,0,183.6,183.6,0.0,2,1,1,4,211,Hibernating
14060,United Kingdom,2010-03-11 09:47:00,2011-12-05 12:29:00,4,638,30,258,7419,100,8898.24,2,15.940000000000001,14,8882.3,296.608,0.17913654835113463,5,5,5,15,555,Champions
14061,United Kingdom,2009-12-01 18:03:00,2010-07-20 17:22:00,507,738,3,19,133,17,917.4300000000001,0,0.0,0,917.4300000000001,305.81,0.0,1,3,3,7,133,At Risk
14062,United Kingdom,2009-12-10 14:28:00,2011-11-30 10:04:00,9,729,24,340,12794,141,25585.65,3,169.37,101,25416.280000000002,1066.0687500000001,0.6619726291886272,5,5,5,15,555,Champions
14063,United Kingdom,2009-12-08 13:46:00,2010-01-22 11:28:00,686,731,7,38,3848,29,9471.5,0,0.0,0,9471.5,1353.0714285714287,0.0,1,4,5,10,145,At Risk
14064,United Kingdom,2010-01-21 13:22:00,2011-11-10 13:14:00,29,687,15,236,3911,131,3260.2400000000002,6,292.66999999999996,529,2967.57,217.34933333333336,8.976946482467547,5,5,5,15,555,Champions
14065,United Kingdom,2010-10-04 12:03:00,2010-11-15 16:13:00,389,431,3,49,582,42,891.02,1,1.65,1,889.37,297.00666666666666,0.18518102848420911,1,3,3,7,133,At Risk
14066,United Kingdom,2011-03-18 12:21:00,2011-03-18 12:21:00,266,266,1,7,45,7,152.55,0,0.0,0,152.55,152.55,0.0,2,1,1,4,211,Hibernating
14067,United Kingdom,2011-09-04 12:00:00,2011-10-07 10:21:00,63,96,2,52,361,51,374.7,0,0.0,0,374.7,187.35,0.0,4,2,2,8,422,Potential Loyalists
14068,United Kingdom,2010-01-31 10:10:00,2011-01-23 16:02:00,320,677,4,108,510,93,1516.72,1,23.4,12,1493.32,379.18,1.5428028904478082,2,3,4,9,234,At Risk
14069,United Kingdom,2010-05-27 12:30:00,2010-07-13 12:12:00,514,561,2,41,58,37,225.81,0,0.0,0,225.81,112.905,0.0,1,2,1,4,121,Hibernating
14070,United Kingdom,2010-01-24 12:27:00,2010-01-24 12:27:00,684,684,1,41,85,40,321.6,0,0.0,0,321.6,321.6,0.0,1,1,2,4,112,Hibernating
14071,United Kingdom,2011-03-20 11:33:00,2011-12-06 12:27:00,3,264,8,321,956,270,1422.75,1,131.41,95,1291.34,177.84375,9.23633807766649,5,4,4,13,544,Champions
14072,United Kingdom,2010-02-11 12:31:00,2010-02-11 12:31:00,666,666,1,19,65,19,390.85,0,0.0,0,390.85,390.85,0.0,1,1,2,4,112,Hibernating
14073,United Kingdom,2011-11-07 15:49:00,2011-11-07 15:49:00,32,32,1,13,130,13,151.04,1,11.5,2,139.54,151.04,7.6138771186440675,4,1,1,6,411,Promising Customers
14074,United Kingdom,2010-03-26 13:55:00,2010-03-26 13:55:00,623,623,1,6,228,6,219.4,0,0.0,0,219.4,219.4,0.0,1,1,1,3,111,Hibernating
14075,United Kingdom,2010-08-26 13:42:00,2011-12-05 08:38:00,4,470,5,80,1493,58,1724.87,0,0.0,0,1724.87,344.974,0.0,5,4,4,13,544,Champions
14076,United Kingdom,2011-08-02 15:19:00,2011-08-02 15:19:00,129,129,1,44,79,43,118.67,0,0.0,0,118.67,118.67,0.0,3,1,1,5,311,Regular Customers
14077,United Kingdom,2010-11-09 16:01:00,2011-10-30 12:35:00,40,395,6,56,376,43,615.08,0,0.0,0,615.08,102.51333333333334,0.0,4,4,3,11,443,Loyal Customers
14078,United Kingdom,2010-03-28 15:05:00,2011-08-30 12:16:00,101,621,9,147,585,106,1551.82,0,0.0,0,1551.82,172.42444444444445,0.0,3,4,4,11,344,Loyal Customers
14079,United Kingdom,2011-08-07 12:10:00,2011-08-07 12:10:00,124,124,1,12,301,12,375.1,0,0.0,0,375.1,375.1,0.0,3,1,2,6,312,Regular Customers
14080,United Kingdom,2009-12-02 15:01:00,2011-11-07 11:09:00,32,737,5,83,268,74,1115.68,1,39.95,1,1075.73,223.13600000000002,3.580775849706009,4,4,3,11,443,Loyal Customers
14081,United Kingdom,2009-12-10 18:27:00,2011-02-10 16:17:00,302,729,10,844,3381,465,4867.57,6,120.05,20,4747.5199999999995,486.75699999999995,2.466323031820806,2,4,5,11,245,At Risk
14082,United Kingdom,2010-11-12 11:47:00,2010-12-10 11:02:00,364,392,2,65,246,48,413.36,0,0.0,0,413.36,206.68,0.0,2,2,2,6,222,Hibernating
14083,United Kingdom,2009-12-18 11:34:00,2011-12-05 13:14:00,4,721,11,185,760,169,1082.19,0,0.0,0,1082.19,98.3809090909091,0.0,5,5,3,13,553,Loyal Customers
14084,United Kingdom,2010-07-15 14:36:00,2010-07-15 14:36:00,512,512,1,7,306,7,150.5,0,0.0,0,150.5,150.5,0.0,1,1,1,3,111,Hibernating
14085,United Kingdom,2009-12-08 13:41:00,2011-12-07 13:46:00,2,731,32,1044,6433,478,9705.67,1,12.75,1,9692.92,303.3021875,0.13136651050365405,5,5,5,15,555,Champions
14086,United Kingdom,2010-09-03 10:52:00,2010-09-03 10:52:00,462,462,1,1,1,1,39.95,0,0.0,0,39.95,39.95,0.0,1,1,1,3,111,Hibernating
14087,United Kingdom,2009-12-04 15:27:00,2011-12-07 12:41:00,2,735,3,213,718,175,829.47,2,42.75,25,786.72,276.49,5.153893450034359,5,3,3,11,533,Potential Loyalists
14088,United Kingdom,2010-10-14 19:46:00,2011-11-29 16:16:00,10,421,16,682,15276,436,64036.8,2,305.17,95,63731.630000000005,4002.3,0.47655410638882645,5,5,5,15,555,Champions
14089,United Kingdom,2011-10-14 10:38:00,2011-10-14 10:38:00,56,56,1,13,133,13,158.75,0,0.0,0,158.75,158.75,0.0,4,1,1,6,411,Promising Customers
14090,United Kingdom,2011-01-19 10:51:00,2011-01-19 10:51:00,324,324,1,1,72,1,76.32000000000001,0,0.0,0,76.32000000000001,76.32000000000001,0.0,2,1,1,4,211,Hibernating
14091,United Kingdom,2010-01-10 13:41:00,2010-02-23 15:17:00,654,698,2,13,3316,13,9530.08,0,0.0,0,9530.08,4765.04,0.0,1,2,5,8,125,At Risk
14092,United Kingdom,2009-12-16 16:24:00,2011-12-02 12:13:00,7,723,24,373,3606,169,7229.45,3,13.81,5,7215.639999999999,301.2270833333333,0.19102421346022175,5,5,5,15,555,Champions
14093,United Kingdom,2011-11-27 16:27:00,2011-11-27 16:27:00,12,12,1,100,391,95,433.86,0,0.0,0,433.86,433.86,0.0,5,1,2,8,512,New Customers
14094,United Kingdom,2010-09-26 11:58:00,2010-09-26 11:58:00,439,439,1,43,158,41,311.77,1,0.95,1,310.82,311.77,0.3047118067806396,1,1,2,4,112,Hibernating
14095,United Kingdom,2009-12-17 12:49:00,2009-12-17 12:49:00,722,722,1,1,1,1,2.95,0,0.0,0,2.95,2.95,0.0,1,1,1,3,111,Hibernating
14096,United Kingdom,2011-08-30 10:49:00,2011-12-05 17:17:00,4,101,17,5095,16336,1118,53258.43,0,0.0,0,53258.43,3132.8488235294117,0.0,5,5,5,15,555,Champions
14097,United Kingdom,2010-03-04 10:46:00,2010-08-15 14:20:00,481,645,2,40,352,39,422.86,0,0.0,0,422.86,211.43,0.0,1,2,2,5,122,Hibernating
14098,United Kingdom,2011-11-03 10:13:00,2011-11-03 10:13:00,36,36,1,21,104,21,147.35,0,0.0,0,147.35,147.35,0.0,4,1,1,6,411,Promising Customers
14099,United Kingdom,2009-12-10 11:55:00,2011-11-23 13:53:00,16,729,20,521,3666,273,5750.91,2,65.2,10,5685.71,287.5455,1.133733617810051,5,5,5,15,555,Champions
14100,United Kingdom,2011-07-25 11:01:00,2011-07-25 11:01:00,137,137,1,25,63,24,191.95,0,0.0,0,191.95,191.95,0.0,3,1,1,5,311,Regular Customers
14101,United Kingdom,2010-03-28 13:36:00,2011-09-27 12:28:00,73,621,13,90,10542,19,9961.93,1,19.8,12,9942.130000000001,766.3023076923077,0.19875666662985988,4,5,5,14,455,Champions
14102,United Kingdom,2011-10-26 12:46:00,2011-12-04 15:38:00,5,44,5,58,769,35,1105.8799999999999,3,45.55,23,1060.33,221.176,4.118891742322856,5,4,3,12,543,Loyal Customers
14104,United Kingdom,2010-05-28 16:11:00,2011-07-08 12:50:00,154,560,5,134,495,116,740.53,0,0.0,0,740.53,148.106,0.0,3,4,3,10,343,Loyal Customers
14105,United Kingdom,2009-12-18 16:57:00,2011-04-14 17:58:00,239,721,5,279,3534,200,5988.83,4,284.85,51,5703.98,1197.766,4.756354747087495,2,4,5,11,245,At Risk
14106,United Kingdom,2009-12-02 14:09:00,2009-12-02 14:09:00,737,737,1,1,24,1,214.8,0,0.0,0,214.8,214.8,0.0,1,1,1,3,111,Hibernating
14107,United Kingdom,2009-12-09 14:20:00,2011-10-19 12:12:00,51,730,11,236,3489,102,4877.3,2,23.6,8,4853.7,443.39090909090913,0.4838742747011666,4,5,5,14,455,Champions
14108,United Kingdom,2009-12-01 18:07:00,2011-11-09 10:41:00,30,738,4,52,660,49,1044.96,1,3.75,1,1041.21,261.24,0.35886541111621495,5,3,3,11,533,Potential Loyalists
14109,United Kingdom,2011-09-28 10:18:00,2011-09-28 10:18:00,72,72,1,9,88,9,144.2,1,64.0,32,80.19999999999999,144.2,44.382801664355064,4,1,1,6,411,Promising Customers
14110,United Kingdom,2009-12-01 09:50:00,2011-12-06 12:26:00,3,738,33,399,5825,177,12987.95,2,28.35,11,12959.6,393.57424242424247,0.21827925115202937,5,5,5,15,555,Champions
14111,United Kingdom,2011-04-12 11:36:00,2011-11-25 13:44:00,14,241,4,10,458,10,692.85,1,4.25,1,688.6,173.2125,0.6134083856534603,5,3,3,11,533,Potential Loyalists
14112,United Kingdom,2010-02-23 14:16:00,2011-11-17 12:30:00,22,654,13,326,3539,199,5834.59,14,310.08,117,5524.51,448.8146153846154,5.314512245076346,5,5,5,15,555,Champions
14113,United Kingdom,2009-12-08 07:42:00,2011-12-06 12:18:00,3,731,16,122,3439,76,7092.610000000001,15,935.86,347,6156.750000000001,443.28812500000004,13.194860566138559,5,5,5,15,555,Champions
14114,United Kingdom,2010-04-12 11:07:00,2011-03-11 09:42:00,273,606,7,74,650,72,1364.09,0,0.0,0,1364.09,194.86999999999998,0.0,2,4,4,10,244,At Risk
14115,United Kingdom,2010-02-11 11:44:00,2010-07-26 12:36:00,501,666,2,22,509,22,622.67,0,0.0,0,622.67,311.335,0.0,1,2,3,6,123,Hibernating
14116,United Kingdom,2011-08-10 12:44:00,2011-11-20 10:29:00,19,121,5,72,707,61,1382.74,0,0.0,0,1382.74,276.548,0.0,5,4,4,13,544,Champions
14117,United Kingdom,2011-07-19 09:49:00,2011-07-19 09:49:00,143,143,1,3,72,3,90.0,0,0.0,0,90.0,90.0,0.0,3,1,1,5,311,Regular Customers
14118,United Kingdom,2010-10-07 11:59:00,2010-10-07 11:59:00,428,428,1,15,97,15,458.45,0,0.0,0,458.45,458.45,0.0,1,1,2,4,112,Hibernating
14119,United Kingdom,2009-12-21 14:52:00,2010-11-29 10:33:00,375,718,2,11,177,11,183.37,1,19.9,2,163.47,91.685,10.852374979549543,1,2,1,4,121,Hibernating
14121,United Kingdom,2011-10-11 10:39:00,2011-12-06 12:19:00,3,59,4,159,2082,148,2780.15,2,39.85,4,2740.3,695.0375,1.4333758969839758,5,3,4,12,534,Potential Loyalists
14122,United Kingdom,2009-12-02 14:22:00,2010-10-29 15:11:00,406,737,3,13,114,12,362.42,2,52.650000000000006,19,309.77,120.80666666666667,14.527343965564816,1,3,2,6,132,At Risk
14123,United Kingdom,2009-12-06 15:35:00,2009-12-06 15:35:00,733,733,1,24,234,24,436.18,0,0.0,0,436.18,436.18,0.0,1,1,2,4,112,Hibernating
14124,United Kingdom,2011-09-16 13:32:00,2011-09-16 13:32:00,84,84,1,5,1618,4,419.58,0,0.0,0,419.58,419.58,0.0,4,1,2,7,412,Promising Customers
14125,United Kingdom,2011-09-22 15:40:00,2011-11-29 12:47:00,10,78,3,166,1628,159,2720.63,0,0.0,0,2720.63,906.8766666666667,0.0,5,3,4,12,534,Potential Loyalists
14126,United Kingdom,2010-09-21 14:51:00,2011-12-02 11:45:00,7,444,4,43,887,37,1172.46,1,62.5,50,1109.96,293.115,5.330672261740273,5,3,3,11,533,Potential Loyalists
14127,United Kingdom,2010-10-10 11:53:00,2011-08-09 10:49:00,122,425,6,117,828,96,1900.0800000000002,0,0.0,0,1900.0800000000002,316.68,0.0,3,4,4,11,344,Loyal Customers
14128,United Kingdom,2010-06-06 14:05:00,2011-10-10 12:00:00,60,551,3,65,814,50,924.21,1,14.85,3,909.36,308.07,1.6067776803973124,4,3,3,10,433,Potential Loyalists
14129,United Kingdom,2010-05-09 14:54:00,2011-12-08 11:02:00,1,579,9,109,1414,40,2591.34,0,0.0,0,2591.34,287.9266666666667,0.0,5,4,4,13,544,Champions
14130,United Kingdom,2009-12-11 16:33:00,2011-01-24 16:05:00,319,728,4,220,1215,189,1858.77,0,0.0,0,1858.77,464.6925,0.0,2,3,4,9,234,At Risk
14131,United Kingdom,2010-03-01 11:59:00,2010-03-01 11:59:00,648,648,1,46,105,45,168.22,0,0.0,0,168.22,168.22,0.0,1,1,1,3,111,Hibernating
14132,United Kingdom,2011-06-09 12:04:00,2011-12-07 13:35:00,2,183,11,200,3368,100,3586.03,1,5.9,2,3580.13,326.00272727272727,0.16452734639699054,5,5,5,15,555,Champions
14133,United Kingdom,2009-12-06 12:10:00,2011-08-02 11:34:00,129,733,4,36,398,33,911.14,2,15.3,6,895.84,227.785,1.6792150492789253,3,3,3,9,333,Need Attention
14134,United Kingdom,2009-12-10 09:25:00,2010-11-22 12:26:00,382,729,15,180,5814,130,11123.35,0,0.0,0,11123.35,741.5566666666667,0.0,1,5,5,11,155,At Risk
14135,United Kingdom,2009-12-02 08:58:00,2011-12-08 11:38:00,1,737,24,219,8534,138,8839.67,1,38.87,23,8800.8,368.31958333333336,0.4397222973255789,5,5,5,15,555,Champions
14136,United Kingdom,2009-12-08 09:19:00,2010-11-04 11:53:00,400,731,5,106,1148,86,1570.81,2,16.85,3,1553.96,314.162,1.0726949790235611,1,4,4,9,144,At Risk
14137,United Kingdom,2010-01-13 12:30:00,2010-01-13 12:30:00,695,695,1,11,462,11,332.7,1,38.6,62,294.09999999999997,332.7,11.60204388337842,1,1,2,4,112,Hibernating
14138,United Kingdom,2011-10-07 09:38:00,2011-12-08 12:44:00,1,63,2,46,600,40,965.88,0,0.0,0,965.88,482.94,0.0,5,2,3,10,523,Potential Loyalists
14139,United Kingdom,2010-06-15 09:17:00,2011-10-24 13:34:00,46,542,4,69,1049,48,1086.8,0,0.0,0,1086.8,271.7,0.0,4,3,3,10,433,Potential Loyalists
14140,United Kingdom,2011-11-08 11:20:00,2011-12-06 09:05:00,3,31,2,66,811,60,935.05,1,15.0,2,920.05,467.525,1.604192289182397,5,2,3,10,523,Potential Loyalists
14141,United Kingdom,2011-08-26 14:40:00,2011-12-07 09:53:00,2,105,4,40,355,27,915.13,2,36.1,18,879.03,228.7825,3.944794728617792,5,3,3,11,533,Potential Loyalists
14142,United Kingdom,2010-03-03 15:13:00,2010-12-01 16:33:00,373,646,2,44,518,42,671.34,2,15.4,6,655.94,335.67,2.2939196234396877,1,2,3,6,123,Hibernating
14143,United Kingdom,2011-07-29 09:48:00,2011-07-29 09:48:00,133,133,1,7,30,7,115.8,0,0.0,0,115.8,115.8,0.0,3,1,1,5,311,Regular Customers
14144,United Kingdom,2010-08-10 15:17:00,2010-08-10 15:17:00,486,486,1,1,12,1,30.6,0,0.0,0,30.6,30.6,0.0,1,1,1,3,111,Hibernating
14145,United Kingdom,2010-04-08 09:47:00,2011-10-24 12:10:00,46,610,7,25,1655,11,7600.05,1,594.0,120,7006.05,1085.7214285714285,7.815738054354905,4,4,5,13,445,Champions
14146,United Kingdom,2010-01-13 16:04:00,2011-12-01 10:18:00,8,695,12,456,5780,337,9450.3,1,1241.43,551,8208.869999999999,787.525,13.13640836798832,5,5,5,15,555,Champions
14147,United Kingdom,2010-03-09 13:43:00,2011-09-22 18:10:00,78,640,9,30,995,24,2590.2,3,570.9,158,2019.2999999999997,287.79999999999995,22.040769052582814,4,4,4,12,444,Champions
14148,United Kingdom,2010-10-21 14:08:00,2011-04-20 12:02:00,233,414,2,17,223,15,466.29,0,0.0,0,466.29,233.145,0.0,2,2,2,6,222,Hibernating
14149,United Kingdom,2011-05-03 09:44:00,2011-05-03 09:44:00,220,220,1,28,218,28,446.62,2,187.19,89,259.43,446.62,41.91258788231606,2,1,1,4,211,Hibernating
14150,United Kingdom,2010-12-15 10:04:00,2011-11-04 10:05:00,35,359,2,26,496,23,658.64,0,0.0,0,658.64,329.32,0.0,4,2,3,9,423,Potential Loyalists
14151,United Kingdom,2009-12-23 10:54:00,2010-02-04 15:35:00,673,716,2,44,405,44,679.45,1,12.75,1,666.7,339.725,1.876517771727132,1,2,3,6,123,Hibernating
14152,United Kingdom,2010-02-18 13:57:00,2011-09-25 12:54:00,75,659,7,133,1844,104,1997.3400000000001,2,21.9,18,1975.44,285.3342857142857,1.096458289525068,4,4,4,12,444,Champions
14153,United Kingdom,2010-08-13 14:35:00,2010-08-13 14:35:00,483,483,1,17,312,17,233.39999999999998,0,0.0,0,233.39999999999998,233.39999999999998,0.0,1,1,1,3,111,Hibernating
14154,United Kingdom,2010-01-13 12:47:00,2011-04-14 16:26:00,239,695,8,292,3222,236,6460.7,2,197.1,18,6263.599999999999,807.5875,3.050753014379247,2,4,5,11,245,At Risk
14155,United Kingdom,2011-03-18 14:13:00,2011-03-18 14:13:00,266,266,1,6,25,6,118.75,0,0.0,0,118.75,118.75,0.0,2,1,1,4,211,Hibernating
14156,EIRE,2009-12-01 12:30:00,2011-11-30 10:54:00,9,738,144,3994,164281,1443,303069.88,38,5294.87,2072,297775.01,2104.6519444444443,1.7470789245041438,5,5,5,15,555,Champions
14157,United Kingdom,2010-03-03 16:49:00,2011-11-20 11:32:00,19,646,5,85,521,75,978.69,1,32.45,11,946.24,195.738,3.3156566430636873,5,4,3,12,543,Loyal Customers
14158,United Kingdom,2011-10-30 15:08:00,2011-10-30 15:08:00,40,40,1,41,781,41,507.65999999999997,0,0.0,0,507.65999999999997,507.65999999999997,0.0,4,1,2,7,412,Promising Customers
14159,United Kingdom,2009-12-03 12:31:00,2011-11-20 12:36:00,19,736,20,1834,6514,705,7849.58,5,322.96,224,7526.62,392.479,4.114360258765437,5,5,5,15,555,Champions
14160,United Kingdom,2010-01-10 12:06:00,2010-04-08 14:30:00,610,698,7,107,4661,80,8421.47,0,0.0,0,8421.47,1203.0671428571427,0.0,1,4,5,10,145,At Risk
14161,United Kingdom,2009-12-13 11:46:00,2011-05-08 11:41:00,215,726,7,277,1480,202,2996.93,0,0.0,0,2996.93,428.1328571428571,0.0,2,4,5,11,245,At Risk
14162,United Kingdom,2011-02-20 12:32:00,2011-06-19 11:36:00,173,292,2,25,142,25,289.36,0,0.0,0,289.36,144.68,0.0,3,2,2,7,322,Need Attention
14163,United Kingdom,2010-09-03 17:15:00,2011-09-13 15:18:00,87,462,5,58,950,42,2594.62,0,0.0,0,2594.62,518.924,0.0,4,4,4,12,444,Champions
14164,United Kingdom,2011-09-20 12:18:00,2011-09-30 12:24:00,70,80,2,29,1033,28,1631.77,0,0.0,0,1631.77,815.885,0.0,4,2,4,10,424,Potential Loyalists
14165,United Kingdom,2011-03-09 12:39:00,2011-03-09 12:39:00,275,275,1,24,53,23,120.44,0,0.0,0,120.44,120.44,0.0,2,1,1,4,211,Hibernating
14166,United Kingdom,2010-03-23 15:10:00,2010-07-22 19:42:00,505,626,2,51,82,39,251.15,0,0.0,0,251.15,125.575,0.0,1,2,1,4,121,Hibernating
14167,United Kingdom,2010-01-27 16:07:00,2011-10-31 14:29:00,39,681,8,115,340,48,1274.29,0,0.0,0,1274.29,159.28625,0.0,4,4,4,12,444,Champions
14168,United Kingdom,2010-05-24 12:28:00,2010-10-15 10:49:00,420,564,2,15,147,11,370.45,1,64.55,9,305.9,185.225,17.42475367795924,1,2,2,5,122,Hibernating
14169,United Kingdom,2010-09-21 13:39:00,2010-10-05 08:45:00,430,444,2,63,201,49,613.11,0,0.0,0,613.11,306.555,0.0,1,2,3,6,123,Hibernating
14170,United Kingdom,2010-11-09 14:06:00,2010-11-29 13:10:00,375,395,3,145,270,123,570.18,0,0.0,0,570.18,190.05999999999997,0.0,1,3,2,6,132,At Risk
14171,United Kingdom,2009-12-09 13:50:00,2011-09-02 16:43:00,98,730,2,64,211,61,498.79,0,0.0,0,498.79,249.395,0.0,3,2,2,7,322,Need Attention
14172,United Kingdom,2010-03-07 10:58:00,2010-04-13 13:26:00,605,642,3,44,78,38,369.02,1,12.75,1,356.27,123.00666666666666,3.4550972847000163,1,3,2,6,132,At Risk
14173,United Kingdom,2009-12-09 12:46:00,2011-11-29 11:54:00,10,730,6,33,194,30,586.0,1,19.05,3,566.95,97.66666666666667,3.250853242320819,5,4,2,11,542,Loyal Customers
14174,United Kingdom,2011-11-06 13:17:00,2011-11-06 13:17:00,33,33,1,26,94,26,134.46,0,0.0,0,134.46,134.46,0.0,4,1,1,6,411,Promising Customers
14175,United Kingdom,2010-03-22 10:43:00,2011-10-11 11:55:00,59,627,8,331,3009,237,7678.88,9,328.44,89,7350.4400000000005,959.86,4.277186256329048,4,4,5,13,445,Champions
14176,United Kingdom,2010-11-23 13:21:00,2011-02-15 13:12:00,297,381,5,37,265,33,756.46,1,2.9,2,753.5600000000001,151.292,0.38336461941146915,2,4,3,9,243,At Risk
14177,United Kingdom,2010-02-26 11:59:00,2011-09-14 15:11:00,86,651,13,205,1043,141,2209.69,1,4.95,1,2204.7400000000002,169.97615384615386,0.22401332313582448,4,5,4,13,454,Champions
14178,United Kingdom,2011-06-10 12:51:00,2011-12-01 12:01:00,8,182,7,316,1492,190,1580.26,0,0.0,0,1580.26,225.75142857142856,0.0,5,4,4,13,544,Champions
14179,United Kingdom,2011-10-18 14:00:00,2011-10-30 12:07:00,40,52,2,157,319,135,701.57,0,0.0,0,701.57,350.785,0.0,4,2,3,9,423,Potential Loyalists
14180,United Kingdom,2010-06-09 14:56:00,2011-11-29 10:56:00,10,548,33,289,847,125,6117.5,9,208.5,14,5909.0,185.37878787878788,3.4082550061299552,5,5,5,15,555,Champions
14181,United Kingdom,2010-05-26 12:32:00,2010-10-25 08:27:00,410,562,2,52,120,48,308.35,0,0.0,0,308.35,154.175,0.0,1,2,2,5,122,Hibernating
14182,United Kingdom,2010-04-22 15:36:00,2010-09-22 11:45:00,443,596,4,50,174,42,678.77,1,18.7,2,660.0699999999999,169.6925,2.7549832785774266,1,3,3,7,133,At Risk
14183,United Kingdom,2010-08-15 15:36:00,2010-10-24 14:45:00,411,481,2,34,60,27,278.34000000000003,0,0.0,0,278.34000000000003,139.17000000000002,0.0,1,2,2,5,122,Hibernating
14184,United Kingdom,2011-10-04 12:43:00,2011-10-04 12:43:00,66,66,1,24,127,24,452.89,0,0.0,0,452.89,452.89,0.0,4,1,2,7,412,Promising Customers
14185,United Kingdom,2011-01-12 13:52:00,2011-01-12 13:52:00,331,331,1,3,6,3,197.65,0,0.0,0,197.65,197.65,0.0,2,1,1,4,211,Hibernating
14186,United Kingdom,2010-03-05 11:17:00,2010-10-08 13:30:00,427,644,5,104,1550,75,1550.63,0,0.0,0,1550.63,310.12600000000003,0.0,1,4,4,9,144,At Risk
14187,United Kingdom,2010-08-23 12:06:00,2010-08-23 12:06:00,473,473,1,8,50,8,123.5,0,0.0,0,123.5,123.5,0.0,1,1,1,3,111,Hibernating
14188,United Kingdom,2011-02-02 13:46:00,2011-11-09 12:45:00,30,310,6,65,1162,34,2054.36,4,35.45,17,2018.91,342.3933333333334,1.7255982398411185,5,4,4,13,544,Champions
14189,United Kingdom,2010-11-16 09:28:00,2011-12-07 15:55:00,2,388,16,307,4392,199,5503.150000000001,9,49.77,18,5453.38,343.94687500000003,0.9043911214486248,5,5,5,15,555,Champions
14190,United Kingdom,2010-02-11 14:27:00,2010-02-11 14:27:00,666,666,1,1,2,1,79.9,0,0.0,0,79.9,79.9,0.0,1,1,1,3,111,Hibernating
14191,United Kingdom,2009-12-11 10:48:00,2011-12-08 09:23:00,1,728,15,265,3724,147,4817.66,2,104.25,15,4713.41,321.1773333333333,2.1639136012088858,5,5,5,15,555,Champions
14192,United Kingdom,2010-11-16 17:44:00,2010-11-16 17:44:00,388,388,1,14,218,14,293.74,0,0.0,0,293.74,293.74,0.0,1,1,2,4,112,Hibernating
14193,United Kingdom,2010-11-08 12:31:00,2011-10-03 09:34:00,67,396,3,64,653,49,1210.19,0,0.0,0,1210.19,403.3966666666667,0.0,4,3,4,11,434,Potential Loyalists
14194,United Kingdom,2010-01-06 12:16:00,2011-12-05 10:38:00,4,702,36,952,10037,432,18670.59,18,227.72,110,18442.87,518.6275,1.2196722224632428,5,5,5,15,555,Champions
14195,United Kingdom,2010-03-15 17:12:00,2011-05-22 10:29:00,201,634,6,16,2144,10,2615.6,4,214.2,252,2401.4,435.93333333333334,8.189325584951828,2,4,4,10,244,At Risk
14196,United Kingdom,2011-08-25 10:25:00,2011-08-25 10:25:00,106,106,1,6,142,6,335.52,0,0.0,0,335.52,335.52,0.0,3,1,2,6,312,Regular Customers
14197,United Kingdom,2010-10-25 10:01:00,2010-10-25 10:01:00,410,410,1,20,143,20,390.05,0,0.0,0,390.05,390.05,0.0,1,1,2,4,112,Hibernating
14198,United Kingdom,2010-01-05 10:07:00,2011-11-21 16:35:00,18,703,9,91,623,58,1569.73,4,42.15,15,1527.58,174.41444444444446,2.685175157511164,5,4,4,13,544,Champions
14199,United Kingdom,2010-06-27 12:13:00,2011-05-05 13:44:00,218,530,4,18,254,15,1091.7,2,175.2,24,916.5,272.925,16.04836493542182,2,3,3,8,233,At Risk
14200,United Kingdom,2010-04-01 13:01:00,2010-04-01 13:01:00,617,617,1,21,140,21,379.2,0,0.0,0,379.2,379.2,0.0,1,1,2,4,112,Hibernating
14201,United Kingdom,2010-04-30 13:00:00,2011-10-10 13:27:00,60,588,10,55,806,47,1193.54,2,59.400000000000006,12,1134.1399999999999,119.354,4.976791728806743,4,4,3,11,443,Loyal Customers
14202,United Kingdom,2010-03-25 10:36:00,2010-11-23 17:13:00,381,624,3,29,166,27,847.76,0,0.0,0,847.76,282.58666666666664,0.0,1,3,3,7,133,At Risk
14203,United Kingdom,2010-11-07 13:35:00,2010-11-07 13:35:00,397,397,1,16,80,16,339.34,0,0.0,0,339.34,339.34,0.0,1,1,2,4,112,Hibernating
14204,United Kingdom,2009-12-02 13:26:00,2011-12-07 13:38:00,2,737,4,220,469,186,1024.83,0,0.0,0,1024.83,256.2075,0.0,5,3,3,11,533,Potential Loyalists
14205,United Kingdom,2010-03-07 12:20:00,2011-11-23 10:55:00,16,642,9,123,1342,79,2414.2,2,257.9,106,2156.2999999999997,268.2444444444444,10.682627785601856,5,4,4,13,544,Champions
14206,United Kingdom,2010-11-02 11:37:00,2011-04-14 16:38:00,239,402,3,71,930,62,1185.01,2,39.8,4,1145.21,395.00333333333333,3.358621446232521,2,3,3,8,233,At Risk
14207,United Kingdom,2010-01-21 09:33:00,2010-01-21 09:33:00,687,687,1,2,36,2,157.8,0,0.0,0,157.8,157.8,0.0,1,1,1,3,111,Hibernating
14208,United Kingdom,2010-06-06 13:11:00,2011-09-06 12:48:00,94,551,2,35,529,34,567.05,0,0.0,0,567.05,283.525,0.0,3,2,2,7,322,Need Attention
14209,United Kingdom,2010-01-22 10:28:00,2011-11-29 10:18:00,10,686,15,231,1739,133,4993.27,4,55.900000000000006,12,4937.370000000001,332.8846666666667,1.1195068562284836,5,5,5,15,555,Champions
14210,United Kingdom,2010-01-06 10:17:00,2011-08-26 12:36:00,105,702,16,314,2511,143,5556.570000000001,5,47.2,8,5509.370000000001,347.28562500000004,0.8494448913628371,3,5,5,13,355,Loyal Customers
14211,United Kingdom,2009-12-09 12:48:00,2011-10-17 13:23:00,53,730,18,240,2575,155,4402.29,8,100.6,24,4301.69,244.57166666666666,2.285174307008398,4,5,5,14,455,Champions
14212,United Kingdom,2010-09-20 11:48:00,2011-09-11 12:45:00,89,445,2,21,2046,18,2190.14,0,0.0,0,2190.14,1095.07,0.0,4,2,4,10,424,Potential Loyalists
14213,United Kingdom,2010-10-31 10:37:00,2010-10-31 10:37:00,404,404,1,5,244,5,1192.2,1,1192.2,244,0.0,1192.2,100.0,1,1,1,3,111,Hibernating
14214,United Kingdom,2011-03-07 12:26:00,2011-11-09 10:31:00,30,277,5,67,751,64,1004.38,2,4.15,3,1000.23,200.876,0.41319022680658724,5,4,3,12,543,Loyal Customers
14215,United Kingdom,2009-12-08 09:35:00,2011-11-28 12:19:00,11,731,9,186,2181,167,3250.33,1,11.8,4,3238.5299999999997,361.1477777777778,0.3630400605476983,5,4,5,14,545,Champions
14216,United Kingdom,2010-10-21 15:07:00,2011-12-06 14:56:00,3,414,5,77,712,65,2150.04,1,7.6499999999999995,3,2142.39,430.008,0.3558073338170452,5,4,4,13,544,Champions
14217,United Kingdom,2010-06-30 12:54:00,2011-12-08 11:53:00,1,527,23,174,1230,122,3298.59,10,193.07,23,3105.52,143.41695652173914,5.8531069335685855,5,5,5,15,555,Champions
14218,United Kingdom,2011-10-28 10:00:00,2011-10-28 10:00:00,42,42,1,12,160,12,169.48000000000002,0,0.0,0,169.48000000000002,169.48000000000002,0.0,4,1,1,6,411,Promising Customers
14219,United Kingdom,2010-08-03 14:42:00,2011-12-05 16:23:00,4,493,3,43,363,39,633.83,0,0.0,0,633.83,211.27666666666667,0.0,5,3,3,11,533,Potential Loyalists
14220,United Kingdom,2010-05-19 13:26:00,2011-04-06 13:23:00,247,569,4,38,468,26,1515.0,0,0.0,0,1515.0,378.75,0.0,2,3,4,9,234,At Risk
14221,United Kingdom,2010-04-06 14:10:00,2011-10-28 13:42:00,42,612,17,347,3808,166,6517.49,2,10.9,2,6506.59,383.38176470588235,0.16724229726474457,4,5,5,14,455,Champions
14222,United Kingdom,2011-06-15 16:42:00,2011-06-15 16:42:00,177,177,1,41,607,41,683.17,0,0.0,0,683.17,683.17,0.0,3,1,3,7,313,Need Attention
14223,United Kingdom,2011-03-20 16:02:00,2011-09-08 13:38:00,92,264,3,60,585,50,991.13,1,15.9,2,975.23,330.37666666666667,1.604229515805192,3,3,3,9,333,Need Attention
14224,United Kingdom,2010-06-13 13:46:00,2011-08-21 13:24:00,110,544,9,229,826,189,1841.71,0,0.0,0,1841.71,204.63444444444445,0.0,3,4,4,11,344,Loyal Customers
14225,United Kingdom,2010-01-12 15:02:00,2010-10-01 10:32:00,434,696,4,86,1167,70,2031.07,1,21.9,13,2009.1699999999998,507.7675,1.078249395638752,1,3,4,8,134,At Risk
14226,United Kingdom,2010-09-24 14:32:00,2011-11-11 11:34:00,28,441,6,97,1714,89,2985.13,3,34.75,9,2950.38,497.5216666666667,1.164103405881821,5,4,5,14,545,Champions
14227,United Kingdom,2010-02-08 09:38:00,2011-11-13 15:48:00,26,669,15,376,4045,245,6366.16,7,41.4,12,6324.76,424.41066666666666,0.6503135328047049,5,5,5,15,555,Champions
14228,United Kingdom,2010-06-11 12:29:00,2010-09-28 09:45:00,437,546,3,38,260,38,745.5,0,0.0,0,745.5,248.5,0.0,1,3,3,7,133,At Risk
14229,United Kingdom,2010-08-25 11:47:00,2011-10-19 10:04:00,51,471,7,72,934,41,2594.04,4,125.04999999999998,23,2468.99,370.57714285714286,4.820665833988682,4,4,4,12,444,Champions
14230,United Kingdom,2010-06-09 13:56:00,2010-09-30 09:07:00,435,548,3,33,246,27,979.8000000000001,0,0.0,0,979.8000000000001,326.6,0.0,1,3,3,7,133,At Risk
14231,United Kingdom,2010-09-15 09:52:00,2011-06-09 11:05:00,183,450,4,69,610,66,1235.6200000000001,2,103.65,7,1131.97,308.90500000000003,8.388501319175798,2,3,3,8,233,At Risk
14232,United Kingdom,2011-03-20 12:44:00,2011-10-28 11:09:00,42,264,5,115,1941,81,2048.07,3,4.14,4,2043.93,409.61400000000003,0.20214152836572963,4,4,4,12,444,Champions
14233,United Kingdom,2010-03-05 16:35:00,2011-10-21 15:54:00,49,644,7,73,1261,42,2904.27,3,137.31,35,2766.96,414.8957142857143,4.727866210786187,4,4,4,12,444,Champions
14234,United Kingdom,2011-10-13 13:58:00,2011-11-17 17:53:00,22,57,4,147,951,122,754.12,0,0.0,0,754.12,188.53,0.0,5,3,3,11,533,Potential Loyalists
14235,United Kingdom,2010-03-30 13:36:00,2011-09-25 14:37:00,75,619,9,148,3014,107,4717.99,1,51.0,12,4666.99,524.2211111111111,1.0809688023925443,4,4,5,13,445,Champions
14236,United Kingdom,2010-07-22 14:27:00,2011-09-20 09:13:00,80,505,5,47,774,39,1555.34,2,11.899999999999999,2,1543.4399999999998,311.068,0.7651060218344542,4,4,4,12,444,Champions
14237,United Kingdom,2010-04-28 10:04:00,2010-12-01 13:20:00,373,590,2,26,238,26,471.14,1,5.1,2,466.03999999999996,235.57,1.0824807912722332,1,2,2,5,122,Hibernating
14238,United Kingdom,2009-12-05 10:58:00,2011-01-17 14:40:00,326,734,3,13,189,13,434.23,0,0.0,0,434.23,144.74333333333334,0.0,2,3,2,7,232,At Risk
14239,United Kingdom,2009-12-05 12:36:00,2011-10-27 14:40:00,43,734,21,210,1729,97,4263.17,3,59.45,8,4203.72,203.00809523809525,1.3945022131418638,4,5,5,14,455,Champions
14240,United Kingdom,2010-10-12 12:48:00,2011-11-09 13:45:00,30,423,3,61,655,46,1247.49,0,0.0,0,1247.49,415.83,0.0,5,3,4,12,534,Potential Loyalists
14241,United Kingdom,2010-01-12 15:11:00,2011-06-09 11:46:00,183,696,2,12,242,12,333.7,0,0.0,0,333.7,166.85,0.0,2,2,2,6,222,Hibernating
14242,United Kingdom,2011-01-18 08:53:00,2011-04-19 11:46:00,234,325,2,16,123,13,280.55,0,0.0,0,280.55,140.275,0.0,2,2,2,6,222,Hibernating
14243,United Kingdom,2010-08-20 13:41:00,2011-12-01 11:12:00,8,476,17,363,3631,235,7217.75,6,65.69,21,7152.06,424.5735294117647,0.9101174188632192,5,5,5,15,555,Champions
14244,United Kingdom,2010-02-17 11:40:00,2010-02-17 11:40:00,660,660,1,16,814,16,366.41999999999996,1,11.6,12,354.81999999999994,366.41999999999996,3.1657660608045415,1,1,2,4,112,Hibernating
14245,United Kingdom,2011-03-21 10:41:00,2011-05-04 08:40:00,219,263,2,108,976,107,1693.45,3,15.97,5,1677.48,846.725,0.9430452626295432,2,2,4,8,224,At Risk
14246,United Kingdom,2011-04-08 08:25:00,2011-08-21 11:50:00,110,245,3,75,804,57,1474.06,0,0.0,0,1474.06,491.3533333333333,0.0,3,3,4,10,334,Need Attention
14247,United Kingdom,2010-06-06 15:07:00,2011-03-06 15:21:00,278,551,5,113,378,82,753.56,1,2.95,1,750.6099999999999,150.712,0.3914751313764001,2,4,3,9,243,At Risk
14248,United Kingdom,2010-07-12 14:27:00,2011-01-25 14:45:00,318,515,3,47,692,41,1032.95,0,0.0,0,1032.95,344.31666666666666,0.0,2,3,3,8,233,At Risk
14249,United Kingdom,2010-01-29 14:21:00,2010-10-25 12:34:00,410,679,12,272,2383,178,5400.461,0,0.0,0,5400.461,450.0384166666667,0.0,1,5,5,11,155,At Risk
14250,United Kingdom,2011-09-11 13:44:00,2011-12-02 14:30:00,7,89,3,111,1200,94,1904.05,0,0.0,0,1904.05,634.6833333333333,0.0,5,3,4,12,534,Potential Loyalists
14251,United Kingdom,2011-10-13 12:46:00,2011-12-08 08:32:00,1,57,5,78,1674,37,2879.7000000000003,0,0.0,0,2879.7000000000003,575.94,0.0,5,4,5,14,545,Champions
14252,United Kingdom,2010-11-23 13:36:00,2010-11-23 13:36:00,381,381,1,10,111,10,350.99,0,0.0,0,350.99,350.99,0.0,1,1,2,4,112,Hibernating
14253,United Kingdom,2010-03-26 15:08:00,2010-08-03 14:55:00,493,623,2,12,88,11,363.40000000000003,0,0.0,0,363.40000000000003,181.70000000000002,0.0,1,2,2,5,122,Hibernating
14254,United Kingdom,2010-10-03 11:52:00,2010-10-03 11:52:00,432,432,1,23,263,23,601.03,0,0.0,0,601.03,601.03,0.0,1,1,3,5,113,Hibernating
14256,United Kingdom,2010-01-14 10:35:00,2011-03-24 13:17:00,260,694,5,133,1147,100,2460.79,4,76.65,9,2384.14,492.158,3.1148533600998056,2,4,4,10,244,At Risk
14257,United Kingdom,2010-03-01 15:36:00,2011-10-06 16:54:00,64,648,9,240,3332,167,5954.45,1,12.45,5,5942.0,661.6055555555555,0.20908732124713447,4,4,5,13,445,Champions
14258,United Kingdom,2009-12-04 08:36:00,2011-11-30 15:27:00,9,735,25,300,17488,97,32051.34,7,1023.99,241,31027.35,1282.0536,3.1948430237238132,5,5,5,15,555,Champions
14259,United Kingdom,2011-07-21 10:44:00,2011-07-21 10:44:00,141,141,1,5,68,5,120.0,0,0.0,0,120.0,120.0,0.0,3,1,1,5,311,Regular Customers
14260,United Kingdom,2010-06-09 11:23:00,2010-08-25 14:55:00,471,548,3,51,544,50,824.28,0,0.0,0,824.28,274.76,0.0,1,3,3,7,133,At Risk
14261,United Kingdom,2011-09-22 10:47:00,2011-10-20 10:04:00,50,78,2,52,406,52,1163.45,0,0.0,0,1163.45,581.725,0.0,4,2,3,9,423,Potential Loyalists
14262,United Kingdom,2011-04-13 12:23:00,2011-12-01 14:17:00,8,240,8,143,1645,87,2618.23,0,0.0,0,2618.23,327.27875,0.0,5,4,4,13,544,Champions
14263,United Kingdom,2010-10-12 14:09:00,2010-10-12 14:09:00,423,423,1,16,171,16,322.93,0,0.0,0,322.93,322.93,0.0,1,1,2,4,112,Hibernating
14264,United Kingdom,2010-04-07 13:21:00,2011-07-08 10:20:00,154,611,6,79,553,59,1517.3600000000001,2,41.5,8,1475.8600000000001,252.89333333333335,2.7350134444034375,3,4,4,11,344,Loyal Customers
14265,Unspecified,2010-04-06 14:39:00,2011-08-22 13:32:00,109,612,4,79,715,74,1373.35,0,0.0,0,1373.35,343.3375,0.0,3,3,4,10,334,Need Attention
14266,United Kingdom,2010-10-07 13:32:00,2010-10-07 13:32:00,428,428,1,1,24,1,40.56,0,0.0,0,40.56,40.56,0.0,1,1,1,3,111,Hibernating
14267,United Kingdom,2011-03-24 11:38:00,2011-06-30 10:09:00,162,260,3,55,530,25,1516.24,6,257.05,71,1259.19,505.41333333333336,16.953120877961272,3,3,4,10,334,Need Attention
14268,United Kingdom,2010-08-26 10:45:00,2010-08-26 10:45:00,470,470,1,19,147,19,354.85,0,0.0,0,354.85,354.85,0.0,1,1,2,4,112,Hibernating
14269,United Kingdom,2010-09-26 12:53:00,2010-09-26 12:53:00,439,439,1,16,123,16,295.73,1,34.05,9,261.68,295.73,11.51388090487945,1,1,1,3,111,Hibernating
14270,United Kingdom,2011-01-12 09:33:00,2011-01-12 09:33:00,331,331,1,29,197,29,492.65000000000003,0,0.0,0,492.65000000000003,492.65000000000003,0.0,2,1,2,5,212,Hibernating
14271,United Kingdom,2010-10-26 17:01:00,2011-04-28 12:47:00,225,409,2,38,148,38,214.18,0,0.0,0,214.18,107.09,0.0,2,2,1,5,221,Hibernating
14272,United Kingdom,2010-05-06 14:01:00,2011-09-27 10:08:00,73,582,4,64,1097,62,920.81,0,0.0,0,920.81,230.2025,0.0,4,3,3,10,433,Potential Loyalists
14273,United Kingdom,2011-04-11 13:24:00,2011-10-19 13:20:00,51,242,4,29,264,22,559.97,0,0.0,0,559.97,139.9925,0.0,4,3,2,9,432,Potential Loyalists
14274,United Kingdom,2010-01-22 12:51:00,2010-01-22 12:51:00,686,686,1,15,178,15,256.6,0,0.0,0,256.6,256.6,0.0,1,1,1,3,111,Hibernating
14275,United Kingdom,2010-04-11 12:32:00,2010-11-09 09:06:00,395,607,6,23,538,14,1189.3799999999999,0,0.0,0,1189.3799999999999,198.23,0.0,1,4,4,9,144,At Risk
14276,United Kingdom,2010-02-17 13:10:00,2011-09-02 09:45:00,98,660,7,121,1406,75,2102.68,5,168.95,61,1933.7299999999998,300.3828571428571,8.034983925276313,3,4,4,11,344,Loyal Customers
14277,France,2009-12-13 15:43:00,2011-11-24 15:01:00,15,726,8,376,89802,332,16789.16,5,12829.34,87919,3959.8199999999997,2098.645,76.41442454536141,5,4,5,14,545,Champions
14278,United Kingdom,2010-10-26 12:07:00,2010-10-26 12:07:00,409,409,1,13,131,13,205.83,0,0.0,0,205.83,205.83,0.0,1,1,1,3,111,Hibernating
14279,United Kingdom,2010-01-27 16:34:00,2010-07-07 08:42:00,520,681,2,3,46,3,191.86,0,0.0,0,191.86,95.93,0.0,1,2,1,4,121,Hibernating
14280,United Kingdom,2011-05-27 10:37:00,2011-05-27 10:37:00,196,196,1,8,52,8,134.04,0,0.0,0,134.04,134.04,0.0,2,1,1,4,211,Hibernating
14281,United Kingdom,2010-10-27 14:45:00,2010-10-27 14:45:00,408,408,1,7,45,7,245.15,0,0.0,0,245.15,245.15,0.0,1,1,1,3,111,Hibernating
14282,United Kingdom,2010-02-15 11:22:00,2011-12-06 17:04:00,3,662,25,239,5166,100,7250.76,1,5.0,4,7245.76,290.0304,0.0689582885104458,5,5,5,15,555,Champions
14283,United Kingdom,2010-05-19 12:22:00,2010-09-02 14:46:00,463,569,4,41,550,36,628.44,0,0.0,0,628.44,157.11,0.0,1,3,3,7,133,At Risk
14284,United Kingdom,2010-02-24 12:06:00,2011-11-09 08:11:00,30,653,3,67,510,59,1299.65,1,16.8,4,1282.8500000000001,433.2166666666667,1.2926557150001925,5,3,4,12,534,Potential Loyalists
14285,United Kingdom,2009-12-08 14:13:00,2011-11-18 14:50:00,21,731,8,61,954,48,3284.42,0,0.0,0,3284.42,410.5525,0.0,5,4,5,14,545,Champions
14286,United Kingdom,2009-12-04 08:40:00,2011-11-16 10:34:00,23,735,7,499,8795,270,8479.76,5,83.06,100,8396.7,1211.3942857142858,0.9795088540241704,5,4,5,14,545,Champions
14287,United Kingdom,2011-05-25 11:41:00,2011-12-01 13:25:00,8,198,3,9,261,9,176.63,1,20.4,24,156.23,58.876666666666665,11.549566891241577,5,3,1,9,531,Potential Loyalists
14288,United Kingdom,2011-05-10 13:22:00,2011-05-10 13:22:00,213,213,1,16,188,16,426.6,1,12.75,1,413.85,426.6,2.9887482419127984,2,1,2,5,212,Hibernating
14289,United Kingdom,2011-02-23 12:33:00,2011-12-01 11:44:00,8,289,6,47,292,33,911.26,0,0.0,0,911.26,151.87666666666667,0.0,5,4,3,12,543,Loyal Customers
14290,United Kingdom,2009-12-08 11:44:00,2011-11-28 14:02:00,11,731,8,151,1600,120,4516.56,6,295.13,76,4221.43,564.57,6.534397860318472,5,4,5,14,545,Champions
14291,United Kingdom,2009-12-09 10:46:00,2011-12-08 10:26:00,1,730,23,494,6146,241,7904.1,2,59.7,6,7844.400000000001,343.6565217391304,0.7553042092078794,5,5,5,15,555,Champions
14292,United Kingdom,2010-03-19 11:10:00,2011-12-02 11:50:00,7,630,16,193,3429,120,9226.25,11,338.35,56,8887.9,576.640625,3.6672537596531636,5,5,5,15,555,Champions
14293,United Kingdom,2009-12-10 10:57:00,2011-12-06 15:17:00,3,729,9,119,1558,88,2903.01,1,93.6,144,2809.4100000000003,322.5566666666667,3.2242396684820234,5,4,4,13,544,Champions
14294,United Kingdom,2010-10-28 16:25:00,2010-10-28 16:25:00,407,407,1,23,190,23,375.34000000000003,0,0.0,0,375.34000000000003,375.34000000000003,0.0,1,1,2,4,112,Hibernating
14295,United Kingdom,2009-12-09 13:06:00,2011-10-30 15:50:00,40,730,4,71,1028,65,2352.91,3,43.849999999999994,6,2309.06,588.2275,1.8636496933584368,4,3,4,11,434,Potential Loyalists
14296,United Kingdom,2010-05-14 14:34:00,2010-10-14 14:14:00,421,574,2,27,314,27,456.4,1,7.95,1,448.45,228.2,1.7418930762489047,1,2,2,5,122,Hibernating
14297,United Kingdom,2011-03-10 08:31:00,2011-11-22 09:06:00,17,274,4,62,865,48,1305.33,1,14.85,3,1290.48,326.3325,1.1376433545540208,5,3,4,12,534,Potential Loyalists
14298,United Kingdom,2009-12-11 13:49:00,2011-12-01 13:12:00,8,728,82,2864,100272,1370,91194.49,2,705.1800000000001,418,90489.31000000001,1112.1279268292683,0.7732704026306852,5,5,5,15,555,Champions
14299,United Kingdom,2009-12-02 10:58:00,2011-12-01 16:05:00,8,737,27,335,8136,164,14070.25,14,1449.97,174,12620.28,521.1203703703703,10.305218457383486,5,5,5,15,555,Champions
14300,United Kingdom,2011-11-21 08:57:00,2011-11-21 08:57:00,18,18,1,3,32,3,43.2,0,0.0,0,43.2,43.2,0.0,5,1,1,7,511,New Customers
14301,United Kingdom,2010-02-11 13:07:00,2011-08-14 15:33:00,117,666,4,53,1686,37,1992.18,3,35.95,13,1956.23,498.045,1.8045558132297284,3,3,4,10,334,Need Attention
14302,United Kingdom,2009-12-02 08:16:00,2010-10-05 08:10:00,430,737,3,28,298,25,742.9000000000001,0,0.0,0,742.9000000000001,247.63333333333335,0.0,1,3,3,7,133,At Risk
14303,United Kingdom,2010-10-01 10:31:00,2010-10-28 15:37:00,407,434,2,22,218,21,277.94,0,0.0,0,277.94,138.97,0.0,1,2,2,5,122,Hibernating
14304,United Kingdom,2010-05-18 10:50:00,2011-05-01 11:50:00,222,570,3,88,775,69,1725.01,2,201.20000000000002,88,1523.81,575.0033333333333,11.663700500286955,2,3,4,9,234,At Risk
14305,United Kingdom,2011-07-27 14:14:00,2011-09-29 15:29:00,71,135,3,105,1089,96,1858.96,2,55.2,20,1803.76,619.6533333333333,2.9694022464173515,4,3,4,11,434,Potential Loyalists
14306,United Kingdom,2010-01-31 13:42:00,2011-10-19 13:23:00,51,677,6,46,2065,43,3151.4,1,9.9,2,3141.5,525.2333333333333,0.31414609379958114,4,4,5,13,445,Champions
14307,United Kingdom,2009-12-07 13:06:00,2011-09-12 09:38:00,88,732,10,262,2816,205,4287.92,1,7.95,1,4279.97,428.79200000000003,0.1854045784436277,4,4,5,13,445,Champions
14309,United Kingdom,2010-06-07 10:24:00,2011-12-01 13:33:00,8,550,11,189,2583,125,3780.81,1,32.85,14,3747.96,343.71,0.8688614344545218,5,5,5,15,555,Champions
14310,United Kingdom,2010-10-03 12:34:00,2010-10-03 12:34:00,432,432,1,22,230,22,492.1,0,0.0,0,492.1,492.1,0.0,1,1,2,4,112,Hibernating
14311,United Kingdom,2010-05-21 10:28:00,2011-04-11 10:14:00,242,567,2,31,235,31,516.45,1,80.55,21,435.90000000000003,258.225,15.596863200697065,2,2,2,6,222,Hibernating
14312,United Kingdom,2010-07-23 15:05:00,2011-10-24 09:46:00,46,504,11,180,1904,148,3090.29,0,0.0,0,3090.29,280.93545454545455,0.0,4,5,5,14,455,Champions
14314,United Kingdom,2010-10-05 08:00:00,2011-08-25 10:39:00,106,430,2,10,332,10,229.79999999999998,1,7.9,2,221.89999999999998,114.89999999999999,3.437771975630984,3,2,1,6,321,Need Attention
14315,United Kingdom,2010-03-15 12:49:00,2011-10-26 12:06:00,44,634,8,133,1344,83,3197.82,2,29.099999999999998,12,3168.7200000000003,399.7275,0.9099949340488207,4,4,5,13,445,Champions
14316,United Kingdom,2010-03-19 15:18:00,2010-10-13 16:31:00,422,630,5,31,4494,21,1370.34,1,15.0,12,1355.34,274.068,1.0946188537151365,1,4,4,9,144,At Risk
14317,United Kingdom,2011-10-06 10:44:00,2011-10-06 10:44:00,64,64,1,24,255,24,508.58,0,0.0,0,508.58,508.58,0.0,4,1,2,7,412,Promising Customers
14318,United Kingdom,2010-09-05 15:32:00,2010-09-05 15:32:00,460,460,1,9,152,9,158.02,0,0.0,0,158.02,158.02,0.0,1,1,1,3,111,Hibernating
14319,United Kingdom,2010-10-11 13:38:00,2010-10-11 13:38:00,424,424,1,26,329,26,494.85,1,17.9,2,476.95000000000005,494.85,3.6172577548752147,1,1,2,4,112,Hibernating
14320,United Kingdom,2010-01-21 11:44:00,2011-05-17 09:24:00,206,687,5,81,713,68,1346.75,2,142.63,87,1204.12,269.35,10.590681269723408,2,4,4,10,244,At Risk
14321,United Kingdom,2010-08-23 12:56:00,2011-11-29 09:47:00,10,473,7,179,3275,162,2218.06,1,19.48,4,2198.58,316.86571428571426,0.8782449527965881,5,4,4,13,544,Champions
14322,United Kingdom,2010-02-18 08:49:00,2010-10-06 15:17:00,429,659,4,13,158,10,474.1,2,89.8,16,384.3,118.525,18.941151655768824,1,3,2,6,132,At Risk
14323,United Kingdom,2011-04-15 11:44:00,2011-08-17 11:37:00,114,238,2,36,350,32,605.0600000000001,2,30.800000000000004,10,574.2600000000001,302.53000000000003,5.090404257429015,3,2,2,7,322,Need Attention
14324,United Kingdom,2010-01-15 13:31:00,2010-10-26 11:44:00,409,693,2,41,402,41,701.61,0,0.0,0,701.61,350.805,0.0,1,2,3,6,123,Hibernating
14325,United Kingdom,2010-05-19 09:20:00,2010-05-19 09:20:00,569,569,1,18,320,18,245.48000000000002,0,0.0,0,245.48000000000002,245.48000000000002,0.0,1,1,1,3,111,Hibernating
14326,United Kingdom,2010-06-25 12:10:00,2011-04-11 15:04:00,242,532,3,57,572,54,940.98,1,17.0,4,923.98,313.66,1.8066271334141002,2,3,3,8,233,At Risk
14327,United Kingdom,2010-01-08 14:04:00,2011-06-29 13:58:00,163,700,6,106,1296,99,1894.93,0,0.0,0,1894.93,315.82166666666666,0.0,3,4,4,11,344,Loyal Customers
14329,United Kingdom,2009-12-16 15:31:00,2011-11-22 15:50:00,17,723,15,552,5913,349,9887.62,13,191.7,34,9695.92,659.1746666666667,1.93878810067539,5,5,5,15,555,Champions
14330,United Kingdom,2010-03-26 09:10:00,2010-03-26 09:10:00,623,623,1,13,103,13,200.63,0,0.0,0,200.63,200.63,0.0,1,1,1,3,111,Hibernating
14331,United Kingdom,2011-07-27 15:14:00,2011-08-07 13:17:00,124,135,2,28,252,27,462.66,0,0.0,0,462.66,231.33,0.0,3,2,2,7,322,Need Attention
14332,United Kingdom,2010-10-19 13:01:00,2011-11-17 11:54:00,22,416,5,62,875,47,1917.41,0,0.0,0,1917.41,383.482,0.0,5,4,4,13,544,Champions
14333,United Kingdom,2011-10-03 10:38:00,2011-10-03 10:38:00,67,67,1,15,58,15,415.2,1,63.75,6,351.45,415.2,15.354046242774565,4,1,2,7,412,Promising Customers
14334,United Kingdom,2010-05-20 10:04:00,2011-11-23 10:01:00,16,568,12,258,2986,148,4318.4800000000005,2,25.5,2,4292.9800000000005,359.8733333333334,0.5904855412089438,5,5,5,15,555,Champions
14335,Germany,2011-09-04 13:07:00,2011-11-23 13:41:00,16,96,2,60,375,55,454.86,0,0.0,0,454.86,227.43,0.0,5,2,2,9,522,Potential Loyalists
14336,United Kingdom,2011-03-08 16:48:00,2011-11-23 11:40:00,16,276,4,90,1759,77,1614.91,0,0.0,0,1614.91,403.7275,0.0,5,3,4,12,534,Potential Loyalists
14338,United Kingdom,2010-06-21 10:32:00,2011-07-01 14:08:00,161,536,3,50,622,43,928.1,2,34.0,6,894.1,309.3666666666667,3.6633983406960455,3,3,3,9,333,Need Attention
14339,United Kingdom,2010-10-07 08:50:00,2011-04-11 11:06:00,242,428,2,23,456,21,620.27,3,15.790000000000001,17,604.48,310.135,2.545665597239912,2,2,3,7,223,Hibernating
14340,United Kingdom,2011-05-05 09:44:00,2011-05-05 09:44:00,218,218,1,6,58,6,134.7,0,0.0,0,134.7,134.7,0.0,2,1,1,4,211,Hibernating
14341,United Kingdom,2009-12-01 12:20:00,2011-10-25 15:48:00,45,738,18,265,2813,185,4452.02,2,23.85,3,4428.17,247.33444444444447,0.5357118791020705,4,5,5,14,455,Champions
14342,United Kingdom,2010-08-24 13:03:00,2011-11-18 13:21:00,21,472,6,33,521,27,918.44,3,74.70000000000002,12,843.74,153.07333333333335,8.133356561125387,5,4,3,12,543,Loyal Customers
14343,United Kingdom,2010-01-18 16:47:00,2010-10-14 13:05:00,421,690,4,234,626,193,1079.66,0,0.0,0,1079.66,269.915,0.0,1,3,3,7,133,At Risk
14344,United Kingdom,2010-03-23 15:47:00,2011-08-04 13:51:00,127,626,20,230,1546,140,2993.05,0,0.0,0,2993.05,149.6525,0.0,3,5,5,13,355,Loyal Customers
14345,United Kingdom,2011-11-01 09:51:00,2011-11-01 09:51:00,38,38,1,6,50,6,108.98,0,0.0,0,108.98,108.98,0.0,4,1,1,6,411,Promising Customers
14346,United Kingdom,2010-07-30 10:44:00,2011-08-11 09:47:00,120,497,5,146,1878,123,2315.75,0,0.0,0,2315.75,463.15,0.0,3,4,4,11,344,Loyal Customers
14347,United Kingdom,2009-12-03 10:49:00,2009-12-03 10:49:00,736,736,1,6,48,6,82.60000000000001,0,0.0,0,82.60000000000001,82.60000000000001,0.0,1,1,1,3,111,Hibernating
14348,United Kingdom,2011-03-24 16:23:00,2011-03-24 16:23:00,260,260,1,18,183,18,409.57,0,0.0,0,409.57,409.57,0.0,2,1,2,5,212,Hibernating
14349,United Kingdom,2011-11-29 15:39:00,2011-11-29 15:39:00,10,10,1,31,86,31,133.5,0,0.0,0,133.5,133.5,0.0,5,1,1,7,511,New Customers
14350,United Kingdom,2010-10-05 15:52:00,2011-03-10 14:14:00,274,430,3,59,543,55,972.03,1,24.229999999999997,17,947.8,324.01,2.4927214180632284,2,3,3,8,233,At Risk
14351,United Kingdom,2011-06-28 11:56:00,2011-06-28 11:56:00,164,164,1,1,12,1,51.0,0,0.0,0,51.0,51.0,0.0,3,1,1,5,311,Regular Customers
14352,United Kingdom,2011-03-11 14:58:00,2011-07-05 15:41:00,157,273,4,47,538,44,1078.96,0,0.0,0,1078.96,269.74,0.0,3,3,3,9,333,Need Attention
14353,United Kingdom,2010-10-04 12:38:00,2011-05-08 16:06:00,215,431,3,25,344,18,376.5,0,0.0,0,376.5,125.5,0.0,2,3,2,7,232,At Risk
14354,United Kingdom,2011-11-09 15:36:00,2011-12-04 11:32:00,5,30,2,9,210,9,163.62,0,0.0,0,163.62,81.81,0.0,5,2,1,8,521,Potential Loyalists
14355,United Kingdom,2010-03-22 15:08:00,2010-12-09 12:16:00,365,627,3,60,617,57,840.0500000000001,0,0.0,0,840.0500000000001,280.0166666666667,0.0,2,3,3,8,233,At Risk
14356,United Kingdom,2011-09-19 14:43:00,2011-09-21 09:18:00,79,81,2,33,277,33,701.23,2,34.29,11,666.94,350.615,4.889979036835275,4,2,3,9,423,Potential Loyalists
14357,United Kingdom,2011-10-27 16:23:00,2011-10-27 16:23:00,43,43,1,40,147,39,225.12,0,0.0,0,225.12,225.12,0.0,4,1,1,6,411,Promising Customers
14358,United Kingdom,2010-10-07 17:26:00,2010-11-15 15:51:00,389,428,2,25,338,21,400.06,0,0.0,0,400.06,200.03,0.0,1,2,2,5,122,Hibernating
14359,United Kingdom,2011-09-13 09:03:00,2011-11-20 13:17:00,19,87,3,55,371,44,912.1800000000001,3,29.6,8,882.58,304.06,3.2449735797759214,5,3,3,11,533,Potential Loyalists
14360,United Kingdom,2011-09-06 11:58:00,2011-11-08 09:12:00,31,94,4,117,1139,104,2118.03,0,0.0,0,2118.03,529.5075,0.0,4,3,4,11,434,Potential Loyalists
14361,United Kingdom,2010-05-10 12:29:00,2010-05-10 12:29:00,578,578,1,14,251,14,214.71,0,0.0,0,214.71,214.71,0.0,1,1,1,3,111,Hibernating
14362,United Kingdom,2011-11-17 15:08:00,2011-11-17 15:08:00,22,22,1,37,96,37,151.5,0,0.0,0,151.5,151.5,0.0,5,1,1,7,511,New Customers
14363,United Kingdom,2010-09-14 14:39:00,2010-11-02 17:01:00,402,451,2,8,105,8,227.47000000000003,0,0.0,0,227.47000000000003,113.73500000000001,0.0,1,2,1,4,121,Hibernating
14364,United Kingdom,2011-05-12 12:56:00,2011-08-23 11:01:00,108,211,8,69,1967,61,3717.35,0,0.0,0,3717.35,464.66875,0.0,3,4,5,12,345,Loyal Customers
14365,United Kingdom,2010-01-27 09:44:00,2010-11-10 09:52:00,394,681,2,51,557,50,634.68,0,0.0,0,634.68,317.34,0.0,1,2,3,6,123,Hibernating
14366,United Kingdom,2010-07-02 17:23:00,2010-07-02 17:23:00,525,525,1,1,16,1,136.0,0,0.0,0,136.0,136.0,0.0,1,1,1,3,111,Hibernating
14367,United Kingdom,2011-03-08 14:12:00,2011-12-01 13:19:00,8,276,16,521,4426,270,9227.82,3,93.7,28,9134.119999999999,576.73875,1.015407756111411,5,5,5,15,555,Champions
14368,United Kingdom,2011-01-24 09:52:00,2011-01-24 09:52:00,319,319,1,8,36,8,155.0,0,0.0,0,155.0,155.0,0.0,2,1,1,4,211,Hibernating
14369,United Kingdom,2010-02-16 10:28:00,2010-03-07 15:47:00,642,661,2,26,255,24,469.13,0,0.0,0,469.13,234.565,0.0,1,2,2,5,122,Hibernating
14370,United Kingdom,2010-02-01 08:35:00,2010-09-15 10:53:00,450,676,6,44,266,37,1175.78,3,83.65,9,1092.1299999999999,195.96333333333334,7.11442616816071,1,4,3,8,143,At Risk
14371,United Kingdom,2011-02-17 16:35:00,2011-02-17 16:35:00,295,295,1,4,34,4,100.5,0,0.0,0,100.5,100.5,0.0,2,1,1,4,211,Hibernating
14372,United Kingdom,2010-04-19 15:57:00,2010-09-22 16:17:00,443,599,2,38,378,36,860.08,1,29.9,2,830.1800000000001,430.04,3.476420798065296,1,2,3,6,123,Hibernating
14373,United Kingdom,2010-12-16 15:40:00,2010-12-16 15:40:00,358,358,1,4,17,4,76.55,0,0.0,0,76.55,76.55,0.0,2,1,1,4,211,Hibernating
14374,United Kingdom,2010-06-16 14:25:00,2010-06-16 14:25:00,541,541,1,7,20,7,108.0,0,0.0,0,108.0,108.0,0.0,1,1,1,3,111,Hibernating
14375,United Kingdom,2010-06-16 14:34:00,2011-06-07 13:44:00,185,541,3,205,647,176,1106.82,0,0.0,0,1106.82,368.94,0.0,2,3,3,8,233,At Risk
14376,United Kingdom,2010-01-25 15:36:00,2010-01-25 15:36:00,683,683,1,18,50,17,215.46,0,0.0,0,215.46,215.46,0.0,1,1,1,3,111,Hibernating
14377,United Kingdom,2011-03-22 13:38:00,2011-06-01 13:32:00,191,262,2,11,219,11,617.05,0,0.0,0,617.05,308.525,0.0,2,2,3,7,223,Hibernating
14378,United Kingdom,2010-03-28 12:22:00,2010-03-28 12:22:00,621,621,1,9,57,9,131.25,0,0.0,0,131.25,131.25,0.0,1,1,1,3,111,Hibernating
14379,United Kingdom,2010-08-16 15:31:00,2011-10-26 16:43:00,44,480,4,128,712,93,1265.16,0,0.0,0,1265.16,316.29,0.0,4,3,4,11,434,Potential Loyalists
14381,United Kingdom,2010-09-14 16:15:00,2011-10-18 17:10:00,52,451,2,112,449,104,625.94,0,0.0,0,625.94,312.97,0.0,4,2,3,9,423,Potential Loyalists
14382,United Kingdom,2010-11-14 16:32:00,2011-11-13 16:18:00,26,390,2,279,1667,227,1193.6299999999999,1,5.95,1,1187.6799999999998,596.8149999999999,0.4984794282985515,5,2,4,11,524,Potential Loyalists
14383,United Kingdom,2011-06-29 10:18:00,2011-11-01 15:53:00,38,163,3,59,817,49,1247.69,0,0.0,0,1247.69,415.8966666666667,0.0,4,3,4,11,434,Potential Loyalists
14384,United Kingdom,2010-07-27 09:53:00,2010-07-27 09:53:00,500,500,1,3,30,3,58.5,0,0.0,0,58.5,58.5,0.0,1,1,1,3,111,Hibernating
14385,United Kingdom,2011-11-16 11:55:00,2011-11-30 15:36:00,9,23,3,14,159,13,202.10999999999999,0,0.0,0,202.10999999999999,67.36999999999999,0.0,5,3,1,9,531,Potential Loyalists
14386,United Kingdom,2011-02-16 09:45:00,2011-02-16 09:45:00,296,296,1,7,54,7,142.4,0,0.0,0,142.4,142.4,0.0,2,1,1,4,211,Hibernating
14387,United Kingdom,2011-08-22 14:13:00,2011-11-07 12:29:00,32,109,3,139,795,125,1727.6,0,0.0,0,1727.6,575.8666666666667,0.0,4,3,4,11,434,Potential Loyalists
14388,United Kingdom,2010-01-20 11:54:00,2011-11-29 13:32:00,10,688,16,393,4190,184,6388.2,4,98.25,21,6289.95,399.2625,1.5379919226073073,5,5,5,15,555,Champions
14389,United Kingdom,2010-04-28 14:57:00,2011-10-05 15:17:00,65,590,5,87,1388,48,1898.01,6,76.94,55,1821.07,379.602,4.053719421920854,4,4,4,12,444,Champions
14390,United Kingdom,2010-10-10 14:30:00,2011-11-29 13:49:00,10,425,13,459,2830,197,6150.03,5,70.55000000000001,13,6079.48,473.0792307692308,1.1471488756965416,5,5,5,15,555,Champions
14391,United Kingdom,2010-05-12 09:42:00,2010-05-12 09:42:00,576,576,1,14,168,14,135.6,0,0.0,0,135.6,135.6,0.0,1,1,1,3,111,Hibernating
14392,United Kingdom,2010-10-03 12:56:00,2010-10-03 12:56:00,432,432,1,14,114,14,266.4,0,0.0,0,266.4,266.4,0.0,1,1,1,3,111,Hibernating
14393,United Kingdom,2011-05-05 18:16:00,2011-05-05 18:16:00,218,218,1,5,13,5,67.95,0,0.0,0,67.95,67.95,0.0,2,1,1,4,211,Hibernating
14394,United Kingdom,2010-05-24 10:43:00,2010-05-24 10:43:00,564,564,1,6,58,6,93.8,0,0.0,0,93.8,93.8,0.0,1,1,1,3,111,Hibernating
14395,United Kingdom,2010-04-18 13:12:00,2011-12-07 14:34:00,2,600,20,779,3872,320,7801.93,4,47.2,6,7754.7300000000005,390.0965,0.6049785117272265,5,5,5,15,555,Champions
14396,United Kingdom,2009-12-02 14:21:00,2011-10-05 16:09:00,65,737,7,249,959,202,1969.38,0,0.0,0,1969.38,281.34000000000003,0.0,4,4,4,12,444,Champions
14397,United Kingdom,2011-05-10 12:25:00,2011-12-07 09:22:00,2,213,19,87,1890,18,2612.96,4,56.28,38,2556.68,137.52421052631578,2.15387912558937,5,5,4,14,554,Champions
14398,United Kingdom,2010-06-30 11:57:00,2010-11-03 13:46:00,401,527,2,53,267,50,707.79,0,0.0,0,707.79,353.895,0.0,1,2,3,6,123,Hibernating
14399,United Kingdom,2010-02-03 13:09:00,2010-11-10 13:23:00,394,674,8,192,965,119,2108.21,1,15.0,8,2093.21,263.52625,0.711504072174973,1,4,4,9,144,At Risk
14400,United Kingdom,2010-03-18 12:11:00,2011-07-13 15:50:00,149,631,3,73,1706,71,1732.47,2,29.47,13,1703.0,577.49,1.701039556240512,3,3,4,10,334,Need Attention
14401,United Kingdom,2009-12-14 13:22:00,2011-12-05 13:30:00,4,725,22,266,6401,171,6795.9,3,92.50000000000001,22,6703.4,308.9045454545454,1.3611147897997324,5,5,5,15,555,Champions
14402,United Kingdom,2010-02-25 13:20:00,2010-02-25 13:20:00,652,652,1,8,240,8,285.6,0,0.0,0,285.6,285.6,0.0,1,1,2,4,112,Hibernating
14403,United Kingdom,2010-03-10 14:00:00,2011-08-01 12:57:00,130,639,6,25,737,20,1880.51,3,57.75,11,1822.76,313.41833333333335,3.0709754268788787,3,4,4,11,344,Loyal Customers
14404,United Kingdom,2009-12-20 14:40:00,2011-11-06 12:30:00,33,719,13,181,1577,123,2724.13,2,99.0,20,2625.13,209.54846153846154,3.63418779573662,4,5,4,13,454,Champions
14405,United Kingdom,2010-11-18 11:40:00,2010-11-18 11:40:00,386,386,1,2,100,2,195.0,0,0.0,0,195.0,195.0,0.0,1,1,1,3,111,Hibernating
14406,United Kingdom,2011-08-12 16:54:00,2011-08-12 16:54:00,119,119,1,8,77,8,156.75,0,0.0,0,156.75,156.75,0.0,3,1,1,5,311,Regular Customers
14407,United Kingdom,2011-03-08 11:59:00,2011-08-24 14:02:00,107,276,5,72,1414,66,2142.73,3,46.65,3,2096.08,428.546,2.1771291763311287,3,4,4,11,344,Loyal Customers
14408,United Kingdom,2009-12-07 12:18:00,2011-11-29 11:41:00,10,732,11,128,2438,63,4102.27,0,0.0,0,4102.27,372.9336363636364,0.0,5,5,5,15,555,Champions
14409,United Kingdom,2010-05-21 16:45:00,2011-09-29 18:18:00,71,567,9,104,2233,76,3427.29,1,151.20000000000002,72,3276.09,380.81,4.411648853759093,4,4,5,13,445,Champions
14410,United Kingdom,2010-09-28 15:46:00,2011-09-08 15:08:00,92,437,11,384,1367,306,2630.9,6,511.82,267,2119.08,239.1727272727273,19.45417917822798,3,5,4,12,354,Loyal Customers
14411,United Kingdom,2011-02-02 10:56:00,2011-02-02 10:56:00,310,310,1,14,196,14,1063.0,0,0.0,0,1063.0,1063.0,0.0,2,1,3,6,213,Hibernating
14412,United Kingdom,2010-10-11 12:33:00,2011-10-28 10:45:00,42,424,3,84,1428,75,1426.19,1,8.7,2,1417.49,475.3966666666667,0.610016898169248,4,3,4,11,434,Potential Loyalists
14413,United Kingdom,2010-01-19 14:27:00,2010-12-12 13:37:00,362,689,3,95,276,92,421.72,0,0.0,0,421.72,140.57333333333335,0.0,2,3,2,7,232,At Risk
14414,United Kingdom,2010-11-30 10:12:00,2011-09-09 12:09:00,91,374,8,118,2877,99,2399.33,1,11.85,3,2387.48,299.91625,0.4938878770323382,3,4,4,11,344,Loyal Customers
14415,United Kingdom,2009-12-16 14:08:00,2011-12-08 14:38:00,1,723,23,1234,6263,445,11980.09,9,176.47,58,11803.62,520.8734782608695,1.4730273311803166,5,5,5,15,555,Champions
14416,United Kingdom,2011-10-28 15:10:00,2011-11-17 15:22:00,22,42,2,14,326,13,490.22,0,0.0,0,490.22,245.11,0.0,5,2,2,9,522,Potential Loyalists
14417,United Kingdom,2010-11-17 10:55:00,2010-11-17 10:55:00,387,387,1,117,543,106,524.65,0,0.0,0,524.65,524.65,0.0,1,1,2,4,112,Hibernating
14418,United Kingdom,2011-08-23 17:18:00,2011-12-06 11:39:00,3,108,3,124,1711,114,1937.25,0,0.0,0,1937.25,645.75,0.0,5,3,4,12,534,Potential Loyalists
14419,United Kingdom,2010-11-22 11:09:00,2011-11-29 11:22:00,10,382,7,225,552,118,1254.64,0,0.0,0,1254.64,179.23428571428573,0.0,5,4,4,13,544,Champions
14420,United Kingdom,2010-01-17 12:41:00,2011-09-01 18:07:00,99,691,4,93,1120,85,1639.17,3,11.450000000000001,5,1627.72,409.7925,0.6985242531281075,3,3,4,10,334,Need Attention
14421,United Kingdom,2010-01-17 11:30:00,2011-10-13 13:24:00,57,691,6,96,1342,72,2469.37,1,12.75,1,2456.62,411.56166666666667,0.5163260264763887,4,4,4,12,444,Champions
14422,United Kingdom,2009-12-17 12:12:00,2011-12-09 11:26:00,0,722,19,552,6067,317,10271.52,2,70.6,8,10200.92,540.6063157894737,0.6873374145209277,5,5,5,15,555,Champions
14423,United Kingdom,2010-01-14 11:49:00,2011-05-05 15:12:00,218,694,3,15,419,12,916.61,1,1.65,1,914.96,305.5366666666667,0.18001112796063753,2,3,3,8,233,At Risk
14424,United Kingdom,2011-11-22 11:48:00,2011-11-22 11:48:00,17,17,1,1,48,1,322.08,0,0.0,0,322.08,322.08,0.0,5,1,2,8,512,New Customers
14425,United Kingdom,2009-12-02 11:31:00,2010-10-01 10:24:00,434,737,3,39,325,35,661.39,2,25.5,6,635.89,220.46333333333334,3.8555164124041794,1,3,3,7,133,At Risk
14426,United Kingdom,2010-03-04 14:36:00,2011-11-16 12:25:00,23,645,17,604,7023,452,11727.94,10,623.97,367,11103.970000000001,689.8788235294118,5.320371693579606,5,5,5,15,555,Champions
14427,United Kingdom,2010-03-18 09:49:00,2011-10-20 14:23:00,50,631,4,44,538,43,1263.52,0,0.0,0,1263.52,315.88,0.0,4,3,4,11,434,Potential Loyalists
14428,United Kingdom,2011-01-18 16:39:00,2011-12-02 13:17:00,7,325,5,137,428,108,1224.06,2,14.690000000000001,8,1209.37,244.81199999999998,1.2001045700374167,5,4,4,13,544,Champions
14429,United Kingdom,2010-11-01 10:08:00,2010-11-01 10:08:00,403,403,1,22,286,22,516.28,0,0.0,0,516.28,516.28,0.0,1,1,2,4,112,Hibernating
14430,United Kingdom,2010-04-11 15:59:00,2010-07-16 11:35:00,511,607,3,35,446,29,1220.9,2,228.8,32,992.1000000000001,406.9666666666667,18.74027356867884,1,3,3,7,133,At Risk
14431,United Kingdom,2010-01-21 10:49:00,2011-02-10 10:40:00,302,687,4,81,1202,72,2614.2,1,47.1,6,2567.1,653.55,1.8016984163415195,2,3,4,9,234,At Risk
14432,United Kingdom,2011-09-11 14:09:00,2011-11-30 08:04:00,9,89,6,377,2013,256,2248.5,0,0.0,0,2248.5,374.75,0.0,5,4,4,13,544,Champions
14433,United Kingdom,2010-08-31 12:35:00,2010-08-31 12:35:00,465,465,1,74,131,72,280.7,0,0.0,0,280.7,280.7,0.0,1,1,2,4,112,Hibernating
14434,United Kingdom,2011-09-28 15:31:00,2011-11-18 08:56:00,21,72,6,12,368,3,1372.8,0,0.0,0,1372.8,228.79999999999998,0.0,5,4,4,13,544,Champions
14435,United Kingdom,2010-07-26 12:33:00,2010-07-26 12:33:00,501,501,1,3,282,3,90.42,0,0.0,0,90.42,90.42,0.0,1,1,1,3,111,Hibernating
14436,United Kingdom,2010-06-04 11:32:00,2011-09-02 10:13:00,98,553,2,11,297,11,271.7,0,0.0,0,271.7,135.85,0.0,3,2,1,6,321,Need Attention
14437,United Kingdom,2010-05-05 12:20:00,2010-12-09 09:27:00,365,583,5,42,420,34,873.34,1,22.5,6,850.84,174.668,2.5763162113266307,2,4,3,9,243,At Risk
14438,United Kingdom,2011-02-06 14:56:00,2011-02-06 14:56:00,306,306,1,9,82,9,131.9,0,0.0,0,131.9,131.9,0.0,2,1,1,4,211,Hibernating
14439,Greece,2010-01-21 14:01:00,2011-01-24 11:39:00,319,687,5,129,2244,105,9443.04,0,0.0,0,9443.04,1888.6080000000002,0.0,2,4,5,11,245,At Risk
14440,United Kingdom,2009-12-02 12:13:00,2011-12-01 15:42:00,8,737,13,128,1605,63,5982.03,2,111.89999999999999,10,5870.13,460.1561538461538,1.8706024543507807,5,5,5,15,555,Champions
14441,United Kingdom,2010-01-18 10:40:00,2011-12-09 09:07:00,0,690,11,154,1260,103,4611.6900000000005,7,184.7,17,4426.990000000001,419.2445454545455,4.005039367346893,5,5,5,15,555,Champions
14442,Channel Islands,2010-01-18 12:59:00,2011-05-19 11:36:00,204,690,7,183,1431,128,5367.02,5,95.0,11,5272.02,766.7171428571429,1.7700697966469288,2,4,5,11,245,At Risk
14443,United Kingdom,2010-11-25 14:18:00,2011-10-17 10:10:00,53,379,5,133,1357,119,2082.9700000000003,3,19.32,7,2063.65,416.59400000000005,0.9275217597949081,4,4,4,12,444,Champions
14444,United Kingdom,2010-09-09 18:56:00,2010-09-09 18:56:00,456,456,1,11,172,11,120.44,0,0.0,0,120.44,120.44,0.0,1,1,1,3,111,Hibernating
14445,United Kingdom,2010-09-10 11:09:00,2010-09-10 11:09:00,455,455,1,32,83,32,221.65,0,0.0,0,221.65,221.65,0.0,1,1,1,3,111,Hibernating
14446,United Kingdom,2010-11-18 12:08:00,2011-12-09 11:34:00,0,386,5,318,1031,258,1195.48,0,0.0,0,1195.48,239.096,0.0,5,4,4,13,544,Champions
14447,United Kingdom,2010-11-04 13:32:00,2011-11-21 08:28:00,18,400,6,106,913,81,1711.73,0,0.0,0,1711.73,285.28833333333336,0.0,5,4,4,13,544,Champions
14448,United Kingdom,2010-12-10 17:26:00,2011-11-30 13:50:00,9,364,2,20,104,20,375.35,0,0.0,0,375.35,187.675,0.0,5,2,2,9,522,Potential Loyalists
14449,United Kingdom,2010-09-29 13:15:00,2011-11-21 12:06:00,18,436,8,483,1604,301,2230.96,0,0.0,0,2230.96,278.87,0.0,5,4,4,13,544,Champions
14450,United Kingdom,2010-04-08 12:09:00,2011-06-12 10:46:00,180,610,7,76,522,47,1128.44,0,0.0,0,1128.44,161.2057142857143,0.0,3,4,3,10,343,Loyal Customers
14451,United Kingdom,2010-01-17 10:35:00,2011-10-10 13:38:00,60,691,12,512,1737,245,3258.68,6,43.18,34,3215.5,271.5566666666667,1.325076411307646,4,5,5,14,455,Champions
14452,United Kingdom,2010-07-06 13:13:00,2011-11-29 12:06:00,10,521,4,129,285,108,658.95,0,0.0,0,658.95,164.7375,0.0,5,3,3,11,533,Potential Loyalists
14453,United Kingdom,2011-06-02 14:15:00,2011-06-02 14:15:00,190,190,1,22,49,22,119.93,0,0.0,0,119.93,119.93,0.0,2,1,1,4,211,Hibernating
14454,United Kingdom,2009-12-06 12:56:00,2010-11-28 13:26:00,376,733,5,110,400,93,977.3000000000001,1,6.6,4,970.7,195.46,0.6753299907909546,1,4,3,8,143,At Risk
14455,United Kingdom,2010-08-01 13:26:00,2010-10-03 15:48:00,432,495,4,77,706,65,617.72,1,30.599999999999998,36,587.12,154.43,4.953700705821407,1,3,2,6,132,At Risk
14456,United Kingdom,2011-07-20 13:06:00,2011-12-04 13:59:00,5,142,9,945,2848,579,3014.32,4,13.52,6,3000.8,334.9244444444445,0.4485257039730353,5,4,5,14,545,Champions
14457,United Kingdom,2011-02-02 09:39:00,2011-02-02 09:39:00,310,310,1,4,88,4,113.64,0,0.0,0,113.64,113.64,0.0,2,1,1,4,211,Hibernating
14458,United Kingdom,2010-11-24 12:43:00,2010-11-24 12:43:00,380,380,1,45,309,45,219.26999999999998,0,0.0,0,219.26999999999998,219.26999999999998,0.0,1,1,1,3,111,Hibernating
14459,United Kingdom,2010-02-26 13:26:00,2011-07-07 13:35:00,155,651,2,113,2303,113,5375.741,1,36.6,1,5339.141,2687.8705,0.6808363721392083,3,2,5,10,325,High-Value Active
14460,United Kingdom,2009-12-15 19:06:00,2011-08-21 14:19:00,110,724,9,42,1879,33,1093.5,3,173.9,118,919.6,121.5,15.903063557384545,3,4,3,10,343,Loyal Customers
14461,United Kingdom,2010-01-18 12:48:00,2011-07-14 17:11:00,148,690,13,635,3004,514,6676.52,1,15.9,2,6660.620000000001,513.5784615384616,0.23814801723053328,3,5,5,13,355,Loyal Customers
14462,United Kingdom,2010-10-03 14:13:00,2011-10-04 15:55:00,66,432,12,280,1061,181,2237.81,3,33.120000000000005,30,2204.69,186.48416666666665,1.4800184108570436,4,5,4,13,454,Champions
14463,United Kingdom,2010-07-28 11:35:00,2011-09-02 15:20:00,98,499,4,8,210,7,786.5699999999999,0,0.0,0,786.5699999999999,196.64249999999998,0.0,3,3,3,9,333,Need Attention
14464,United Kingdom,2010-03-22 15:20:00,2010-05-20 18:00:00,568,627,2,4,62,4,111.0,0,0.0,0,111.0,55.5,0.0,1,2,1,4,121,Hibernating
14465,United Kingdom,2010-01-07 15:03:00,2011-04-07 12:38:00,246,701,11,193,2539,128,3925.85,0,0.0,0,3925.85,356.8954545454545,0.0,2,5,5,12,255,At Risk
14466,United Kingdom,2009-12-13 15:44:00,2011-11-10 14:07:00,29,726,13,206,2507,77,4267.15,0,0.0,0,4267.15,328.2423076923077,0.0,5,5,5,15,555,Champions
14467,United Kingdom,2009-12-02 12:44:00,2011-11-22 12:48:00,17,737,12,303,1187,144,2203.2400000000002,0,0.0,0,2203.2400000000002,183.60333333333335,0.0,5,5,4,14,554,Champions
14468,United Kingdom,2009-12-06 12:21:00,2009-12-06 12:21:00,733,733,1,12,164,12,204.24,0,0.0,0,204.24,204.24,0.0,1,1,1,3,111,Hibernating
14469,United Kingdom,2010-01-29 11:12:00,2010-10-19 14:30:00,416,679,4,145,973,120,2093.46,0,0.0,0,2093.46,523.365,0.0,1,3,4,8,134,At Risk
14470,United Kingdom,2010-10-05 12:39:00,2011-11-28 10:31:00,11,430,3,60,282,56,712.04,0,0.0,0,712.04,237.34666666666666,0.0,5,3,3,11,533,Potential Loyalists
14471,United Kingdom,2009-12-07 12:26:00,2010-04-27 17:12:00,591,732,2,41,187,38,400.95,0,0.0,0,400.95,200.475,0.0,1,2,2,5,122,Hibernating
14472,United Kingdom,2010-01-19 13:09:00,2011-08-28 11:01:00,103,689,9,309,1271,173,2118.72,0,0.0,0,2118.72,235.4133333333333,0.0,3,4,4,11,344,Loyal Customers
14473,United Kingdom,2011-03-02 13:56:00,2011-09-26 15:10:00,74,282,2,7,88,7,234.34,0,0.0,0,234.34,117.17,0.0,4,2,1,7,421,Potential Loyalists
14474,United Kingdom,2010-05-09 12:12:00,2011-10-24 13:26:00,46,579,2,127,448,122,1258.89,1,9.95,1,1248.94,629.445,0.7903788257909744,4,2,4,10,424,Potential Loyalists
14475,United Kingdom,2010-10-27 09:20:00,2011-09-29 10:46:00,71,408,4,48,541,40,1151.15,3,126.03,19,1025.1200000000001,287.7875,10.948182252530078,4,3,3,10,433,Potential Loyalists
14476,United Kingdom,2011-03-27 15:39:00,2011-03-27 15:39:00,257,257,1,17,110,17,193.0,0,0.0,0,193.0,193.0,0.0,2,1,1,4,211,Hibernating
14477,United Kingdom,2010-01-04 15:41:00,2011-11-20 11:11:00,19,704,7,14,1120,7,1969.6,3,8.99,5,1960.61,281.37142857142857,0.4564378554021121,5,4,4,13,544,Champions
14478,United Kingdom,2009-12-01 13:20:00,2010-11-22 15:29:00,382,738,4,68,1226,59,1276.66,0,0.0,0,1276.66,319.165,0.0,1,3,4,8,134,At Risk
14479,United Kingdom,2009-12-06 13:48:00,2011-03-31 09:07:00,253,733,4,139,562,127,1124.71,0,0.0,0,1124.71,281.1775,0.0,2,3,3,8,233,At Risk
14480,United Kingdom,2009-12-21 16:32:00,2011-11-28 16:35:00,11,718,4,65,670,52,1299.52,1,4.25,1,1295.27,324.88,0.3270438315685792,5,3,4,12,534,Potential Loyalists
14481,United Kingdom,2010-01-31 12:43:00,2011-06-28 10:38:00,164,677,5,150,1568,114,2284.69,0,0.0,0,2284.69,456.938,0.0,3,4,4,11,344,Loyal Customers
14482,United Kingdom,2010-08-26 14:13:00,2011-11-21 13:14:00,18,470,12,244,2869,185,4306.72,2,165.66,86,4141.06,358.8933333333334,3.8465467919901917,5,5,5,15,555,Champions
14483,United Kingdom,2009-12-03 10:16:00,2011-03-03 10:26:00,281,736,2,13,193,13,257.1,1,7.9,2,249.20000000000002,128.55,3.0727343446129907,2,2,1,5,221,Hibernating
14484,United Kingdom,2009-12-17 10:57:00,2011-10-20 14:11:00,50,722,4,53,744,47,1070.98,0,0.0,0,1070.98,267.745,0.0,4,3,3,10,433,Potential Loyalists
14485,United Kingdom,2011-11-01 12:25:00,2011-11-01 12:25:00,38,38,1,46,70,44,162.8,0,0.0,0,162.8,162.8,0.0,4,1,1,6,411,Promising Customers
14486,United Kingdom,2010-06-04 10:30:00,2010-07-16 09:42:00,511,553,2,6,90,4,175.5,0,0.0,0,175.5,87.75,0.0,1,2,1,4,121,Hibernating
14487,United Kingdom,2010-11-25 13:36:00,2011-11-13 12:17:00,26,379,7,168,761,129,1266.27,1,12.75,1,1253.52,180.8957142857143,1.0068942642564382,5,4,4,13,544,Champions
14488,United Kingdom,2011-10-03 09:30:00,2011-10-03 09:30:00,67,67,1,46,799,46,1064.28,1,16.85,6,1047.43,1064.28,1.5832299770737028,4,1,3,8,413,Promising Customers
14489,United Kingdom,2010-04-06 09:52:00,2011-05-16 14:51:00,207,612,4,100,1011,65,1574.93,0,0.0,0,1574.93,393.7325,0.0,2,3,4,9,234,At Risk
14490,United Kingdom,2010-10-07 11:36:00,2010-10-29 15:04:00,406,428,2,80,933,72,1273.47,0,0.0,0,1273.47,636.735,0.0,1,2,4,7,124,At Risk
14491,United Kingdom,2010-12-02 12:10:00,2011-06-17 15:22:00,175,372,2,17,139,17,340.93,0,0.0,0,340.93,170.465,0.0,3,2,2,7,322,Need Attention
14492,United Kingdom,2010-03-30 14:23:00,2010-10-05 13:21:00,430,619,7,92,751,70,1921.91,3,347.55,112,1574.3600000000001,274.55857142857144,18.083573112164462,1,4,4,9,144,At Risk
14493,United Kingdom,2010-03-08 08:33:00,2011-12-02 16:14:00,7,641,10,355,3148,292,5087.86,4,94.10000000000001,12,4993.759999999999,508.78599999999994,1.849500575880626,5,4,5,14,545,Champions
14494,United Kingdom,2009-12-08 13:25:00,2011-11-14 09:21:00,25,731,3,17,210,17,401.46,0,0.0,0,401.46,133.82,0.0,5,3,2,10,532,Potential Loyalists
14495,United Kingdom,2010-02-18 08:49:00,2011-10-20 12:28:00,50,659,3,7,68,7,174.8,1,8.5,1,166.3,58.26666666666667,4.862700228832952,4,3,1,8,431,Potential Loyalists
14496,United Kingdom,2010-03-16 13:15:00,2011-02-01 09:01:00,311,633,7,106,905,64,2363.89,3,22.35,11,2341.54,337.6985714285714,0.9454754662865025,2,4,4,10,244,At Risk
14497,United Kingdom,2010-02-04 09:59:00,2011-02-03 17:01:00,309,673,2,40,332,40,697.0600000000001,1,17.9,2,679.1600000000001,348.53000000000003,2.567928155395518,2,2,3,7,223,Hibernating
14498,United Kingdom,2010-06-07 16:05:00,2011-10-28 12:09:00,42,550,10,369,2120,276,3900.83,0,0.0,0,3900.83,390.08299999999997,0.0,4,4,5,13,445,Champions
14499,United Kingdom,2010-08-27 11:57:00,2011-11-13 13:01:00,26,469,7,311,1231,199,2101.79,3,18.35,9,2083.44,300.2557142857143,0.8730653395439127,5,4,4,13,544,Champions
14500,United Kingdom,2011-06-03 10:08:00,2011-09-12 16:45:00,88,189,3,7,117,6,356.85,0,0.0,0,356.85,118.95,0.0,4,3,2,9,432,Potential Loyalists
14501,United Kingdom,2011-01-24 10:43:00,2011-06-09 12:02:00,183,319,2,10,161,9,251.21,1,60.9,42,190.31,125.605,24.242665498984913,2,2,1,5,221,Hibernating
14502,United Kingdom,2011-01-30 15:52:00,2011-11-20 11:50:00,19,313,11,607,1464,367,2426.79,3,119.65,15,2307.14,220.61727272727273,4.93038128556653,5,5,4,14,554,Champions
14503,United Kingdom,2011-06-14 10:00:00,2011-12-06 13:30:00,3,178,6,164,2004,113,3543.26,0,0.0,0,3543.26,590.5433333333334,0.0,5,4,5,14,545,Champions
14504,United Kingdom,2011-03-06 14:38:00,2011-10-23 16:00:00,47,278,4,107,308,85,673.26,0,0.0,0,673.26,168.315,0.0,4,3,3,10,433,Potential Loyalists
14505,United Kingdom,2009-12-09 14:48:00,2011-11-22 15:45:00,17,730,19,1573,5323,897,11873.08,8,283.04,79,11590.039999999999,624.8989473684211,2.3838801726258056,5,5,5,15,555,Champions
14506,United Kingdom,2010-04-19 08:27:00,2011-11-22 13:02:00,17,599,7,398,936,251,2960.25,0,0.0,0,2960.25,422.89285714285717,0.0,5,4,5,14,545,Champions
14507,United Kingdom,2009-12-10 17:04:00,2011-11-16 12:21:00,23,729,11,258,1491,182,3216.7400000000002,3,111.94,43,3104.8,292.4309090909091,3.479920665021108,5,5,5,15,555,Champions
14508,United Kingdom,2010-06-17 13:02:00,2011-11-17 19:48:00,22,540,5,177,347,142,822.92,1,18.85,13,804.0699999999999,164.584,2.2906236329169305,5,4,3,12,543,Loyal Customers
14509,United Kingdom,2010-06-23 13:21:00,2010-06-23 13:21:00,534,534,1,25,38,25,110.95,0,0.0,0,110.95,110.95,0.0,1,1,1,3,111,Hibernating
14510,United Kingdom,2010-09-29 13:35:00,2010-11-29 12:46:00,375,436,3,75,793,67,979.85,1,15.3,6,964.5500000000001,326.6166666666667,1.5614634893095882,1,3,3,7,133,At Risk
14511,United Kingdom,2011-07-29 12:13:00,2011-11-28 17:05:00,11,133,5,68,784,53,1314.81,1,47.400000000000006,12,1267.4099999999999,262.962,3.605083624249892,5,4,4,13,544,Champions
14512,United Kingdom,2009-12-07 13:49:00,2011-06-05 12:39:00,187,732,7,79,736,55,1215.97,0,0.0,0,1215.97,173.71,0.0,2,4,4,10,244,At Risk
14513,United Kingdom,2010-05-20 17:57:00,2011-08-31 11:25:00,100,568,6,19,593,15,788.01,1,17.1,6,770.91,131.335,2.170023223055545,3,4,3,10,343,Loyal Customers
14514,United Kingdom,2009-12-13 13:21:00,2011-10-09 16:05:00,61,726,9,319,2362,212,4380.04,1,4.25,1,4375.79,486.6711111111111,0.09703107734175943,4,4,5,13,445,Champions
14515,United Kingdom,2010-06-07 12:37:00,2011-11-22 11:37:00,17,550,12,173,1893,109,3724.06,3,30.36,10,3693.7,310.3383333333333,0.8152392818590463,5,5,5,15,555,Champions
14516,United Kingdom,2010-07-11 14:07:00,2010-07-11 14:07:00,516,516,1,35,63,35,151.17,0,0.0,0,151.17,151.17,0.0,1,1,1,3,111,Hibernating
14517,United Kingdom,2011-07-21 11:42:00,2011-11-06 14:20:00,33,141,2,18,91,17,330.45,0,0.0,0,330.45,165.225,0.0,4,2,2,8,422,Potential Loyalists
14518,United Kingdom,2011-10-06 14:43:00,2011-10-06 14:43:00,64,64,1,16,278,16,174.37,0,0.0,0,174.37,174.37,0.0,4,1,1,6,411,Promising Customers
14519,United Kingdom,2009-12-11 10:40:00,2010-01-25 11:18:00,683,728,2,38,81,38,203.14,0,0.0,0,203.14,101.57,0.0,1,2,1,4,121,Hibernating
14520,United Kingdom,2011-02-22 09:15:00,2011-12-08 09:46:00,1,290,2,4,146,3,270.6,0,0.0,0,270.6,135.3,0.0,5,2,1,8,521,Potential Loyalists
14521,United Kingdom,2010-08-05 16:35:00,2010-08-05 16:35:00,491,491,1,17,211,17,199.45000000000002,1,31.800000000000004,8,167.65,199.45000000000002,15.943845575332164,1,1,1,3,111,Hibernating
14522,United Kingdom,2010-01-24 13:55:00,2011-11-15 13:24:00,24,684,8,45,956,34,1748.42,0,0.0,0,1748.42,218.5525,0.0,5,4,4,13,544,Champions
14523,United Kingdom,2011-08-23 13:13:00,2011-08-23 13:13:00,108,108,1,12,251,12,241.09,0,0.0,0,241.09,241.09,0.0,3,1,1,5,311,Regular Customers
14524,United Kingdom,2010-10-19 11:44:00,2011-11-08 12:29:00,31,416,13,322,1169,250,2909.86,0,0.0,0,2909.86,223.8353846153846,0.0,4,5,5,14,455,Champions
14525,United Kingdom,2009-12-13 14:01:00,2011-11-20 11:37:00,19,726,17,525,5105,339,8018.59,4,65.83,22,7952.76,471.68176470588236,0.8209672772893988,5,5,5,15,555,Champions
14526,United Kingdom,2010-11-15 13:32:00,2010-11-15 13:32:00,389,389,1,41,178,41,258.65,0,0.0,0,258.65,258.65,0.0,1,1,1,3,111,Hibernating
14527,United Kingdom,2009-12-02 12:06:00,2011-12-07 12:19:00,2,737,121,2635,6630,605,27191.1,19,831.92,131,26359.18,224.71983471074378,3.059530508144209,5,5,5,15,555,Champions
14528,United Kingdom,2011-11-02 17:09:00,2011-11-02 17:09:00,37,37,1,18,278,18,364.21999999999997,0,0.0,0,364.21999999999997,364.21999999999997,0.0,4,1,2,7,412,Promising Customers
14529,United Kingdom,2011-08-21 14:10:00,2011-10-10 15:27:00,60,110,3,213,325,177,578.61,0,0.0,0,578.61,192.87,0.0,4,3,2,9,432,Potential Loyalists
14530,United Kingdom,2010-01-21 11:25:00,2011-11-14 10:38:00,25,687,16,473,2989,269,6088.87,3,120.25,15,5968.62,380.554375,1.9749148856848646,5,5,5,15,555,Champions
14531,United Kingdom,2010-08-17 10:16:00,2010-08-17 10:16:00,479,479,1,29,260,29,376.34,0,0.0,0,376.34,376.34,0.0,1,1,2,4,112,Hibernating
14532,United Kingdom,2010-01-10 11:47:00,2011-04-17 13:05:00,236,698,11,314,1111,209,3845.78,1,12.75,1,3833.03,349.61636363636364,0.3315322249322634,2,5,5,12,255,At Risk
14533,United Kingdom,2010-04-08 12:13:00,2011-11-15 12:05:00,24,610,11,89,6038,74,3466.37,4,281.25,1255,3185.12,315.12454545454545,8.11367511258175,5,5,5,15,555,Champions
14534,United Kingdom,2010-03-15 14:16:00,2011-12-07 12:19:00,2,634,26,713,2820,436,6183.06,12,484.69,137,5698.370000000001,237.81,7.838998812885528,5,5,5,15,555,Champions
14535,United Kingdom,2010-02-24 15:03:00,2011-10-10 15:39:00,60,653,9,823,3187,588,5961.89,2,158.1,26,5803.79,662.4322222222222,2.651843626769363,4,4,5,13,445,Champions
14536,United Kingdom,2011-03-25 12:21:00,2011-03-25 12:21:00,259,259,1,18,39,18,170.95,0,0.0,0,170.95,170.95,0.0,2,1,1,4,211,Hibernating
14537,United Kingdom,2010-03-26 13:44:00,2011-10-13 10:54:00,57,623,2,23,228,23,641.4,1,5.95,1,635.4499999999999,320.7,0.9276582475834114,4,2,3,9,423,Potential Loyalists
14538,United Kingdom,2010-01-25 15:42:00,2011-10-06 10:31:00,64,683,5,52,284,45,1370.8400000000001,0,0.0,0,1370.8400000000001,274.168,0.0,4,4,4,12,444,Champions
14539,United Kingdom,2011-10-26 12:03:00,2011-11-24 09:50:00,15,44,2,32,428,31,537.48,0,0.0,0,537.48,268.74,0.0,5,2,2,9,522,Potential Loyalists
14540,United Kingdom,2009-12-07 13:00:00,2011-11-30 10:15:00,9,732,11,264,1595,197,3709.64,1,9.9,2,3699.74,337.24,0.266872257146246,5,5,5,15,555,Champions
14541,United Kingdom,2010-01-07 11:59:00,2011-10-12 10:08:00,58,701,14,175,1123,99,2491.38,0,0.0,0,2491.38,177.9557142857143,0.0,4,5,4,13,454,Champions
14542,United Kingdom,2011-06-07 08:19:00,2011-06-07 08:19:00,185,185,1,5,19,5,103.25,0,0.0,0,103.25,103.25,0.0,2,1,1,4,211,Hibernating
14543,United Kingdom,2009-12-01 13:47:00,2011-11-11 12:45:00,28,738,39,209,2635,104,14548.22,10,2589.46,582,11958.759999999998,373.03128205128206,17.79915343595299,5,5,5,15,555,Champions
14544,United Kingdom,2010-08-26 16:00:00,2011-11-15 15:06:00,24,470,3,187,2412,148,2938.53,0,0.0,0,2938.53,979.5100000000001,0.0,5,3,5,13,535,Potential Loyalists
14545,United Kingdom,2010-02-03 15:23:00,2010-02-03 15:23:00,674,674,1,23,236,23,349.25,0,0.0,0,349.25,349.25,0.0,1,1,2,4,112,Hibernating
14546,United Kingdom,2009-12-06 13:10:00,2011-12-04 13:00:00,5,733,11,790,2688,410,5184.84,9,196.87,76,4987.97,471.34909090909093,3.797031345229554,5,5,5,15,555,Champions
14547,United Kingdom,2011-10-16 14:35:00,2011-12-06 11:06:00,3,54,8,355,2639,198,3974.75,1,20.8,10,3953.95,496.84375,0.5233033524121014,5,4,5,14,545,Champions
14548,United Kingdom,2009-12-06 14:00:00,2011-07-12 12:19:00,150,733,9,110,986,66,2541.29,0,0.0,0,2541.29,282.36555555555555,0.0,3,4,4,11,344,Loyal Customers
14549,United Kingdom,2009-12-02 14:06:00,2011-02-01 13:47:00,311,737,4,143,394,117,913.6,0,0.0,0,913.6,228.4,0.0,2,3,3,8,233,At Risk
14550,United Kingdom,2010-08-13 12:05:00,2011-11-29 12:12:00,10,483,4,97,771,77,1345.06,0,0.0,0,1345.06,336.265,0.0,5,3,4,12,534,Potential Loyalists
14551,United Kingdom,2010-01-27 12:06:00,2011-11-21 13:36:00,18,681,7,79,486,69,878.09,2,21.45,11,856.64,125.44142857142857,2.442801990684326,5,4,3,12,543,Loyal Customers
14552,United Kingdom,2010-04-26 13:44:00,2011-07-11 12:49:00,151,592,3,154,258,124,507.93,0,0.0,0,507.93,169.31,0.0,3,3,2,8,332,Need Attention
14553,United Kingdom,2010-07-18 12:07:00,2011-11-20 13:20:00,19,509,9,288,1118,233,1818.6,1,25.5,2,1793.1,202.06666666666666,1.4021774991751899,5,4,4,13,544,Champions
14554,United Kingdom,2011-10-18 13:04:00,2011-11-29 16:44:00,10,52,4,203,1443,147,2279.4900000000002,0,0.0,0,2279.4900000000002,569.8725000000001,0.0,5,3,4,12,534,Potential Loyalists
14555,United Kingdom,2009-12-18 11:39:00,2011-10-13 16:24:00,57,721,6,117,842,94,2304.03,1,9.15,3,2294.88,384.00500000000005,0.3971302456999257,4,4,4,12,444,Champions
14556,United Kingdom,2010-01-20 11:49:00,2010-04-22 14:57:00,596,688,3,196,323,158,815.69,0,0.0,0,815.69,271.8966666666667,0.0,1,3,3,7,133,At Risk
14557,United Kingdom,2011-09-15 15:48:00,2011-09-15 15:48:00,85,85,1,16,510,16,788.38,1,788.38,510,0.0,788.38,100.0,4,1,1,6,411,Promising Customers
14558,United Kingdom,2009-12-08 10:41:00,2010-02-23 12:51:00,654,731,3,15,162,13,655.5,2,41.4,4,614.1,218.5,6.315789473684211,1,3,3,7,133,At Risk
14559,United Kingdom,2010-11-14 16:05:00,2010-11-14 16:05:00,390,390,1,2,72,2,75.6,0,0.0,0,75.6,75.6,0.0,1,1,1,3,111,Hibernating
14560,United Kingdom,2009-12-02 10:15:00,2011-12-02 15:22:00,7,737,44,200,4580,60,6114.03,2,63.59,37,6050.44,138.95522727272726,1.0400668626094411,5,5,5,15,555,Champions
14561,United Kingdom,2011-06-08 13:26:00,2011-09-25 12:39:00,75,184,3,69,1014,67,1080.76,0,0.0,0,1080.76,360.25333333333333,0.0,4,3,3,10,433,Potential Loyalists
14562,United Kingdom,2010-02-07 14:10:00,2011-12-06 11:05:00,3,670,26,601,2574,245,6638.150000000001,4,323.85,149,6314.3,255.31346153846155,4.878618289734338,5,5,5,15,555,Champions
14563,United Kingdom,2010-04-26 12:51:00,2010-07-18 12:01:00,509,592,2,105,243,94,625.42,0,0.0,0,625.42,312.71,0.0,1,2,3,6,123,Hibernating
14564,Channel Islands,2009-12-04 09:27:00,2010-10-01 09:02:00,434,735,2,107,1295,107,2605.62,3,86.3,11,2519.3199999999997,1302.81,3.3120715990819845,1,2,4,7,124,At Risk
14565,United Kingdom,2010-08-23 09:48:00,2011-09-05 09:07:00,95,473,5,157,1937,138,3709.2200000000003,2,25.35,8,3683.8700000000003,741.844,0.6834320962358663,3,4,5,12,345,Loyal Customers
14566,Channel Islands,2010-06-24 10:34:00,2011-08-21 11:05:00,110,533,4,16,2400,9,4092.0,0,0.0,0,4092.0,1023.0,0.0,3,3,5,11,335,High-Value Active
14567,United Kingdom,2011-08-01 13:48:00,2011-10-14 10:21:00,56,130,2,33,412,33,1530.3600000000001,1,5.9,2,1524.46,765.1800000000001,0.3855302020439635,4,2,4,10,424,Potential Loyalists
14568,Channel Islands,2010-09-30 17:15:00,2010-09-30 17:15:00,435,435,1,47,645,47,919.7,1,10.2,12,909.5,919.7,1.1090573012939,1,1,3,5,113,Hibernating
14569,United Kingdom,2010-04-15 11:49:00,2011-12-08 14:58:00,1,603,4,34,257,31,597.33,0,0.0,0,597.33,149.3325,0.0,5,3,3,11,533,Potential Loyalists
14570,United Kingdom,2010-09-22 13:07:00,2011-03-04 10:58:00,280,443,3,66,363,63,512.4,0,0.0,0,512.4,170.79999999999998,0.0,2,3,2,7,232,At Risk
14571,United Kingdom,2010-10-10 15:06:00,2010-10-10 15:06:00,425,425,1,30,56,30,160.0,0,0.0,0,160.0,160.0,0.0,1,1,1,3,111,Hibernating
14572,United Kingdom,2010-03-28 13:47:00,2011-12-06 14:40:00,3,621,11,506,2876,335,5520.9800000000005,4,41.9,4,5479.080000000001,501.90727272727275,0.7589232346431248,5,5,5,15,555,Champions
14573,United Kingdom,2010-01-08 16:34:00,2011-06-13 11:15:00,179,700,13,310,683,183,2163.12,4,49.699999999999996,6,2113.42,166.39384615384614,2.2976071600281074,3,5,4,12,354,Loyal Customers
14574,United Kingdom,2009-12-07 12:42:00,2009-12-07 12:42:00,732,732,1,11,63,11,143.70000000000002,0,0.0,0,143.70000000000002,143.70000000000002,0.0,1,1,1,3,111,Hibernating
14575,United Kingdom,2010-08-08 14:51:00,2010-08-08 14:51:00,488,488,1,72,163,71,420.22,0,0.0,0,420.22,420.22,0.0,1,1,2,4,112,Hibernating
14576,United Kingdom,2010-12-02 17:51:00,2010-12-02 17:51:00,372,372,1,1,12,1,35.400000000000006,0,0.0,0,35.400000000000006,35.400000000000006,0.0,1,1,1,3,111,Hibernating
14577,United Kingdom,2009-12-11 12:09:00,2011-11-27 12:47:00,12,728,7,182,569,104,1364.15,0,0.0,0,1364.15,194.87857142857143,0.0,5,4,4,13,544,Champions
14578,United Kingdom,2011-12-06 17:18:00,2011-12-06 17:18:00,3,3,1,24,240,24,168.63,0,0.0,0,168.63,168.63,0.0,5,1,1,7,511,New Customers
14579,United Kingdom,2010-10-03 14:36:00,2010-10-03 14:36:00,432,432,1,25,56,24,105.56,0,0.0,0,105.56,105.56,0.0,1,1,1,3,111,Hibernating
14580,United Kingdom,2010-07-09 15:20:00,2010-07-09 15:20:00,518,518,1,1,3,1,14.85,0,0.0,0,14.85,14.85,0.0,1,1,1,3,111,Hibernating
14581,United Kingdom,2010-06-13 15:48:00,2011-11-23 12:39:00,16,544,2,60,304,59,409.65,0,0.0,0,409.65,204.825,0.0,5,2,2,9,522,Potential Loyalists
14582,United Kingdom,2011-10-30 11:56:00,2011-10-30 11:56:00,40,40,1,6,73,6,114.11,0,0.0,0,114.11,114.11,0.0,4,1,1,6,411,Promising Customers
14583,United Kingdom,2010-03-28 15:16:00,2011-12-04 12:32:00,5,621,8,464,1071,353,1660.29,0,0.0,0,1660.29,207.53625,0.0,5,4,4,13,544,Champions
14584,United Kingdom,2010-02-17 14:01:00,2011-06-23 18:33:00,169,660,8,218,960,127,1738.16,1,13.0,4,1725.16,217.27,0.747917337874534,3,4,4,11,344,Loyal Customers
14585,United Kingdom,2010-10-19 12:17:00,2011-10-20 14:33:00,50,416,5,111,630,88,1143.27,0,0.0,0,1143.27,228.654,0.0,4,4,3,11,443,Loyal Customers
14586,United Kingdom,2011-03-08 10:04:00,2011-03-08 10:04:00,276,276,1,19,444,19,237.35999999999999,2,103.2,208,134.15999999999997,237.35999999999999,43.47826086956522,2,1,1,4,211,Hibernating
14587,United Kingdom,2011-01-12 13:16:00,2011-11-21 11:34:00,18,331,9,371,749,170,1580.29,1,2.9,2,1577.3899999999999,175.58777777777777,0.18351062146821154,5,4,4,13,544,Champions
14588,United Kingdom,2010-05-10 15:08:00,2010-05-10 15:08:00,578,578,1,16,62,16,135.39,0,0.0,0,135.39,135.39,0.0,1,1,1,3,111,Hibernating
14589,United Kingdom,2010-12-03 11:42:00,2010-12-03 11:42:00,371,371,1,3,5,3,39.75,0,0.0,0,39.75,39.75,0.0,1,1,1,3,111,Hibernating
14590,United Kingdom,2009-12-07 14:10:00,2010-10-11 12:06:00,424,732,20,202,901,124,2993.37,8,122.33,23,2871.04,149.6685,4.08669826984302,1,5,5,11,155,At Risk
14591,United Kingdom,2011-05-10 14:09:00,2011-11-24 13:57:00,15,213,4,176,1228,138,1320.21,0,0.0,0,1320.21,330.0525,0.0,5,3,4,12,534,Potential Loyalists
14592,United Kingdom,2011-10-06 18:08:00,2011-11-04 16:35:00,35,64,3,158,407,132,557.94,0,0.0,0,557.94,185.98000000000002,0.0,4,3,2,9,432,Potential Loyalists
14593,United Kingdom,2009-12-09 12:57:00,2011-11-18 12:48:00,21,730,12,610,1846,435,3658.03,5,55.72,12,3602.3100000000004,304.83583333333337,1.5232242491176944,5,5,5,15,555,Champions
14594,United Kingdom,2010-12-01 13:54:00,2011-12-02 13:28:00,7,373,2,52,183,48,363.33,0,0.0,0,363.33,181.665,0.0,5,2,2,9,522,Potential Loyalists
14595,United Kingdom,2010-01-20 13:59:00,2011-11-20 12:12:00,19,688,8,136,1228,119,2164.45,0,0.0,0,2164.45,270.55625,0.0,5,4,4,13,544,Champions
14596,United Kingdom,2010-03-23 12:13:00,2010-03-23 12:13:00,626,626,1,53,75,50,222.22,0,0.0,0,222.22,222.22,0.0,1,1,1,3,111,Hibernating
14597,United Kingdom,2010-09-28 13:17:00,2011-11-28 13:13:00,11,437,6,95,1436,79,2184.63,0,0.0,0,2184.63,364.105,0.0,5,4,4,13,544,Champions
14598,United Kingdom,2010-05-19 13:07:00,2011-10-26 13:19:00,44,569,2,90,354,83,384.03999999999996,1,162.07,165,221.96999999999997,192.01999999999998,42.20133319445891,4,2,1,7,421,Potential Loyalists
14599,United Kingdom,2010-07-18 15:54:00,2010-11-14 14:49:00,390,509,2,79,292,77,457.89,0,0.0,0,457.89,228.945,0.0,1,2,2,5,122,Hibernating
14600,United Kingdom,2010-11-11 15:56:00,2011-02-07 09:48:00,305,393,2,54,487,53,865.17,0,0.0,0,865.17,432.585,0.0,2,2,3,7,223,Hibernating
14601,United Kingdom,2011-11-29 09:48:00,2011-11-29 09:48:00,10,10,1,7,168,7,213.96,0,0.0,0,213.96,213.96,0.0,5,1,1,7,511,New Customers
14602,United Kingdom,2010-02-21 15:47:00,2010-02-21 15:47:00,656,656,1,31,80,31,205.35999999999999,0,0.0,0,205.35999999999999,205.35999999999999,0.0,1,1,1,3,111,Hibernating
14603,United Kingdom,2011-03-10 10:27:00,2011-03-10 10:27:00,274,274,1,2,400,2,660.0,0,0.0,0,660.0,660.0,0.0,2,1,3,6,213,Hibernating
14604,United Kingdom,2010-03-16 13:00:00,2010-03-16 13:00:00,633,633,1,22,86,19,136.35999999999999,0,0.0,0,136.35999999999999,136.35999999999999,0.0,1,1,1,3,111,Hibernating
14605,United Kingdom,2009-12-08 13:59:00,2010-11-30 14:07:00,374,731,4,107,415,87,920.71,0,0.0,0,920.71,230.1775,0.0,1,3,3,7,133,At Risk
14606,United Kingdom,2009-12-03 12:40:00,2011-12-08 19:28:00,1,736,184,6347,15195,1259,29648.75,66,735.53,331,28913.22,161.13451086956522,2.480812850457439,5,5,5,15,555,Champions
14607,United Kingdom,2009-12-15 11:25:00,2011-11-24 10:35:00,15,724,20,200,14543,105,22575.13,5,5348.9,3878,17226.230000000003,1128.7565,23.69377274903843,5,5,5,15,555,Champions
14608,United Kingdom,2009-12-06 12:34:00,2011-12-05 16:52:00,4,733,10,42,926,14,3342.94,1,79.5,10,3263.44,334.294,2.3781461827014545,5,4,5,14,545,Champions
14609,United Kingdom,2010-02-09 09:48:00,2011-09-28 12:54:00,72,668,10,13,12720,6,1486.2,1,120.0,2400,1366.2,148.62,8.074283407347597,4,4,4,12,444,Champions
14610,United Kingdom,2010-07-13 16:06:00,2010-11-09 10:58:00,395,514,2,10,15,10,24.35,0,0.0,0,24.35,12.175,0.0,1,2,1,4,121,Hibernating
14611,United Kingdom,2010-04-20 10:19:00,2010-09-22 09:19:00,443,598,2,38,582,37,604.33,1,4.95,1,599.38,302.165,0.8190889083778731,1,2,3,6,123,Hibernating
14612,United Kingdom,2010-10-20 16:01:00,2010-10-20 16:01:00,415,415,1,14,134,14,877.7,0,0.0,0,877.7,877.7,0.0,1,1,3,5,113,Hibernating
14613,United Kingdom,2010-01-28 13:02:00,2010-01-28 13:02:00,680,680,1,1,72,1,76.32000000000001,0,0.0,0,76.32000000000001,76.32000000000001,0.0,1,1,1,3,111,Hibernating
14614,United Kingdom,2010-11-18 13:04:00,2010-11-18 13:04:00,386,386,1,19,189,19,295.13,0,0.0,0,295.13,295.13,0.0,1,1,2,4,112,Hibernating
14615,United Kingdom,2010-06-09 13:59:00,2010-11-10 13:36:00,394,548,5,48,495,40,951.76,1,17.5,14,934.26,190.352,1.8386988316382282,1,4,3,8,143,At Risk
14616,United Kingdom,2010-06-09 09:42:00,2011-04-11 09:54:00,242,548,5,5,170,3,527.78,0,0.0,0,527.78,105.556,0.0,2,4,2,8,242,At Risk
14617,United Kingdom,2010-10-20 10:40:00,2010-11-02 11:41:00,402,415,2,9,81,7,190.47,0,0.0,0,190.47,95.235,0.0,1,2,1,4,121,Hibernating
14618,United Kingdom,2010-06-11 10:11:00,2011-11-30 13:45:00,9,546,7,51,704,40,1342.32,2,31.799999999999997,4,1310.52,191.76,2.369032719470767,5,4,4,13,544,Champions
14619,United Kingdom,2010-06-16 14:41:00,2011-04-08 07:37:00,245,541,2,60,594,58,1291.24,1,14.93,7,1276.31,645.62,1.1562529041851244,2,2,4,8,224,At Risk
14620,United Kingdom,2011-03-01 08:30:00,2011-05-18 11:58:00,205,283,2,26,214,26,412.78000000000003,1,19.5,26,393.28000000000003,206.39000000000001,4.724066088473278,2,2,2,6,222,Hibernating
14621,United Kingdom,2010-01-25 09:08:00,2011-12-08 16:22:00,1,683,9,159,1706,134,3000.57,7,122.3,35,2878.27,333.3966666666667,4.07589224713971,5,4,5,14,545,Champions
14622,United Kingdom,2011-06-08 12:42:00,2011-06-08 12:42:00,184,184,1,21,146,21,320.58000000000004,0,0.0,0,320.58000000000004,320.58000000000004,0.0,2,1,2,5,212,Hibernating
14623,United Kingdom,2010-04-16 17:12:00,2011-11-07 13:56:00,32,602,10,281,1013,192,2012.3,2,28.75,5,1983.55,201.23,1.4287134125130447,4,4,4,12,444,Champions
14624,United Kingdom,2010-04-14 10:44:00,2011-10-13 13:44:00,57,604,6,51,645,39,814.07,0,0.0,0,814.07,135.67833333333334,0.0,4,4,3,11,443,Loyal Customers
14625,United Kingdom,2009-12-16 13:23:00,2011-05-27 15:32:00,196,723,11,266,2155,167,4497.88,7,68.69999999999999,11,4429.18,408.89818181818185,1.5273862352930712,2,5,5,12,255,At Risk
14626,United Kingdom,2009-12-10 14:57:00,2011-11-16 10:37:00,23,729,11,232,3135,181,5410.92,4,36.15,17,5374.77,491.9018181818182,0.6680934111019937,5,5,5,15,555,Champions
14627,United Kingdom,2010-11-25 16:32:00,2010-11-25 16:32:00,379,379,1,29,284,29,462.75,2,56.35,15,406.4,462.75,12.17720151269584,1,1,2,4,112,Hibernating
14628,United Kingdom,2010-01-25 14:40:00,2011-09-09 14:58:00,91,683,5,86,1147,65,1998.0,0,0.0,0,1998.0,399.6,0.0,3,4,4,11,344,Loyal Customers
14629,United Kingdom,2011-10-23 16:13:00,2011-12-05 16:55:00,4,47,2,150,378,133,955.26,1,19.8,4,935.46,477.63,2.0727341247409083,5,2,3,10,523,Potential Loyalists
14630,United Kingdom,2010-08-12 16:38:00,2010-08-12 16:38:00,484,484,1,21,111,21,338.65,0,0.0,0,338.65,338.65,0.0,1,1,2,4,112,Hibernating
14631,United Kingdom,2010-08-09 14:45:00,2011-10-20 11:17:00,50,487,6,91,1407,65,2025.69,1,2.52,12,2023.17,337.615,0.12440205559587103,4,4,4,12,444,Champions
14632,United Kingdom,2011-03-22 08:49:00,2011-03-22 08:49:00,262,262,1,8,96,8,114.56,0,0.0,0,114.56,114.56,0.0,2,1,1,4,211,Hibernating
14633,United Kingdom,2011-03-18 17:07:00,2011-03-18 17:07:00,266,266,1,20,96,20,344.90000000000003,0,0.0,0,344.90000000000003,344.90000000000003,0.0,2,1,2,5,212,Hibernating
14634,United Kingdom,2010-06-16 09:48:00,2010-09-28 10:40:00,437,541,4,109,1906,105,2124.46,3,152.64,56,1971.8200000000002,531.115,7.18488462950585,1,3,4,8,134,At Risk
14635,United Kingdom,2010-09-12 10:47:00,2010-09-12 10:47:00,453,453,1,15,118,15,215.22,0,0.0,0,215.22,215.22,0.0,1,1,1,3,111,Hibernating
14636,United Kingdom,2011-03-16 09:52:00,2011-11-03 16:12:00,36,268,2,28,241,27,609.85,0,0.0,0,609.85,304.925,0.0,4,2,3,9,423,Potential Loyalists
14637,United Kingdom,2010-01-31 15:52:00,2010-01-31 15:52:00,677,677,1,7,100,7,106.68,0,0.0,0,106.68,106.68,0.0,1,1,1,3,111,Hibernating
14638,United Kingdom,2011-10-20 10:10:00,2011-10-20 10:10:00,50,50,1,16,166,16,443.6,0,0.0,0,443.6,443.6,0.0,4,1,2,7,412,Promising Customers
14639,United Kingdom,2010-02-16 12:35:00,2011-10-18 15:06:00,52,661,9,292,2410,203,4978.96,2,32.15,3,4946.81,553.2177777777778,0.6457171778845381,4,4,5,13,445,Champions
14640,United Kingdom,2010-01-22 15:44:00,2011-11-15 13:07:00,24,686,10,203,1645,165,3649.36,6,203.03,93,3446.33,364.93600000000004,5.563441260933423,5,4,5,14,545,Champions
14641,United Kingdom,2011-11-18 10:42:00,2011-11-18 10:42:00,21,21,1,7,90,7,110.46000000000001,0,0.0,0,110.46000000000001,110.46000000000001,0.0,5,1,1,7,511,New Customers
14642,United Kingdom,2011-10-12 11:08:00,2011-10-12 11:08:00,58,58,1,2,76,2,96.12,0,0.0,0,96.12,96.12,0.0,4,1,1,6,411,Promising Customers
14643,United Kingdom,2009-12-11 11:52:00,2011-06-22 14:41:00,170,728,5,62,1377,57,1679.89,1,25.200000000000003,60,1654.69,335.978,1.5000982207168327,3,4,4,11,344,Loyal Customers
14644,United Kingdom,2009-12-03 16:24:00,2011-10-03 08:30:00,67,736,7,62,770,50,2247.72,5,170.25,15,2077.47,321.1028571428571,7.574341999893226,4,4,4,12,444,Champions
14645,United Kingdom,2010-03-15 11:33:00,2011-07-06 09:15:00,156,634,3,48,587,45,876.89,1,36.65,13,840.24,292.2966666666667,4.179543614364401,3,3,3,9,333,Need Attention
14646,Netherlands,2009-12-02 16:52:00,2011-12-08 12:12:00,1,737,145,3819,367072,960,526751.52,7,3548.78,2116,523202.74,3632.769103448276,0.673710443208593,5,5,5,15,555,Champions
14647,United Kingdom,2010-07-04 13:27:00,2011-05-22 13:40:00,201,523,2,48,175,42,506.04,0,0.0,0,506.04,253.02,0.0,2,2,2,6,222,Hibernating
14648,United Kingdom,2009-12-10 13:59:00,2010-10-19 13:12:00,416,729,15,428,3259,285,4463.39,4,88.65,41,4374.740000000001,297.55933333333337,1.9861585028420101,1,5,5,11,155,At Risk
14649,United Kingdom,2010-01-20 13:10:00,2011-12-05 12:30:00,4,688,9,527,2415,374,3651.19,2,21.15,3,3630.04,405.6877777777778,0.5792631991213824,5,4,5,14,545,Champions
14650,United Kingdom,2010-04-29 20:27:00,2010-04-29 20:27:00,589,589,1,4,22,4,62.5,0,0.0,0,62.5,62.5,0.0,1,1,1,3,111,Hibernating
14651,United Kingdom,2010-03-18 11:39:00,2011-10-03 15:52:00,67,631,9,283,880,216,2025.52,0,0.0,0,2025.52,225.05777777777777,0.0,4,4,4,12,444,Champions
14652,United Kingdom,2011-09-23 14:21:00,2011-09-23 14:21:00,77,77,1,29,53,29,114.18,0,0.0,0,114.18,114.18,0.0,4,1,1,6,411,Promising Customers
14653,United Kingdom,2009-12-02 11:51:00,2011-12-08 13:45:00,1,737,11,380,1967,269,3404.8,0,0.0,0,3404.8,309.52727272727276,0.0,5,5,5,15,555,Champions
14654,United Kingdom,2009-12-01 12:57:00,2009-12-01 12:57:00,738,738,1,27,273,27,246.86,0,0.0,0,246.86,246.86,0.0,1,1,1,3,111,Hibernating
14655,United Kingdom,2010-04-22 14:29:00,2011-12-01 16:28:00,8,596,7,103,2341,72,3878.51,4,41.78,15,3836.73,554.0728571428572,1.077217797556278,5,4,5,14,545,Champions
14656,United Kingdom,2010-04-15 12:10:00,2011-06-23 13:51:00,169,603,5,207,309,148,790.0,0,0.0,0,790.0,158.0,0.0,3,4,3,10,343,Loyal Customers
14657,United Kingdom,2010-09-30 19:57:00,2011-11-22 12:47:00,17,435,6,209,879,143,1450.19,1,9.95,1,1440.24,241.69833333333335,0.6861169915666222,5,4,4,13,544,Champions
14658,United Kingdom,2011-08-14 15:42:00,2011-12-04 15:35:00,5,117,2,29,47,27,247.15,0,0.0,0,247.15,123.575,0.0,5,2,1,8,521,Potential Loyalists
14659,United Kingdom,2011-01-28 12:43:00,2011-12-01 12:17:00,8,315,9,253,1195,147,2529.93,3,73.4,12,2456.5299999999997,281.1033333333333,2.9012660429339943,5,4,4,13,544,Champions
14660,United Kingdom,2011-08-31 10:40:00,2011-09-14 11:34:00,86,100,2,30,228,24,285.74,0,0.0,0,285.74,142.87,0.0,4,2,2,8,422,Potential Loyalists
14661,United Kingdom,2011-11-13 11:51:00,2011-11-13 11:51:00,26,26,1,4,35,4,107.95,0,0.0,0,107.95,107.95,0.0,5,1,1,7,511,New Customers
14662,United Kingdom,2009-12-03 16:47:00,2011-11-11 12:13:00,28,736,7,238,907,199,1376.43,0,0.0,0,1376.43,196.63285714285715,0.0,5,4,4,13,544,Champions
14663,United Kingdom,2010-10-05 13:12:00,2010-10-05 13:21:00,430,430,2,68,397,60,490.6,0,0.0,0,490.6,245.3,0.0,1,2,2,5,122,Hibernating
14664,United Kingdom,2011-11-06 14:56:00,2011-11-20 10:59:00,19,33,2,98,465,78,636.24,0,0.0,0,636.24,318.12,0.0,5,2,3,10,523,Potential Loyalists
14665,United Kingdom,2010-04-26 11:17:00,2011-10-10 09:14:00,60,592,7,132,1144,94,2749.65,2,577.32,240,2172.33,392.8071428571429,20.996126779771974,4,4,4,12,444,Champions
14666,United Kingdom,2011-11-15 12:57:00,2011-11-15 12:57:00,24,24,1,13,155,13,179.95,0,0.0,0,179.95,179.95,0.0,5,1,1,7,511,New Customers
14667,United Kingdom,2009-12-02 12:38:00,2011-11-29 11:30:00,10,737,54,1267,11863,577,20359.59,7,206.55,66,20153.04,377.02944444444444,1.0145096242114895,5,5,5,15,555,Champions
14668,United Kingdom,2010-09-20 15:03:00,2010-09-20 15:03:00,445,445,1,12,49,10,111.63,0,0.0,0,111.63,111.63,0.0,1,1,1,3,111,Hibernating
14669,United Kingdom,2009-12-02 13:06:00,2011-04-12 11:43:00,241,737,7,387,2043,334,3216.78,0,0.0,0,3216.78,459.54,0.0,2,4,5,11,245,At Risk
14670,United Kingdom,2009-12-07 13:59:00,2011-03-04 14:13:00,280,732,3,179,423,159,583.33,0,0.0,0,583.33,194.44333333333336,0.0,2,3,2,7,232,At Risk
14671,United Kingdom,2010-05-20 18:21:00,2010-06-08 13:39:00,549,568,2,55,571,48,1127.45,0,0.0,0,1127.45,563.725,0.0,1,2,3,6,123,Hibernating
14672,United Kingdom,2010-01-28 11:33:00,2011-04-19 10:19:00,234,680,4,106,646,93,1113.14,0,0.0,0,1113.14,278.285,0.0,2,3,3,8,233,At Risk
14673,United Kingdom,2010-10-26 10:14:00,2011-12-06 14:31:00,3,409,7,148,1822,86,3037.32,0,0.0,0,3037.32,433.90285714285716,0.0,5,4,5,14,545,Champions
14674,United Kingdom,2010-07-18 14:25:00,2010-07-18 14:25:00,509,509,1,14,103,14,173.66,0,0.0,0,173.66,173.66,0.0,1,1,1,3,111,Hibernating
14675,United Kingdom,2010-11-16 12:22:00,2011-11-23 12:58:00,16,388,2,221,660,196,1015.58,0,0.0,0,1015.58,507.79,0.0,5,2,3,10,523,Potential Loyalists
14676,United Kingdom,2010-03-10 09:30:00,2011-11-08 13:29:00,31,639,12,133,8792,77,8356.79,4,71.3,48,8285.490000000002,696.3991666666667,0.8531984170955593,4,5,5,14,455,Champions
14677,United Kingdom,2010-04-26 09:48:00,2010-04-26 09:48:00,592,592,1,14,139,14,184.91,0,0.0,0,184.91,184.91,0.0,1,1,1,3,111,Hibernating
14678,United Kingdom,2010-05-09 14:32:00,2010-05-09 14:32:00,579,579,1,24,179,24,403.39,1,16.95,1,386.44,403.39,4.201888990802945,1,1,2,4,112,Hibernating
14679,United Kingdom,2009-12-08 17:13:00,2010-11-23 11:51:00,381,731,3,63,794,49,1289.44,2,16.49,5,1272.95,429.81333333333333,1.2788497332175206,1,3,4,8,134,At Risk
14680,United Kingdom,2009-12-04 12:36:00,2011-11-14 16:59:00,25,735,58,1274,26894,222,55688.5,29,2608.48,1343,53080.02,960.1465517241379,4.684055056250393,5,5,5,15,555,Champions
14681,United Kingdom,2010-02-24 08:54:00,2011-09-29 15:52:00,71,653,6,20,172,19,875.1500000000001,0,0.0,0,875.1500000000001,145.85833333333335,0.0,4,4,3,11,443,Loyal Customers
14682,United Kingdom,2010-02-05 14:47:00,2011-06-05 12:12:00,187,672,6,86,949,79,1514.81,0,0.0,0,1514.81,252.46833333333333,0.0,2,4,4,10,244,At Risk
14683,United Kingdom,2010-04-30 17:18:00,2010-04-30 17:18:00,588,588,1,21,386,21,146.56,0,0.0,0,146.56,146.56,0.0,1,1,1,3,111,Hibernating
14684,United Kingdom,2010-11-14 14:07:00,2011-11-14 11:33:00,25,390,6,486,1005,272,1430.03,0,0.0,0,1430.03,238.33833333333334,0.0,5,4,4,13,544,Champions
14685,United Kingdom,2009-12-13 11:32:00,2010-05-12 13:08:00,576,726,8,187,1969,109,4536.64,5,295.47999999999996,60,4241.160000000001,567.08,6.513190378782534,1,4,5,10,145,At Risk
14686,United Kingdom,2010-02-18 18:29:00,2010-10-21 18:31:00,414,659,5,219,457,185,852.53,1,7.95,1,844.5799999999999,170.506,0.9325185037476689,1,4,3,8,143,At Risk
14687,United Kingdom,2010-06-06 10:36:00,2011-08-25 11:59:00,106,551,3,40,850,34,1402.06,0,0.0,0,1402.06,467.3533333333333,0.0,3,3,4,10,334,Need Attention
14688,United Kingdom,2010-09-09 12:35:00,2011-12-02 12:26:00,7,456,28,489,5041,197,7190.42,6,523.49,399,6666.93,256.80071428571426,7.2803813963579325,5,5,5,15,555,Champions
14689,United Kingdom,2011-05-15 11:22:00,2011-05-15 11:22:00,208,208,1,13,76,13,112.80000000000001,0,0.0,0,112.80000000000001,112.80000000000001,0.0,2,1,1,4,211,Hibernating
14690,United Kingdom,2010-10-25 12:20:00,2011-10-26 15:39:00,44,410,4,103,341,69,777.6800000000001,1,13.090000000000002,7,764.59,194.42000000000002,1.6832116037444709,4,3,3,10,433,Potential Loyalists
14691,United Kingdom,2011-05-11 09:55:00,2011-11-09 12:30:00,30,212,5,71,707,50,2114.33,0,0.0,0,2114.33,422.866,0.0,5,4,4,13,544,Champions
14692,United Kingdom,2010-04-01 14:04:00,2011-07-25 15:08:00,137,617,12,159,890,101,1715.14,1,9.5,10,1705.64,142.92833333333334,0.553890644495493,3,5,4,12,354,Loyal Customers
14693,United Kingdom,2010-07-02 08:28:00,2011-03-20 12:50:00,264,525,7,75,388,43,1165.3600000000001,1,25.5,2,1139.8600000000001,166.48000000000002,2.1881650305485,2,4,3,9,243,At Risk
14694,United Kingdom,2010-04-01 19:46:00,2010-04-01 19:46:00,617,617,1,15,193,15,244.31,0,0.0,0,244.31,244.31,0.0,1,1,1,3,111,Hibernating
14695,United Kingdom,2009-12-07 11:05:00,2010-07-08 14:18:00,519,732,3,82,661,76,1534.22,1,67.5,54,1466.72,511.4066666666667,4.399629779301534,1,3,4,8,134,At Risk
14696,United Kingdom,2010-10-14 11:43:00,2011-12-05 13:43:00,4,421,8,154,1867,137,2473.28,2,7.98,4,2465.3,309.16,0.32264846681330056,5,4,4,13,544,Champions
14697,United Kingdom,2011-05-05 15:29:00,2011-05-05 15:39:00,218,218,2,22,181,22,188.61,0,0.0,0,188.61,94.305,0.0,2,2,1,5,221,Hibernating
14698,United Kingdom,2011-10-19 12:54:00,2011-12-08 12:26:00,1,51,5,200,602,148,1217.27,0,0.0,0,1217.27,243.454,0.0,5,4,4,13,544,Champions
14699,United Kingdom,2010-07-02 12:04:00,2011-05-09 14:54:00,214,525,4,50,484,45,702.6,0,0.0,0,702.6,175.65,0.0,2,3,3,8,233,At Risk
14700,United Kingdom,2010-08-11 12:19:00,2011-11-07 14:40:00,32,485,5,167,1606,111,3076.06,0,0.0,0,3076.06,615.212,0.0,4,4,5,13,445,Champions
14701,United Kingdom,2010-01-24 12:15:00,2011-11-29 12:38:00,10,684,15,595,1744,455,4487.11,3,63.15,23,4423.96,299.1406666666666,1.4073646511897413,5,5,5,15,555,Champions
14702,United Kingdom,2009-12-10 20:22:00,2011-12-08 19:29:00,1,729,29,678,2874,337,6356.9800000000005,3,58.5,12,6298.4800000000005,219.20620689655175,0.9202482940012395,5,5,5,15,555,Champions
14703,United Kingdom,2011-11-25 09:23:00,2011-11-25 09:23:00,14,14,1,22,183,22,318.17,0,0.0,0,318.17,318.17,0.0,5,1,2,8,512,New Customers
14704,United Kingdom,2010-03-25 17:21:00,2011-11-20 12:20:00,19,624,9,452,1156,317,1720.58,0,0.0,0,1720.58,191.17555555555555,0.0,5,4,4,13,544,Champions
14705,United Kingdom,2011-05-25 12:39:00,2011-05-25 12:39:00,198,198,1,1,100,1,179.0,0,0.0,0,179.0,179.0,0.0,2,1,1,4,211,Hibernating
14706,United Kingdom,2010-03-31 11:09:00,2010-03-31 11:09:00,618,618,1,25,246,25,367.54,0,0.0,0,367.54,367.54,0.0,1,1,2,4,112,Hibernating
14707,United Kingdom,2010-05-12 11:07:00,2010-09-30 11:37:00,435,576,2,2,96,1,139.2,0,0.0,0,139.2,69.6,0.0,1,2,1,4,121,Hibernating
14708,United Kingdom,2010-09-10 10:26:00,2011-12-07 08:21:00,2,455,5,41,1159,27,1793.22,1,29.700000000000003,6,1763.52,358.644,1.6562384983437615,5,4,4,13,544,Champions
14709,United Kingdom,2009-12-05 15:26:00,2011-11-24 15:41:00,15,734,25,357,4141,105,8886.33,2,19.85,3,8866.48,355.4532,0.22337680459762355,5,5,5,15,555,Champions
14710,United Kingdom,2009-12-03 17:12:00,2011-11-25 14:53:00,14,736,13,432,1135,310,1899.79,0,0.0,0,1899.79,146.1376923076923,0.0,5,5,4,14,554,Champions
14711,United Kingdom,2011-03-22 13:32:00,2011-11-29 14:58:00,10,262,11,345,966,221,2839.62,1,30.6,12,2809.02,258.1472727272727,1.0776089758488812,5,5,4,14,554,Champions
14712,United Kingdom,2010-10-17 14:49:00,2011-11-10 12:59:00,29,418,4,32,411,24,1328.0700000000002,0,0.0,0,1328.0700000000002,332.01750000000004,0.0,5,3,4,12,534,Potential Loyalists
14713,United Kingdom,2009-12-03 19:22:00,2011-11-30 16:26:00,9,736,21,675,3327,221,5115.36,4,46.4,11,5068.96,243.5885714285714,0.9070720340308406,5,5,5,15,555,Champions
14714,United Kingdom,2010-01-21 11:51:00,2011-11-15 13:07:00,24,687,4,93,642,64,906.24,3,9.84,5,896.4,226.56,1.0858050847457628,5,3,3,11,533,Potential Loyalists
14715,United Kingdom,2010-01-19 12:18:00,2011-11-15 12:10:00,24,689,8,136,1028,101,1809.55,0,0.0,0,1809.55,226.19375,0.0,5,4,4,13,544,Champions
14716,United Kingdom,2010-09-21 12:07:00,2011-10-27 17:29:00,43,444,3,96,643,85,543.28,0,0.0,0,543.28,181.09333333333333,0.0,4,3,2,9,432,Potential Loyalists
14717,United Kingdom,2009-12-06 13:05:00,2009-12-06 13:05:00,733,733,1,11,32,11,81.3,1,8.5,2,72.8,81.3,10.45510455104551,1,1,1,3,111,Hibernating
14718,United Kingdom,2010-10-25 13:07:00,2010-10-25 13:07:00,410,410,1,11,202,11,226.42,0,0.0,0,226.42,226.42,0.0,1,1,1,3,111,Hibernating
14719,United Kingdom,2011-04-04 14:17:00,2011-12-08 12:43:00,1,249,5,235,1025,177,1581.84,1,9.95,1,1571.8899999999999,316.368,0.629014312446265,5,4,4,13,544,Champions
14720,United Kingdom,2011-08-05 12:06:00,2011-12-04 12:02:00,5,126,3,37,219,34,663.81,0,0.0,0,663.81,221.26999999999998,0.0,5,3,3,11,533,Potential Loyalists
14721,United Kingdom,2010-11-25 13:08:00,2010-11-25 13:08:00,379,379,1,25,57,24,109.07,0,0.0,0,109.07,109.07,0.0,1,1,1,3,111,Hibernating
14722,United Kingdom,2010-08-10 13:28:00,2011-07-15 14:58:00,147,486,3,87,214,72,489.52,0,0.0,0,489.52,163.17333333333332,0.0,3,3,2,8,332,Need Attention
14723,United Kingdom,2009-12-04 11:22:00,2011-11-29 15:23:00,10,735,11,415,1166,286,1801.3600000000001,0,0.0,0,1801.3600000000001,163.76000000000002,0.0,5,5,4,14,554,Champions
14724,United Kingdom,2010-04-28 13:26:00,2010-04-28 13:26:00,590,590,1,41,184,40,341.9,0,0.0,0,341.9,341.9,0.0,1,1,2,4,112,Hibernating
14725,United Kingdom,2010-06-23 11:34:00,2011-11-15 12:42:00,24,534,4,99,1307,84,1246.86,1,50.400000000000006,24,1196.4599999999998,311.715,4.042153890573121,5,3,4,12,534,Potential Loyalists
14726,United Kingdom,2010-02-23 12:35:00,2010-02-23 12:35:00,654,654,1,15,82,15,116.5,0,0.0,0,116.5,116.5,0.0,1,1,1,3,111,Hibernating
14727,United Kingdom,2010-06-11 13:23:00,2011-03-10 14:45:00,274,546,3,45,452,42,461.03000000000003,1,169.9,376,291.13,153.67666666666668,36.85226557924647,2,3,2,7,232,At Risk
14728,United Kingdom,2010-10-22 15:57:00,2010-10-22 15:57:00,413,413,1,14,68,14,190.58,0,0.0,0,190.58,190.58,0.0,1,1,1,3,111,Hibernating
14729,United Kingdom,2010-03-24 13:30:00,2010-12-01 12:43:00,373,625,3,132,372,126,586.24,0,0.0,0,586.24,195.41333333333333,0.0,1,3,2,6,132,At Risk
14730,United Kingdom,2011-03-08 12:49:00,2011-12-08 14:39:00,1,276,8,462,1078,317,1897.57,0,0.0,0,1897.57,237.19625,0.0,5,4,4,13,544,Champions
14731,United Kingdom,2011-05-11 13:06:00,2011-10-23 15:54:00,47,212,3,45,256,38,380.02,0,0.0,0,380.02,126.67333333333333,0.0,4,3,2,9,432,Potential Loyalists
14732,United Kingdom,2009-12-09 10:48:00,2011-12-01 14:34:00,8,730,19,277,2273,162,5517.07,5,69.55,14,5447.5199999999995,290.3721052631579,1.2606329084097174,5,5,5,15,555,Champions
14733,United Kingdom,2010-11-02 15:42:00,2011-11-23 15:39:00,16,402,15,319,5799,140,14335.15,3,134.37,39,14200.779999999999,955.6766666666666,0.9373463130835744,5,5,5,15,555,Champions
14734,United Kingdom,2010-06-06 15:15:00,2010-10-10 12:04:00,425,551,4,63,378,48,1056.42,1,10.95,1,1045.47,264.105,1.036519566081672,1,3,3,7,133,At Risk
14735,United Kingdom,2009-12-04 11:32:00,2011-12-06 12:09:00,3,735,55,365,4512,197,12225.16,3,325.5,114,11899.66,222.27563636363635,2.662541839943199,5,5,5,15,555,Champions
14736,United Kingdom,2010-08-11 15:13:00,2010-08-11 15:21:00,485,485,2,88,148,70,374.05,0,0.0,0,374.05,187.025,0.0,1,2,2,5,122,Hibernating
14737,United Kingdom,2010-11-04 11:29:00,2011-12-06 10:16:00,3,400,4,45,1071,28,3554.17,0,0.0,0,3554.17,888.5425,0.0,5,3,5,13,535,Potential Loyalists
14738,United Kingdom,2009-12-07 10:21:00,2011-10-28 08:56:00,42,732,9,80,757,58,1821.9,3,58.26,30,1763.64,202.43333333333334,3.1977605796146875,4,4,4,12,444,Champions
14739,United Kingdom,2009-12-02 13:23:00,2011-12-05 16:54:00,4,737,25,244,9696,129,11573.62,3,17.930000000000003,8,11555.69,462.94480000000004,0.15492127787157348,5,5,5,15,555,Champions
14740,United Kingdom,2010-02-25 11:40:00,2011-05-26 18:17:00,197,652,11,231,2081,173,4161.06,2,92.2,22,4068.8600000000006,378.27818181818185,2.2157815556612976,2,5,5,12,255,At Risk
14741,United Kingdom,2010-10-18 09:33:00,2011-11-28 08:48:00,11,417,7,76,1006,48,1713.0900000000001,0,0.0,0,1713.0900000000001,244.72714285714287,0.0,5,4,4,13,544,Champions
14742,United Kingdom,2010-09-30 14:07:00,2010-09-30 14:07:00,435,435,1,34,374,34,579.85,0,0.0,0,579.85,579.85,0.0,1,1,2,4,112,Hibernating
14743,United Kingdom,2010-04-26 10:26:00,2010-04-26 10:26:00,592,592,1,3,40,3,50.480000000000004,0,0.0,0,50.480000000000004,50.480000000000004,0.0,1,1,1,3,111,Hibernating
14744,United Kingdom,2010-05-18 14:06:00,2011-11-23 12:51:00,16,570,14,118,2399,57,3660.08,2,11.45,2,3648.63,261.4342857142857,0.3128346921378768,5,5,5,15,555,Champions
14745,United Kingdom,2010-03-12 10:33:00,2011-08-19 10:05:00,112,637,12,140,1969,74,2551.41,5,80.35,24,2471.06,212.61749999999998,3.149239048212557,3,5,4,12,354,Loyal Customers
14746,United Kingdom,2010-10-12 11:06:00,2010-10-29 14:44:00,406,423,4,9,398,7,593.5,0,0.0,0,593.5,148.375,0.0,1,3,3,7,133,At Risk
14747,United Kingdom,2011-04-04 14:09:00,2011-04-04 14:09:00,249,249,1,18,84,18,328.2,1,33.9,2,294.3,328.2,10.3290676416819,2,1,2,5,212,Hibernating
14748,United Kingdom,2010-03-04 17:08:00,2011-11-10 18:33:00,29,645,10,159,2422,129,2681.9,6,473.01,431,2208.8900000000003,268.19,17.637122935232483,5,4,4,13,544,Champions
14749,United Kingdom,2010-08-17 12:36:00,2010-08-17 12:36:00,479,479,1,18,403,18,310.15,0,0.0,0,310.15,310.15,0.0,1,1,2,4,112,Hibernating
14750,United Kingdom,2009-12-03 17:57:00,2009-12-03 17:57:00,736,736,1,32,65,32,112.03,0,0.0,0,112.03,112.03,0.0,1,1,1,3,111,Hibernating
14751,United Kingdom,2009-12-13 14:08:00,2010-01-24 13:37:00,684,726,2,7,65,7,126.45,0,0.0,0,126.45,63.225,0.0,1,2,1,4,121,Hibernating
14752,United Kingdom,2011-10-27 11:55:00,2011-10-27 11:55:00,43,43,1,5,260,5,389.64000000000004,0,0.0,0,389.64000000000004,389.64000000000004,0.0,4,1,2,7,412,Promising Customers
14753,United Kingdom,2010-09-05 11:04:00,2011-09-13 14:50:00,87,460,2,48,412,45,869.51,0,0.0,0,869.51,434.755,0.0,4,2,3,9,423,Potential Loyalists
14754,United Kingdom,2010-01-18 11:04:00,2011-10-26 12:01:00,44,690,6,136,1010,110,1547.93,1,4.2,2,1543.73,257.98833333333334,0.2713300989062813,4,4,4,12,444,Champions
14755,United Kingdom,2009-12-03 16:51:00,2011-11-30 11:24:00,9,736,25,475,4401,219,9972.550000000001,5,121.1,35,9851.45,398.90200000000004,1.214333345032113,5,5,5,15,555,Champions
14756,United Kingdom,2010-10-11 11:50:00,2011-11-24 18:13:00,15,424,3,118,1422,101,2603.76,1,40.3,4,2563.46,867.9200000000001,1.5477616984668323,5,3,4,12,534,Potential Loyalists
14757,United Kingdom,2011-09-25 14:36:00,2011-09-25 14:36:00,75,75,1,19,160,19,420.5,0,0.0,0,420.5,420.5,0.0,4,1,2,7,412,Promising Customers
14758,United Kingdom,2010-04-08 08:27:00,2011-07-18 08:21:00,144,610,7,136,840,91,2864.9700000000003,0,0.0,0,2864.9700000000003,409.2814285714286,0.0,3,4,5,12,345,Loyal Customers
14759,United Kingdom,2011-04-21 10:55:00,2011-12-05 12:03:00,4,232,3,102,569,92,1625.97,0,0.0,0,1625.97,541.99,0.0,5,3,4,12,534,Potential Loyalists
14760,United Kingdom,2011-02-15 16:27:00,2011-02-15 16:27:00,297,297,1,5,40,5,89.2,1,35.400000000000006,12,53.8,89.2,39.68609865470852,2,1,1,4,211,Hibernating
14761,United Kingdom,2010-09-21 14:22:00,2011-10-12 12:10:00,58,444,3,24,206,21,447.92,0,0.0,0,447.92,149.30666666666667,0.0,4,3,2,9,432,Potential Loyalists
14762,United Kingdom,2010-03-23 15:36:00,2011-03-21 08:20:00,263,626,2,30,428,28,417.57,0,0.0,0,417.57,208.785,0.0,2,2,2,6,222,Hibernating
14764,United Kingdom,2011-10-24 11:54:00,2011-10-24 11:54:00,46,46,1,6,190,6,278.3,1,27.75,15,250.55,278.3,9.971254042400288,4,1,1,6,411,Promising Customers
14765,United Kingdom,2011-06-16 19:49:00,2011-11-10 19:53:00,29,176,3,39,135,38,254.11,0,0.0,0,254.11,84.70333333333333,0.0,5,3,1,9,531,Potential Loyalists
14766,United Kingdom,2010-06-06 11:11:00,2011-12-01 16:05:00,8,551,11,334,3999,251,6375.7300000000005,3,73.85,36,6301.88,579.6118181818182,1.158298735987879,5,5,5,15,555,Champions
14767,United Kingdom,2010-08-22 14:54:00,2010-08-22 14:54:00,474,474,1,18,117,18,382.81,0,0.0,0,382.81,382.81,0.0,1,1,2,4,112,Hibernating
14768,United Kingdom,2011-08-04 13:25:00,2011-11-22 12:54:00,17,127,2,5,52,4,192.60000000000002,1,53.1,18,139.50000000000003,96.30000000000001,27.570093457943923,5,2,1,8,521,Potential Loyalists
14769,United Kingdom,2009-12-16 09:17:00,2011-12-07 10:24:00,2,723,17,1397,11057,833,15512.460000000001,4,75.21,53,15437.250000000002,912.4976470588235,0.48483606081820674,5,5,5,15,555,Champions
14770,United Kingdom,2010-02-25 18:58:00,2011-04-21 14:21:00,232,652,8,197,1598,152,3637.6400000000003,1,12.75,1,3624.8900000000003,454.70500000000004,0.3505019738071936,2,4,5,11,245,At Risk
14771,United Kingdom,2009-12-03 09:44:00,2010-03-28 12:52:00,621,736,2,47,622,46,594.62,1,14.7,14,579.92,297.31,2.4721670983148902,1,2,2,5,122,Hibernating
14772,United Kingdom,2011-08-19 15:04:00,2011-08-19 15:04:00,112,112,1,9,82,9,139.26,0,0.0,0,139.26,139.26,0.0,3,1,1,5,311,Regular Customers
14773,United Kingdom,2010-04-26 10:29:00,2010-04-26 10:29:00,592,592,1,10,53,10,140.55,1,14.85,3,125.70000000000002,140.55,10.565635005336178,1,1,1,3,111,Hibernating
14774,United Kingdom,2010-06-29 12:26:00,2010-06-29 12:26:00,528,528,1,13,99,13,241.45000000000002,0,0.0,0,241.45000000000002,241.45000000000002,0.0,1,1,1,3,111,Hibernating
14775,United Kingdom,2010-12-02 16:38:00,2011-10-12 15:27:00,58,372,3,60,1174,57,1011.9,0,0.0,0,1011.9,337.3,0.0,4,3,3,10,433,Potential Loyalists
14776,United Kingdom,2010-09-19 14:12:00,2011-10-19 15:34:00,51,446,15,190,4658,68,3708.2999999999997,4,369.28,454,3339.0199999999995,247.21999999999997,9.958201871477497,4,5,5,14,455,Champions
14777,United Kingdom,2010-11-01 12:50:00,2010-11-01 12:50:00,403,403,1,16,212,16,307.56,3,68.3,12,239.26,307.56,22.207049031083365,1,1,1,3,111,Hibernating
14778,United Kingdom,2011-02-04 11:43:00,2011-08-04 15:23:00,127,308,2,35,306,34,730.86,0,0.0,0,730.86,365.43,0.0,3,2,3,8,323,Need Attention
14779,United Kingdom,2011-01-20 12:04:00,2011-03-04 12:42:00,280,323,3,41,84,40,386.15,0,0.0,0,386.15,128.71666666666667,0.0,2,3,2,7,232,At Risk
14780,United Kingdom,2011-09-21 15:15:00,2011-10-16 12:46:00,54,79,2,27,310,26,447.68,0,0.0,0,447.68,223.84,0.0,4,2,2,8,422,Potential Loyalists
14782,United Kingdom,2011-01-24 11:12:00,2011-01-24 11:12:00,319,319,1,6,114,6,200.10000000000002,0,0.0,0,200.10000000000002,200.10000000000002,0.0,2,1,1,4,211,Hibernating
14783,United Kingdom,2010-02-18 16:16:00,2010-02-18 16:16:00,659,659,1,17,262,17,307.3,1,1.95,1,305.35,307.3,0.6345590628050765,1,1,2,4,112,Hibernating
14784,United Kingdom,2010-11-15 09:49:00,2011-11-13 13:30:00,26,389,3,27,363,25,449.93,0,0.0,0,449.93,149.97666666666666,0.0,5,3,2,10,532,Potential Loyalists
14785,United Kingdom,2011-11-24 13:40:00,2011-11-29 13:21:00,10,15,2,3,84,2,77.4,0,0.0,0,77.4,38.7,0.0,5,2,1,8,521,Potential Loyalists
14786,United Kingdom,2010-06-07 13:42:00,2010-06-07 13:42:00,550,550,1,7,112,7,90.96,0,0.0,0,90.96,90.96,0.0,1,1,1,3,111,Hibernating
14787,United Kingdom,2010-08-25 14:38:00,2010-08-25 14:38:00,471,471,1,15,59,14,110.65,0,0.0,0,110.65,110.65,0.0,1,1,1,3,111,Hibernating
14788,United Kingdom,2010-04-22 18:16:00,2011-12-02 17:06:00,7,596,3,58,719,53,1156.32,0,0.0,0,1156.32,385.44,0.0,5,3,3,11,533,Potential Loyalists
14789,United Kingdom,2011-11-11 08:59:00,2011-11-11 08:59:00,28,28,1,6,116,6,197.64,0,0.0,0,197.64,197.64,0.0,5,1,1,7,511,New Customers
14790,United Kingdom,2009-12-11 14:37:00,2011-11-23 09:28:00,16,728,10,145,2642,65,2526.62,0,0.0,0,2526.62,252.66199999999998,0.0,5,4,4,13,544,Champions
14791,United Kingdom,2010-04-12 10:24:00,2010-04-12 10:24:00,606,606,1,19,127,19,303.63,0,0.0,0,303.63,303.63,0.0,1,1,2,4,112,Hibernating
14792,United Kingdom,2011-10-07 09:19:00,2011-10-07 09:19:00,63,63,1,2,2,2,6.2,1,6.2,2,0.0,6.2,100.0,4,1,1,6,411,Promising Customers
14793,United Kingdom,2010-06-22 16:54:00,2011-11-18 14:50:00,21,535,2,39,361,39,625.9,1,14.85,3,611.05,312.95,2.3725834797891037,5,2,3,10,523,Potential Loyalists
14794,United Kingdom,2010-08-09 15:44:00,2011-12-07 10:11:00,2,487,10,104,783,85,1953.9,3,64.75,5,1889.15,195.39000000000001,3.3138850504119963,5,4,4,13,544,Champions
14795,United Kingdom,2011-06-26 13:04:00,2011-06-26 13:04:00,166,166,1,6,17,6,131.45000000000002,0,0.0,0,131.45000000000002,131.45000000000002,0.0,3,1,1,5,311,Regular Customers
14796,United Kingdom,2009-12-14 15:06:00,2011-12-08 15:31:00,1,725,27,1492,7184,486,10167.77,12,196.57,87,9971.2,376.58407407407407,1.9332656029788242,5,5,5,15,555,Champions
14797,United Kingdom,2010-07-20 14:07:00,2010-07-20 14:07:00,507,507,1,16,99,16,300.31,0,0.0,0,300.31,300.31,0.0,1,1,2,4,112,Hibernating
14798,United Kingdom,2010-03-01 08:38:00,2011-10-18 10:58:00,52,648,8,49,601,30,724.31,1,9.2,2,715.1099999999999,90.53875,1.2701743728514034,4,4,3,11,443,Loyal Customers
14799,United Kingdom,2009-12-02 11:18:00,2011-10-19 16:16:00,51,737,2,23,495,20,338.15000000000003,0,0.0,0,338.15000000000003,169.07500000000002,0.0,4,2,2,8,422,Potential Loyalists
14800,United Kingdom,2010-09-30 14:38:00,2011-10-23 12:46:00,47,435,17,599,6498,336,7180.08,6,289.35,122,6890.73,422.35764705882355,4.029899388307651,4,5,5,14,455,Champions
14801,United Kingdom,2011-10-09 15:24:00,2011-10-09 15:24:00,61,61,1,57,173,56,189.34,0,0.0,0,189.34,189.34,0.0,4,1,1,6,411,Promising Customers
14803,United Kingdom,2011-02-20 13:21:00,2011-06-30 13:58:00,162,292,3,44,370,35,845.5500000000001,0,0.0,0,845.5500000000001,281.85,0.0,3,3,3,9,333,Need Attention
14804,United Kingdom,2011-12-01 11:20:00,2011-12-01 11:20:00,8,8,1,12,121,12,353.27,0,0.0,0,353.27,353.27,0.0,5,1,2,8,512,New Customers
14805,United Kingdom,2010-03-28 12:34:00,2011-11-24 16:20:00,15,621,7,127,416,88,1082.55,0,0.0,0,1082.55,154.65,0.0,5,4,3,12,543,Loyal Customers
14806,United Kingdom,2010-09-26 15:50:00,2011-09-25 15:32:00,75,439,2,20,423,17,303.43,0,0.0,0,303.43,151.715,0.0,4,2,2,8,422,Potential Loyalists
14807,United Kingdom,2010-02-28 11:33:00,2010-11-14 12:47:00,390,649,2,38,234,37,504.14,0,0.0,0,504.14,252.07,0.0,1,2,2,5,122,Hibernating
14808,United Kingdom,2011-06-20 12:53:00,2011-10-31 12:21:00,39,172,8,231,2120,176,2718.6,6,440.8,92,2277.7999999999997,339.825,16.214227911425,4,4,4,12,444,Champions
14809,United Kingdom,2010-03-28 15:42:00,2010-03-28 15:44:00,621,621,2,18,232,18,686.76,0,0.0,0,686.76,343.38,0.0,1,2,3,6,123,Hibernating
14810,United Kingdom,2010-10-06 13:12:00,2011-10-30 11:19:00,40,429,13,301,1162,125,2354.03,0,0.0,0,2354.03,181.07923076923078,0.0,4,5,4,13,454,Champions
14811,United Kingdom,2010-11-17 13:09:00,2010-11-17 13:09:00,387,387,1,28,74,28,170.5,0,0.0,0,170.5,170.5,0.0,1,1,1,3,111,Hibernating
14812,United Kingdom,2010-04-20 12:13:00,2010-04-20 12:13:00,598,598,1,36,135,36,178.85,0,0.0,0,178.85,178.85,0.0,1,1,1,3,111,Hibernating
14813,United Kingdom,2010-04-08 11:49:00,2010-12-05 11:57:00,369,610,4,138,392,110,888.91,0,0.0,0,888.91,222.2275,0.0,1,3,3,7,133,At Risk
14814,United Kingdom,2010-05-07 14:10:00,2010-05-07 14:10:00,581,581,1,29,92,27,152.96,0,0.0,0,152.96,152.96,0.0,1,1,1,3,111,Hibernating
14815,United Kingdom,2011-10-03 11:36:00,2011-11-03 11:36:00,36,67,2,53,744,53,778.5,0,0.0,0,778.5,389.25,0.0,4,2,3,9,423,Potential Loyalists
14816,United Kingdom,2011-05-26 13:16:00,2011-05-26 13:16:00,197,197,1,4,5,4,271.85,0,0.0,0,271.85,271.85,0.0,2,1,2,5,212,Hibernating
14817,United Kingdom,2010-03-22 12:10:00,2011-05-23 13:35:00,200,627,7,223,2455,141,3609.86,2,70.65,17,3539.21,515.6942857142857,1.9571396120625177,2,4,5,11,245,At Risk
14818,United Kingdom,2010-03-02 12:48:00,2011-09-27 11:01:00,73,647,6,104,543,87,1153.56,0,0.0,0,1153.56,192.26,0.0,4,4,3,11,443,Loyal Customers
14819,United Kingdom,2009-12-21 15:54:00,2011-10-06 13:41:00,64,718,4,54,170,52,456.41,0,0.0,0,456.41,114.1025,0.0,4,3,2,9,432,Potential Loyalists
14820,United Kingdom,2010-01-31 12:49:00,2011-11-18 15:41:00,21,677,9,64,724,51,1274.76,0,0.0,0,1274.76,141.64,0.0,5,4,4,13,544,Champions
14821,United Kingdom,2010-02-01 13:33:00,2010-12-08 08:43:00,366,676,7,69,459,65,1230.15,0,0.0,0,1230.15,175.7357142857143,0.0,1,4,4,9,144,At Risk
14822,United Kingdom,2010-08-11 12:52:00,2010-08-11 12:52:00,485,485,1,9,94,9,157.7,0,0.0,0,157.7,157.7,0.0,1,1,1,3,111,Hibernating
14823,United Kingdom,2011-05-29 12:48:00,2011-06-12 13:12:00,180,194,3,70,88,56,321.43,0,0.0,0,321.43,107.14333333333333,0.0,3,3,2,8,332,Need Attention
14824,United Kingdom,2010-03-12 13:07:00,2011-11-29 14:20:00,10,637,10,158,1954,84,4022.9100000000003,2,70.4,20,3952.51,402.29100000000005,1.7499770066941593,5,4,5,14,545,Champions
14825,United Kingdom,2010-04-06 14:14:00,2011-12-06 11:38:00,3,612,24,299,2774,187,4735.08,3,38.8,7,4696.28,197.295,0.819415933838499,5,5,5,15,555,Champions
14826,United Kingdom,2010-01-13 13:08:00,2010-05-07 09:00:00,581,695,2,10,152,10,385.2,0,0.0,0,385.2,192.6,0.0,1,2,2,5,122,Hibernating
14828,United Kingdom,2009-12-07 11:19:00,2011-05-27 10:16:00,196,732,13,101,9718,72,9839.460000000001,1,36.0,48,9803.460000000001,756.8815384615385,0.36587373697337044,2,5,5,12,255,At Risk
14829,United Kingdom,2010-09-29 13:14:00,2011-11-10 16:16:00,29,436,7,91,957,77,1455.8700000000001,2,52.9,38,1402.97,207.98142857142858,3.633566183793882,5,4,4,13,544,Champions
14830,United Kingdom,2011-10-17 14:29:00,2011-10-17 14:29:00,53,53,1,38,163,38,188.03,0,0.0,0,188.03,188.03,0.0,4,1,1,6,411,Promising Customers
14831,United Kingdom,2009-12-02 09:21:00,2010-01-28 14:31:00,680,737,3,82,885,67,1676.57,4,52.6,8,1623.97,558.8566666666667,3.1373578198345435,1,3,4,8,134,At Risk
14833,United Kingdom,2010-07-29 10:06:00,2010-07-29 10:06:00,498,498,1,7,58,7,94.8,0,0.0,0,94.8,94.8,0.0,1,1,1,3,111,Hibernating
14834,United Kingdom,2010-10-28 17:37:00,2011-11-22 10:30:00,17,407,7,87,872,55,2206.16,2,21.95,3,2184.21,315.1657142857143,0.9949414367045002,5,4,4,13,544,Champions
14835,United Kingdom,2010-04-01 19:34:00,2010-06-29 10:08:00,528,617,2,2,180,1,297.0,1,3.9,2,293.1,148.5,1.3131313131313131,1,2,2,5,122,Hibernating
14836,United Kingdom,2011-11-09 13:26:00,2011-11-29 16:45:00,10,30,3,6,45,5,102.45,0,0.0,0,102.45,34.15,0.0,5,3,1,9,531,Potential Loyalists
14837,United Kingdom,2010-01-24 10:20:00,2011-09-11 10:58:00,89,684,9,209,3030,171,3460.32,3,14.5,8,3445.82,384.48,0.4190363896980626,4,4,5,13,445,Champions
14838,United Kingdom,2009-12-03 09:52:00,2010-10-12 15:46:00,423,736,2,70,361,69,769.9200000000001,0,0.0,0,769.9200000000001,384.96000000000004,0.0,1,2,3,6,123,Hibernating
14839,United Kingdom,2010-01-04 16:29:00,2010-10-17 13:01:00,418,704,3,74,927,61,915.28,0,0.0,0,915.28,305.0933333333333,0.0,1,3,3,7,133,At Risk
14840,United Kingdom,2010-06-18 15:42:00,2011-03-17 12:00:00,267,539,2,22,179,20,362.71000000000004,1,22.5,6,340.21000000000004,181.35500000000002,6.203302914173857,2,2,2,6,222,Hibernating
14841,United Kingdom,2009-12-02 16:49:00,2011-10-17 15:03:00,53,737,14,300,4164,196,7163.0,0,0.0,0,7163.0,511.64285714285717,0.0,4,5,5,14,455,Champions
14842,United Kingdom,2011-02-04 15:32:00,2011-10-27 12:37:00,43,308,4,145,1166,128,2824.69,4,367.89,20,2456.8,706.1725,13.024084058781671,4,3,4,11,434,Potential Loyalists
14843,United Kingdom,2010-09-29 12:39:00,2010-09-29 12:39:00,436,436,1,9,132,9,211.8,0,0.0,0,211.8,211.8,0.0,1,1,1,3,111,Hibernating
14844,United Kingdom,2010-04-12 12:50:00,2011-10-07 10:41:00,63,606,10,277,4369,158,6702.43,2,14.0,4,6688.43,670.243,0.20887946610408464,4,4,5,13,445,Champions
14845,United Kingdom,2010-04-19 10:19:00,2010-04-19 10:19:00,599,599,1,1,600,1,150.0,0,0.0,0,150.0,150.0,0.0,1,1,1,3,111,Hibernating
14846,United Kingdom,2010-10-08 17:07:00,2010-10-08 17:07:00,427,427,1,12,193,12,437.4,1,30.6,12,406.79999999999995,437.4,6.995884773662551,1,1,2,4,112,Hibernating
14847,United Kingdom,2010-05-24 12:29:00,2011-07-14 10:52:00,148,564,3,62,533,56,1348.95,1,28.35,4,1320.6000000000001,449.65000000000003,2.1016346046925385,3,3,4,10,334,Need Attention
14848,United Kingdom,2010-10-31 12:22:00,2010-10-31 12:22:00,404,404,1,11,260,11,310.56,0,0.0,0,310.56,310.56,0.0,1,1,2,4,112,Hibernating
14849,United Kingdom,2010-01-10 11:40:00,2011-11-18 10:58:00,21,698,43,738,11838,279,15407.61,7,221.01,151,15186.6,358.316511627907,1.4344210425886947,5,5,5,15,555,Champions
14850,United Kingdom,2010-05-20 13:28:00,2011-02-01 11:21:00,311,568,7,195,1393,129,1770.96,2,171.2,16,1599.76,252.99428571428572,9.667073225821023,2,4,4,10,244,At Risk
14851,United Kingdom,2010-03-19 11:52:00,2011-11-16 14:20:00,23,630,3,42,631,38,829.41,0,0.0,0,829.41,276.46999999999997,0.0,5,3,3,11,533,Potential Loyalists
14852,United Kingdom,2010-03-05 14:51:00,2011-10-12 13:20:00,58,644,18,309,4366,152,6132.43,3,23.549999999999997,5,6108.88,340.6905555555556,0.38402395135370476,4,5,5,14,455,Champions
14853,United Kingdom,2010-04-13 09:26:00,2011-11-15 16:56:00,24,605,5,31,345,26,1376.87,2,25.5,2,1351.37,275.37399999999997,1.852026698235854,5,4,4,13,544,Champions
14854,United Kingdom,2010-01-22 09:48:00,2011-09-22 17:00:00,78,686,11,214,2987,170,4303.06,3,20.69,13,4282.370000000001,391.1872727272728,0.48082062532244496,4,5,5,14,455,Champions
14855,United Kingdom,2010-04-08 10:30:00,2011-08-12 14:02:00,119,610,7,207,3510,168,6520.3,0,0.0,0,6520.3,931.4714285714286,0.0,3,4,5,12,345,Loyal Customers
14856,United Kingdom,2011-10-14 09:35:00,2011-11-03 14:53:00,36,56,3,65,711,65,1290.53,0,0.0,0,1290.53,430.1766666666667,0.0,4,3,4,11,434,Potential Loyalists
14857,United Kingdom,2010-03-15 11:00:00,2011-10-11 09:23:00,59,634,7,213,2081,170,3651.851,3,72.92,16,3578.931,521.693,1.9967955976298049,4,4,5,13,445,Champions
14858,United Kingdom,2010-07-22 10:51:00,2010-07-22 10:51:00,505,505,1,11,105,11,180.75,0,0.0,0,180.75,180.75,0.0,1,1,1,3,111,Hibernating
14859,United Kingdom,2010-06-03 10:26:00,2011-11-27 11:18:00,12,554,5,66,888,51,1705.64,1,1.7,2,1703.94,341.12800000000004,0.0996693323327314,5,4,4,13,544,Champions
14860,United Kingdom,2011-11-20 14:17:00,2011-11-20 14:17:00,19,19,1,11,232,11,170.32,1,1.7,2,168.62,170.32,0.9981211836542978,5,1,1,7,511,New Customers
14861,United Kingdom,2009-12-08 12:12:00,2011-10-18 12:54:00,52,731,10,86,1076,62,1380.73,4,62.33,22,1318.4,138.073,4.514278678669979,4,4,4,12,444,Champions
14862,United Kingdom,2011-07-14 11:20:00,2011-11-14 10:01:00,25,148,2,48,772,47,841.2,0,0.0,0,841.2,420.6,0.0,5,2,3,10,523,Potential Loyalists
14863,United Kingdom,2011-11-10 15:04:00,2011-11-10 15:04:00,29,29,1,11,132,11,266.76,0,0.0,0,266.76,266.76,0.0,5,1,1,7,511,New Customers
14865,United Kingdom,2009-12-01 16:05:00,2011-12-02 16:25:00,7,738,4,6,204,4,92.52,0,0.0,0,92.52,23.13,0.0,5,3,1,9,531,Potential Loyalists
14866,United Kingdom,2010-09-21 15:14:00,2011-11-29 11:45:00,10,444,17,134,9087,38,20700.04,1,192.45000000000002,183,20507.59,1217.649411764706,0.929708348389665,5,5,5,15,555,Champions
14867,United Kingdom,2009-12-05 15:47:00,2011-06-07 11:39:00,185,734,16,137,996,67,2952.06,3,41.65,3,2910.41,184.50375,1.410879182672439,2,5,5,12,255,At Risk
14868,United Kingdom,2010-10-15 14:52:00,2011-12-06 14:49:00,3,420,12,211,2230,132,4184.01,1,13.95,6,4170.06,348.6675,0.3334122050377508,5,5,5,15,555,Champions
14869,United Kingdom,2009-12-16 11:43:00,2011-12-01 12:36:00,8,723,6,244,2130,187,2778.14,3,27.439999999999998,12,2750.7,463.0233333333333,0.9877112024591992,5,4,4,13,544,Champions
14870,United Kingdom,2010-01-25 09:05:00,2011-03-23 10:51:00,261,683,6,65,483,43,1838.95,3,44.349999999999994,5,1794.6000000000001,306.4916666666667,2.4117023301340437,2,4,4,10,244,At Risk
14871,United Kingdom,2009-12-01 11:57:00,2011-12-06 13:42:00,3,738,9,194,446,123,1228.17,0,0.0,0,1228.17,136.46333333333334,0.0,5,4,4,13,544,Champions
14872,United Kingdom,2010-03-16 14:41:00,2010-08-13 12:34:00,483,633,3,43,662,34,816.6,1,13.919999999999998,48,802.6800000000001,272.2,1.7046289493019835,1,3,3,7,133,At Risk
14873,United Kingdom,2010-03-16 10:51:00,2011-05-13 13:52:00,210,633,2,49,311,48,854.13,0,0.0,0,854.13,427.065,0.0,2,2,3,7,223,Hibernating
14874,United Kingdom,2010-06-22 14:58:00,2010-06-22 14:58:00,535,535,1,6,148,6,116.18,0,0.0,0,116.18,116.18,0.0,1,1,1,3,111,Hibernating
14875,United Kingdom,2010-09-24 10:28:00,2011-08-24 12:20:00,107,441,3,89,1332,88,2862.4,3,11.9,4,2850.5,954.1333333333333,0.41573504751257684,3,3,5,11,335,High-Value Active
14876,United Kingdom,2010-05-27 13:49:00,2010-07-06 14:57:00,521,561,2,13,162,12,256.7,0,0.0,0,256.7,128.35,0.0,1,2,1,4,121,Hibernating
14877,United Kingdom,2010-03-07 12:25:00,2010-10-17 13:09:00,418,642,2,63,168,57,425.85,0,0.0,0,425.85,212.925,0.0,1,2,2,5,122,Hibernating
14878,United Kingdom,2010-02-21 11:14:00,2011-11-27 11:15:00,12,656,25,369,2416,159,4076.5,2,269.4,252,3807.1,163.06,6.608610327486813,5,5,5,15,555,Champions
14879,United Kingdom,2010-01-24 11:35:00,2010-01-24 11:35:00,684,684,1,27,104,27,185.06,0,0.0,0,185.06,185.06,0.0,1,1,1,3,111,Hibernating
14880,United Kingdom,2011-02-24 12:27:00,2011-09-23 13:42:00,77,288,3,46,365,45,690.59,0,0.0,0,690.59,230.1966666666667,0.0,4,3,3,10,433,Potential Loyalists
14881,United Kingdom,2011-11-20 11:06:00,2011-11-20 11:06:00,19,19,1,17,316,17,255.4,0,0.0,0,255.4,255.4,0.0,5,1,1,7,511,New Customers
14882,United Kingdom,2010-03-30 15:02:00,2011-11-13 12:47:00,26,619,14,65,1614,32,3546.65,1,201.60000000000002,192,3345.05,253.33214285714286,5.684237237956945,5,5,5,15,555,Champions
14883,United Kingdom,2011-05-12 09:49:00,2011-11-21 10:23:00,18,211,6,53,790,39,761.59,1,4.95,1,756.64,126.93166666666667,0.6499560130779027,5,4,3,12,543,Loyal Customers
14884,United Kingdom,2010-02-08 12:56:00,2010-02-08 12:56:00,669,669,1,8,72,8,120.6,0,0.0,0,120.6,120.6,0.0,1,1,1,3,111,Hibernating
14885,United Kingdom,2010-08-31 10:11:00,2011-07-31 12:05:00,131,465,3,31,1308,24,1598.12,1,102.0,24,1496.12,532.7066666666666,6.382499436838285,3,3,4,10,334,Need Attention
14886,United Kingdom,2011-04-01 08:56:00,2011-04-01 08:56:00,252,252,1,18,160,18,364.8,0,0.0,0,364.8,364.8,0.0,2,1,2,5,212,Hibernating
14887,United Kingdom,2011-09-21 15:32:00,2011-09-21 15:32:00,79,79,1,6,1100,6,1862.0,0,0.0,0,1862.0,1862.0,0.0,4,1,4,9,414,Promising Customers
14888,United Kingdom,2011-05-16 14:58:00,2011-05-16 14:58:00,207,207,1,20,184,20,369.2,0,0.0,0,369.2,369.2,0.0,2,1,2,5,212,Hibernating
14889,United Kingdom,2011-01-07 15:19:00,2011-01-07 15:19:00,336,336,1,10,90,10,135.9,0,0.0,0,135.9,135.9,0.0,2,1,1,4,211,Hibernating
14890,United Kingdom,2010-02-18 09:00:00,2011-03-31 11:57:00,253,659,3,57,636,55,817.25,0,0.0,0,817.25,272.4166666666667,0.0,2,3,3,8,233,At Risk
14891,United Kingdom,2010-09-29 12:41:00,2011-07-14 18:08:00,148,436,4,63,788,55,1106.73,0,0.0,0,1106.73,276.6825,0.0,3,3,3,9,333,Need Attention
14892,United Kingdom,2010-01-18 08:58:00,2010-01-18 08:58:00,690,690,1,13,79,13,202.35000000000002,0,0.0,0,202.35000000000002,202.35000000000002,0.0,1,1,1,3,111,Hibernating
14893,United Kingdom,2010-04-01 09:03:00,2011-11-30 12:31:00,9,617,3,106,1047,98,1809.6100000000001,2,24.6,12,1785.0100000000002,603.2033333333334,1.3594089334165924,5,3,4,12,534,Potential Loyalists
14894,United Kingdom,2009-12-02 10:42:00,2011-09-15 13:51:00,85,737,3,46,603,39,1492.81,2,80.6,12,1412.21,497.6033333333333,5.399213563681915,4,3,4,11,434,Potential Loyalists
14895,United Kingdom,2009-12-10 14:22:00,2011-12-02 09:23:00,7,729,38,900,10714,441,25119.54,10,630.72,69,24488.82,661.0405263157895,2.5108740048583695,5,5,5,15,555,Champions
14896,United Kingdom,2009-12-06 12:42:00,2011-05-19 10:20:00,204,733,8,253,931,150,1826.0,2,98.7,14,1727.3,228.25,5.405257393209201,2,4,4,10,244,At Risk
14897,United Kingdom,2009-12-15 17:05:00,2011-12-02 10:32:00,7,724,8,127,1162,94,3140.54,1,39.8,4,3100.74,392.5675,1.267297980602062,5,4,5,14,545,Champions
14898,United Kingdom,2009-12-03 16:40:00,2011-11-16 14:54:00,23,736,14,291,2207,185,3365.95,4,123.35,21,3242.6,240.42499999999998,3.664641483087984,5,5,5,15,555,Champions
14899,United Kingdom,2010-11-09 15:20:00,2010-11-09 15:20:00,395,395,1,129,570,126,1331.38,0,0.0,0,1331.38,1331.38,0.0,1,1,4,6,114,At Risk
14900,United Kingdom,2010-07-05 15:09:00,2010-07-05 15:09:00,522,522,1,1,48,1,13.919999999999998,0,0.0,0,13.919999999999998,13.919999999999998,0.0,1,1,1,3,111,Hibernating
14901,United Kingdom,2010-07-29 11:11:00,2011-11-28 17:09:00,11,498,12,134,880,103,1919.0,1,6.3,2,1912.7,159.91666666666666,0.32829598749348615,5,5,4,14,554,Champions
14902,United Kingdom,2010-06-04 12:35:00,2011-11-14 10:34:00,25,553,3,59,716,51,1035.6200000000001,2,35.35,13,1000.2700000000001,345.2066666666667,3.4134141866707863,5,3,3,11,533,Potential Loyalists
14903,United Kingdom,2011-03-06 11:50:00,2011-11-18 16:07:00,21,278,5,350,1531,227,2795.33,5,66.14999999999999,45,2729.18,559.066,2.366446895357614,5,4,4,13,544,Champions
14904,United Kingdom,2010-10-08 12:48:00,2011-12-07 12:55:00,2,427,4,141,2522,127,1630.49,0,0.0,0,1630.49,407.6225,0.0,5,3,4,12,534,Potential Loyalists
14905,United Kingdom,2009-12-03 14:36:00,2011-07-05 12:41:00,157,736,8,78,1009,45,1971.39,2,31.7,22,1939.69,246.42375,1.6080024754107507,3,4,4,11,344,Loyal Customers
14907,United Kingdom,2010-04-16 13:40:00,2011-12-06 14:14:00,3,602,16,268,2583,153,5547.72,7,71.1,34,5476.62,346.7325,1.2816075793298867,5,5,5,15,555,Champions
14908,United Kingdom,2010-09-02 16:39:00,2011-09-26 12:56:00,74,463,2,14,182,14,381.9,0,0.0,0,381.9,190.95,0.0,4,2,2,8,422,Potential Loyalists
14909,United Kingdom,2010-02-14 15:47:00,2010-09-28 16:56:00,437,663,3,80,888,61,1404.68,2,23.7,2,1380.98,468.2266666666667,1.6872170173989804,1,3,4,8,134,At Risk
14910,United Kingdom,2011-10-16 11:06:00,2011-12-07 10:06:00,2,54,4,30,238,25,434.35,3,44.489999999999995,17,389.86,108.5875,10.24289167721883,5,3,2,10,532,Potential Loyalists
14911,EIRE,2009-12-01 11:41:00,2011-12-08 15:54:00,1,738,373,10909,147804,2546,272252.79,93,13730.36,6450,258522.43,729.9002412868632,5.043239409961603,5,5,5,15,555,Champions
14912,Italy,2010-04-28 09:41:00,2011-11-23 09:20:00,16,590,5,62,1818,43,1849.58,1,19.8,12,1829.78,369.916,1.0705133057234617,5,4,4,13,544,Champions
14913,United Kingdom,2010-08-11 08:40:00,2011-11-04 08:29:00,35,485,8,247,3955,176,4073.13,0,0.0,0,4073.13,509.14125,0.0,4,4,5,13,445,Champions
14915,United Kingdom,2009-12-03 10:17:00,2011-09-09 13:34:00,91,736,11,90,707,65,1811.25,2,58.599999999999994,8,1752.65,164.6590909090909,3.2353347135955826,3,5,4,12,354,Loyal Customers
14916,United Kingdom,2010-04-01 10:57:00,2011-09-30 09:20:00,70,617,8,134,2415,113,3042.95,3,154.73999999999998,36,2888.21,380.36875,5.085196930610098,4,4,5,13,445,Champions
14917,United Kingdom,2010-04-22 09:44:00,2010-04-22 11:28:00,596,596,2,29,891,29,1123.75,0,0.0,0,1123.75,561.875,0.0,1,2,3,6,123,Hibernating
14918,United Kingdom,2010-04-08 11:18:00,2011-08-16 11:50:00,115,610,9,141,2551,79,5955.81,0,0.0,0,5955.81,661.7566666666667,0.0,3,4,5,12,345,Loyal Customers
14919,United Kingdom,2010-06-18 13:06:00,2010-06-18 13:06:00,539,539,1,13,129,13,359.35,0,0.0,0,359.35,359.35,0.0,1,1,2,4,112,Hibernating
14920,United Kingdom,2010-05-23 15:25:00,2011-05-11 10:32:00,212,565,3,97,886,90,1607.17,0,0.0,0,1607.17,535.7233333333334,0.0,2,3,4,9,234,At Risk
14921,United Kingdom,2011-05-22 12:51:00,2011-11-09 13:17:00,30,201,2,78,953,78,1316.07,0,0.0,0,1316.07,658.035,0.0,5,2,4,11,524,Potential Loyalists
14922,United Kingdom,2010-07-20 09:45:00,2010-11-11 11:14:00,393,507,2,50,376,49,843.74,0,0.0,0,843.74,421.87,0.0,1,2,3,6,123,Hibernating
14923,United Kingdom,2011-10-20 11:51:00,2011-10-20 11:51:00,50,50,1,44,418,44,749.1,0,0.0,0,749.1,749.1,0.0,4,1,3,8,413,Promising Customers
14924,United Kingdom,2010-03-10 12:51:00,2011-04-08 09:25:00,245,639,3,31,312,30,931.01,0,0.0,0,931.01,310.33666666666664,0.0,2,3,3,8,233,At Risk
14926,United Kingdom,2010-04-20 09:59:00,2010-11-23 07:13:00,381,598,2,3,204,2,359.4,1,21.75,15,337.65,179.7,6.051752921535893,1,2,2,5,122,Hibernating
14927,United Kingdom,2010-11-08 12:30:00,2010-11-08 12:30:00,396,396,1,20,196,20,308.2,0,0.0,0,308.2,308.2,0.0,1,1,2,4,112,Hibernating
14928,United Kingdom,2010-03-22 09:14:00,2010-03-22 09:14:00,627,627,1,21,268,21,223.91000000000003,1,19.45,5,204.46000000000004,223.91000000000003,8.686525836273502,1,1,1,3,111,Hibernating
14929,United Kingdom,2010-10-14 12:22:00,2011-11-07 17:21:00,32,421,2,34,487,34,836.69,0,0.0,0,836.69,418.345,0.0,4,2,3,9,423,Potential Loyalists
14930,Channel Islands,2010-04-12 11:22:00,2011-08-23 10:31:00,108,606,6,278,2193,213,5236.7300000000005,3,109.99000000000001,7,5126.740000000001,872.7883333333334,2.1003565201948544,3,4,5,12,345,Loyal Customers
14931,Channel Islands,2011-04-13 09:32:00,2011-12-05 10:19:00,4,240,4,38,414,28,864.6800000000001,0,0.0,0,864.6800000000001,216.17000000000002,0.0,5,3,3,11,533,Potential Loyalists
14932,Channel Islands,2010-11-19 09:16:00,2010-12-09 11:48:00,365,385,2,30,255,28,566.13,0,0.0,0,566.13,283.065,0.0,2,2,2,6,222,Hibernating
14933,Channel Islands,2010-09-21 17:29:00,2010-09-22 10:47:00,443,444,4,4,600,1,1770.0,1,885.0,300,885.0,442.5,50.0,1,3,3,7,133,At Risk
14934,Channel Islands,2010-09-24 12:08:00,2011-09-19 10:10:00,81,441,5,183,2098,114,3403.5,3,932.4300000000001,652,2471.0699999999997,680.7,27.396209784045837,4,4,4,12,444,Champions
14935,Channel Islands,2010-03-30 11:48:00,2011-02-15 14:44:00,297,619,2,26,1931,25,2849.83,0,0.0,0,2849.83,1424.915,0.0,2,2,5,9,225,At Risk
14936,Channel Islands,2010-05-05 12:26:00,2011-11-06 10:30:00,33,583,12,527,6274,267,12410.81,2,32.349999999999994,3,12378.46,1034.2341666666666,0.2606598602347469,4,5,5,14,455,Champions
14937,Channel Islands,2011-08-01 14:16:00,2011-10-14 12:29:00,56,130,3,34,484,33,1621.88,1,4.25,1,1617.63,540.6266666666667,0.26204158137470096,4,3,4,11,434,Potential Loyalists
14938,Channel Islands,2010-05-26 13:35:00,2010-05-26 13:38:00,562,562,2,71,1369,71,2322.43,2,33.0,8,2289.43,1161.215,1.4209254961398192,1,2,4,7,124,At Risk
14940,United Kingdom,2009-12-06 15:46:00,2010-10-18 10:47:00,417,733,2,32,384,32,531.49,0,0.0,0,531.49,265.745,0.0,1,2,2,5,122,Hibernating
14941,United Kingdom,2010-05-10 11:30:00,2010-05-10 11:30:00,578,578,1,7,80,7,182.1,0,0.0,0,182.1,182.1,0.0,1,1,1,3,111,Hibernating
14942,United Kingdom,2009-12-10 10:32:00,2010-11-03 10:51:00,401,729,4,19,354,12,746.56,0,0.0,0,746.56,186.64,0.0,1,3,3,7,133,At Risk
14943,United Kingdom,2010-02-14 16:04:00,2010-02-14 16:04:00,663,663,1,5,46,5,107.62,0,0.0,0,107.62,107.62,0.0,1,1,1,3,111,Hibernating
14944,United Kingdom,2010-02-17 08:47:00,2011-11-10 09:10:00,29,660,19,301,4862,183,9684.67,5,109.75,31,9574.92,509.7194736842105,1.1332342764389494,5,5,5,15,555,Champions
14945,United Kingdom,2010-10-22 11:26:00,2010-10-22 11:26:00,413,413,1,11,156,11,179.4,0,0.0,0,179.4,179.4,0.0,1,1,1,3,111,Hibernating
14946,United Kingdom,2011-11-25 13:33:00,2011-11-25 13:33:00,14,14,1,3,22,3,100.9,0,0.0,0,100.9,100.9,0.0,5,1,1,7,511,New Customers
14947,United Kingdom,2010-03-25 11:29:00,2011-09-28 15:48:00,72,624,6,54,416,47,1049.79,0,0.0,0,1049.79,174.965,0.0,4,4,3,11,443,Loyal Customers
14948,United Kingdom,2011-05-04 14:52:00,2011-11-16 17:16:00,23,219,6,63,673,56,1101.97,1,35.400000000000006,12,1066.57,183.66166666666666,3.2124286505077273,5,4,3,12,543,Loyal Customers
14949,United Kingdom,2009-12-18 15:28:00,2010-08-27 15:38:00,469,721,4,27,250,16,515.0,2,16.45,7,498.55,128.75,3.194174757281553,1,3,2,6,132,At Risk
14950,United Kingdom,2011-11-20 13:48:00,2011-11-20 13:48:00,19,19,1,19,136,19,371.2,1,9.95,1,361.25,371.2,2.680495689655172,5,1,2,8,512,New Customers
14951,United Kingdom,2011-09-21 15:15:00,2011-09-21 15:15:00,79,79,1,20,311,20,311.69,0,0.0,0,311.69,311.69,0.0,4,1,2,7,412,Promising Customers
14952,United Kingdom,2009-12-03 15:34:00,2011-10-11 10:33:00,59,736,32,307,6977,240,17629.35,11,282.09999999999997,102,17347.25,550.9171875,1.6001724397099153,4,5,5,14,455,Champions
14953,United Kingdom,2010-09-30 12:16:00,2011-11-14 14:59:00,25,435,4,244,1012,201,968.82,1,8.4,20,960.4200000000001,242.205,0.8670341239858798,5,3,3,11,533,Potential Loyalists
14954,United Kingdom,2010-01-05 16:38:00,2011-11-27 14:30:00,12,703,2,118,209,111,462.12,0,0.0,0,462.12,231.06,0.0,5,2,2,9,522,Potential Loyalists
14955,United Kingdom,2009-12-07 11:35:00,2009-12-07 11:35:00,732,732,1,31,74,30,163.77,0,0.0,0,163.77,163.77,0.0,1,1,1,3,111,Hibernating
14956,United Kingdom,2010-10-14 16:40:00,2010-10-14 16:40:00,421,421,1,4,2500,4,1325.0,0,0.0,0,1325.0,1325.0,0.0,1,1,4,6,114,At Risk
14957,United Kingdom,2010-03-05 10:50:00,2011-03-31 17:59:00,253,644,2,28,97,27,261.69,0,0.0,0,261.69,130.845,0.0,2,2,1,5,221,Hibernating
14958,United Kingdom,2009-12-03 16:02:00,2011-07-15 14:20:00,147,736,6,71,248,52,941.99,0,0.0,0,941.99,156.99833333333333,0.0,3,4,3,10,343,Loyal Customers
14959,United Kingdom,2011-02-16 13:00:00,2011-10-06 18:23:00,64,296,4,59,494,37,695.42,1,10.45,3,684.9699999999999,173.855,1.5026890224612466,4,3,3,10,433,Potential Loyalists
14960,United Kingdom,2011-06-21 13:38:00,2011-12-01 12:54:00,8,171,2,27,221,23,221.27,0,0.0,0,221.27,110.635,0.0,5,2,1,8,521,Potential Loyalists
14961,United Kingdom,2009-12-04 11:32:00,2011-11-29 09:42:00,10,735,22,670,8372,328,16410.15,6,81.25,37,16328.900000000001,745.9159090909092,0.49512039804633107,5,5,5,15,555,Champions
14962,United Kingdom,2010-05-04 14:57:00,2011-03-14 09:42:00,270,584,4,14,123,14,366.91,0,0.0,0,366.91,91.7275,0.0,2,3,2,7,232,At Risk
14963,United Kingdom,2010-07-02 12:43:00,2011-11-30 12:16:00,9,525,12,476,2287,304,3123.57,1,5.85,3,3117.7200000000003,260.2975,0.18728570193720645,5,5,5,15,555,Champions
14964,United Kingdom,2011-04-06 14:13:00,2011-04-06 14:13:00,247,247,1,13,143,13,206.21,0,0.0,0,206.21,206.21,0.0,2,1,1,4,211,Hibernating
14965,United Kingdom,2011-09-04 13:15:00,2011-09-04 13:20:00,96,96,2,81,363,80,596.09,0,0.0,0,596.09,298.045,0.0,3,2,3,8,323,Need Attention
14966,United Kingdom,2009-12-15 13:48:00,2011-11-25 12:20:00,14,724,6,151,1060,125,1064.26,0,0.0,0,1064.26,177.37666666666667,0.0,5,4,3,12,543,Loyal Customers
14967,United Kingdom,2009-12-03 14:07:00,2011-10-21 11:06:00,49,736,6,29,652,22,1982.6100000000001,0,0.0,0,1982.6100000000001,330.435,0.0,4,4,4,12,444,Champions
14968,United Kingdom,2010-09-07 13:28:00,2011-11-09 13:58:00,30,458,2,83,256,82,497.49,0,0.0,0,497.49,248.745,0.0,5,2,2,9,522,Potential Loyalists
14969,United Kingdom,2010-01-05 12:43:00,2010-01-05 12:43:00,703,703,1,13,665,13,906.23,0,0.0,0,906.23,906.23,0.0,1,1,3,5,113,Hibernating
14970,United Kingdom,2010-02-14 13:37:00,2011-10-02 13:44:00,68,663,12,113,982,71,4919.35,4,1325.95,219,3593.4000000000005,409.9458333333334,26.953764216817262,4,5,5,14,455,Champions
14971,United Kingdom,2011-10-27 13:33:00,2011-11-04 17:07:00,35,43,3,155,639,144,1097.98,0,0.0,0,1097.98,365.99333333333334,0.0,4,3,3,10,433,Potential Loyalists
14972,United Kingdom,2010-11-23 16:17:00,2011-08-03 14:54:00,128,381,2,20,40,20,145.07,0,0.0,0,145.07,72.535,0.0,3,2,1,6,321,Need Attention
14973,United Kingdom,2011-04-28 12:22:00,2011-08-24 15:51:00,107,225,3,32,369,29,1314.45,0,0.0,0,1314.45,438.15000000000003,0.0,3,3,4,10,334,Need Attention
14974,United Kingdom,2011-11-02 13:01:00,2011-11-02 13:01:00,37,37,1,17,37,17,89.94,0,0.0,0,89.94,89.94,0.0,4,1,1,6,411,Promising Customers
14975,United Kingdom,2010-10-14 14:11:00,2011-10-13 14:08:00,57,421,2,26,507,25,472.39,0,0.0,0,472.39,236.195,0.0,4,2,2,8,422,Potential Loyalists
14976,United Kingdom,2011-01-17 11:09:00,2011-10-13 16:33:00,57,326,6,70,232,45,774.86,1,25.0,4,749.86,129.14333333333335,3.2263892832253567,4,4,3,11,443,Loyal Customers
14977,United Kingdom,2009-12-14 10:37:00,2009-12-14 10:37:00,725,725,1,4,17,4,31.93,0,0.0,0,31.93,31.93,0.0,1,1,1,3,111,Hibernating
14978,United Kingdom,2010-04-28 10:50:00,2011-09-28 13:07:00,72,590,10,290,736,175,3112.19,2,35.8,4,3076.39,311.219,1.1503153727760835,4,4,5,13,445,Champions
14979,United Kingdom,2009-12-04 12:54:00,2009-12-04 12:54:00,735,735,1,49,209,42,429.66,0,0.0,0,429.66,429.66,0.0,1,1,2,4,112,Hibernating
14980,United Kingdom,2009-12-02 14:09:00,2009-12-02 14:09:00,737,737,1,24,79,24,150.68,0,0.0,0,150.68,150.68,0.0,1,1,1,3,111,Hibernating
14981,United Kingdom,2010-10-12 11:04:00,2011-04-07 13:45:00,246,423,2,22,241,20,372.92,1,59.400000000000006,12,313.52,186.46,15.928349243805643,2,2,2,6,222,Hibernating
14982,United Kingdom,2010-05-16 15:52:00,2010-05-16 15:52:00,572,572,1,38,123,38,234.88,0,0.0,0,234.88,234.88,0.0,1,1,1,3,111,Hibernating
14983,United Kingdom,2010-01-19 17:32:00,2010-01-19 17:32:00,689,689,1,30,90,30,183.20000000000002,0,0.0,0,183.20000000000002,183.20000000000002,0.0,1,1,1,3,111,Hibernating
14984,United Kingdom,2010-01-11 13:22:00,2011-11-20 14:28:00,19,697,6,54,348,48,1260.51,0,0.0,0,1260.51,210.085,0.0,5,4,4,13,544,Champions
14985,United Kingdom,2010-12-16 19:51:00,2011-05-25 14:29:00,198,358,2,83,256,78,292.01,0,0.0,0,292.01,146.005,0.0,2,2,2,6,222,Hibernating
14986,United Kingdom,2010-01-24 15:54:00,2010-11-28 15:25:00,376,684,2,98,338,87,563.1,0,0.0,0,563.1,281.55,0.0,1,2,2,5,122,Hibernating
14987,United Kingdom,2009-12-02 14:56:00,2011-11-24 09:59:00,15,737,8,15,607,4,1550.6499999999999,1,81.6,32,1469.05,193.83124999999998,5.262309354141811,5,4,4,13,544,Champions
14988,United Kingdom,2010-04-16 13:34:00,2011-05-12 12:05:00,211,602,7,235,1260,171,2038.65,0,0.0,0,2038.65,291.2357142857143,0.0,2,4,4,10,244,At Risk
14989,United Kingdom,2010-02-16 10:40:00,2010-02-16 10:40:00,661,661,1,18,200,18,342.4,0,0.0,0,342.4,342.4,0.0,1,1,2,4,112,Hibernating
14990,United Kingdom,2009-12-09 13:31:00,2010-04-06 13:54:00,612,730,2,42,129,41,304.17,0,0.0,0,304.17,152.085,0.0,1,2,2,5,122,Hibernating
14991,United Kingdom,2010-10-05 13:01:00,2010-10-05 13:01:00,430,430,1,21,191,21,314.67,0,0.0,0,314.67,314.67,0.0,1,1,2,4,112,Hibernating
14992,United Kingdom,2010-09-23 17:48:00,2010-09-23 17:48:00,442,442,1,27,145,27,210.5,0,0.0,0,210.5,210.5,0.0,1,1,1,3,111,Hibernating
14993,United Kingdom,2010-05-25 12:47:00,2010-05-25 12:47:00,563,563,1,10,21,9,36.13,0,0.0,0,36.13,36.13,0.0,1,1,1,3,111,Hibernating
14994,United Kingdom,2010-03-26 14:16:00,2010-11-22 12:59:00,382,623,5,300,566,232,942.77,2,56.129999999999995,87,886.64,188.554,5.9537320873595885,1,4,3,8,143,At Risk
14995,United Kingdom,2011-03-04 13:14:00,2011-11-01 11:39:00,38,280,2,60,102,53,231.98000000000002,0,0.0,0,231.98000000000002,115.99000000000001,0.0,4,2,1,7,421,Potential Loyalists
14996,United Kingdom,2010-08-15 13:41:00,2010-08-15 13:44:00,481,481,2,41,404,37,442.28999999999996,0,0.0,0,442.28999999999996,221.14499999999998,0.0,1,2,2,5,122,Hibernating
14997,United Kingdom,2010-02-22 12:11:00,2011-10-24 13:28:00,46,655,4,38,1408,36,776.6,1,5.22,18,771.38,194.15,0.6721607004893123,4,3,3,10,433,Potential Loyalists
14998,United Kingdom,2010-04-13 16:07:00,2011-06-22 17:30:00,170,605,4,125,352,111,753.18,0,0.0,0,753.18,188.295,0.0,3,3,3,9,333,Need Attention
14999,United Kingdom,2010-04-26 10:47:00,2010-04-26 10:47:00,592,592,1,9,88,9,129.48000000000002,0,0.0,0,129.48000000000002,129.48000000000002,0.0,1,1,1,3,111,Hibernating
15000,United Kingdom,2011-10-23 11:42:00,2011-10-23 11:42:00,47,47,1,77,218,76,490.52,0,0.0,0,490.52,490.52,0.0,4,1,2,7,412,Promising Customers
15001,United Kingdom,2010-11-10 13:31:00,2010-11-10 13:51:00,394,394,2,45,69,43,197.10999999999999,0,0.0,0,197.10999999999999,98.55499999999999,0.0,1,2,1,4,121,Hibernating
15002,United Kingdom,2010-01-12 11:40:00,2011-08-16 10:44:00,115,696,9,337,2214,220,4138.08,0,0.0,0,4138.08,459.78666666666663,0.0,3,4,5,12,345,Loyal Customers
15003,United Kingdom,2010-01-26 13:04:00,2010-08-23 15:44:00,473,682,6,329,525,253,1027.03,1,5.0,4,1022.03,171.17166666666665,0.486840695987459,1,4,3,8,143,At Risk
15004,United Kingdom,2011-07-15 14:05:00,2011-07-15 14:05:00,147,147,1,153,622,153,1220.3799999999999,0,0.0,0,1220.3799999999999,1220.3799999999999,0.0,3,1,4,8,314,Need Attention
15005,United Kingdom,2009-12-01 14:19:00,2011-11-24 12:25:00,15,738,56,2385,8661,590,13752.58,20,341.68,103,13410.9,245.5817857142857,2.4844792758885967,5,5,5,15,555,Champions
15006,United Kingdom,2010-09-12 13:03:00,2011-10-19 15:08:00,51,453,2,181,386,164,752.83,0,0.0,0,752.83,376.415,0.0,4,2,3,9,423,Potential Loyalists
15007,United Kingdom,2011-07-03 16:00:00,2011-07-03 16:00:00,159,159,1,12,69,12,156.91,0,0.0,0,156.91,156.91,0.0,3,1,1,5,311,Regular Customers
15008,United Kingdom,2010-03-12 11:13:00,2010-08-16 13:09:00,480,637,2,12,1500,6,360.0,0,0.0,0,360.0,180.0,0.0,1,2,2,5,122,Hibernating
15009,United Kingdom,2011-11-14 17:40:00,2011-11-27 13:35:00,12,25,3,180,639,148,1259.43,0,0.0,0,1259.43,419.81,0.0,5,3,4,12,534,Potential Loyalists
15010,United Kingdom,2011-11-04 12:42:00,2011-11-04 12:42:00,35,35,1,20,184,20,308.94,0,0.0,0,308.94,308.94,0.0,4,1,2,7,412,Promising Customers
15011,United Kingdom,2010-10-19 12:05:00,2010-11-09 11:10:00,395,416,2,20,289,17,416.6,0,0.0,0,416.6,208.3,0.0,1,2,2,5,122,Hibernating
15012,United Kingdom,2010-05-12 11:49:00,2011-10-17 12:22:00,53,576,3,191,383,165,646.26,0,0.0,0,646.26,215.42,0.0,4,3,3,10,433,Potential Loyalists
15013,United Kingdom,2010-01-31 12:15:00,2010-08-09 12:05:00,487,677,10,340,1715,177,1610.82,0,0.0,0,1610.82,161.082,0.0,1,4,4,9,144,At Risk
15014,United Kingdom,2011-06-16 19:40:00,2011-10-27 20:07:00,43,176,2,33,149,29,257.67,0,0.0,0,257.67,128.835,0.0,4,2,1,7,421,Potential Loyalists
15015,United Kingdom,2009-12-14 14:46:00,2010-07-26 13:50:00,501,725,13,293,1559,157,2344.47,7,89.2,30,2255.27,180.34384615384613,3.804697863483005,1,5,4,10,154,At Risk
15016,United Kingdom,2010-06-14 13:06:00,2011-06-20 12:06:00,172,543,5,105,243,93,620.89,1,8.0,3,612.89,124.178,1.2884729984377266,3,4,3,10,343,Loyal Customers
15017,United Kingdom,2011-11-06 10:33:00,2011-11-06 10:33:00,33,33,1,20,63,20,125.58,0,0.0,0,125.58,125.58,0.0,4,1,1,6,411,Promising Customers
15018,United Kingdom,2010-12-07 10:47:00,2011-11-01 12:47:00,38,367,3,31,189,30,496.21,1,39.95,1,456.26,165.40333333333334,8.051026783015256,4,3,2,9,432,Potential Loyalists
15019,United Kingdom,2011-03-18 12:35:00,2011-03-18 12:35:00,266,266,1,66,150,64,252.81,0,0.0,0,252.81,252.81,0.0,2,1,1,4,211,Hibernating
15020,United Kingdom,2010-11-25 13:29:00,2010-11-25 13:29:00,379,379,1,27,111,27,198.47,0,0.0,0,198.47,198.47,0.0,1,1,1,3,111,Hibernating
15021,United Kingdom,2010-07-29 16:35:00,2011-12-01 11:53:00,8,498,12,623,1079,355,2500.59,5,78.24000000000001,24,2422.3500000000004,208.38250000000002,3.128861588665075,5,5,4,14,554,Champions
15022,United Kingdom,2010-01-31 16:02:00,2011-11-28 12:35:00,11,677,5,140,640,115,1133.44,0,0.0,0,1133.44,226.68800000000002,0.0,5,4,3,12,543,Loyal Customers
15023,United Kingdom,2010-02-03 15:45:00,2011-12-06 17:23:00,3,674,20,955,4748,485,11555.5,3,78.49000000000001,15,11477.01,577.775,0.6792436502098568,5,5,5,15,555,Champions
15024,United Kingdom,2010-10-11 16:14:00,2011-11-30 12:06:00,9,424,16,320,1924,168,3559.39,0,0.0,0,3559.39,222.461875,0.0,5,5,5,15,555,Champions
15025,United Kingdom,2010-05-20 13:28:00,2011-11-06 15:20:00,33,568,2,138,502,131,971.84,0,0.0,0,971.84,485.92,0.0,4,2,3,9,423,Potential Loyalists
15026,United Kingdom,2010-09-17 13:52:00,2011-09-20 13:52:00,80,448,5,137,595,108,1044.09,0,0.0,0,1044.09,208.81799999999998,0.0,4,4,3,11,443,Loyal Customers
15027,United Kingdom,2010-03-25 14:39:00,2011-11-09 10:16:00,30,624,10,91,2782,69,3195.6,3,221.56,578,2974.04,319.56,6.933283264488672,5,4,5,14,545,Champions
15028,United Kingdom,2010-11-10 14:32:00,2011-12-01 14:06:00,8,394,6,102,673,65,962.94,0,0.0,0,962.94,160.49,0.0,5,4,3,12,543,Loyal Customers
15029,United Kingdom,2010-03-30 12:16:00,2010-03-30 12:16:00,619,619,1,10,234,10,365.1,1,2.95,1,362.15000000000003,365.1,0.8079978088195016,1,1,2,4,112,Hibernating
15030,United Kingdom,2010-03-04 17:10:00,2011-09-29 10:50:00,71,645,8,33,1225,25,1979.91,1,12.75,1,1967.16,247.48875,0.6439686652423594,4,4,4,12,444,Champions
15031,United Kingdom,2009-12-08 13:38:00,2011-12-05 14:19:00,4,731,14,395,1576,237,3102.94,2,289.21000000000004,169,2813.73,221.63857142857142,9.320515382185928,5,5,4,14,554,Champions
15032,United Kingdom,2009-12-10 15:27:00,2011-03-28 15:03:00,256,729,8,95,6601,39,11010.05,2,495.0,300,10515.05,1376.25625,4.495892389226207,2,4,5,11,245,At Risk
15033,United Kingdom,2011-01-14 13:28:00,2011-12-05 12:40:00,4,329,10,500,1670,314,2553.88,1,15.65,3,2538.23,255.388,0.6127930834651588,5,4,4,13,544,Champions
15034,United Kingdom,2010-05-11 13:30:00,2011-11-24 12:11:00,15,577,14,752,4748,416,8231.2,3,30.95,11,8200.25,587.9428571428572,0.3760083584410535,5,5,5,15,555,Champions
15035,United Kingdom,2011-09-11 11:08:00,2011-09-11 11:08:00,89,89,1,27,245,26,252.73000000000002,0,0.0,0,252.73000000000002,252.73000000000002,0.0,4,1,1,6,411,Promising Customers
15036,United Kingdom,2011-06-13 12:19:00,2011-09-28 15:42:00,72,179,3,119,316,107,429.56,0,0.0,0,429.56,143.18666666666667,0.0,4,3,2,9,432,Potential Loyalists
15037,United Kingdom,2010-11-28 12:14:00,2010-11-28 13:05:00,376,376,2,45,298,40,397.76,0,0.0,0,397.76,198.88,0.0,1,2,2,5,122,Hibernating
15038,United Kingdom,2010-10-10 14:35:00,2011-10-12 11:33:00,58,425,9,235,381,190,1146.53,1,39.9,30,1106.6299999999999,127.39222222222222,3.480065938091458,4,4,3,11,443,Loyal Customers
15039,United Kingdom,2009-12-10 11:39:00,2011-11-30 11:31:00,9,729,93,2695,17780,562,39141.48,14,288.44,125,38853.04,420.8761290322581,0.7369164374980199,5,5,5,15,555,Champions
15040,United Kingdom,2010-06-16 11:40:00,2010-06-16 11:40:00,541,541,1,1,1,1,7.49,0,0.0,0,7.49,7.49,0.0,1,1,1,3,111,Hibernating
15041,United Kingdom,2010-09-21 13:16:00,2011-06-22 16:16:00,170,444,2,103,192,97,288.98,0,0.0,0,288.98,144.49,0.0,3,2,2,7,322,Need Attention
15042,United Kingdom,2010-04-23 14:01:00,2011-05-24 16:25:00,199,595,2,9,238,9,315.45,0,0.0,0,315.45,157.725,0.0,2,2,2,6,222,Hibernating
15043,United Kingdom,2010-06-24 15:50:00,2011-11-08 14:26:00,31,533,6,50,1007,38,2855.3199999999997,0,0.0,0,2855.3199999999997,475.8866666666666,0.0,4,4,5,13,445,Champions
15044,United Kingdom,2009-12-16 15:13:00,2011-11-20 13:20:00,19,723,32,892,5237,343,15769.01,9,115.4,17,15653.61,492.7815625,0.731815123460509,5,5,5,15,555,Champions
15045,United Kingdom,2011-03-27 11:44:00,2011-07-11 11:33:00,151,257,2,12,114,11,735.66,1,102.0,8,633.66,367.83,13.865100725878804,3,2,3,8,323,Need Attention
15046,United Kingdom,2010-01-14 14:29:00,2011-11-30 15:50:00,9,694,25,393,4584,247,7604.84,3,229.01,171,7375.83,304.1936,3.0113717053876212,5,5,5,15,555,Champions
15047,United Kingdom,2011-03-15 10:49:00,2011-03-15 10:49:00,269,269,1,22,222,22,343.62,0,0.0,0,343.62,343.62,0.0,2,1,2,5,212,Hibernating
15048,United Kingdom,2010-12-06 12:15:00,2011-10-05 14:55:00,65,368,4,94,192,86,381.0,1,3.4799999999999995,12,377.52,95.25,0.9133858267716535,4,3,2,9,432,Potential Loyalists
15049,United Kingdom,2011-03-11 12:13:00,2011-03-11 12:13:00,273,273,1,3,63,3,121.17000000000002,0,0.0,0,121.17000000000002,121.17000000000002,0.0,2,1,1,4,211,Hibernating
15050,United Kingdom,2010-08-16 12:00:00,2011-11-14 16:17:00,25,480,5,149,2600,116,4087.19,2,54.919999999999995,40,4032.27,817.438,1.3437104710081986,5,4,5,14,545,Champions
15051,United Kingdom,2009-12-01 13:29:00,2011-11-16 15:38:00,23,738,9,289,3052,226,3926.91,1,15.0,12,3911.91,436.3233333333333,0.3819797245162227,5,4,5,14,545,Champions
15052,United Kingdom,2011-01-24 15:52:00,2011-01-24 15:52:00,319,319,1,28,79,27,207.73000000000002,0,0.0,0,207.73000000000002,207.73000000000002,0.0,2,1,1,4,211,Hibernating
15053,United Kingdom,2011-03-03 12:06:00,2011-12-05 12:08:00,4,281,3,69,984,49,693.9499999999999,0,0.0,0,693.9499999999999,231.31666666666663,0.0,5,3,3,11,533,Potential Loyalists
15054,United Kingdom,2011-10-30 14:33:00,2011-11-27 15:02:00,12,40,2,114,198,105,302.1,0,0.0,0,302.1,151.05,0.0,5,2,2,9,522,Potential Loyalists
15055,United Kingdom,2009-12-16 15:48:00,2010-08-22 11:06:00,474,723,3,81,225,77,549.12,0,0.0,0,549.12,183.04,0.0,1,3,2,6,132,At Risk
15056,United Kingdom,2010-07-07 15:58:00,2010-07-07 15:58:00,520,520,1,6,69,6,113.65,0,0.0,0,113.65,113.65,0.0,1,1,1,3,111,Hibernating
15057,United Kingdom,2009-12-05 15:27:00,2011-03-09 15:17:00,275,734,5,70,1394,62,3255.96,1,71.4,12,3184.56,651.192,2.1929016326981907,2,4,5,11,245,At Risk
15058,United Kingdom,2010-02-24 14:07:00,2011-11-14 14:57:00,25,653,16,347,1645,232,3387.58,1,32.849999999999994,3,3354.73,211.72375,0.9697187963088694,5,5,5,15,555,Champions
15059,United Kingdom,2009-12-06 12:17:00,2011-10-30 11:35:00,40,733,19,588,1597,307,3490.4,8,95.95,19,3394.4500000000003,183.70526315789473,2.74896859958744,4,5,5,14,455,Champions
15060,United Kingdom,2011-11-30 14:03:00,2011-12-01 13:47:00,8,9,4,114,256,80,293.0,0,0.0,0,293.0,73.25,0.0,5,3,2,10,532,Potential Loyalists
15061,United Kingdom,2009-12-01 12:18:00,2011-12-06 12:06:00,3,738,127,897,74279,130,126387.56999999999,10,1405.44,678,124982.12999999999,995.177716535433,1.112008087504175,5,5,5,15,555,Champions
15062,United Kingdom,2010-04-08 15:41:00,2011-09-29 16:51:00,71,610,8,159,1872,98,2585.62,0,0.0,0,2585.62,323.2025,0.0,4,4,4,12,444,Champions
15063,United Kingdom,2011-05-10 13:25:00,2011-05-10 13:25:00,213,213,1,5,56,5,370.79999999999995,0,0.0,0,370.79999999999995,370.79999999999995,0.0,2,1,2,5,212,Hibernating
15064,United Kingdom,2009-12-22 16:17:00,2010-10-25 14:32:00,410,717,4,79,808,74,1154.41,0,0.0,0,1154.41,288.6025,0.0,1,3,3,7,133,At Risk
15065,United Kingdom,2010-10-25 09:13:00,2011-11-02 09:45:00,37,410,5,166,1446,156,3326.86,2,22.15,28,3304.71,665.3720000000001,0.6657929699476383,4,4,5,13,445,Champions
15066,United Kingdom,2011-10-17 13:25:00,2011-10-17 13:25:00,53,53,1,42,317,42,893.59,1,133.0,38,760.59,893.59,14.883783390593,4,1,3,8,413,Promising Customers
15067,United Kingdom,2010-04-11 15:54:00,2011-09-22 13:20:00,78,607,5,177,2151,170,3862.88,1,12.75,1,3850.13,772.576,0.33006461500227813,4,4,5,13,445,Champions
15068,United Kingdom,2010-03-28 13:18:00,2011-10-24 14:47:00,46,621,4,218,832,178,1174.9,0,0.0,0,1174.9,293.725,0.0,4,3,3,10,433,Potential Loyalists
15069,United Kingdom,2011-06-13 14:16:00,2011-06-13 14:16:00,179,179,1,70,520,70,1109.53,0,0.0,0,1109.53,1109.53,0.0,3,1,3,7,313,Need Attention
15070,United Kingdom,2009-12-15 13:49:00,2010-12-02 11:23:00,372,724,3,32,339,26,737.0500000000001,0,0.0,0,737.0500000000001,245.68333333333337,0.0,1,3,3,7,133,At Risk
15071,United Kingdom,2010-05-18 12:45:00,2011-09-07 11:43:00,93,570,4,54,416,41,1455.5600000000002,0,0.0,0,1455.5600000000002,363.89000000000004,0.0,3,3,4,10,334,Need Attention
15072,United Kingdom,2010-08-17 15:46:00,2010-08-17 15:46:00,479,479,1,13,164,13,187.52,0,0.0,0,187.52,187.52,0.0,1,1,1,3,111,Hibernating
15073,United Kingdom,2010-01-27 08:48:00,2011-11-30 10:44:00,9,681,8,159,1410,115,2788.02,1,430.97999999999996,214,2357.04,348.5025,15.458282221791809,5,4,4,13,544,Champions
15074,United Kingdom,2010-08-29 11:47:00,2011-08-26 14:45:00,105,467,3,72,1039,63,1553.13,0,0.0,0,1553.13,517.71,0.0,3,3,4,10,334,Need Attention
15075,United Kingdom,2011-09-23 12:27:00,2011-09-23 12:27:00,77,77,1,27,447,27,773.03,0,0.0,0,773.03,773.03,0.0,4,1,3,8,413,Promising Customers
15076,United Kingdom,2010-07-05 14:11:00,2011-06-20 08:23:00,172,522,3,80,866,68,1447.74,2,21.9,2,1425.84,482.58,1.51270255708898,3,3,4,10,334,Need Attention
15077,United Kingdom,2009-12-09 17:10:00,2010-08-02 11:13:00,494,730,2,32,528,28,2428.08,2,4.2,2,2423.88,1214.04,0.1729761787091035,1,2,4,7,124,At Risk
15078,United Kingdom,2009-12-04 12:03:00,2011-12-02 15:41:00,7,735,52,770,8776,117,17276.73,11,185.36,84,17091.37,332.2448076923077,1.0728882143785312,5,5,5,15,555,Champions
15079,United Kingdom,2009-12-08 11:22:00,2011-05-11 12:45:00,212,731,11,141,1459,119,3625.4,6,78.64999999999999,19,3546.75,329.58181818181816,2.1694157886026364,2,5,5,12,255,At Risk
15080,United Kingdom,2010-07-26 10:03:00,2010-10-08 11:52:00,427,501,2,31,287,31,546.25,0,0.0,0,546.25,273.125,0.0,1,2,2,5,122,Hibernating
15081,United Kingdom,2010-06-22 10:25:00,2011-11-17 17:08:00,22,535,12,101,749,75,1854.57,1,17.45,2,1837.12,154.54749999999999,0.940918919210383,5,5,4,14,554,Champions
15082,United Kingdom,2010-02-09 10:23:00,2010-02-09 10:23:00,668,668,1,6,43,6,93.35000000000001,0,0.0,0,93.35000000000001,93.35000000000001,0.0,1,1,1,3,111,Hibernating
15083,United Kingdom,2011-03-28 12:18:00,2011-03-28 12:18:00,256,256,1,5,38,5,88.2,0,0.0,0,88.2,88.2,0.0,2,1,1,4,211,Hibernating
15084,United Kingdom,2010-03-04 10:45:00,2010-11-25 11:58:00,379,645,2,31,600,31,965.1999999999999,0,0.0,0,965.1999999999999,482.59999999999997,0.0,1,2,3,6,123,Hibernating
15085,United Kingdom,2009-12-10 11:47:00,2009-12-10 11:47:00,729,729,1,9,169,9,347.54,0,0.0,0,347.54,347.54,0.0,1,1,2,4,112,Hibernating
15086,United Kingdom,2010-03-24 13:56:00,2010-05-24 12:27:00,564,625,2,11,95,10,218.53,0,0.0,0,218.53,109.265,0.0,1,2,1,4,121,Hibernating
15087,United Kingdom,2011-03-03 10:34:00,2011-03-03 10:34:00,281,281,1,15,470,15,306.94,0,0.0,0,306.94,306.94,0.0,2,1,2,5,212,Hibernating
15088,United Kingdom,2011-10-03 14:05:00,2011-11-18 13:14:00,21,67,2,57,460,53,1160.07,1,19.8,3,1140.27,580.035,1.7067935555613023,5,2,3,10,523,Potential Loyalists
15089,United Kingdom,2011-08-03 14:14:00,2011-11-29 16:31:00,10,128,6,145,1359,139,2420.84,0,0.0,0,2420.84,403.47333333333336,0.0,5,4,4,13,544,Champions
15090,United Kingdom,2011-02-04 14:03:00,2011-02-04 14:03:00,308,308,1,23,208,23,381.32,0,0.0,0,381.32,381.32,0.0,2,1,2,5,212,Hibernating
15091,United Kingdom,2010-02-03 11:46:00,2011-10-03 12:47:00,67,674,3,57,582,55,1046.6100000000001,3,23.5,8,1023.1100000000001,348.87000000000006,2.2453444931731967,4,3,3,10,433,Potential Loyalists
15092,United Kingdom,2010-09-03 12:33:00,2011-05-08 14:10:00,215,462,3,45,230,39,776.46,1,3.3,2,773.1600000000001,258.82,0.42500579553357537,2,3,3,8,233,At Risk
15093,United Kingdom,2009-12-08 12:46:00,2011-11-21 13:09:00,18,731,23,316,10778,104,13702.380000000001,11,668.23,127,13034.150000000001,595.7556521739131,4.876744040086466,5,5,5,15,555,Champions
15094,United Kingdom,2010-03-05 12:56:00,2010-09-02 16:55:00,463,644,2,5,28,4,83.0,0,0.0,0,83.0,41.5,0.0,1,2,1,4,121,Hibernating
15095,United Kingdom,2010-01-21 09:37:00,2011-08-28 12:01:00,103,687,10,124,2233,90,3141.64,1,5.9,2,3135.74,314.164,0.18780000254644075,3,4,5,12,345,Loyal Customers
15096,United Kingdom,2011-10-28 10:27:00,2011-10-28 10:27:00,42,42,1,11,120,11,219.39000000000001,0,0.0,0,219.39000000000001,219.39000000000001,0.0,4,1,1,6,411,Promising Customers
15097,United Kingdom,2010-05-05 14:22:00,2011-12-05 14:03:00,4,583,3,66,424,59,908.35,2,321.3,126,587.05,302.78333333333336,35.37182803985248,5,3,2,10,532,Potential Loyalists
15098,United Kingdom,2011-06-10 15:22:00,2011-06-10 15:33:00,182,182,2,2,61,1,946.5,1,297.0,60,649.5,473.25,31.378763866877975,2,2,3,7,223,Hibernating
15099,United Kingdom,2011-09-16 13:13:00,2011-09-16 13:13:00,84,84,1,23,343,23,410.48,0,0.0,0,410.48,410.48,0.0,4,1,2,7,412,Promising Customers
15100,United Kingdom,2010-01-07 14:33:00,2011-01-10 10:35:00,333,701,7,16,270,11,2193.8999999999996,7,443.79999999999995,44,1750.0999999999997,313.41428571428565,20.228816263275448,2,4,4,10,244,At Risk
15101,United Kingdom,2010-04-28 15:00:00,2011-12-01 10:18:00,8,590,6,58,676,52,1477.94,5,174.45,21,1303.49,246.32333333333335,11.803591485445958,5,4,4,13,544,Champions
15102,United Kingdom,2010-06-11 10:16:00,2010-06-27 12:16:00,530,546,2,27,339,26,554.67,0,0.0,0,554.67,277.335,0.0,1,2,2,5,122,Hibernating
15103,United Kingdom,2011-09-14 13:54:00,2011-11-08 14:53:00,31,86,2,35,329,35,703.36,0,0.0,0,703.36,351.68,0.0,4,2,3,9,423,Potential Loyalists
15104,United Kingdom,2011-03-02 14:16:00,2011-05-27 12:29:00,196,282,2,67,635,66,993.54,1,24.9,2,968.64,496.77,2.506189987318075,2,2,3,7,223,Hibernating
15105,United Kingdom,2010-03-23 12:18:00,2011-11-21 16:54:00,18,626,9,151,1747,129,3094.91,0,0.0,0,3094.91,343.87888888888887,0.0,5,4,5,14,545,Champions
15106,United Kingdom,2011-03-15 12:52:00,2011-11-22 09:16:00,17,269,5,100,1181,90,1422.52,2,14.79,37,1407.73,284.504,1.0397041869358603,5,4,4,13,544,Champions
15107,United Kingdom,2010-09-14 10:47:00,2011-02-01 14:46:00,311,451,9,42,330,32,824.35,3,71.75,9,752.6,91.59444444444445,8.70382725783951,2,4,3,9,243,At Risk
15108,European Community,2011-04-26 10:54:00,2011-07-21 10:24:00,141,227,3,57,490,49,1159.25,1,8.5,2,1150.75,386.4166666666667,0.7332326935518654,3,3,3,9,333,Need Attention
15109,United Kingdom,2009-12-04 12:33:00,2011-04-08 09:58:00,245,735,3,48,258,46,983.1,1,21.2,4,961.9,327.7,2.1564439019428336,2,3,3,8,233,At Risk
15110,United Kingdom,2010-08-11 15:49:00,2011-11-16 11:16:00,23,485,6,53,337,23,1505.8500000000001,3,22.9,5,1482.95,250.97500000000002,1.5207357970581397,5,4,4,13,544,Champions
15111,United Kingdom,2010-04-26 13:12:00,2011-11-10 16:58:00,29,592,5,135,1058,109,2442.37,0,0.0,0,2442.37,488.474,0.0,5,4,4,13,544,Champions
15112,United Kingdom,2010-04-07 14:17:00,2010-04-07 14:17:00,611,611,1,7,72,7,209.4,0,0.0,0,209.4,209.4,0.0,1,1,1,3,111,Hibernating
15113,United Kingdom,2011-10-16 15:27:00,2011-11-30 08:23:00,9,54,3,96,2343,76,3509.04,1,169.92000000000002,24,3339.12,1169.68,4.842350044456603,5,3,5,13,535,Potential Loyalists
15114,United Kingdom,2010-10-14 16:44:00,2011-11-09 15:05:00,30,421,12,231,3532,151,3400.12,0,0.0,0,3400.12,283.3433333333333,0.0,5,5,5,15,555,Champions
15115,United Kingdom,2009-12-07 11:20:00,2011-11-21 14:59:00,18,732,2,35,245,35,531.85,1,3.75,1,528.1,265.925,0.7050860204945003,5,2,2,9,522,Potential Loyalists
15116,United Kingdom,2011-05-19 08:50:00,2011-11-22 12:25:00,17,204,4,45,648,37,1352.75,0,0.0,0,1352.75,338.1875,0.0,5,3,4,12,534,Potential Loyalists
15117,United Kingdom,2010-03-15 13:39:00,2011-11-25 08:12:00,14,634,8,131,3093,89,2485.97,1,1.65,1,2484.3199999999997,310.74625,0.06637248237106642,5,4,4,13,544,Champions
15118,United Kingdom,2011-07-28 14:54:00,2011-07-28 14:54:00,134,134,1,1,1440,1,244.8,0,0.0,0,244.8,244.8,0.0,3,1,1,5,311,Regular Customers
15119,United Kingdom,2011-04-08 09:08:00,2011-04-08 09:08:00,245,245,1,14,88,14,266.4,0,0.0,0,266.4,266.4,0.0,2,1,1,4,211,Hibernating
15120,United Kingdom,2011-07-29 09:48:00,2011-07-29 09:48:00,133,133,1,21,296,21,358.82,1,15.0,4,343.82,358.82,4.18036898723594,3,1,2,6,312,Regular Customers
15121,United Kingdom,2011-02-24 12:41:00,2011-10-20 14:51:00,50,288,2,28,199,28,457.72,0,0.0,0,457.72,228.86,0.0,4,2,2,8,422,Potential Loyalists
15122,United Kingdom,2010-03-30 14:05:00,2011-08-17 16:48:00,114,619,11,227,2033,155,4487.27,5,36.05,26,4451.22,407.9336363636364,0.8033837946011715,3,5,5,13,355,Loyal Customers
15123,United Kingdom,2010-03-16 09:49:00,2011-12-02 13:12:00,7,633,5,183,2524,149,4656.17,0,0.0,0,4656.17,931.234,0.0,5,4,5,14,545,Champions
15124,United Kingdom,2010-02-26 10:49:00,2011-11-17 10:09:00,22,651,4,31,462,30,450.82,0,0.0,0,450.82,112.705,0.0,5,3,2,10,532,Potential Loyalists
15125,United Kingdom,2010-03-31 13:29:00,2011-11-14 13:57:00,25,618,24,240,8433,151,17024.87,12,900.54,298,16124.329999999998,709.3695833333333,5.289555808649347,5,5,5,15,555,Champions
15126,United Kingdom,2010-01-21 17:09:00,2010-06-21 12:31:00,536,687,2,25,273,25,449.49,0,0.0,0,449.49,224.745,0.0,1,2,2,5,122,Hibernating
15127,United Kingdom,2010-07-08 10:07:00,2011-10-05 10:30:00,65,519,2,28,464,27,711.5,0,0.0,0,711.5,355.75,0.0,4,2,3,9,423,Potential Loyalists
15128,United Kingdom,2010-10-05 16:46:00,2011-10-10 13:54:00,60,430,5,123,1583,87,1783.68,3,47.75,16,1735.93,356.736,2.6770496950125584,4,4,4,12,444,Champions
15129,United Kingdom,2010-04-08 17:15:00,2011-10-20 14:40:00,50,610,23,207,4002,86,6860.18,0,0.0,0,6860.18,298.2686956521739,0.0,4,5,5,14,455,Champions
15130,United Kingdom,2011-06-23 10:15:00,2011-06-23 10:15:00,169,169,1,22,197,22,330.11,0,0.0,0,330.11,330.11,0.0,3,1,2,6,312,Regular Customers
15131,United Kingdom,2010-11-10 12:07:00,2010-11-10 12:07:00,394,394,1,7,88,7,80.28,0,0.0,0,80.28,80.28,0.0,1,1,1,3,111,Hibernating
15132,United Kingdom,2011-03-22 12:02:00,2011-11-21 17:10:00,18,262,5,52,679,49,977.9300000000001,0,0.0,0,977.9300000000001,195.586,0.0,5,4,3,12,543,Loyal Customers
15133,United Kingdom,2010-07-07 12:31:00,2011-08-04 10:44:00,127,520,5,49,960,45,1806.9,0,0.0,0,1806.9,361.38,0.0,3,4,4,11,344,Loyal Customers
15134,United Kingdom,2010-10-13 12:44:00,2011-11-25 08:55:00,14,422,10,85,1057,47,1596.29,0,0.0,0,1596.29,159.629,0.0,5,4,4,13,544,Champions
15135,United Kingdom,2010-06-01 13:33:00,2011-04-14 19:16:00,239,556,2,20,84,17,305.68,1,11.9,2,293.78000000000003,152.84,3.892959958126145,2,2,2,6,222,Hibernating
15136,United Kingdom,2011-09-04 16:05:00,2011-12-07 12:26:00,2,96,4,68,776,61,1286.7,1,4.25,1,1282.45,321.675,0.3303023237739955,5,3,4,12,534,Potential Loyalists
15137,United Kingdom,2010-01-28 15:45:00,2010-07-07 09:41:00,520,680,2,34,596,34,823.4,3,75.85,89,747.55,411.7,9.211804712169053,1,2,3,6,123,Hibernating
15138,United Kingdom,2010-11-11 09:16:00,2010-11-11 09:16:00,393,393,1,31,300,31,502.52,1,15.93,22,486.59,502.52,3.1700230836583616,1,1,2,4,112,Hibernating
15139,United Kingdom,2011-01-07 12:44:00,2011-04-14 11:39:00,239,336,2,13,208,13,178.96,0,0.0,0,178.96,89.48,0.0,2,2,1,5,221,Hibernating
15140,United Kingdom,2010-09-23 13:07:00,2011-10-18 14:07:00,52,442,8,112,2010,103,3243.69,1,4.25,5,3239.44,405.46125,0.1310236181632647,4,4,5,13,445,Champions
15141,United Kingdom,2010-03-28 15:58:00,2010-09-08 11:33:00,457,621,7,80,1197,44,1388.47,2,10.159999999999998,13,1378.31,198.35285714285715,0.7317406929930066,1,4,4,9,144,At Risk
15142,United Kingdom,2010-07-27 09:05:00,2011-10-24 12:51:00,46,500,6,142,2155,115,2619.92,1,10.95,1,2608.9700000000003,436.65333333333336,0.4179516931814712,4,4,4,12,444,Champions
15143,United Kingdom,2010-10-03 13:58:00,2011-04-28 12:03:00,225,432,2,31,320,27,563.63,0,0.0,0,563.63,281.815,0.0,2,2,2,6,222,Hibernating
15144,United Kingdom,2009-12-13 11:35:00,2011-12-01 15:12:00,8,726,29,349,5251,199,12160.31,4,153.8,46,12006.51,419.3210344827586,1.2647703882549048,5,5,5,15,555,Champions
15145,United Kingdom,2011-04-05 15:20:00,2011-12-05 17:21:00,4,248,4,67,756,54,1194.73,0,0.0,0,1194.73,298.6825,0.0,5,3,4,12,534,Potential Loyalists
15146,United Kingdom,2011-02-21 13:07:00,2011-06-28 12:09:00,164,291,2,91,1473,90,1327.16,1,13.5,14,1313.66,663.58,1.0172096808222069,3,2,4,9,324,Need Attention
15147,United Kingdom,2011-04-13 15:57:00,2011-04-13 15:57:00,240,240,1,28,366,28,623.5,1,14.85,3,608.65,623.5,2.3817161186848437,2,1,3,6,213,Hibernating
15148,United Kingdom,2011-11-29 08:21:00,2011-11-29 08:21:00,10,10,1,20,187,20,301.29,0,0.0,0,301.29,301.29,0.0,5,1,2,8,512,New Customers
15149,United Kingdom,2010-02-28 11:13:00,2011-07-29 10:58:00,133,649,4,68,379,61,1524.6100000000001,0,0.0,0,1524.6100000000001,381.15250000000003,0.0,3,3,4,10,334,Need Attention
15150,United Kingdom,2010-06-14 12:01:00,2011-11-22 12:52:00,17,543,13,573,6167,495,8977.94,1,10.5,25,8967.44,690.6107692307693,0.11695333227889693,5,5,5,15,555,Champions
15151,United Kingdom,2010-07-18 12:19:00,2010-10-12 16:37:00,423,509,2,57,795,56,2085.61,0,0.0,0,2085.61,1042.805,0.0,1,2,4,7,124,At Risk
15152,United Kingdom,2010-01-07 15:15:00,2011-11-30 12:32:00,9,701,14,300,2994,214,5263.83,3,61.45,10,5202.38,375.98785714285714,1.1674009229021456,5,5,5,15,555,Champions
15153,United Kingdom,2011-11-08 17:09:00,2011-11-08 17:09:00,31,31,1,22,198,22,329.25,0,0.0,0,329.25,329.25,0.0,4,1,2,7,412,Promising Customers
15154,United Kingdom,2010-08-18 17:41:00,2011-09-25 16:05:00,75,478,3,173,333,166,1343.72,1,29.55,4,1314.17,447.9066666666667,2.199118864049058,4,3,4,11,434,Potential Loyalists
15155,United Kingdom,2010-11-21 12:59:00,2010-11-21 12:59:00,383,383,1,24,192,24,383.96999999999997,0,0.0,0,383.96999999999997,383.96999999999997,0.0,1,1,2,4,112,Hibernating
15156,United Kingdom,2011-11-06 12:41:00,2011-12-08 18:22:00,1,33,3,55,597,51,961.49,0,0.0,0,961.49,320.49666666666667,0.0,5,3,3,11,533,Potential Loyalists
15157,United Kingdom,2009-12-10 14:44:00,2011-12-06 11:28:00,3,729,5,152,3466,152,2654.11,2,56.23,149,2597.88,530.822,2.1186009622811413,5,4,4,13,544,Champions
15158,United Kingdom,2010-11-03 13:46:00,2011-10-25 13:53:00,45,401,2,11,219,11,606.02,1,168.36,9,437.65999999999997,303.01,27.78126134451008,4,2,2,8,422,Potential Loyalists
15159,United Kingdom,2010-10-04 09:31:00,2011-12-08 12:05:00,1,431,34,810,13512,413,22116.73,4,67.33,47,22049.399999999998,650.4920588235294,0.3044301757086152,5,5,5,15,555,Champions
15160,United Kingdom,2010-10-14 15:26:00,2010-12-17 14:15:00,357,421,4,23,307,17,589.27,0,0.0,0,589.27,147.3175,0.0,2,3,2,7,232,At Risk
15161,United Kingdom,2010-11-16 16:08:00,2010-11-16 16:08:00,388,388,1,33,144,33,119.92,0,0.0,0,119.92,119.92,0.0,1,1,1,3,111,Hibernating
15162,United Kingdom,2009-12-08 13:14:00,2009-12-08 13:14:00,731,731,1,12,74,12,312.9,1,71.4,8,241.49999999999997,312.9,22.81879194630873,1,1,1,3,111,Hibernating
15163,United Kingdom,2011-05-31 15:22:00,2011-11-21 13:10:00,18,192,2,29,186,29,304.47,0,0.0,0,304.47,152.235,0.0,5,2,2,9,522,Potential Loyalists
15164,United Kingdom,2010-01-18 13:34:00,2011-10-02 12:05:00,68,690,9,352,912,243,2028.1100000000001,1,16.9,2,2011.21,225.34555555555556,0.8332881352589355,4,4,4,12,444,Champions
15165,United Kingdom,2010-12-01 14:03:00,2010-12-01 14:03:00,373,373,1,27,160,27,487.75,0,0.0,0,487.75,487.75,0.0,1,1,2,4,112,Hibernating
15166,United Kingdom,2010-08-29 12:31:00,2010-08-29 12:31:00,467,467,1,12,140,12,167.16,0,0.0,0,167.16,167.16,0.0,1,1,1,3,111,Hibernating
15167,United Kingdom,2010-02-04 14:13:00,2011-01-23 12:41:00,320,673,5,304,863,262,1627.62,0,0.0,0,1627.62,325.524,0.0,2,4,4,10,244,At Risk
15168,United Kingdom,2011-11-14 11:26:00,2011-11-14 11:26:00,25,25,1,5,52,5,106.56,0,0.0,0,106.56,106.56,0.0,5,1,1,7,511,New Customers
15169,United Kingdom,2009-12-13 11:16:00,2010-11-22 13:04:00,382,726,2,59,356,58,569.22,0,0.0,0,569.22,284.61,0.0,1,2,2,5,122,Hibernating
15170,United Kingdom,2010-10-29 10:34:00,2010-10-29 10:34:00,406,406,1,4,33,4,81.15,0,0.0,0,81.15,81.15,0.0,1,1,1,3,111,Hibernating
15171,United Kingdom,2011-01-12 15:36:00,2011-01-12 15:36:00,331,331,1,5,290,5,1289.5,1,255.0,100,1034.5,1289.5,19.77510663047693,2,1,3,6,213,Hibernating
15172,United Kingdom,2011-04-17 11:56:00,2011-12-01 11:51:00,8,236,5,110,1611,106,1624.05,0,0.0,0,1624.05,324.81,0.0,5,4,4,13,544,Champions
15173,United Kingdom,2010-04-01 12:26:00,2010-11-24 10:21:00,380,617,7,86,840,68,1494.6,1,95.34,12,1399.26,213.5142857142857,6.378964271376958,1,4,4,9,144,At Risk
15174,United Kingdom,2010-10-25 09:40:00,2011-01-21 09:06:00,322,410,2,34,382,34,481.46,0,0.0,0,481.46,240.73,0.0,2,2,2,6,222,Hibernating
15175,United Kingdom,2011-09-29 11:31:00,2011-09-29 11:31:00,71,71,1,23,454,23,224.14,0,0.0,0,224.14,224.14,0.0,4,1,1,6,411,Promising Customers
15176,United Kingdom,2010-02-10 10:36:00,2010-02-10 10:36:00,667,667,1,52,448,52,988.0400000000001,1,2.95,1,985.09,988.0400000000001,0.2985709080604024,1,1,3,5,113,Hibernating
15177,United Kingdom,2010-10-10 12:48:00,2010-10-10 12:48:00,425,425,1,26,485,26,948.9300000000001,0,0.0,0,948.9300000000001,948.9300000000001,0.0,1,1,3,5,113,Hibernating
15178,United Kingdom,2011-03-24 15:12:00,2011-03-24 15:12:00,260,260,1,3,30,3,40.5,0,0.0,0,40.5,40.5,0.0,2,1,1,4,211,Hibernating
15179,United Kingdom,2009-12-03 12:27:00,2011-11-21 12:53:00,18,736,13,314,5416,225,7491.92,4,65.1,53,7426.82,576.3015384615385,0.8689361338615467,5,5,5,15,555,Champions
15180,United Kingdom,2010-04-29 15:27:00,2010-12-07 14:57:00,367,589,3,52,654,46,816.9300000000001,0,0.0,0,816.9300000000001,272.31,0.0,1,3,3,7,133,At Risk
15181,United Kingdom,2009-12-08 19:02:00,2011-10-04 13:58:00,66,731,5,20,688,15,1200.2,2,242.54999999999998,49,957.6500000000001,240.04000000000002,20.20913181136477,4,4,3,11,443,Loyal Customers
15182,United Kingdom,2010-02-21 12:03:00,2011-07-08 13:37:00,154,656,11,125,1186,78,2998.952,3,56.2,12,2942.7520000000004,272.632,1.8739879798009438,3,5,5,13,355,Loyal Customers
15183,United Kingdom,2010-05-04 11:31:00,2010-06-10 10:43:00,547,584,3,38,297,33,639.93,1,2.9,2,637.03,213.30999999999997,0.45317456596815275,1,3,3,7,133,At Risk
15184,United Kingdom,2009-12-16 12:06:00,2011-11-10 13:41:00,29,723,4,84,462,72,685.39,0,0.0,0,685.39,171.3475,0.0,5,3,3,11,533,Potential Loyalists
15185,United Kingdom,2011-09-30 14:06:00,2011-09-30 14:06:00,70,70,1,21,666,21,310.62,0,0.0,0,310.62,310.62,0.0,4,1,2,7,412,Promising Customers
15186,United Kingdom,2010-01-12 10:14:00,2011-11-25 14:58:00,14,696,5,52,716,29,1403.2,0,0.0,0,1403.2,280.64,0.0,5,4,4,13,544,Champions
15187,United Kingdom,2011-05-11 13:49:00,2011-12-08 11:56:00,1,212,15,90,1886,60,4762.18,2,107.1,18,4655.08,317.4786666666667,2.2489700095334486,5,5,5,15,555,Champions
15188,United Kingdom,2009-12-14 13:30:00,2009-12-14 13:30:00,725,725,1,23,233,23,310.43,0,0.0,0,310.43,310.43,0.0,1,1,2,4,112,Hibernating
15189,United Kingdom,2010-07-18 13:37:00,2011-12-08 13:22:00,1,509,46,241,6902,90,17524.38,12,423.25,114,17101.13,380.96478260869566,2.415206700607953,5,5,5,15,555,Champions
15190,United Kingdom,2010-10-01 13:09:00,2010-10-01 13:09:00,434,434,1,40,790,40,834.4399999999999,0,0.0,0,834.4399999999999,834.4399999999999,0.0,1,1,3,5,113,Hibernating
15191,United Kingdom,2010-01-20 12:35:00,2010-09-02 15:37:00,463,688,3,35,287,33,588.05,0,0.0,0,588.05,196.01666666666665,0.0,1,3,2,6,132,At Risk
15192,United Kingdom,2010-01-29 10:13:00,2011-08-12 11:41:00,119,679,5,91,1448,56,1666.39,0,0.0,0,1666.39,333.278,0.0,3,4,4,11,344,Loyal Customers
15193,United Kingdom,2011-10-10 08:23:00,2011-10-10 08:23:00,60,60,1,19,144,19,499.32,0,0.0,0,499.32,499.32,0.0,4,1,2,7,412,Promising Customers
15194,United Kingdom,2009-12-03 10:37:00,2011-12-06 15:10:00,3,736,28,476,8922,274,12021.53,11,240.01000000000002,89,11781.52,429.34035714285716,1.9965012772916593,5,5,5,15,555,Champions
15195,United Kingdom,2011-12-07 12:20:00,2011-12-07 12:20:00,2,2,1,1,1404,1,3861.0,0,0.0,0,3861.0,3861.0,0.0,5,1,5,11,515,New Customers
15196,United Kingdom,2009-12-13 11:14:00,2010-10-03 10:50:00,432,726,2,42,130,34,313.7,0,0.0,0,313.7,156.85,0.0,1,2,2,5,122,Hibernating
15197,United Kingdom,2009-12-11 12:56:00,2011-11-29 10:00:00,10,728,6,59,1058,44,1877.51,3,439.66999999999996,20,1437.8400000000001,312.91833333333335,23.41771814797258,5,4,4,13,544,Champions
15198,United Kingdom,2010-01-19 10:01:00,2011-09-08 14:42:00,92,689,5,31,327,28,571.35,1,11.9,2,559.45,114.27000000000001,2.08278638312768,3,4,2,9,342,Loyal Customers
15199,United Kingdom,2010-05-13 10:14:00,2011-10-11 15:12:00,59,575,10,51,894,17,3122.4,0,0.0,0,3122.4,312.24,0.0,4,4,5,13,445,Champions
15200,United Kingdom,2010-08-02 09:38:00,2010-08-02 09:38:00,494,494,1,30,195,30,549.0500000000001,0,0.0,0,549.0500000000001,549.0500000000001,0.0,1,1,2,4,112,Hibernating
15201,United Kingdom,2010-04-07 14:50:00,2011-09-13 14:53:00,87,611,7,100,1660,44,1842.95,7,317.05,251,1525.9,263.2785714285714,17.20339672807184,4,4,4,12,444,Champions
15203,United Kingdom,2009-12-08 18:06:00,2011-11-14 08:16:00,25,731,15,343,4182,150,4400.18,0,0.0,0,4400.18,293.3453333333334,0.0,5,5,5,15,555,Champions
15204,United Kingdom,2010-12-17 13:49:00,2010-12-17 13:49:00,357,357,1,9,258,9,316.58,0,0.0,0,316.58,316.58,0.0,2,1,2,5,212,Hibernating
15205,United Kingdom,2011-08-04 16:07:00,2011-09-15 19:36:00,85,127,2,37,378,37,653.24,0,0.0,0,653.24,326.62,0.0,4,2,3,9,423,Potential Loyalists
15206,United Kingdom,2011-03-09 08:59:00,2011-11-29 13:41:00,10,275,4,9,162,3,420.3,0,0.0,0,420.3,105.075,0.0,5,3,2,10,532,Potential Loyalists
15207,United Kingdom,2010-06-10 17:29:00,2010-10-19 13:29:00,416,547,3,24,428,19,683.92,2,26.65,29,657.27,227.97333333333333,3.8966545794829806,1,3,3,7,133,At Risk
15208,United Kingdom,2010-10-12 12:17:00,2011-12-08 17:24:00,1,423,6,48,356,27,970.52,1,2.5,2,968.02,161.75333333333333,0.25759386720520955,5,4,3,12,543,Loyal Customers
15209,United Kingdom,2009-12-09 17:26:00,2009-12-09 17:26:00,730,730,1,13,94,13,178.98000000000002,0,0.0,0,178.98000000000002,178.98000000000002,0.0,1,1,1,3,111,Hibernating
15210,United Kingdom,2010-05-13 14:42:00,2011-04-28 16:11:00,225,575,3,67,841,66,1176.19,0,0.0,0,1176.19,392.06333333333333,0.0,2,3,3,8,233,At Risk
15211,United Kingdom,2010-12-09 16:08:00,2011-10-10 13:31:00,60,365,2,52,240,52,894.4100000000001,0,0.0,0,894.4100000000001,447.20500000000004,0.0,4,2,3,9,423,Potential Loyalists
15212,United Kingdom,2010-11-28 10:45:00,2011-04-12 13:45:00,241,376,2,10,84,7,208.28,1,12.85,3,195.43,104.14,6.169579412329556,2,2,1,5,221,Hibernating
15213,United Kingdom,2011-01-14 11:05:00,2011-01-25 12:21:00,318,329,2,24,272,22,328.35,1,3.3,2,325.05,164.175,1.0050251256281406,2,2,2,6,222,Hibernating
15214,United Kingdom,2011-04-11 09:46:00,2011-12-08 12:07:00,1,242,8,110,1254,109,1661.44,0,0.0,0,1661.44,207.68,0.0,5,4,4,13,544,Champions
15215,United Kingdom,2010-04-06 11:21:00,2011-10-24 11:41:00,46,612,7,113,776,85,2422.4300000000003,4,925.97,306,1496.4600000000003,346.0614285714286,38.224840346263875,4,4,4,12,444,Champions
15216,United Kingdom,2010-03-31 09:52:00,2011-09-13 11:41:00,87,618,2,24,217,24,486.09000000000003,0,0.0,0,486.09000000000003,243.04500000000002,0.0,4,2,2,8,422,Potential Loyalists
15217,United Kingdom,2010-05-25 13:51:00,2010-05-25 13:51:00,563,563,1,28,190,28,426.24,0,0.0,0,426.24,426.24,0.0,1,1,2,4,112,Hibernating
15218,United Kingdom,2010-01-26 11:33:00,2011-11-29 11:48:00,10,682,22,395,6518,138,11453.83,3,60.57,33,11393.26,520.6286363636364,0.528818744472373,5,5,5,15,555,Champions
15219,United Kingdom,2010-03-01 11:33:00,2011-06-16 16:57:00,176,648,2,26,271,26,685.45,0,0.0,0,685.45,342.725,0.0,3,2,3,8,323,Need Attention
15220,United Kingdom,2011-03-04 10:24:00,2011-10-19 12:39:00,51,280,6,117,1393,110,1778.96,1,20.04,16,1758.92,296.49333333333334,1.12650087691685,4,4,4,12,444,Champions
15221,United Kingdom,2010-03-12 10:40:00,2010-12-08 13:08:00,366,637,4,29,244,21,2062.2,3,360.2,30,1701.9999999999998,515.55,17.466783047231115,1,3,4,8,134,At Risk
15222,United Kingdom,2009-12-16 13:49:00,2011-01-25 08:03:00,318,723,11,138,4458,98,3550.91,6,135.25,317,3415.66,322.81,3.8088827934247846,2,5,5,12,255,At Risk
15223,United Kingdom,2009-12-05 11:19:00,2011-04-28 11:31:00,225,734,5,34,385,26,1417.95,1,300.85,115,1117.1,283.59000000000003,21.217250255650765,2,4,3,9,243,At Risk
15224,United Kingdom,2010-01-15 16:14:00,2010-12-16 15:02:00,358,693,5,35,443,24,871.36,3,34.1,20,837.26,174.272,3.913422695556372,2,4,3,9,243,At Risk
15225,United Kingdom,2011-04-19 14:51:00,2011-04-19 14:51:00,234,234,1,23,226,23,409.40000000000003,0,0.0,0,409.40000000000003,409.40000000000003,0.0,2,1,2,5,212,Hibernating
15226,United Kingdom,2011-02-02 11:41:00,2011-02-02 11:41:00,310,310,1,8,71,8,154.41,0,0.0,0,154.41,154.41,0.0,2,1,1,4,211,Hibernating
15227,United Kingdom,2010-03-16 08:23:00,2011-11-03 11:59:00,36,633,9,120,1217,86,2488.4900000000002,0,0.0,0,2488.4900000000002,276.4988888888889,0.0,4,4,4,12,444,Champions
15228,United Kingdom,2010-07-28 10:21:00,2011-10-04 13:56:00,66,499,6,234,3375,184,5580.27,1,9.75,3,5570.52,930.0450000000001,0.1747227284701278,4,4,5,13,445,Champions
15229,United Kingdom,2010-05-02 13:50:00,2010-05-02 13:50:00,586,586,1,9,114,9,160.5,0,0.0,0,160.5,160.5,0.0,1,1,1,3,111,Hibernating
15230,United Kingdom,2011-04-13 11:04:00,2011-04-14 14:39:00,239,240,2,23,351,23,429.6,0,0.0,0,429.6,214.8,0.0,2,2,2,6,222,Hibernating
15231,United Kingdom,2010-03-28 15:12:00,2010-03-28 15:12:00,621,621,1,14,190,14,250.26000000000002,1,21.900000000000002,8,228.36,250.26000000000002,8.750899064972428,1,1,1,3,111,Hibernating
15232,United Kingdom,2011-07-22 12:21:00,2011-08-18 16:27:00,113,140,2,31,686,26,612.06,0,0.0,0,612.06,306.03,0.0,3,2,3,8,323,Need Attention
15233,United Kingdom,2010-11-03 13:36:00,2010-11-03 13:36:00,401,401,1,1,12,1,59.400000000000006,0,0.0,0,59.400000000000006,59.400000000000006,0.0,1,1,1,3,111,Hibernating
15234,United Kingdom,2011-03-08 08:53:00,2011-03-08 08:53:00,276,276,1,14,196,14,197.0,0,0.0,0,197.0,197.0,0.0,2,1,1,4,211,Hibernating
15235,United Kingdom,2010-11-16 12:48:00,2011-05-06 09:44:00,217,388,16,178,1676,161,2772.76,0,0.0,0,2772.76,173.2975,0.0,2,5,4,11,254,At Risk
15236,United Kingdom,2011-02-14 10:52:00,2011-02-14 10:52:00,298,298,1,15,269,15,321.05,0,0.0,0,321.05,321.05,0.0,2,1,2,5,212,Hibernating
15237,United Kingdom,2011-04-26 15:04:00,2011-12-08 09:46:00,1,227,4,99,1071,94,1412.32,0,0.0,0,1412.32,353.08,0.0,5,3,4,12,534,Potential Loyalists
15238,United Kingdom,2011-06-08 16:00:00,2011-11-10 14:28:00,29,184,3,50,692,49,1071.99,2,15.45,3,1056.54,357.33,1.4412447877312287,5,3,3,11,533,Potential Loyalists
15239,United Kingdom,2011-09-22 09:53:00,2011-11-29 14:14:00,10,78,2,49,594,48,780.59,1,16.25,3,764.34,390.295,2.081758669724183,5,2,3,10,523,Potential Loyalists
15240,United Kingdom,2009-12-05 14:57:00,2011-10-26 09:50:00,44,734,12,224,3214,134,4459.9800000000005,7,132.47,58,4327.51,371.665,2.9701926914470467,4,5,5,14,455,Champions
15241,United Kingdom,2010-02-23 13:59:00,2011-10-04 09:05:00,66,654,11,184,3328,120,3050.16,1,17.85,3,3032.31,277.2872727272727,0.585215201825478,4,5,5,14,455,Champions
15242,United Kingdom,2010-10-13 15:33:00,2010-10-13 15:33:00,422,422,1,4,196,4,302.04,0,0.0,0,302.04,302.04,0.0,1,1,2,4,112,Hibernating
15243,United Kingdom,2010-09-30 17:28:00,2011-09-26 14:12:00,74,435,2,61,543,56,927.28,0,0.0,0,927.28,463.64,0.0,4,2,3,9,423,Potential Loyalists
15244,United Kingdom,2010-02-11 14:48:00,2011-10-05 13:19:00,65,666,3,48,472,44,912.08,1,61.900000000000006,2,850.1800000000001,304.0266666666667,6.786685378475572,4,3,3,10,433,Potential Loyalists
15245,United Kingdom,2010-04-23 14:23:00,2011-07-28 18:56:00,134,595,8,148,3021,72,4610.84,0,0.0,0,4610.84,576.355,0.0,3,4,5,12,345,Loyal Customers
15246,United Kingdom,2010-06-02 11:28:00,2011-04-15 14:45:00,238,555,3,51,359,45,780.4,0,0.0,0,780.4,260.1333333333333,0.0,2,3,3,8,233,At Risk
15247,United Kingdom,2010-06-20 14:08:00,2011-08-09 12:52:00,122,537,3,17,514,13,976.06,1,8.95,1,967.1099999999999,325.3533333333333,0.9169518267319632,3,3,3,9,333,Need Attention
15248,United Kingdom,2010-06-23 14:34:00,2010-10-24 13:09:00,411,534,3,106,1065,103,1893.93,1,28.9,8,1865.03,631.3100000000001,1.52592756860074,1,3,4,8,134,At Risk
15249,United Kingdom,2010-03-26 14:51:00,2011-11-08 11:45:00,31,623,18,502,4980,304,9266.0,3,118.85,33,9147.15,514.7777777777778,1.2826462335419815,4,5,5,14,455,Champions
15250,United Kingdom,2010-03-09 07:35:00,2010-03-09 07:35:00,640,640,1,3,48,3,60.0,0,0.0,0,60.0,60.0,0.0,1,1,1,3,111,Hibernating
15251,United Kingdom,2010-01-29 12:42:00,2011-11-30 15:02:00,9,679,21,230,12108,183,20324.54,9,205.62,106,20118.920000000002,967.8352380952381,1.0116834132531414,5,5,5,15,555,Champions
15252,United Kingdom,2010-04-07 10:24:00,2011-11-03 13:30:00,36,611,5,118,1430,106,2103.41,2,50.349999999999994,15,2053.06,420.68199999999996,2.393732082665766,4,4,4,12,444,Champions
15253,United Kingdom,2010-05-02 11:17:00,2011-11-23 16:22:00,16,586,8,116,1588,102,2055.09,4,21.8,11,2033.2900000000002,256.88625,1.060780793055292,5,4,4,13,544,Champions
15254,United Kingdom,2010-05-28 10:08:00,2011-08-04 15:04:00,127,560,3,67,711,64,1088.35,1,14.95,1,1073.3999999999999,362.7833333333333,1.3736389948086554,3,3,3,9,333,Need Attention
15255,United Kingdom,2009-12-03 09:10:00,2011-10-04 12:43:00,66,736,9,188,2214,137,3706.02,2,58.65,19,3647.37,411.78,1.5825602668091374,4,4,5,13,445,Champions
15256,United Kingdom,2010-05-27 11:41:00,2011-07-14 11:47:00,148,561,2,10,92,6,170.4,0,0.0,0,170.4,85.2,0.0,3,2,1,6,321,Need Attention
15257,United Kingdom,2010-10-21 14:03:00,2011-03-01 12:58:00,283,414,2,12,71,11,685.9,1,85.0,1,600.9,342.95,12.39247703746902,2,2,3,7,223,Hibernating
15258,United Kingdom,2011-05-06 14:16:00,2011-06-24 12:30:00,168,217,2,34,142,32,623.16,0,0.0,0,623.16,311.58,0.0,3,2,3,8,323,Need Attention
15259,United Kingdom,2010-01-26 09:41:00,2010-07-15 08:47:00,512,682,4,57,631,50,1182.3799999999999,0,0.0,0,1182.3799999999999,295.59499999999997,0.0,1,3,4,8,134,At Risk
15260,United Kingdom,2009-12-06 11:45:00,2011-08-31 13:55:00,100,733,25,381,4468,186,8767.73,5,89.85,37,8677.88,350.7092,1.0247806444769627,3,5,5,13,355,Loyal Customers
15261,United Kingdom,2010-10-01 11:59:00,2011-07-27 15:20:00,135,434,4,92,806,87,1508.0,0,0.0,0,1508.0,377.0,0.0,3,3,4,10,334,Need Attention
15262,United Kingdom,2010-08-08 15:55:00,2011-01-20 12:16:00,323,488,3,26,218,22,418.82,0,0.0,0,418.82,139.60666666666665,0.0,2,3,2,7,232,At Risk
15263,United Kingdom,2011-08-25 10:26:00,2011-08-25 10:26:00,106,106,1,12,89,12,156.51,0,0.0,0,156.51,156.51,0.0,3,1,1,5,311,Regular Customers
15264,United Kingdom,2010-06-27 13:29:00,2011-10-06 13:49:00,64,530,2,55,443,52,848.4,1,4.2,2,844.1999999999999,424.2,0.49504950495049505,4,2,3,9,423,Potential Loyalists
15265,United Kingdom,2009-12-01 17:08:00,2011-07-11 14:46:00,151,738,4,193,1570,179,3345.64,0,0.0,0,3345.64,836.41,0.0,3,3,5,11,335,High-Value Active
15266,United Kingdom,2010-01-07 12:19:00,2011-01-05 13:40:00,338,701,5,45,236,38,852.21,0,0.0,0,852.21,170.442,0.0,2,4,3,9,243,At Risk
15267,United Kingdom,2011-06-10 10:24:00,2011-11-17 15:59:00,22,182,5,11,944,8,1717.36,0,0.0,0,1717.36,343.472,0.0,5,4,4,13,544,Champions
15268,United Kingdom,2010-04-13 11:27:00,2010-08-18 10:33:00,478,605,3,22,428,21,961.9000000000001,1,20.65,6,941.2500000000001,320.6333333333334,2.1467928059049792,1,3,3,7,133,At Risk
15269,United Kingdom,2010-11-14 12:58:00,2011-11-16 09:32:00,23,390,3,35,372,33,1225.3600000000001,0,0.0,0,1225.3600000000001,408.4533333333334,0.0,5,3,4,12,534,Potential Loyalists
15270,United Kingdom,2009-12-17 15:02:00,2011-11-24 09:24:00,15,722,21,168,4010,66,8524.86,10,1283.67,362,7241.1900000000005,405.9457142857143,15.057959896115596,5,5,5,15,555,Champions
15271,United Kingdom,2010-08-05 14:57:00,2011-12-02 14:11:00,7,491,24,570,2412,369,4528.54,2,70.25,36,4458.29,188.68916666666667,1.5512725955826823,5,5,5,15,555,Champions
15272,United Kingdom,2010-02-14 13:39:00,2011-10-13 12:59:00,57,663,6,286,665,257,2030.95,0,0.0,0,2030.95,338.4916666666667,0.0,4,4,4,12,444,Champions
15273,United Kingdom,2010-04-19 11:31:00,2010-04-19 11:31:00,599,599,1,1,216,1,228.96,0,0.0,0,228.96,228.96,0.0,1,1,1,3,111,Hibernating
15274,United Kingdom,2011-11-21 14:17:00,2011-12-05 16:57:00,4,18,2,47,619,44,716.57,0,0.0,0,716.57,358.285,0.0,5,2,3,10,523,Potential Loyalists
15275,United Kingdom,2011-11-02 11:20:00,2011-11-02 11:20:00,37,37,1,41,498,41,615.14,1,5.95,1,609.1899999999999,615.14,0.9672594856455441,4,1,3,8,413,Promising Customers
15276,United Kingdom,2010-10-01 12:24:00,2011-10-04 16:39:00,66,434,4,178,317,160,619.8,1,18.5,4,601.3,154.95,2.984833817360439,4,3,3,10,433,Potential Loyalists
15277,United Kingdom,2010-10-10 16:02:00,2011-10-24 10:08:00,46,425,2,26,373,23,476.34000000000003,0,0.0,0,476.34000000000003,238.17000000000002,0.0,4,2,2,8,422,Potential Loyalists
15278,United Kingdom,2010-02-12 14:53:00,2010-05-27 10:03:00,561,665,4,29,458,29,496.16,0,0.0,0,496.16,124.04,0.0,1,3,2,6,132,At Risk
15279,United Kingdom,2010-02-02 10:15:00,2010-12-20 10:48:00,354,675,5,94,802,74,1580.54,2,25.700000000000003,64,1554.84,316.108,1.6260265478886964,2,4,4,10,244,At Risk
15280,United Kingdom,2010-05-17 14:17:00,2011-06-20 17:14:00,172,571,3,60,507,48,397.52,0,0.0,0,397.52,132.50666666666666,0.0,3,3,2,8,332,Need Attention
15281,United Kingdom,2010-10-08 12:14:00,2011-10-12 09:10:00,58,427,16,522,5233,427,8543.57,6,225.95,52,8317.619999999999,533.973125,2.644678980800766,4,5,5,14,455,Champions
15282,United Kingdom,2010-05-18 16:27:00,2010-05-18 16:27:00,570,570,1,27,395,27,348.59,0,0.0,0,348.59,348.59,0.0,1,1,2,4,112,Hibernating
15283,United Kingdom,2010-07-09 15:46:00,2010-11-14 14:54:00,390,518,3,9,27,9,148.32999999999998,1,12.9,2,135.42999999999998,49.44333333333333,8.696824647744894,1,3,1,5,131,At Risk
15284,United Kingdom,2010-07-27 13:25:00,2010-07-27 13:25:00,500,500,1,1,5,1,24.75,0,0.0,0,24.75,24.75,0.0,1,1,1,3,111,Hibernating
15285,United Kingdom,2010-10-28 09:46:00,2010-10-28 09:46:00,407,407,1,6,120,6,94.92,0,0.0,0,94.92,94.92,0.0,1,1,1,3,111,Hibernating
15286,United Kingdom,2011-10-21 11:08:00,2011-10-21 11:08:00,49,49,1,3,55,3,240.55,0,0.0,0,240.55,240.55,0.0,4,1,1,6,411,Promising Customers
15287,United Kingdom,2009-12-02 12:13:00,2011-11-17 15:34:00,22,737,5,36,1010,23,856.03,1,1.45,1,854.5799999999999,171.206,0.16938658691868277,5,4,3,12,543,Loyal Customers
15288,United Kingdom,2010-02-12 15:27:00,2011-10-27 16:58:00,43,665,10,152,1333,127,3706.53,0,0.0,0,3706.53,370.653,0.0,4,4,5,13,445,Champions
15289,United Kingdom,2010-03-28 11:45:00,2011-11-10 13:49:00,29,621,5,97,1627,67,1593.09,2,22.380000000000003,18,1570.7099999999998,318.618,1.404817053650453,5,4,4,13,544,Champions
15290,United Kingdom,2010-02-24 10:15:00,2011-12-05 11:39:00,4,653,26,292,6567,106,10496.28,4,140.7,71,10355.58,403.70307692307694,1.340474911111365,5,5,5,15,555,Champions
15291,United Kingdom,2009-12-03 11:09:00,2011-11-14 11:02:00,25,736,39,243,4904,115,13472.76,13,395.32,349,13077.44,345.4553846153846,2.934216893940069,5,5,5,15,555,Champions
15292,United Kingdom,2011-05-22 15:00:00,2011-05-22 15:00:00,201,201,1,24,55,24,178.39,0,0.0,0,178.39,178.39,0.0,2,1,1,4,211,Hibernating
15293,United Kingdom,2010-02-12 11:54:00,2010-02-12 11:54:00,665,665,1,19,178,19,247.5,0,0.0,0,247.5,247.5,0.0,1,1,1,3,111,Hibernating
15294,United Kingdom,2010-10-25 11:45:00,2010-10-25 11:45:00,410,410,1,15,97,15,233.35,1,11.049999999999999,2,222.29999999999998,233.35,4.735376044568245,1,1,1,3,111,Hibernating
15295,United Kingdom,2010-02-23 13:03:00,2010-02-23 13:03:00,654,654,1,52,139,50,207.04,0,0.0,0,207.04,207.04,0.0,1,1,1,3,111,Hibernating
15296,United Kingdom,2010-01-21 13:48:00,2011-10-20 11:47:00,50,687,12,534,5452,342,10323.03,8,118.9,26,10204.130000000001,860.2525,1.1517936109843718,4,5,5,14,455,Champions
15297,United Kingdom,2011-10-07 09:42:00,2011-11-29 16:32:00,10,63,3,39,292,30,641.94,1,6.9,2,635.0400000000001,213.98000000000002,1.0748668099822414,5,3,3,11,533,Potential Loyalists
15298,United Kingdom,2009-12-08 17:04:00,2011-12-07 17:17:00,2,731,23,425,6000,199,9061.77,6,1103.34,392,7958.43,393.99,12.175766985919969,5,5,5,15,555,Champions
15299,United Kingdom,2010-01-12 11:34:00,2011-10-03 14:19:00,67,696,9,9,3355,8,5556.53,1,6.01,5,5550.5199999999995,617.3922222222222,0.10816102855559136,4,4,5,13,445,Champions
15300,United Kingdom,2011-10-06 17:08:00,2011-10-06 17:08:00,64,64,1,28,292,28,496.44,0,0.0,0,496.44,496.44,0.0,4,1,2,7,412,Promising Customers
15301,United Kingdom,2010-09-15 15:41:00,2011-10-20 09:57:00,50,450,17,345,3763,231,6909.67,2,42.23,7,6867.4400000000005,406.4511764705882,0.6111724583084286,4,5,5,14,455,Champions
15302,United Kingdom,2009-12-09 13:11:00,2009-12-09 13:11:00,730,730,1,15,102,15,308.0,1,16.95,1,291.05,308.0,5.503246753246753,1,1,2,4,112,Hibernating
15303,United Kingdom,2010-01-25 09:42:00,2011-02-22 13:59:00,290,683,3,69,514,63,1224.18,1,45.4,4,1178.78,408.06,3.708604943717427,2,3,4,9,234,At Risk
15304,United Kingdom,2010-10-14 10:24:00,2011-10-10 10:23:00,60,421,9,24,112,8,796.4,2,14.100000000000001,4,782.3,88.48888888888888,1.770467101958815,4,4,3,11,443,Loyal Customers
15305,United Kingdom,2010-06-02 13:50:00,2010-06-02 13:50:00,555,555,1,5,40,5,93.6,0,0.0,0,93.6,93.6,0.0,1,1,1,3,111,Hibernating
15306,United Kingdom,2010-02-18 17:12:00,2011-10-06 12:56:00,64,659,9,162,3074,123,3484.73,1,3.75,1,3480.98,387.1922222222222,0.10761235447222597,4,4,5,13,445,Champions
15307,United Kingdom,2011-09-05 11:38:00,2011-09-05 11:38:00,95,95,1,12,37,12,205.3,0,0.0,0,205.3,205.3,0.0,3,1,1,5,311,Regular Customers
15308,United Kingdom,2011-03-10 13:08:00,2011-03-10 13:08:00,274,274,1,19,175,19,310.47,1,8.2,2,302.27000000000004,310.47,2.6411569555834697,2,1,2,5,212,Hibernating
15309,United Kingdom,2009-12-04 13:01:00,2010-04-08 11:11:00,610,735,4,54,440,49,797.96,6,82.43,23,715.53,199.49,10.330091733921499,1,3,3,7,133,At Risk
15310,United Kingdom,2010-08-18 11:38:00,2010-08-18 11:38:00,478,478,1,45,1476,45,1634.64,0,0.0,0,1634.64,1634.64,0.0,1,1,4,6,114,At Risk
15311,United Kingdom,2009-12-01 11:21:00,2011-12-09 12:00:00,0,738,207,4303,69908,863,114671.42,62,3227.06,1267,111444.36,553.9682125603865,2.8141798540560496,5,5,5,15,555,Champions
15312,United Kingdom,2009-12-16 09:23:00,2011-09-25 13:10:00,75,723,12,163,1693,118,2930.19,2,13.7,4,2916.4900000000002,244.1825,0.46754647309560127,4,5,5,14,455,Champions
15313,United Kingdom,2011-08-21 16:02:00,2011-08-21 16:02:00,110,110,1,1,25,1,52.0,0,0.0,0,52.0,52.0,0.0,3,1,1,5,311,Regular Customers
15314,United Kingdom,2010-10-07 15:41:00,2011-05-24 14:39:00,199,428,3,50,750,49,820.45,1,19.8,12,800.6500000000001,273.48333333333335,2.4133097690291914,2,3,3,8,233,At Risk
15315,United Kingdom,2011-08-15 15:17:00,2011-10-06 12:51:00,64,116,2,37,862,35,570.5,1,18.96,24,551.54,285.25,3.323400525854514,4,2,2,8,422,Potential Loyalists
15316,United Kingdom,2011-01-17 11:34:00,2011-01-17 11:34:00,326,326,1,1,100,1,165.0,0,0.0,0,165.0,165.0,0.0,2,1,1,4,211,Hibernating
15317,United Kingdom,2010-01-31 15:55:00,2010-01-31 15:55:00,677,677,1,5,45,5,129.75,1,17.700000000000003,6,112.05,129.75,13.641618497109828,1,1,1,3,111,Hibernating
15318,United Kingdom,2011-12-06 11:30:00,2011-12-06 11:30:00,3,3,1,33,642,33,312.62,0,0.0,0,312.62,312.62,0.0,5,1,2,8,512,New Customers
15319,United Kingdom,2011-03-01 12:48:00,2011-03-01 12:48:00,283,283,1,16,175,16,204.5,0,0.0,0,204.5,204.5,0.0,2,1,1,4,211,Hibernating
15320,United Kingdom,2011-10-26 13:27:00,2011-10-26 13:27:00,44,44,1,36,326,36,267.13,0,0.0,0,267.13,267.13,0.0,4,1,1,6,411,Promising Customers
15321,United Kingdom,2010-02-03 09:47:00,2011-09-30 09:40:00,70,674,12,309,3653,242,6709.7300000000005,6,136.33,38,6573.400000000001,559.1441666666667,2.0318254236757665,4,5,5,14,455,Champions
15322,United Kingdom,2010-08-20 13:10:00,2011-09-15 09:34:00,85,476,2,83,971,76,1390.86,1,76.71,51,1314.1499999999999,695.43,5.515292696604978,4,2,4,10,424,Potential Loyalists
15323,United Kingdom,2010-02-16 09:21:00,2010-05-26 10:01:00,562,661,3,29,188,29,434.6,1,113.7,49,320.90000000000003,144.86666666666667,26.161988034974687,1,3,2,6,132,At Risk
15324,United Kingdom,2010-01-07 14:37:00,2010-01-07 14:37:00,701,701,1,8,74,8,140.22000000000003,0,0.0,0,140.22000000000003,140.22000000000003,0.0,1,1,1,3,111,Hibernating
15325,United Kingdom,2010-02-16 13:30:00,2011-08-28 11:55:00,103,661,8,224,1382,164,1601.46,1,5.2,8,1596.26,200.1825,0.32470370786657177,3,4,4,11,344,Loyal Customers
15326,United Kingdom,2009-12-01 13:19:00,2011-01-10 11:38:00,333,738,5,129,1351,94,1700.52,5,170.7,31,1529.82,340.104,10.038105991108601,2,4,4,10,244,At Risk
15327,United Kingdom,2011-10-18 11:55:00,2011-10-18 11:55:00,52,52,1,10,116,10,208.75,0,0.0,0,208.75,208.75,0.0,4,1,1,6,411,Promising Customers
15328,United Kingdom,2010-10-28 09:05:00,2010-10-28 09:05:00,407,407,1,8,88,8,107.24,0,0.0,0,107.24,107.24,0.0,1,1,1,3,111,Hibernating
15329,United Kingdom,2009-12-14 12:18:00,2011-10-31 15:36:00,39,725,11,154,1217,98,2958.83,9,221.65,54,2737.18,268.98454545454547,7.491136699303441,4,5,4,13,454,Champions
15330,United Kingdom,2011-10-10 12:30:00,2011-11-07 17:50:00,32,60,2,13,1312,10,714.9599999999999,0,0.0,0,714.9599999999999,357.47999999999996,0.0,4,2,3,9,423,Potential Loyalists
15331,United Kingdom,2010-04-09 14:26:00,2010-07-28 09:42:00,499,609,3,44,701,41,767.91,1,12.5,4,755.41,255.97,1.6277949238843095,1,3,3,7,133,At Risk
15332,Lithuania,2010-07-14 13:01:00,2010-12-08 14:43:00,366,513,6,154,2306,113,4892.68,0,0.0,0,4892.68,815.4466666666667,0.0,1,4,5,10,145,At Risk
15333,United Kingdom,2011-05-15 13:27:00,2011-05-15 13:27:00,208,208,1,16,344,16,1028.56,0,0.0,0,1028.56,1028.56,0.0,2,1,3,6,213,Hibernating
15334,United Kingdom,2011-06-19 13:51:00,2011-07-06 11:22:00,156,173,3,97,272,66,347.87,0,0.0,0,347.87,115.95666666666666,0.0,3,3,2,8,332,Need Attention
15335,United Kingdom,2011-10-17 12:50:00,2011-10-17 12:50:00,53,53,1,35,79,34,170.22,0,0.0,0,170.22,170.22,0.0,4,1,1,6,411,Promising Customers
15336,United Kingdom,2010-11-03 12:39:00,2010-11-03 12:39:00,401,401,1,15,84,15,240.5,0,0.0,0,240.5,240.5,0.0,1,1,1,3,111,Hibernating
15337,United Kingdom,2010-10-24 15:29:00,2010-10-24 15:29:00,411,411,1,21,200,21,373.02,1,28.3,8,344.71999999999997,373.02,7.586724572408987,1,1,2,4,112,Hibernating
15338,United Kingdom,2010-01-31 14:25:00,2010-01-31 14:25:00,677,677,1,58,148,56,277.93,0,0.0,0,277.93,277.93,0.0,1,1,2,4,112,Hibernating
15339,United Kingdom,2010-02-08 13:38:00,2011-10-04 12:51:00,66,669,7,220,1138,162,1821.02,4,193.75,43,1627.27,260.1457142857143,10.639641519587924,4,4,4,12,444,Champions
15340,United Kingdom,2010-05-27 10:27:00,2010-05-27 10:27:00,561,561,1,7,76,7,105.5,0,0.0,0,105.5,105.5,0.0,1,1,1,3,111,Hibernating
15341,United Kingdom,2010-09-16 16:41:00,2011-09-20 09:40:00,80,449,2,24,1008,22,2402.72,1,1.7,2,2401.02,1201.36,0.07075314643404143,4,2,4,10,424,Potential Loyalists
15342,United Kingdom,2011-08-02 10:19:00,2011-08-02 10:19:00,129,129,1,24,283,24,406.09000000000003,1,14.33,7,391.76000000000005,406.09000000000003,3.528774409613632,3,1,2,6,312,Regular Customers
15343,United Kingdom,2011-09-13 13:55:00,2011-09-13 13:55:00,87,87,1,21,84,21,364.5,0,0.0,0,364.5,364.5,0.0,4,1,2,7,412,Promising Customers
15344,United Kingdom,2011-09-26 14:48:00,2011-12-09 10:45:00,0,74,3,26,116,21,563.94,2,87.36,10,476.58000000000004,187.98000000000002,15.49100968188105,5,3,2,10,532,Potential Loyalists
15345,United Kingdom,2011-10-25 11:28:00,2011-10-25 11:28:00,45,45,1,20,81,20,393.54,1,25.85,3,367.69,393.54,6.568582609137572,4,1,2,7,412,Promising Customers
15346,United Kingdom,2010-10-04 15:11:00,2011-01-11 11:18:00,332,431,3,37,260,36,596.12,1,4.47,3,591.65,198.70666666666668,0.7498490236865061,2,3,3,8,233,At Risk
15347,United Kingdom,2010-09-28 12:50:00,2010-12-08 15:25:00,366,437,4,36,542,29,1162.0,2,29.7,6,1132.3,290.5,2.5559380378657486,1,3,3,7,133,At Risk
15348,United Kingdom,2011-09-28 13:17:00,2011-09-28 13:17:00,72,72,1,9,84,9,158.04,0,0.0,0,158.04,158.04,0.0,4,1,1,6,411,Promising Customers
15349,United Kingdom,2011-06-05 15:46:00,2011-07-04 16:06:00,158,187,2,71,321,65,463.90999999999997,0,0.0,0,463.90999999999997,231.95499999999998,0.0,3,2,2,7,322,Need Attention
15350,United Kingdom,2010-11-21 15:14:00,2010-12-01 13:33:00,373,383,2,30,272,26,547.6,0,0.0,0,547.6,273.8,0.0,1,2,2,5,122,Hibernating
15351,United Kingdom,2010-10-03 12:18:00,2011-11-27 12:52:00,12,432,10,314,1350,201,3430.22,5,109.72,26,3320.5,343.022,3.1986286593862787,5,4,5,14,545,Champions
15352,United Kingdom,2010-06-09 11:28:00,2010-06-09 11:28:00,548,548,1,34,40,34,111.15,0,0.0,0,111.15,111.15,0.0,1,1,1,3,111,Hibernating
15353,United Kingdom,2009-12-02 11:33:00,2011-03-30 12:15:00,254,737,7,360,1391,274,2794.4700000000003,1,21.9,2,2772.57,399.21000000000004,0.7836906461690409,2,4,4,10,244,At Risk
15355,United Kingdom,2011-10-17 15:22:00,2011-11-10 13:44:00,29,53,2,14,45,9,277.05,0,0.0,0,277.05,138.525,0.0,5,2,2,9,522,Potential Loyalists
15356,United Kingdom,2010-10-13 13:12:00,2011-11-08 13:11:00,31,422,13,669,1892,290,3239.57,0,0.0,0,3239.57,249.1976923076923,0.0,4,5,5,14,455,Champions
15358,United Kingdom,2009-12-07 12:19:00,2011-12-05 09:04:00,4,732,42,1089,14902,359,16425.86,13,212.21,158,16213.650000000001,391.0919047619048,1.291926267483103,5,5,5,15,555,Champions
15359,United Kingdom,2010-01-15 11:30:00,2010-02-15 10:47:00,662,693,8,16,145,10,181.35,1,18.75,15,162.6,22.66875,10.33912324234905,1,4,1,6,141,At Risk
15360,United Kingdom,2011-10-31 09:35:00,2011-10-31 09:35:00,39,39,1,13,223,13,427.93,0,0.0,0,427.93,427.93,0.0,4,1,2,7,412,Promising Customers
15361,United Kingdom,2010-06-14 13:27:00,2010-12-13 09:52:00,361,543,4,10,373,10,689.07,0,0.0,0,689.07,172.2675,0.0,2,3,3,8,233,At Risk
15362,United Kingdom,2009-12-01 09:08:00,2010-09-17 10:37:00,448,738,2,40,368,38,613.08,0,0.0,0,613.08,306.54,0.0,1,2,3,6,123,Hibernating
15363,United Kingdom,2010-08-04 08:41:00,2010-12-02 12:28:00,372,492,2,35,383,32,678.11,1,7.95,1,670.16,339.055,1.1723761631593694,1,2,3,6,123,Hibernating
15364,United Kingdom,2011-03-30 13:39:00,2011-09-05 09:46:00,95,254,2,29,493,29,913.19,0,0.0,0,913.19,456.595,0.0,3,2,3,8,323,Need Attention
15365,United Kingdom,2010-02-04 16:43:00,2011-11-14 08:29:00,25,673,13,218,2131,126,4557.13,1,765.15,325,3791.98,350.54846153846154,16.790172762242904,5,5,5,15,555,Champions
15366,United Kingdom,2010-02-26 10:10:00,2011-09-25 15:01:00,75,651,7,138,2447,86,2389.08,0,0.0,0,2389.08,341.29714285714283,0.0,4,4,4,12,444,Champions
15367,United Kingdom,2009-12-10 14:20:00,2011-10-13 14:13:00,57,729,11,279,2944,214,5081.33,2,75.6,8,5005.73,461.9390909090909,1.4877994540799357,4,5,5,14,455,Champions
15368,United Kingdom,2010-11-10 15:52:00,2011-11-18 14:42:00,21,394,2,8,406,8,722.74,0,0.0,0,722.74,361.37,0.0,5,2,3,10,523,Potential Loyalists
15369,United Kingdom,2009-12-08 07:43:00,2010-08-04 13:54:00,492,731,11,59,3288,44,6251.26,1,2904.83,1500,3346.4300000000003,568.2963636363637,46.4679120689269,1,5,5,11,155,At Risk
15370,United Kingdom,2010-10-25 12:08:00,2011-10-30 10:58:00,40,410,8,144,1397,90,3739.01,1,25.5,2,3713.51,467.37625,0.6819987108887111,4,4,5,13,445,Champions
15371,United Kingdom,2010-02-15 13:14:00,2010-02-15 13:14:00,662,662,1,1,12,1,59.400000000000006,0,0.0,0,59.400000000000006,59.400000000000006,0.0,1,1,1,3,111,Hibernating
15372,United Kingdom,2010-02-14 11:24:00,2011-07-25 16:39:00,137,663,8,57,6410,45,6017.0599999999995,2,62.64,74,5954.419999999999,752.1324999999999,1.0410399763339573,3,4,5,12,345,Loyal Customers
15373,United Kingdom,2010-05-02 11:57:00,2011-12-01 15:05:00,8,586,17,189,726,107,3084.54,1,202.79999999999998,24,2881.74,181.4435294117647,6.574724270069443,5,5,5,15,555,Champions
15374,United Kingdom,2010-03-25 12:03:00,2011-08-03 09:59:00,128,624,2,10,290,8,307.32,0,0.0,0,307.32,153.66,0.0,3,2,2,7,322,Need Attention
15375,United Kingdom,2010-01-18 15:38:00,2010-01-18 15:38:00,690,690,1,6,84,6,60.959999999999994,0,0.0,0,60.959999999999994,60.959999999999994,0.0,1,1,1,3,111,Hibernating
15376,United Kingdom,2011-05-01 13:45:00,2011-10-30 15:04:00,40,222,3,116,615,100,1221.56,0,0.0,0,1221.56,407.18666666666667,0.0,4,3,4,11,434,Potential Loyalists
15377,United Kingdom,2010-10-20 11:42:00,2010-11-22 08:55:00,382,415,4,21,253,15,1211.75,1,31.8,4,1179.95,302.9375,2.624303693005983,1,3,4,8,134,At Risk
15378,United Kingdom,2010-07-26 08:47:00,2010-09-03 11:30:00,462,501,2,12,130,8,246.5,0,0.0,0,246.5,123.25,0.0,1,2,1,4,121,Hibernating
15379,United Kingdom,2010-11-04 11:59:00,2011-06-23 13:13:00,169,400,8,263,3000,177,4877.84,1,71.4,12,4806.4400000000005,609.73,1.463762649041379,3,4,5,12,345,Loyal Customers
15380,United Kingdom,2009-12-01 13:50:00,2011-12-01 12:13:00,8,738,11,52,954,27,3248.96,2,56.86000000000001,18,3192.1,295.36,1.7500984930562398,5,5,5,15,555,Champions
15381,United Kingdom,2010-05-05 14:35:00,2011-05-10 11:55:00,213,583,5,24,802,20,1890.57,1,2.95,1,1887.62,378.114,0.15603759712679247,2,4,4,10,244,At Risk
15382,United Kingdom,2009-12-04 14:13:00,2011-11-25 10:58:00,14,735,12,632,9178,315,13733.550000000001,8,87.05,48,13646.500000000002,1144.4625,0.6338492232525457,5,5,5,15,555,Champions
15384,United Kingdom,2010-04-26 12:38:00,2011-06-23 10:57:00,169,592,4,118,1767,83,2027.79,1,6.65,3,2021.1399999999999,506.9475,0.3279432288353331,3,3,4,10,334,Need Attention
15385,United Kingdom,2010-01-31 13:02:00,2011-10-30 15:11:00,40,677,3,21,428,18,942.08,0,0.0,0,942.08,314.0266666666667,0.0,4,3,3,10,433,Potential Loyalists
15386,United Kingdom,2011-06-06 13:47:00,2011-06-06 13:47:00,186,186,1,31,446,31,394.14,0,0.0,0,394.14,394.14,0.0,2,1,2,5,212,Hibernating
15387,United Kingdom,2010-08-04 16:05:00,2010-08-04 16:05:00,492,492,1,20,335,20,468.65,0,0.0,0,468.65,468.65,0.0,1,1,2,4,112,Hibernating
15388,Canada,2011-03-14 13:53:00,2011-03-14 13:53:00,270,270,1,10,88,10,140.54,0,0.0,0,140.54,140.54,0.0,2,1,1,4,211,Hibernating
15389,United Kingdom,2010-01-27 12:44:00,2011-06-20 16:18:00,172,681,5,6,3940,2,2733.8,0,0.0,0,2733.8,546.76,0.0,3,4,4,11,344,Loyal Customers
15390,Canada,2010-10-26 17:23:00,2010-11-08 15:19:00,396,409,2,77,894,77,1216.66,0,0.0,0,1216.66,608.33,0.0,1,2,4,7,124,At Risk
15391,United Kingdom,2010-05-04 15:04:00,2010-05-04 15:04:00,584,584,1,12,109,12,289.87,1,6.95,1,282.92,289.87,2.3976265222341047,1,1,2,4,112,Hibernating
15392,United Kingdom,2010-10-04 12:50:00,2011-12-05 11:01:00,4,431,7,144,2144,100,2911.62,1,19.8,12,2891.8199999999997,415.94571428571425,0.6800337956189338,5,4,5,14,545,Champions
15393,United Kingdom,2009-12-15 17:56:00,2011-11-23 16:48:00,16,724,5,44,378,37,891.34,0,0.0,0,891.34,178.268,0.0,5,4,3,12,543,Loyal Customers
15394,United Kingdom,2009-12-15 19:05:00,2011-11-30 11:49:00,9,724,11,227,2372,129,5286.8,2,35.4,4,5251.400000000001,480.6181818181818,0.6695921918741016,5,5,5,15,555,Champions
15395,United Kingdom,2011-01-18 12:40:00,2011-01-18 12:40:00,325,325,1,7,17,7,107.45,0,0.0,0,107.45,107.45,0.0,2,1,1,4,211,Hibernating
15396,United Kingdom,2010-05-05 09:04:00,2011-08-19 10:56:00,112,583,2,16,278,16,796.38,0,0.0,0,796.38,398.19,0.0,3,2,3,8,323,Need Attention
15397,United Kingdom,2011-02-23 09:25:00,2011-02-23 09:25:00,289,289,1,6,20,6,94.0,0,0.0,0,94.0,94.0,0.0,2,1,1,4,211,Hibernating
15398,United Kingdom,2011-09-22 14:56:00,2011-11-23 16:47:00,16,78,2,73,769,60,1345.53,1,5.9,2,1339.6299999999999,672.765,0.43848892258069316,5,2,4,11,524,Potential Loyalists
15399,United Kingdom,2011-09-21 15:57:00,2011-12-08 13:04:00,1,79,3,50,611,45,815.77,0,0.0,0,815.77,271.92333333333335,0.0,5,3,3,11,533,Potential Loyalists
15400,United Kingdom,2010-05-28 08:33:00,2011-09-08 13:57:00,92,560,8,27,662,16,1302.3,1,49.5,30,1252.8,162.7875,3.8009675190048378,3,4,4,11,344,Loyal Customers
15401,United Kingdom,2010-05-20 10:56:00,2010-09-13 13:42:00,452,568,2,14,93,14,216.95,0,0.0,0,216.95,108.475,0.0,1,2,1,4,121,Hibernating
15402,United Kingdom,2010-04-27 12:12:00,2011-07-14 12:17:00,148,591,6,130,2033,78,1830.1200000000001,1,13.899999999999999,2,1816.22,305.02000000000004,0.7595130373964547,3,4,4,11,344,Loyal Customers
15403,United Kingdom,2009-12-09 12:45:00,2010-08-05 12:21:00,491,730,2,8,492,6,170.88,0,0.0,0,170.88,85.44,0.0,1,2,1,4,121,Hibernating
15404,United Kingdom,2010-11-29 11:03:00,2010-11-29 11:03:00,375,375,1,16,334,16,257.06,0,0.0,0,257.06,257.06,0.0,1,1,1,3,111,Hibernating
15405,United Kingdom,2010-05-12 15:56:00,2011-06-03 14:44:00,189,576,2,30,348,29,659.84,0,0.0,0,659.84,329.92,0.0,2,2,3,7,223,Hibernating
15406,United Kingdom,2010-09-12 13:06:00,2011-11-08 13:22:00,31,453,4,122,547,108,975.87,2,84.1,18,891.77,243.9675,8.617951161527662,4,3,3,10,433,Potential Loyalists
15407,United Kingdom,2011-02-07 13:18:00,2011-11-06 11:55:00,33,305,4,148,552,142,1046.74,0,0.0,0,1046.74,261.685,0.0,4,3,3,10,433,Potential Loyalists
15408,United Kingdom,2011-03-20 15:02:00,2011-03-20 15:02:00,264,264,1,34,106,34,267.18,0,0.0,0,267.18,267.18,0.0,2,1,1,4,211,Hibernating
15409,United Kingdom,2009-12-18 15:35:00,2009-12-18 15:35:00,721,721,1,9,59,9,131.25,1,14.05,5,117.2,131.25,10.704761904761906,1,1,1,3,111,Hibernating
15410,United Kingdom,2010-04-19 08:57:00,2011-09-16 14:47:00,84,599,10,162,1902,80,4685.72,0,0.0,0,4685.72,468.572,0.0,4,4,5,13,445,Champions
15411,United Kingdom,2011-06-10 12:30:00,2011-11-13 15:19:00,26,182,4,98,529,86,1348.93,1,12.5,2,1336.43,337.2325,0.9266603900869577,5,3,4,12,534,Potential Loyalists
15412,United Kingdom,2011-06-21 15:24:00,2011-06-21 15:24:00,171,171,1,10,108,10,190.53,0,0.0,0,190.53,190.53,0.0,3,1,1,5,311,Regular Customers
15413,United Kingdom,2009-12-01 10:18:00,2010-01-17 11:33:00,691,738,5,25,2694,20,6798.72,0,0.0,0,6798.72,1359.7440000000001,0.0,1,4,5,10,145,At Risk
15414,United Kingdom,2011-04-11 13:45:00,2011-11-30 09:50:00,9,242,3,39,443,37,774.9000000000001,0,0.0,0,774.9000000000001,258.3,0.0,5,3,3,11,533,Potential Loyalists
15415,United Kingdom,2011-01-30 14:13:00,2011-01-30 14:13:00,313,313,1,47,551,46,559.61,0,0.0,0,559.61,559.61,0.0,2,1,2,5,212,Hibernating
15416,United Kingdom,2010-02-01 11:55:00,2011-10-06 09:38:00,64,676,7,228,2420,189,4572.82,1,9.95,1,4562.87,653.26,0.21759002103734676,4,4,5,13,445,Champions
15417,United Kingdom,2011-09-15 15:26:00,2011-09-15 15:26:00,85,85,1,28,284,28,508.8,0,0.0,0,508.8,508.8,0.0,4,1,2,7,412,Promising Customers
15418,United Kingdom,2010-05-02 11:31:00,2010-10-10 13:38:00,425,586,2,68,264,64,449.42,0,0.0,0,449.42,224.71,0.0,1,2,2,5,122,Hibernating
15419,United Kingdom,2011-11-15 09:23:00,2011-11-15 09:23:00,24,24,1,8,230,8,135.86,0,0.0,0,135.86,135.86,0.0,5,1,1,7,511,New Customers
15420,United Kingdom,2009-12-05 13:29:00,2010-10-01 15:46:00,434,734,6,56,844,52,743.0,0,0.0,0,743.0,123.83333333333333,0.0,1,4,3,8,143,At Risk
15421,United Kingdom,2009-12-07 15:10:00,2011-10-12 09:20:00,58,732,10,316,1927,170,3805.34,0,0.0,0,3805.34,380.534,0.0,4,4,5,13,445,Champions
15422,United Kingdom,2010-02-07 11:52:00,2011-01-20 16:17:00,323,670,7,120,710,80,1619.97,1,4.95,1,1615.02,231.42428571428573,0.30556121409655734,2,4,4,10,244,At Risk
15423,United Kingdom,2010-03-28 13:42:00,2011-11-01 14:01:00,38,621,3,14,198,13,266.89,1,47.75,5,219.14,88.96333333333332,17.891266064670837,4,3,1,8,431,Potential Loyalists
15424,United Kingdom,2010-09-02 17:17:00,2011-03-30 13:02:00,254,463,3,33,873,33,597.78,0,0.0,0,597.78,199.26,0.0,2,3,3,8,233,At Risk
15425,United Kingdom,2010-02-14 12:36:00,2010-11-04 18:13:00,400,663,4,143,1041,114,1941.1200000000001,0,0.0,0,1941.1200000000001,485.28000000000003,0.0,1,3,4,8,134,At Risk
15426,United Kingdom,2010-05-02 15:10:00,2011-11-20 15:36:00,19,586,9,429,1041,327,2156.35,2,17.49,11,2138.86,239.59444444444443,0.811092818883762,5,4,4,13,544,Champions
15427,United Kingdom,2011-10-23 14:47:00,2011-11-06 14:29:00,33,47,3,292,967,233,1430.54,0,0.0,0,1430.54,476.84666666666664,0.0,4,3,4,11,434,Potential Loyalists
15428,United Kingdom,2009-12-17 17:46:00,2011-11-24 16:54:00,15,722,4,44,347,39,762.75,0,0.0,0,762.75,190.6875,0.0,5,3,3,11,533,Potential Loyalists
15429,United Kingdom,2011-09-25 13:42:00,2011-11-13 12:28:00,26,75,2,82,380,77,397.35,1,32.45,11,364.90000000000003,198.675,8.166603749842709,5,2,2,9,522,Potential Loyalists
15430,United Kingdom,2010-06-29 15:04:00,2010-08-29 10:42:00,467,528,2,36,309,36,954.75,1,51.0,8,903.75,477.375,5.341712490180676,1,2,3,6,123,Hibernating
15431,United Kingdom,2010-07-25 12:44:00,2010-07-25 12:44:00,502,502,1,2,84,2,153.24,0,0.0,0,153.24,153.24,0.0,1,1,1,3,111,Hibernating
15432,United Kingdom,2010-06-16 14:34:00,2011-11-16 16:30:00,23,541,2,16,92,16,320.76,2,19.5,2,301.26,160.38,6.0793116348671905,5,2,2,9,522,Potential Loyalists
15433,United Kingdom,2011-03-17 14:12:00,2011-05-10 10:45:00,213,267,2,41,534,40,533.3,1,115.43,135,417.86999999999995,266.65,21.644477779861244,2,2,2,6,222,Hibernating
15434,United Kingdom,2010-01-24 15:35:00,2011-12-01 13:33:00,8,684,11,134,1423,82,2567.06,2,49.95,10,2517.11,233.36909090909091,1.9458057076967425,5,5,4,14,554,Champions
15435,United Kingdom,2011-11-17 16:39:00,2011-11-17 16:39:00,22,22,1,29,54,29,149.29,0,0.0,0,149.29,149.29,0.0,5,1,1,7,511,New Customers
15436,United Kingdom,2011-04-19 16:52:00,2011-11-27 16:05:00,12,234,3,291,574,243,1067.75,0,0.0,0,1067.75,355.9166666666667,0.0,5,3,3,11,533,Potential Loyalists
15437,United Kingdom,2010-03-09 10:45:00,2011-03-22 13:11:00,262,640,2,57,177,56,393.45,0,0.0,0,393.45,196.725,0.0,2,2,2,6,222,Hibernating
15438,United Kingdom,2011-07-31 14:19:00,2011-07-31 14:19:00,131,131,1,25,59,25,156.57999999999998,0,0.0,0,156.57999999999998,156.57999999999998,0.0,3,1,1,5,311,Regular Customers
15439,United Kingdom,2010-02-24 12:05:00,2010-10-31 10:38:00,404,653,4,57,572,49,1269.05,0,0.0,0,1269.05,317.2625,0.0,1,3,4,8,134,At Risk
15440,United Kingdom,2011-05-15 11:30:00,2011-10-16 12:16:00,54,208,3,62,197,50,383.68,0,0.0,0,383.68,127.89333333333333,0.0,4,3,2,9,432,Potential Loyalists
15441,United Kingdom,2009-12-09 14:55:00,2010-11-08 15:50:00,396,730,3,57,587,45,1254.21,0,0.0,0,1254.21,418.07,0.0,1,3,4,8,134,At Risk
15442,United Kingdom,2011-04-05 12:24:00,2011-04-05 12:24:00,248,248,1,2,120,2,594.0,0,0.0,0,594.0,594.0,0.0,2,1,3,6,213,Hibernating
15443,United Kingdom,2010-03-07 12:10:00,2011-12-08 10:40:00,1,642,14,625,2699,408,5114.2300000000005,2,59.79,39,5054.4400000000005,365.3021428571429,1.1690909481974803,5,5,5,15,555,Champions
15444,United Kingdom,2011-10-30 16:12:00,2011-11-30 17:37:00,9,40,2,214,759,191,1411.21,0,0.0,0,1411.21,705.605,0.0,5,2,4,11,524,Potential Loyalists
15445,United Kingdom,2010-04-28 15:00:00,2011-03-20 15:06:00,264,590,2,14,118,12,284.5,0,0.0,0,284.5,142.25,0.0,2,2,2,6,222,Hibernating
15446,United Kingdom,2009-12-13 13:53:00,2010-11-28 11:59:00,376,726,3,111,262,89,396.75,1,6.75,1,390.0,132.25,1.7013232514177694,1,3,2,6,132,At Risk
15447,United Kingdom,2010-03-24 14:40:00,2011-01-13 11:26:00,330,625,5,29,228,27,492.88,1,7.95,1,484.93,98.576,1.6129686739165718,2,4,2,8,242,At Risk
15448,United Kingdom,2010-02-03 13:29:00,2011-01-31 10:42:00,312,674,2,49,487,49,788.8100000000001,0,0.0,0,788.8100000000001,394.40500000000003,0.0,2,2,3,7,223,Hibernating
15449,United Kingdom,2011-03-23 10:43:00,2011-11-13 15:02:00,26,261,3,60,812,47,974.52,2,3.3,2,971.22,324.84,0.3386282477527398,5,3,3,11,533,Potential Loyalists
15450,United Kingdom,2011-11-09 17:11:00,2011-11-09 17:11:00,30,30,1,30,376,30,429.84,0,0.0,0,429.84,429.84,0.0,5,1,2,8,512,New Customers
15451,United Kingdom,2010-04-19 14:08:00,2010-10-01 13:40:00,434,599,2,60,76,56,226.86,0,0.0,0,226.86,113.43,0.0,1,2,1,4,121,Hibernating
15452,United Kingdom,2010-07-16 14:23:00,2011-11-10 12:13:00,29,511,6,199,1087,158,1785.1100000000001,0,0.0,0,1785.1100000000001,297.5183333333334,0.0,5,4,4,13,544,Champions
15453,United Kingdom,2011-06-05 12:37:00,2011-12-08 10:59:00,1,187,7,279,837,169,1371.77,0,0.0,0,1371.77,195.96714285714285,0.0,5,4,4,13,544,Champions
15454,United Kingdom,2010-03-31 13:15:00,2010-12-12 14:21:00,362,618,2,39,141,34,303.89,0,0.0,0,303.89,151.945,0.0,2,2,2,6,222,Hibernating
15455,United Kingdom,2010-04-21 12:43:00,2010-04-21 12:43:00,597,597,1,2,3,2,38.25,0,0.0,0,38.25,38.25,0.0,1,1,1,3,111,Hibernating
15456,United Kingdom,2009-12-08 12:54:00,2011-03-01 13:51:00,283,731,10,227,2727,128,2091.52,0,0.0,0,2091.52,209.152,0.0,2,4,4,10,244,At Risk
15457,United Kingdom,2011-03-22 15:31:00,2011-03-22 15:31:00,262,262,1,58,132,56,237.07,0,0.0,0,237.07,237.07,0.0,2,1,1,4,211,Hibernating
15458,United Kingdom,2010-11-02 19:50:00,2011-11-14 13:08:00,25,402,2,13,300,13,370.44,0,0.0,0,370.44,185.22,0.0,5,2,2,9,522,Potential Loyalists
15459,United Kingdom,2010-07-30 14:31:00,2010-10-18 15:25:00,417,497,2,7,121,6,202.83,0,0.0,0,202.83,101.415,0.0,1,2,1,4,121,Hibernating
15460,United Kingdom,2010-12-20 16:08:00,2010-12-20 16:08:00,354,354,1,56,107,53,214.26,0,0.0,0,214.26,214.26,0.0,2,1,1,4,211,Hibernating
15461,United Kingdom,2010-03-18 12:40:00,2010-09-05 12:31:00,460,631,2,2,230,1,429.7,1,38.4,4,391.3,214.85,8.936467302769374,1,2,2,5,122,Hibernating
15462,United Kingdom,2010-09-20 10:23:00,2011-09-06 13:11:00,94,445,4,41,495,32,737.05,0,0.0,0,737.05,184.2625,0.0,3,3,3,9,333,Need Attention
15463,United Kingdom,2011-11-10 12:57:00,2011-11-10 12:57:00,29,29,1,7,106,7,126.14,0,0.0,0,126.14,126.14,0.0,5,1,1,7,511,New Customers
15464,United Kingdom,2011-01-05 15:56:00,2011-01-05 15:56:00,338,338,1,155,348,155,1044.65,0,0.0,0,1044.65,1044.65,0.0,2,1,3,6,213,Hibernating
15465,United Kingdom,2009-12-10 09:42:00,2011-11-20 10:11:00,19,729,32,255,2638,94,12100.4,7,429.5,42,11670.9,378.1375,3.549469439026809,5,5,5,15,555,Champions
15466,United Kingdom,2009-12-03 12:28:00,2011-09-15 14:08:00,85,736,4,262,941,211,1560.46,0,0.0,0,1560.46,390.115,0.0,4,3,4,11,434,Potential Loyalists
15467,United Kingdom,2011-07-10 14:42:00,2011-11-30 14:17:00,9,152,3,52,310,41,524.88,1,13.0,4,511.88,174.96,2.4767565919829293,5,3,2,10,532,Potential Loyalists
15468,United Kingdom,2010-11-12 09:39:00,2011-10-19 13:49:00,51,392,3,80,1400,80,1430.48,4,43.0,10,1387.48,476.82666666666665,3.0059840053688274,4,3,4,11,434,Potential Loyalists
15469,United Kingdom,2010-09-27 10:09:00,2011-10-20 16:21:00,50,438,3,43,287,38,874.25,3,39.849999999999994,7,834.4,291.4166666666667,4.558192736631398,4,3,3,10,433,Potential Loyalists
15470,United Kingdom,2010-05-13 09:35:00,2010-05-13 09:35:00,575,575,1,4,232,4,63.419999999999995,0,0.0,0,63.419999999999995,63.419999999999995,0.0,1,1,1,3,111,Hibernating
15471,United Kingdom,2010-06-07 12:17:00,2011-12-07 14:12:00,2,550,3,155,670,122,1292.01,0,0.0,0,1292.01,430.67,0.0,5,3,4,12,534,Potential Loyalists
15472,United Kingdom,2011-08-18 15:17:00,2011-08-18 15:17:00,113,113,1,76,251,76,371.56,0,0.0,0,371.56,371.56,0.0,3,1,2,6,312,Regular Customers
15473,United Kingdom,2010-09-21 09:14:00,2011-11-25 15:15:00,14,444,8,14,776,5,2046.0,3,306.0,120,1740.0,255.75,14.95601173020528,5,4,4,13,544,Champions
15474,United Kingdom,2010-04-23 11:14:00,2010-04-23 11:14:00,595,595,1,19,55,19,150.35,0,0.0,0,150.35,150.35,0.0,1,1,1,3,111,Hibernating
15475,United Kingdom,2011-09-23 15:20:00,2011-09-23 15:20:00,77,77,1,29,319,29,454.11,0,0.0,0,454.11,454.11,0.0,4,1,2,7,412,Promising Customers
15476,United Kingdom,2010-09-23 14:00:00,2010-11-24 15:17:00,380,442,4,79,1174,67,2209.98,1,29.700000000000003,6,2180.28,552.495,1.3439035647381425,1,3,4,8,134,At Risk
15477,United Kingdom,2010-02-28 10:37:00,2010-02-28 10:37:00,649,649,1,2,216,2,368.4,0,0.0,0,368.4,368.4,0.0,1,1,2,4,112,Hibernating
15478,United Kingdom,2010-05-13 18:49:00,2011-10-30 14:19:00,40,575,3,67,844,52,1940.98,0,0.0,0,1940.98,646.9933333333333,0.0,4,3,4,11,434,Potential Loyalists
15479,United Kingdom,2009-12-06 15:08:00,2009-12-06 15:08:00,733,733,1,9,38,9,147.4,0,0.0,0,147.4,147.4,0.0,1,1,1,3,111,Hibernating
15480,Malta,2010-02-01 14:52:00,2011-08-15 14:32:00,116,676,3,213,1850,198,3592.25,0,0.0,0,3592.25,1197.4166666666667,0.0,3,3,5,11,335,High-Value Active
15481,Norway,2010-11-03 14:52:00,2010-11-03 14:52:00,401,401,1,38,1450,38,1993.34,0,0.0,0,1993.34,1993.34,0.0,1,1,4,6,114,At Risk
15482,United Kingdom,2009-12-02 16:59:00,2011-11-24 10:46:00,15,737,18,147,6515,73,14377.36,4,4486.24,2022,9891.12,798.7422222222223,31.203503285721435,5,5,5,15,555,Champions
15483,United Kingdom,2010-01-24 15:42:00,2011-07-01 13:07:00,161,684,10,268,871,215,810.68,0,0.0,0,810.68,81.068,0.0,3,4,3,10,343,Loyal Customers
15484,United Kingdom,2009-12-05 15:18:00,2011-12-08 15:03:00,1,734,6,240,4074,180,4652.1,1,31.2,16,4620.900000000001,775.35,0.6706648610305023,5,4,5,14,545,Champions
15485,United Kingdom,2009-12-01 17:31:00,2011-11-09 14:31:00,30,738,7,137,2153,80,4810.92,1,147.0,28,4663.92,687.2742857142857,3.0555486268738616,5,4,5,14,545,Champions
15486,United Kingdom,2010-06-30 13:15:00,2010-06-30 13:15:00,527,527,1,1,40,1,102.0,0,0.0,0,102.0,102.0,0.0,1,1,1,3,111,Hibernating
15487,United Kingdom,2010-01-29 12:07:00,2010-01-29 12:07:00,679,679,1,14,144,14,231.32,0,0.0,0,231.32,231.32,0.0,1,1,1,3,111,Hibernating
15488,United Kingdom,2010-05-05 13:03:00,2011-09-08 10:11:00,92,583,5,11,251,10,431.92,0,0.0,0,431.92,86.384,0.0,3,4,2,9,342,Loyal Customers
15489,United Kingdom,2010-01-15 16:58:00,2011-11-17 08:53:00,22,693,8,114,1264,75,2419.61,4,92.25000000000001,39,2327.36,302.45125,3.812597898008357,5,4,4,13,544,Champions
15490,United Kingdom,2010-10-05 13:11:00,2010-10-05 13:11:00,430,430,1,25,82,22,210.85,1,29.5,10,181.35,210.85,13.990988854635997,1,1,1,3,111,Hibernating
15491,United Kingdom,2011-04-18 10:04:00,2011-09-05 15:56:00,95,235,6,154,1646,108,3100.09,1,9.24,22,3090.8500000000004,516.6816666666667,0.2980558628943031,3,4,5,12,345,Loyal Customers
15492,United Kingdom,2011-09-26 14:02:00,2011-11-11 14:53:00,28,74,2,35,483,32,659.46,0,0.0,0,659.46,329.73,0.0,5,2,3,10,523,Potential Loyalists
15493,United Kingdom,2010-02-23 11:14:00,2011-11-07 12:04:00,32,654,9,611,1205,288,4113.19,2,34.55,5,4078.6399999999994,457.02111111111105,0.8399806476238638,4,4,5,13,445,Champions
15494,United Kingdom,2009-12-10 20:16:00,2011-11-18 14:51:00,21,729,5,368,3052,307,3702.6,0,0.0,0,3702.6,740.52,0.0,5,4,5,14,545,Champions
15495,United Kingdom,2010-11-25 13:46:00,2010-11-25 13:46:00,379,379,1,20,194,20,246.5,0,0.0,0,246.5,246.5,0.0,1,1,1,3,111,Hibernating
15496,United Kingdom,2010-03-18 13:16:00,2010-03-18 13:16:00,631,631,1,22,98,22,146.14,0,0.0,0,146.14,146.14,0.0,1,1,1,3,111,Hibernating
15497,United Kingdom,2009-12-18 15:08:00,2011-11-22 11:51:00,17,721,9,121,2937,66,8657.39,2,13.93,5,8643.46,961.9322222222222,0.16090299732367377,5,4,5,14,545,Champions
15498,United Kingdom,2009-12-16 17:27:00,2011-12-07 12:48:00,2,723,44,941,12134,597,24972.86,4,233.8,40,24739.06,567.565,0.9362163564765911,5,5,5,15,555,Champions
15499,United Kingdom,2009-12-16 12:17:00,2009-12-16 12:17:00,723,723,1,41,59,40,158.65,0,0.0,0,158.65,158.65,0.0,1,1,1,3,111,Hibernating
15500,United Kingdom,2011-09-19 13:47:00,2011-12-01 13:47:00,8,81,4,68,572,64,1131.56,0,0.0,0,1131.56,282.89,0.0,5,3,3,11,533,Potential Loyalists
15501,United Kingdom,2010-10-20 12:47:00,2010-10-31 11:15:00,404,415,2,69,205,64,399.95,0,0.0,0,399.95,199.975,0.0,1,2,2,5,122,Hibernating
15502,United Kingdom,2010-06-03 11:12:00,2011-11-24 12:48:00,15,554,12,326,5555,230,9542.92,11,1466.47,421,8076.45,795.2433333333333,15.367099378387328,5,5,5,15,555,Champions
15503,United Kingdom,2009-12-13 11:34:00,2010-12-12 10:57:00,362,726,2,117,130,112,257.3,0,0.0,0,257.3,128.65,0.0,2,2,1,5,221,Hibernating
15504,United Kingdom,2010-02-12 12:34:00,2011-09-19 13:45:00,81,665,4,63,138,41,391.45,1,9.95,1,381.5,97.8625,2.541831651551922,4,3,2,9,432,Potential Loyalists
15505,United Kingdom,2011-07-07 13:33:00,2011-10-18 07:56:00,52,155,5,97,2390,90,3610.96,2,113.82,42,3497.14,722.192,3.1520703635598286,4,4,5,13,445,Champions
15506,United Kingdom,2010-08-19 12:38:00,2011-11-17 12:11:00,22,477,6,273,1637,180,2030.33,0,0.0,0,2030.33,338.3883333333333,0.0,5,4,4,13,544,Champions
15507,United Kingdom,2011-06-21 11:19:00,2011-06-21 11:19:00,171,171,1,45,160,41,475.86,0,0.0,0,475.86,475.86,0.0,3,1,2,6,312,Regular Customers
15508,United Kingdom,2011-04-18 15:31:00,2011-06-03 15:43:00,189,235,6,92,440,78,1000.27,0,0.0,0,1000.27,166.71166666666667,0.0,2,4,3,9,243,At Risk
15509,United Kingdom,2010-11-24 14:48:00,2010-11-24 14:48:00,380,380,1,26,58,26,152.41,0,0.0,0,152.41,152.41,0.0,1,1,1,3,111,Hibernating
15510,United Kingdom,2011-01-13 12:10:00,2011-01-13 12:10:00,330,330,1,1,2,1,250.0,0,0.0,0,250.0,250.0,0.0,2,1,1,4,211,Hibernating
15511,United Kingdom,2011-09-15 15:05:00,2011-11-28 09:43:00,11,85,5,158,269,117,900.53,0,0.0,0,900.53,180.106,0.0,5,4,3,12,543,Loyal Customers
15512,United Kingdom,2010-02-01 13:23:00,2011-07-07 10:20:00,155,676,4,32,235,29,331.58,0,0.0,0,331.58,82.895,0.0,3,3,2,8,332,Need Attention
15513,United Kingdom,2010-01-13 14:59:00,2011-11-06 14:36:00,33,695,35,547,10477,278,26437.05,6,477.89000000000004,215,25959.16,755.3442857142857,1.8076525179624807,4,5,5,14,455,Champions
15514,United Kingdom,2009-12-04 16:37:00,2011-11-27 14:40:00,12,735,18,316,4069,170,6388.28,2,1116.2700000000002,337,5272.009999999999,354.90444444444444,17.473717495163022,5,5,5,15,555,Champions
15515,United Kingdom,2010-11-17 13:39:00,2010-11-17 13:39:00,387,387,1,7,131,7,171.81,0,0.0,0,171.81,171.81,0.0,1,1,1,3,111,Hibernating
15516,United Kingdom,2011-10-24 11:33:00,2011-10-26 10:51:00,44,46,3,15,27,15,62.43,0,0.0,0,62.43,20.81,0.0,4,3,1,8,431,Potential Loyalists
15517,United Kingdom,2011-04-20 14:02:00,2011-04-20 14:02:00,233,233,1,27,293,27,267.03,0,0.0,0,267.03,267.03,0.0,2,1,1,4,211,Hibernating
15518,United Kingdom,2009-12-20 12:21:00,2011-10-06 13:05:00,64,719,15,448,2810,250,4189.99,7,108.39999999999999,50,4081.5899999999997,279.3326666666666,2.587118346344502,4,5,5,14,455,Champions
15519,United Kingdom,2010-09-19 13:57:00,2010-11-21 14:35:00,383,446,2,37,116,34,344.61,0,0.0,0,344.61,172.305,0.0,1,2,2,5,122,Hibernating
15520,United Kingdom,2011-12-08 10:58:00,2011-12-08 10:58:00,1,1,1,18,314,18,343.5,0,0.0,0,343.5,343.5,0.0,5,1,2,8,512,New Customers
15521,United Kingdom,2010-01-05 10:19:00,2011-10-30 13:42:00,40,703,16,401,4504,185,7087.64,7,307.25,165,6780.39,442.9775,4.335011371909409,4,5,5,14,455,Champions
15522,United Kingdom,2011-09-13 12:26:00,2011-11-07 11:26:00,32,87,2,56,572,47,397.99,0,0.0,0,397.99,198.995,0.0,4,2,2,8,422,Potential Loyalists
15523,United Kingdom,2009-12-02 15:16:00,2011-09-16 16:29:00,84,737,16,212,15633,65,17259.19,2,139.95,23,17119.239999999998,1078.699375,0.8108723526422735,4,5,5,14,455,Champions
15524,United Kingdom,2010-04-12 09:19:00,2011-11-15 12:09:00,24,606,2,9,28,9,591.4,0,0.0,0,591.4,295.7,0.0,5,2,3,10,523,Potential Loyalists
15525,United Kingdom,2010-11-22 12:10:00,2011-12-07 14:43:00,2,382,4,179,525,151,887.72,1,14.899999999999999,2,872.82,221.93,1.6784571711801015,5,3,3,11,533,Potential Loyalists
15526,United Kingdom,2011-11-06 15:01:00,2011-11-06 15:04:00,33,33,2,4,24,4,148.44,0,0.0,0,148.44,74.22,0.0,4,2,1,7,421,Potential Loyalists
15527,United Kingdom,2009-12-15 17:31:00,2011-11-21 12:17:00,18,724,23,328,2210,225,5554.04,7,388.0,111,5166.04,241.48,6.985905755089989,5,5,5,15,555,Champions
15528,United Kingdom,2011-03-30 16:14:00,2011-03-30 16:14:00,254,254,1,26,123,26,229.33,0,0.0,0,229.33,229.33,0.0,2,1,1,4,211,Hibernating
15529,United Kingdom,2010-11-10 14:26:00,2011-11-17 11:29:00,22,394,12,784,4270,450,4781.11,1,27.45,7,4753.66,398.4258333333333,0.574134458316165,5,5,5,15,555,Champions
15530,United Kingdom,2010-07-15 11:10:00,2011-11-18 12:25:00,21,512,5,142,1328,111,1808.68,0,0.0,0,1808.68,361.736,0.0,5,4,4,13,544,Champions
15531,United Kingdom,2011-11-09 17:47:00,2011-12-01 18:43:00,8,30,2,219,1085,196,1972.39,0,0.0,0,1972.39,986.195,0.0,5,2,4,11,524,Potential Loyalists
15532,United Kingdom,2010-06-08 14:52:00,2011-11-14 14:51:00,25,549,10,614,1328,416,3717.2000000000003,2,63.849999999999994,13,3653.3500000000004,371.72,1.717690734961799,5,4,5,14,545,Champions
15533,United Kingdom,2011-09-11 15:41:00,2011-11-20 15:35:00,19,89,3,83,289,73,807.57,2,60.65,33,746.9200000000001,269.19,7.510184875614496,5,3,3,11,533,Potential Loyalists
15534,United Kingdom,2009-12-14 12:48:00,2009-12-14 12:48:00,725,725,1,8,63,8,162.25,0,0.0,0,162.25,162.25,0.0,1,1,1,3,111,Hibernating
15535,United Kingdom,2010-09-16 20:04:00,2011-06-19 16:02:00,173,449,6,130,314,88,1044.3700000000001,4,89.25,15,955.1200000000001,174.0616666666667,8.54582188304911,3,4,3,10,343,Loyal Customers
15536,United Kingdom,2010-10-26 16:31:00,2010-10-26 16:31:00,409,409,1,16,242,16,259.09,0,0.0,0,259.09,259.09,0.0,1,1,1,3,111,Hibernating
15537,United Kingdom,2011-06-29 13:10:00,2011-06-29 13:10:00,163,163,1,24,29,24,110.92,0,0.0,0,110.92,110.92,0.0,3,1,1,5,311,Regular Customers
15538,United Kingdom,2010-02-14 12:38:00,2010-06-20 10:49:00,537,663,6,14,1016,3,3358.4,5,322.3,27,3036.1,559.7333333333333,9.596831824678418,1,4,5,10,145,At Risk
15539,United Kingdom,2011-12-02 13:36:00,2011-12-02 13:36:00,7,7,1,41,410,41,538.46,0,0.0,0,538.46,538.46,0.0,5,1,2,8,512,New Customers
15540,United Kingdom,2010-11-29 11:10:00,2011-11-28 13:51:00,11,375,2,31,444,31,460.68,0,0.0,0,460.68,230.34,0.0,5,2,2,9,522,Potential Loyalists
15541,United Kingdom,2011-08-17 14:58:00,2011-08-17 14:58:00,114,114,1,29,49,29,85.13000000000001,0,0.0,0,85.13000000000001,85.13000000000001,0.0,3,1,1,5,311,Regular Customers
15542,United Kingdom,2009-12-02 11:53:00,2010-07-15 13:32:00,512,737,3,226,418,212,855.71,1,22.55,17,833.1600000000001,285.2366666666667,2.6352385738158954,1,3,3,7,133,At Risk
15543,United Kingdom,2010-09-06 11:28:00,2011-02-24 15:26:00,288,459,2,56,167,50,242.26,0,0.0,0,242.26,121.13,0.0,2,2,1,5,221,Hibernating
15544,United Kingdom,2010-01-28 14:39:00,2011-11-30 16:43:00,9,680,20,531,6745,175,7807.89,6,28.31,13,7779.58,390.3945,0.36258195235844765,5,5,5,15,555,Champions
15545,United Kingdom,2010-12-03 17:28:00,2011-10-16 13:24:00,54,371,2,80,162,78,288.96999999999997,0,0.0,0,288.96999999999997,144.48499999999999,0.0,4,2,2,8,422,Potential Loyalists
15546,United Kingdom,2010-04-12 11:45:00,2010-04-12 11:51:00,606,606,2,12,198,6,1079.1000000000001,1,539.5500000000001,99,539.5500000000001,539.5500000000001,50.0,1,2,2,5,122,Hibernating
15547,United Kingdom,2009-12-06 13:40:00,2011-12-02 12:52:00,7,733,26,1329,7251,651,10002.65,2,13.5,2,9989.15,384.71730769230766,0.13496423447786338,5,5,5,15,555,Champions
15548,United Kingdom,2010-04-23 12:20:00,2010-04-23 12:20:00,595,595,1,23,64,23,158.09,0,0.0,0,158.09,158.09,0.0,1,1,1,3,111,Hibernating
15549,United Kingdom,2010-01-11 13:16:00,2011-09-23 16:22:00,77,697,8,160,933,138,2330.41,1,37.5,10,2292.91,291.30125,1.6091589033689353,4,4,4,12,444,Champions
15550,United Kingdom,2009-12-03 15:15:00,2011-12-05 15:38:00,4,736,12,235,1139,166,2211.05,2,223.2,8,1987.8500000000001,184.2541666666667,10.094751362474842,5,5,4,14,554,Champions
15551,United Kingdom,2010-06-07 15:05:00,2011-11-03 12:37:00,36,550,7,143,796,117,1679.81,2,50.8,8,1629.01,239.97285714285712,3.0241515409480835,4,4,4,12,444,Champions
15552,United Kingdom,2010-03-26 16:17:00,2011-05-06 14:47:00,217,623,2,30,166,29,252.52,0,0.0,0,252.52,126.26,0.0,2,2,1,5,221,Hibernating
15553,United Kingdom,2011-10-10 14:02:00,2011-10-10 14:02:00,60,60,1,55,449,51,428.93,0,0.0,0,428.93,428.93,0.0,4,1,2,7,412,Promising Customers
15554,United Kingdom,2011-03-07 09:00:00,2011-03-07 09:00:00,277,277,1,14,74,14,217.2,0,0.0,0,217.2,217.2,0.0,2,1,1,4,211,Hibernating
15555,United Kingdom,2009-12-06 11:58:00,2011-11-27 16:19:00,12,733,36,1587,8454,666,11233.78,10,367.42,304,10866.36,312.0494444444445,3.2706711365186076,5,5,5,15,555,Champions
15556,United Kingdom,2011-11-15 16:08:00,2011-11-15 16:08:00,24,24,1,31,236,31,279.77,0,0.0,0,279.77,279.77,0.0,5,1,2,8,512,New Customers
15557,United Kingdom,2011-11-11 12:46:00,2011-11-11 12:46:00,28,28,1,19,213,16,468.91,0,0.0,0,468.91,468.91,0.0,5,1,2,8,512,New Customers
15558,United Kingdom,2010-03-10 15:25:00,2010-03-10 15:25:00,639,639,1,23,73,23,202.68,1,70.80000000000001,24,131.88,202.68,34.93191237418591,1,1,1,3,111,Hibernating
15559,United Kingdom,2010-05-20 14:06:00,2010-05-20 14:06:00,568,568,1,62,526,62,1109.4,0,0.0,0,1109.4,1109.4,0.0,1,1,3,5,113,Hibernating
15560,United Kingdom,2010-11-07 10:14:00,2010-11-07 10:15:00,397,397,2,10,72,10,153.52,0,0.0,0,153.52,76.76,0.0,1,2,1,4,121,Hibernating
15561,United Kingdom,2010-02-14 12:22:00,2011-11-28 11:07:00,11,663,8,92,1334,65,1934.3899999999999,1,77.85,11,1856.54,241.79874999999998,4.024524527111907,5,4,4,13,544,Champions
15562,United Kingdom,2009-12-13 15:17:00,2010-12-23 09:55:00,351,726,3,33,560,32,671.4300000000001,0,0.0,0,671.4300000000001,223.81000000000003,0.0,2,3,3,8,233,At Risk
15563,United Kingdom,2010-01-28 11:36:00,2011-11-17 12:59:00,22,680,6,255,2945,178,2820.46,3,55.79,23,2764.67,470.07666666666665,1.9780461343185154,5,4,4,13,544,Champions
15564,United Kingdom,2010-02-01 15:58:00,2010-09-02 15:52:00,463,676,2,4,42,4,70.74000000000001,0,0.0,0,70.74000000000001,35.370000000000005,0.0,1,2,1,4,121,Hibernating
15565,United Kingdom,2011-09-30 10:44:00,2011-10-20 14:33:00,50,70,2,8,60,8,173.16000000000003,0,0.0,0,173.16000000000003,86.58000000000001,0.0,4,2,1,7,421,Potential Loyalists
15566,United Kingdom,2009-12-15 14:53:00,2010-11-12 12:11:00,392,724,2,12,153,9,227.87,0,0.0,0,227.87,113.935,0.0,1,2,1,4,121,Hibernating
15567,United Kingdom,2011-11-21 10:48:00,2011-11-21 10:48:00,18,18,1,7,223,7,186.01,0,0.0,0,186.01,186.01,0.0,5,1,1,7,511,New Customers
15568,United Kingdom,2011-09-27 14:37:00,2011-12-07 11:27:00,2,73,3,53,461,27,758.29,0,0.0,0,758.29,252.76333333333332,0.0,5,3,3,11,533,Potential Loyalists
15569,United Kingdom,2010-02-28 10:55:00,2011-08-28 10:15:00,103,649,10,140,1734,123,3583.45,0,0.0,0,3583.45,358.34499999999997,0.0,3,4,5,12,345,Loyal Customers
15570,United Kingdom,2010-03-28 14:04:00,2011-12-02 14:47:00,7,621,25,730,4079,442,8736.49,2,64.05,10,8672.44,349.45959999999997,0.7331319557396621,5,5,5,15,555,Champions
15571,United Kingdom,2009-12-06 12:10:00,2011-11-28 10:02:00,11,733,14,600,2411,442,3892.35,0,0.0,0,3892.35,278.025,0.0,5,5,5,15,555,Champions
15572,United Kingdom,2010-04-14 14:38:00,2011-12-05 10:09:00,4,604,10,343,2089,259,3965.2,0,0.0,0,3965.2,396.52,0.0,5,4,5,14,545,Champions
15573,United Kingdom,2009-12-10 14:19:00,2011-11-08 11:38:00,31,729,5,210,769,180,1180.47,0,0.0,0,1180.47,236.094,0.0,4,4,4,12,444,Champions
15574,United Kingdom,2010-09-01 14:37:00,2011-06-15 12:01:00,177,464,6,230,750,191,1101.44,1,42.0,100,1059.44,183.57333333333335,3.813190005810575,3,4,3,10,343,Loyal Customers
15575,United Kingdom,2010-03-30 12:50:00,2010-03-30 12:50:00,619,619,1,3,6,3,30.1,0,0.0,0,30.1,30.1,0.0,1,1,1,3,111,Hibernating
15576,United Kingdom,2011-11-02 12:03:00,2011-11-02 12:03:00,37,37,1,43,394,43,921.37,0,0.0,0,921.37,921.37,0.0,4,1,3,8,413,Promising Customers
15577,United Kingdom,2009-12-13 16:17:00,2011-07-11 17:03:00,151,726,5,59,120,58,396.03,0,0.0,0,396.03,79.20599999999999,0.0,3,4,2,9,342,Loyal Customers
15578,United Kingdom,2011-06-30 13:03:00,2011-06-30 13:03:00,162,162,1,13,52,13,127.1,0,0.0,0,127.1,127.1,0.0,3,1,1,5,311,Regular Customers
15579,United Kingdom,2010-10-03 14:37:00,2011-10-02 12:45:00,68,432,5,161,713,140,1250.63,2,35.25,76,1215.38,250.12600000000003,2.8185794359642737,4,4,4,12,444,Champions
15580,United Kingdom,2010-02-07 11:21:00,2010-11-28 11:00:00,376,670,8,225,955,150,1375.39,6,159.24,53,1216.15,171.92375,11.577807022008303,1,4,4,9,144,At Risk
15581,United Kingdom,2009-12-02 12:19:00,2011-07-06 14:04:00,156,737,34,679,3023,541,4505.16,3,155.1,61,4350.0599999999995,132.50470588235294,3.4427190155288603,3,5,5,13,355,Loyal Customers
15582,United Kingdom,2011-05-03 13:36:00,2011-11-15 09:55:00,24,220,3,44,453,39,682.9100000000001,0,0.0,0,682.9100000000001,227.63666666666668,0.0,5,3,3,11,533,Potential Loyalists
15583,United Kingdom,2010-11-28 15:04:00,2010-11-28 15:04:00,376,376,1,39,56,37,95.96000000000001,0,0.0,0,95.96000000000001,95.96000000000001,0.0,1,1,1,3,111,Hibernating
15584,United Kingdom,2010-02-07 12:16:00,2011-11-16 10:55:00,23,670,6,220,483,174,1268.2,1,2.5,2,1265.7,211.36666666666667,0.19712979025390318,5,4,4,13,544,Champions
15585,United Kingdom,2011-06-16 08:38:00,2011-06-16 08:38:00,176,176,1,31,320,31,455.3,0,0.0,0,455.3,455.3,0.0,3,1,2,6,312,Regular Customers
15586,United Kingdom,2010-01-08 10:02:00,2010-04-26 11:00:00,592,700,3,38,1338,30,1139.1000000000001,1,10.44,36,1128.66,379.70000000000005,0.9165130366078482,1,3,3,7,133,At Risk
15587,United Kingdom,2010-08-05 08:44:00,2011-10-20 13:37:00,50,491,7,14,528,3,1522.08,0,0.0,0,1522.08,217.44,0.0,4,4,4,12,444,Champions
15588,United Kingdom,2010-01-31 12:19:00,2010-01-31 12:19:00,677,677,1,4,96,4,579.6,0,0.0,0,579.6,579.6,0.0,1,1,2,4,112,Hibernating
15589,United Kingdom,2011-02-02 10:46:00,2011-03-29 09:54:00,255,310,3,29,243,28,478.53,1,21.95,1,456.58,159.51,4.586964244665957,2,3,2,7,232,At Risk
15590,United Kingdom,2010-04-12 10:09:00,2010-11-22 14:49:00,382,606,5,87,832,75,1496.6,0,0.0,0,1496.6,299.32,0.0,1,4,4,9,144,At Risk
15591,United Kingdom,2010-02-04 09:20:00,2010-05-06 09:23:00,582,673,3,7,58,6,217.9,0,0.0,0,217.9,72.63333333333334,0.0,1,3,1,5,131,At Risk
15592,United Kingdom,2011-10-24 08:59:00,2011-10-24 08:59:00,46,46,1,24,354,24,388.58,0,0.0,0,388.58,388.58,0.0,4,1,2,7,412,Promising Customers
15593,United Kingdom,2011-09-30 11:46:00,2011-09-30 11:46:00,70,70,1,5,60,5,199.8,0,0.0,0,199.8,199.8,0.0,4,1,1,6,411,Promising Customers
15594,United Kingdom,2011-04-19 10:08:00,2011-11-24 08:53:00,15,234,5,103,983,85,1771.78,1,4.25,1,1767.53,354.356,0.23987176737518204,5,4,4,13,544,Champions
15595,United Kingdom,2010-08-09 12:27:00,2010-08-09 12:27:00,487,487,1,4,144,4,357.59999999999997,0,0.0,0,357.59999999999997,357.59999999999997,0.0,1,1,2,4,112,Hibernating
15596,United Kingdom,2010-07-28 11:46:00,2011-08-31 10:55:00,100,499,9,155,1208,82,2727.72,7,106.45,23,2621.27,303.08,3.9025266522956903,3,4,4,11,344,Loyal Customers
15597,United Kingdom,2010-05-13 13:10:00,2011-11-04 13:26:00,35,575,2,37,393,35,563.37,1,8.850000000000001,3,554.52,281.685,1.5709036689919593,4,2,2,8,422,Potential Loyalists
15598,United Kingdom,2010-10-08 09:20:00,2011-10-17 16:04:00,53,427,2,36,404,32,548.02,2,5.0,4,543.02,274.01,0.9123754607496077,4,2,2,8,422,Potential Loyalists
15599,United Kingdom,2010-09-20 10:15:00,2011-11-13 11:44:00,26,445,3,83,1098,77,1250.06,0,0.0,0,1250.06,416.68666666666667,0.0,5,3,4,12,534,Potential Loyalists
15600,United Kingdom,2010-04-25 11:50:00,2010-10-07 14:30:00,428,593,4,71,657,55,1199.31,1,20.6,6,1178.71,299.8275,1.717654317899459,1,3,4,8,134,At Risk
15601,United Kingdom,2009-12-01 14:53:00,2011-11-28 15:15:00,11,738,30,824,10395,310,14191.74,5,40.9,11,14150.84,473.058,0.2881958096752054,5,5,5,15,555,Champions
15602,United Kingdom,2009-12-02 09:35:00,2011-12-01 14:14:00,8,737,16,125,2292,62,3137.96,8,235.8,154,2902.16,196.1225,7.514436130479675,5,5,5,15,555,Champions
15603,United Kingdom,2010-03-01 16:02:00,2011-09-22 10:04:00,78,648,2,4,128,4,88.48,1,13.75,11,74.73,44.24,15.54023508137432,4,2,1,7,421,Potential Loyalists
15604,United Kingdom,2011-10-18 14:47:00,2011-10-18 14:47:00,52,52,1,17,159,17,216.39000000000001,0,0.0,0,216.39000000000001,216.39000000000001,0.0,4,1,1,6,411,Promising Customers
15605,United Kingdom,2010-01-14 14:03:00,2011-11-03 14:17:00,36,694,9,99,641,80,1741.95,1,3.4,4,1738.55,193.55,0.1951835586555297,4,4,4,12,444,Champions
15606,United Kingdom,2010-03-02 14:48:00,2011-10-09 15:47:00,61,647,17,145,1615,84,5230.99,2,497.52000000000004,172,4733.469999999999,307.70529411764704,9.511010344122242,4,5,5,14,455,Champions
15607,United Kingdom,2010-01-08 12:16:00,2011-01-07 12:44:00,336,700,9,109,1470,95,1708.97,3,92.60000000000001,18,1616.3700000000001,189.88555555555556,5.418468434203058,2,4,4,10,244,At Risk
15608,United Kingdom,2010-10-20 10:10:00,2011-11-11 13:20:00,28,415,5,105,1262,93,1785.98,0,0.0,0,1785.98,357.196,0.0,5,4,4,13,544,Champions
15609,United Kingdom,2011-06-08 13:00:00,2011-06-08 13:00:00,184,184,1,16,148,16,298.48,1,28.45,3,270.03000000000003,298.48,9.531626909675689,2,1,1,4,211,Hibernating
15610,United Kingdom,2011-10-19 10:36:00,2011-10-19 10:36:00,51,51,1,6,66,6,112.46000000000001,0,0.0,0,112.46000000000001,112.46000000000001,0.0,4,1,1,6,411,Promising Customers
15611,United Kingdom,2010-01-25 14:50:00,2011-11-30 12:36:00,9,683,24,92,745,42,2976.28,6,138.91,25,2837.3700000000003,124.01166666666667,4.667235609552865,5,5,5,15,555,Champions
15612,United Kingdom,2011-10-09 12:49:00,2011-11-03 14:52:00,36,61,2,6,52,4,195.15,0,0.0,0,195.15,97.575,0.0,4,2,1,7,421,Potential Loyalists
15613,United Kingdom,2010-04-08 12:51:00,2010-04-08 12:51:00,610,610,1,27,700,27,433.71999999999997,0,0.0,0,433.71999999999997,433.71999999999997,0.0,1,1,2,4,112,Hibernating
15614,United Kingdom,2010-03-23 11:13:00,2010-09-28 10:46:00,437,626,4,81,1632,73,3147.36,3,138.5,26,3008.86,786.84,4.400513446189822,1,3,5,9,135,At Risk
15615,United Kingdom,2009-12-02 15:28:00,2011-11-29 14:42:00,10,737,47,901,12090,292,21373.97,7,91.89999999999999,35,21282.07,454.7653191489362,0.42996223911608367,5,5,5,15,555,Champions
15616,United Kingdom,2010-09-27 13:10:00,2010-09-27 13:10:00,438,438,1,13,137,13,317.11,0,0.0,0,317.11,317.11,0.0,1,1,2,4,112,Hibernating
15617,United Kingdom,2010-07-20 13:16:00,2010-11-08 16:07:00,396,507,3,42,485,41,828.5500000000001,0,0.0,0,828.5500000000001,276.18333333333334,0.0,1,3,3,7,133,At Risk
15618,United Kingdom,2011-07-26 10:13:00,2011-11-07 08:34:00,32,136,4,45,454,39,776.851,1,29.82,26,747.031,194.21275,3.8385739350274375,4,3,3,10,433,Potential Loyalists
15619,United Kingdom,2011-11-29 08:14:00,2011-11-29 08:14:00,10,10,1,3,136,3,336.4,0,0.0,0,336.4,336.4,0.0,5,1,2,8,512,New Customers
15620,United Kingdom,2010-10-26 11:32:00,2011-10-14 12:41:00,56,409,4,129,1249,114,1942.36,4,32.43,21,1909.9299999999998,485.59,1.669618402355897,4,3,4,11,434,Potential Loyalists
15621,United Kingdom,2011-11-18 11:49:00,2011-12-05 14:01:00,4,21,4,16,501,11,1293.03,2,134.26,38,1158.77,323.2575,10.383363108357887,5,3,3,11,533,Potential Loyalists
15622,United Kingdom,2010-03-04 10:29:00,2011-10-27 16:44:00,43,645,17,426,4091,331,7852.610000000001,13,534.53,130,7318.080000000001,461.91823529411766,6.807036131935751,4,5,5,14,455,Champions
15623,United Kingdom,2009-12-10 14:46:00,2011-07-21 17:26:00,141,729,8,108,1087,91,2437.05,0,0.0,0,2437.05,304.63125,0.0,3,4,4,11,344,Loyal Customers
15624,United Kingdom,2011-03-28 13:32:00,2011-08-15 11:38:00,116,256,4,34,357,26,588.13,0,0.0,0,588.13,147.0325,0.0,3,3,2,8,332,Need Attention
15625,United Kingdom,2010-06-15 15:23:00,2011-08-28 10:21:00,103,542,9,171,3020,106,3236.4,5,33.15,27,3203.25,359.6,1.0242862439747866,3,4,5,12,345,Loyal Customers
15626,United Kingdom,2010-10-14 17:16:00,2011-09-26 10:03:00,74,421,3,80,1138,73,1067.52,1,18.15,5,1049.37,355.84,1.7002023381294962,4,3,3,10,433,Potential Loyalists
15627,United Kingdom,2010-07-05 11:56:00,2010-09-08 14:14:00,457,522,2,24,344,23,566.9,0,0.0,0,566.9,283.45,0.0,1,2,2,5,122,Hibernating
15628,United Kingdom,2009-12-13 13:39:00,2011-12-05 10:24:00,4,726,17,299,3569,136,5333.08,4,48.900000000000006,22,5284.18,313.7105882352941,0.9169185536312976,5,5,5,15,555,Champions
15629,United Kingdom,2010-06-25 11:39:00,2010-09-15 13:46:00,450,532,4,77,1518,39,2240.9,0,0.0,0,2240.9,560.225,0.0,1,3,4,8,134,At Risk
15630,United Kingdom,2010-03-05 14:30:00,2011-10-25 15:36:00,45,644,3,80,987,76,1481.4,1,5.95,1,1475.45,493.8,0.40164709058998244,4,3,4,11,434,Potential Loyalists
15631,United Kingdom,2010-03-07 14:52:00,2010-03-07 14:52:00,642,642,1,39,525,39,596.67,0,0.0,0,596.67,596.67,0.0,1,1,3,5,113,Hibernating
15632,United Kingdom,2011-03-10 08:29:00,2011-11-24 09:51:00,15,274,8,167,2109,107,3285.31,2,138.0,60,3147.31,410.66375,4.20051684620325,5,4,5,14,545,Champions
15633,United Kingdom,2009-12-08 17:51:00,2010-07-18 13:54:00,509,731,13,176,2048,77,4335.96,5,179.04999999999998,34,4156.91,333.5353846153846,4.129420013099751,1,5,5,11,155,At Risk
15634,United Kingdom,2010-11-21 15:30:00,2011-11-22 16:28:00,17,383,2,34,227,34,554.65,0,0.0,0,554.65,277.325,0.0,5,2,2,9,522,Potential Loyalists
15635,United Kingdom,2010-11-09 08:58:00,2010-11-09 08:58:00,395,395,1,2,5,2,100.35,0,0.0,0,100.35,100.35,0.0,1,1,1,3,111,Hibernating
15636,United Kingdom,2010-05-19 11:37:00,2011-09-11 11:17:00,89,569,4,57,560,39,1444.58,0,0.0,0,1444.58,361.145,0.0,4,3,4,11,434,Potential Loyalists
15637,United Kingdom,2009-12-15 17:54:00,2011-10-18 08:28:00,52,724,5,41,651,37,797.59,0,0.0,0,797.59,159.518,0.0,4,4,3,11,443,Loyal Customers
15638,United Kingdom,2010-04-08 14:37:00,2010-11-26 11:52:00,378,610,6,25,1134,20,2265.2,3,128.0,56,2137.2,377.5333333333333,5.6507151686385315,1,4,4,9,144,At Risk
15639,United Kingdom,2010-04-13 13:11:00,2011-07-28 14:30:00,134,605,3,69,849,61,1065.08,2,36.75,17,1028.33,355.02666666666664,3.450445036992526,3,3,3,9,333,Need Attention
15640,United Kingdom,2009-12-14 16:36:00,2011-12-05 14:35:00,4,725,29,747,12116,302,23459.51,5,119.22,53,23340.289999999997,808.9486206896552,0.5081947576910175,5,5,5,15,555,Champions
15641,United Kingdom,2009-12-06 15:31:00,2011-08-26 14:04:00,105,733,12,311,4422,249,5345.55,0,0.0,0,5345.55,445.46250000000003,0.0,3,5,5,13,355,Loyal Customers
15642,United Kingdom,2009-12-10 11:51:00,2009-12-10 11:51:00,729,729,1,6,270,6,105.78,0,0.0,0,105.78,105.78,0.0,1,1,1,3,111,Hibernating
15643,United Kingdom,2011-03-02 14:34:00,2011-06-01 07:38:00,191,282,3,33,246,31,664.0,3,16.6,4,647.4,221.33333333333334,2.5,2,3,3,8,233,At Risk
15644,United Kingdom,2011-03-23 15:37:00,2011-06-26 14:54:00,166,261,4,232,550,166,803.54,0,0.0,0,803.54,200.885,0.0,3,3,3,9,333,Need Attention
15645,United Kingdom,2010-10-10 12:51:00,2011-11-21 11:55:00,18,425,3,67,395,58,1054.75,1,12.6,6,1042.15,351.5833333333333,1.1945958757999526,5,3,3,11,533,Potential Loyalists
15646,United Kingdom,2010-10-25 13:06:00,2011-07-05 09:53:00,157,410,5,68,821,65,784.8100000000001,1,22.5,6,762.3100000000001,156.96200000000002,2.866935946279991,3,4,3,10,343,Loyal Customers
15647,United Kingdom,2010-10-20 15:09:00,2010-10-20 15:09:00,415,415,1,11,124,11,169.0,0,0.0,0,169.0,169.0,0.0,1,1,1,3,111,Hibernating
15648,United Kingdom,2011-03-17 18:59:00,2011-05-19 15:53:00,204,267,2,24,218,23,639.5,2,54.75,7,584.75,319.75,8.56137607505864,2,2,2,6,222,Hibernating
15649,United Kingdom,2010-11-17 16:22:00,2011-01-07 13:34:00,336,387,4,11,365,8,1660.35,0,0.0,0,1660.35,415.0875,0.0,2,3,4,9,234,At Risk
15650,United Kingdom,2010-03-21 11:46:00,2010-07-06 10:41:00,521,628,2,36,210,33,553.88,1,14.85,3,539.03,276.94,2.6810861558460313,1,2,2,5,122,Hibernating
15651,United Kingdom,2010-04-22 13:26:00,2011-11-03 08:41:00,36,596,5,60,871,52,1259.06,0,0.0,0,1259.06,251.81199999999998,0.0,4,4,4,12,444,Champions
15652,United Kingdom,2010-08-11 16:58:00,2011-09-09 14:22:00,91,485,5,102,657,93,1405.94,1,8.5,2,1397.44,281.188,0.6045777202441072,3,4,4,11,344,Loyal Customers
15653,United Kingdom,2011-08-16 09:50:00,2011-09-08 10:49:00,92,115,2,6,1200,4,877.44,0,0.0,0,877.44,438.72,0.0,3,2,3,8,323,Need Attention
15654,United Kingdom,2011-11-13 15:15:00,2011-11-30 13:08:00,9,26,2,21,475,15,922.53,0,0.0,0,922.53,461.265,0.0,5,2,3,10,523,Potential Loyalists
15655,United Kingdom,2011-04-10 15:25:00,2011-04-10 15:25:00,243,243,1,34,324,34,560.6700000000001,1,49.35,5,511.32000000000005,560.6700000000001,8.80196907271657,2,1,2,5,212,Hibernating
15656,United Kingdom,2011-02-28 15:32:00,2011-10-25 14:56:00,45,284,4,47,343,46,748.5,0,0.0,0,748.5,187.125,0.0,4,3,3,10,433,Potential Loyalists
15657,United Kingdom,2011-11-17 12:19:00,2011-11-17 12:19:00,22,22,1,1,24,1,30.0,0,0.0,0,30.0,30.0,0.0,5,1,1,7,511,New Customers
15658,United Kingdom,2009-12-03 11:19:00,2011-06-02 15:22:00,190,736,8,102,627,79,2117.27,5,153.13,29,1964.1399999999999,264.65875,7.232426662636319,2,4,4,10,244,At Risk
15659,United Kingdom,2010-02-24 13:32:00,2011-10-27 09:23:00,43,653,3,21,161,14,532.49,0,0.0,0,532.49,177.49666666666667,0.0,4,3,2,9,432,Potential Loyalists
15660,United Kingdom,2010-02-05 16:01:00,2011-11-14 16:58:00,25,672,15,151,1783,73,2603.69,3,48.85,13,2554.84,173.57933333333332,1.8761834166125768,5,5,4,14,554,Champions
15661,United Kingdom,2010-05-10 07:59:00,2011-01-26 13:56:00,317,578,8,44,779,27,1215.95,0,0.0,0,1215.95,151.99375,0.0,2,4,4,10,244,At Risk
15662,United Kingdom,2009-12-01 13:49:00,2010-02-16 16:47:00,661,738,2,12,145,12,283.73,0,0.0,0,283.73,141.865,0.0,1,2,2,5,122,Hibernating
15663,United Kingdom,2011-08-25 15:50:00,2011-08-25 15:50:00,106,106,1,9,106,9,138.14,0,0.0,0,138.14,138.14,0.0,3,1,1,5,311,Regular Customers
15664,United Kingdom,2010-02-28 12:50:00,2011-10-20 10:57:00,50,649,4,69,524,53,1231.53,2,32.0,18,1199.53,307.8825,2.598393867790472,4,3,4,11,434,Potential Loyalists
15665,United Kingdom,2010-03-14 15:07:00,2011-06-24 14:57:00,168,635,5,286,2777,163,3987.07,0,0.0,0,3987.07,797.414,0.0,3,4,5,12,345,Loyal Customers
15666,United Kingdom,2010-08-01 15:41:00,2010-08-24 16:14:00,472,495,2,67,469,62,632.94,0,0.0,0,632.94,316.47,0.0,1,2,3,6,123,Hibernating
15667,United Kingdom,2011-10-31 10:56:00,2011-10-31 10:56:00,39,39,1,13,240,13,301.32000000000005,0,0.0,0,301.32000000000005,301.32000000000005,0.0,4,1,2,7,412,Promising Customers
15668,United Kingdom,2011-05-06 10:39:00,2011-05-06 10:39:00,217,217,1,1,72,1,76.32000000000001,0,0.0,0,76.32000000000001,76.32000000000001,0.0,2,1,1,4,211,Hibernating
15669,United Kingdom,2011-03-21 09:13:00,2011-10-30 16:03:00,40,263,4,33,342,31,684.34,1,6.65,3,677.69,171.085,0.9717391939679108,4,3,3,10,433,Potential Loyalists
15670,United Kingdom,2010-06-01 15:34:00,2011-02-16 10:50:00,296,556,2,19,132,19,325.2,1,10.0,8,315.2,162.6,3.075030750307503,2,2,2,6,222,Hibernating
15671,United Kingdom,2011-03-14 09:37:00,2011-11-21 12:43:00,18,270,7,78,1699,52,2657.13,3,21.64,18,2635.4900000000002,379.59000000000003,0.8144125428563902,5,4,4,13,544,Champions
15672,United Kingdom,2009-12-14 16:52:00,2009-12-14 16:52:00,725,725,1,3,10,3,45.300000000000004,0,0.0,0,45.300000000000004,45.300000000000004,0.0,1,1,1,3,111,Hibernating
15673,United Kingdom,2010-02-22 14:28:00,2011-09-12 16:12:00,88,655,9,268,3274,177,6204.32,1,4.95,1,6199.37,689.3688888888888,0.07978311885911753,4,4,5,13,445,Champions
15674,United Kingdom,2009-12-08 17:08:00,2011-09-27 15:17:00,73,731,12,350,3647,261,6613.52,4,395.67,203,6217.85,551.1266666666667,5.982744438665037,4,5,5,14,455,Champions
15675,United Kingdom,2010-10-31 14:14:00,2011-09-19 13:48:00,81,404,4,35,624,32,542.04,0,0.0,0,542.04,135.51,0.0,4,3,2,9,432,Potential Loyalists
15676,United Kingdom,2011-03-01 10:19:00,2011-11-21 12:40:00,18,283,3,202,2252,191,3435.76,2,111.67,21,3324.09,1145.2533333333333,3.250227024006333,5,3,5,13,535,Potential Loyalists
15677,United Kingdom,2010-09-02 12:08:00,2011-10-21 15:36:00,49,463,3,72,675,63,1305.6299999999999,0,0.0,0,1305.6299999999999,435.21,0.0,4,3,4,11,434,Potential Loyalists
15678,United Kingdom,2010-07-05 12:49:00,2011-10-18 09:25:00,52,522,3,92,1022,77,1825.94,0,0.0,0,1825.94,608.6466666666666,0.0,4,3,4,11,434,Potential Loyalists
15679,United Kingdom,2011-06-10 08:24:00,2011-11-15 16:19:00,24,182,4,110,1170,98,781.28,0,0.0,0,781.28,195.32,0.0,5,3,3,11,533,Potential Loyalists
15680,United Kingdom,2009-12-02 12:15:00,2011-11-30 13:46:00,9,737,10,236,2743,155,4028.69,2,43.1,10,3985.59,402.869,1.0698266682221764,5,4,5,14,545,Champions
15681,United Kingdom,2010-05-24 14:18:00,2011-11-14 16:30:00,25,564,14,88,1392,48,2989.7000000000003,2,509.5,266,2480.2000000000003,213.55,17.041843663243803,5,5,4,14,554,Champions
15682,United Kingdom,2010-01-21 14:37:00,2010-04-19 15:30:00,599,687,2,25,222,25,318.24,1,1.25,1,316.99,159.12,0.3927853192559075,1,2,2,5,122,Hibernating
15683,United Kingdom,2010-08-23 12:01:00,2011-08-14 12:56:00,117,473,2,26,332,25,524.54,0,0.0,0,524.54,262.27,0.0,3,2,2,7,322,Need Attention
15684,United Kingdom,2009-12-04 16:13:00,2010-06-10 18:51:00,547,735,3,11,77,9,173.95,3,26.15,5,147.79999999999998,57.98333333333333,15.033055475711413,1,3,1,5,131,At Risk
15685,United Kingdom,2010-09-15 13:43:00,2010-09-15 13:43:00,450,450,1,17,36,17,55.980000000000004,0,0.0,0,55.980000000000004,55.980000000000004,0.0,1,1,1,3,111,Hibernating
15686,United Kingdom,2010-10-15 13:50:00,2010-10-15 13:50:00,420,420,1,1,72,1,90.0,0,0.0,0,90.0,90.0,0.0,1,1,1,3,111,Hibernating
15687,United Kingdom,2011-01-13 15:13:00,2011-12-01 08:33:00,8,330,9,166,1310,119,2993.1,2,11.6,2,2981.5,332.56666666666666,0.3875580501820855,5,4,5,14,545,Champions
15688,United Kingdom,2010-10-17 12:06:00,2010-10-17 12:06:00,418,418,1,27,95,26,190.57,0,0.0,0,190.57,190.57,0.0,1,1,1,3,111,Hibernating
15689,United Kingdom,2010-04-01 09:53:00,2011-08-12 09:37:00,119,617,3,24,207,20,521.03,0,0.0,0,521.03,173.67666666666665,0.0,3,3,2,8,332,Need Attention
15690,United Kingdom,2011-08-31 11:40:00,2011-12-05 15:59:00,4,100,2,19,408,19,239.76,0,0.0,0,239.76,119.88,0.0,5,2,1,8,521,Potential Loyalists
15691,United Kingdom,2009-12-06 16:01:00,2011-04-01 15:13:00,252,733,4,14,212,12,571.3,1,59.5,10,511.79999999999995,142.825,10.414843339751446,2,3,2,7,232,At Risk
15692,United Kingdom,2011-11-11 14:12:00,2011-11-11 14:12:00,28,28,1,12,138,12,191.04,0,0.0,0,191.04,191.04,0.0,5,1,1,7,511,New Customers
15693,United Kingdom,2010-02-18 14:37:00,2010-02-18 14:37:00,659,659,1,1,30,1,37.5,0,0.0,0,37.5,37.5,0.0,1,1,1,3,111,Hibernating
15694,United Kingdom,2009-12-07 15:43:00,2011-12-09 09:44:00,0,732,23,142,2466,54,9963.48,5,244.34999999999997,43,9719.13,433.1947826086956,2.452456370665671,5,5,5,15,555,Champions
15695,United Kingdom,2010-01-27 10:56:00,2011-03-18 08:32:00,266,681,4,59,484,55,1131.04,0,0.0,0,1131.04,282.76,0.0,2,3,3,8,233,At Risk
15696,United Kingdom,2010-01-24 14:36:00,2011-11-06 14:02:00,33,684,13,221,1386,163,3881.2200000000003,8,149.1,16,3732.1200000000003,298.55538461538464,3.8415755870576773,4,5,5,14,455,Champions
15697,United Kingdom,2010-01-19 09:10:00,2010-01-19 09:10:00,689,689,1,14,127,14,246.75,0,0.0,0,246.75,246.75,0.0,1,1,1,3,111,Hibernating
15698,United Kingdom,2010-03-25 17:38:00,2010-03-25 17:38:00,624,624,1,2,60,2,46.2,0,0.0,0,46.2,46.2,0.0,1,1,1,3,111,Hibernating
15699,United Kingdom,2011-11-22 08:26:00,2011-11-22 08:26:00,17,17,1,18,113,18,309.65,0,0.0,0,309.65,309.65,0.0,5,1,2,8,512,New Customers
15700,United Kingdom,2011-06-19 15:36:00,2011-06-20 16:53:00,172,173,2,86,357,85,696.68,1,32.65,29,664.03,348.34,4.686513176781306,3,2,3,8,323,Need Attention
15701,United Kingdom,2011-08-21 12:36:00,2011-12-07 14:39:00,2,110,4,230,912,193,1529.0,0,0.0,0,1529.0,382.25,0.0,5,3,4,12,534,Potential Loyalists
15702,Nigeria,2010-08-20 14:50:00,2010-08-20 14:50:00,476,476,1,29,102,29,112.57,0,0.0,0,112.57,112.57,0.0,1,1,1,3,111,Hibernating
15703,United Kingdom,2011-03-20 10:51:00,2011-03-20 10:51:00,264,264,1,5,66,5,211.5,0,0.0,0,211.5,211.5,0.0,2,1,1,4,211,Hibernating
15704,United Kingdom,2010-05-05 14:51:00,2011-07-22 13:35:00,140,583,6,204,1709,129,3734.6600000000003,1,70.80000000000001,24,3663.86,622.4433333333334,1.8957549013832584,3,4,5,12,345,Loyal Customers
15705,United Kingdom,2011-05-22 15:37:00,2011-05-22 15:37:00,201,201,1,6,62,6,143.1,0,0.0,0,143.1,143.1,0.0,2,1,1,4,211,Hibernating
15706,United Kingdom,2011-08-15 14:32:00,2011-10-07 10:09:00,63,116,4,55,321,50,1060.56,3,58.75,16,1001.81,265.14,5.539526287998793,4,3,3,10,433,Potential Loyalists
15707,United Kingdom,2011-09-14 14:19:00,2011-11-04 14:35:00,35,86,4,205,594,126,916.98,0,0.0,0,916.98,229.245,0.0,4,3,3,10,433,Potential Loyalists
15708,United Kingdom,2010-10-10 11:33:00,2011-10-30 10:54:00,40,425,9,337,1465,135,3887.15,5,46.42,11,3840.73,431.90555555555557,1.1941911168851216,4,4,5,13,445,Champions
15709,United Kingdom,2010-04-29 18:31:00,2011-03-01 10:38:00,283,589,2,27,169,26,327.85,0,0.0,0,327.85,163.925,0.0,2,2,2,6,222,Hibernating
15710,United Kingdom,2010-10-18 17:05:00,2010-10-18 17:05:00,417,417,1,110,641,110,898.87,0,0.0,0,898.87,898.87,0.0,1,1,3,5,113,Hibernating
15711,United Kingdom,2010-01-24 12:13:00,2010-06-01 12:14:00,556,684,2,25,199,25,420.25,0,0.0,0,420.25,210.125,0.0,1,2,2,5,122,Hibernating
15712,United Kingdom,2009-12-01 11:17:00,2011-11-30 14:09:00,9,738,12,166,1277,86,3472.41,1,4.95,1,3467.46,289.3675,0.14255229077211504,5,5,5,15,555,Champions
15713,United Kingdom,2009-12-16 09:41:00,2011-07-19 13:34:00,143,723,4,52,451,48,839.64,2,24.799999999999997,4,814.84,209.91,2.953646801009956,3,3,3,9,333,Need Attention
15714,United Kingdom,2010-06-02 12:08:00,2011-11-28 11:26:00,11,555,5,48,361,45,783.96,0,0.0,0,783.96,156.792,0.0,5,4,3,12,543,Loyal Customers
15715,United Kingdom,2010-03-30 12:17:00,2010-06-02 09:56:00,555,619,5,38,246,33,658.02,0,0.0,0,658.02,131.60399999999998,0.0,1,4,3,8,143,At Risk
15716,United Kingdom,2009-12-07 12:42:00,2011-07-17 11:59:00,145,732,11,285,1373,187,2482.7400000000002,0,0.0,0,2482.7400000000002,225.70363636363638,0.0,3,5,4,12,354,Loyal Customers
15717,United Kingdom,2010-04-26 10:41:00,2011-04-19 13:21:00,234,592,5,24,224,17,607.0,0,0.0,0,607.0,121.4,0.0,2,4,3,9,243,At Risk
15718,United Kingdom,2010-06-17 16:20:00,2010-06-17 16:20:00,540,540,1,18,95,18,293.79,0,0.0,0,293.79,293.79,0.0,1,1,2,4,112,Hibernating
15719,United Kingdom,2009-12-01 12:47:00,2011-11-07 12:29:00,32,738,31,1769,5355,448,10194.32,8,77.1,13,10117.22,328.8490322580645,0.7563035101899881,4,5,5,14,455,Champions
15720,United Kingdom,2010-06-07 15:40:00,2011-11-15 14:48:00,24,550,2,153,327,152,739.22,0,0.0,0,739.22,369.61,0.0,5,2,3,10,523,Potential Loyalists
15721,United Kingdom,2011-11-28 12:14:00,2011-11-28 12:14:00,11,11,1,84,388,80,471.40000000000003,0,0.0,0,471.40000000000003,471.40000000000003,0.0,5,1,2,8,512,New Customers
15722,United Kingdom,2010-03-09 15:05:00,2011-11-04 11:43:00,35,640,11,178,2279,91,5234.0,4,126.15,18,5107.85,475.8181818181818,2.410202521971723,4,5,5,14,455,Champions
15723,United Kingdom,2010-05-14 12:55:00,2010-12-10 11:12:00,364,574,4,123,427,108,930.7,0,0.0,0,930.7,232.675,0.0,2,3,3,8,233,At Risk
15724,United Kingdom,2010-11-04 10:22:00,2011-05-22 14:40:00,201,400,3,17,117,17,310.85,2,11.05,3,299.8,103.61666666666667,3.5547691812771434,2,3,2,7,232,At Risk
15725,United Kingdom,2011-11-24 14:51:00,2011-11-24 14:51:00,15,15,1,32,221,32,415.25,0,0.0,0,415.25,415.25,0.0,5,1,2,8,512,New Customers
15726,United Kingdom,2010-11-14 16:12:00,2010-11-14 16:12:00,390,390,1,23,123,23,321.91,0,0.0,0,321.91,321.91,0.0,1,1,2,4,112,Hibernating
15727,United Kingdom,2010-01-24 12:12:00,2011-11-23 12:36:00,16,684,15,685,5908,426,9371.71,0,0.0,0,9371.71,624.7806666666667,0.0,5,5,5,15,555,Champions
15728,United Kingdom,2010-09-21 14:46:00,2010-11-25 10:39:00,379,444,2,12,132,10,544.6,1,134.8,34,409.8,272.3,24.752111641571798,1,2,2,5,122,Hibernating
15729,United Kingdom,2010-11-01 13:44:00,2011-05-11 12:36:00,212,403,3,11,47,10,192.55,2,37.85,7,154.70000000000002,64.18333333333334,19.657231887821343,2,3,1,6,231,At Risk
15730,United Kingdom,2010-10-04 14:15:00,2011-10-05 12:31:00,65,431,5,111,1061,102,1726.58,2,18.4,8,1708.1799999999998,345.316,1.0656905558966279,4,4,4,12,444,Champions
15731,United Kingdom,2010-06-04 10:10:00,2010-06-04 10:10:00,553,553,1,8,122,8,125.3,0,0.0,0,125.3,125.3,0.0,1,1,1,3,111,Hibernating
15732,United Kingdom,2010-02-04 10:10:00,2011-05-11 14:24:00,212,673,10,99,1264,53,1543.97,2,44.55,9,1499.42,154.397,2.8854187581364923,2,4,4,10,244,At Risk
15733,United Kingdom,2011-03-02 09:05:00,2011-03-02 09:05:00,282,282,1,10,62,10,162.3,0,0.0,0,162.3,162.3,0.0,2,1,1,4,211,Hibernating
15734,United Kingdom,2010-06-10 14:25:00,2011-08-17 10:50:00,114,547,4,43,516,36,2263.3,0,0.0,0,2263.3,565.825,0.0,3,3,4,10,334,Need Attention
15735,United Kingdom,2010-10-14 13:38:00,2010-10-14 13:38:00,421,421,1,19,206,19,327.68,0,0.0,0,327.68,327.68,0.0,1,1,2,4,112,Hibernating
15736,United Kingdom,2010-09-30 14:19:00,2010-09-30 14:20:00,435,435,2,100,1208,95,1767.1200000000001,1,98.45,9,1668.67,883.5600000000001,5.571211915433021,1,2,4,7,124,At Risk
15737,United Kingdom,2011-04-11 10:01:00,2011-11-25 11:21:00,14,242,8,71,597,60,1188.1200000000001,4,66.91,13,1121.21,148.51500000000001,5.631586035080631,5,4,3,12,543,Loyal Customers
15738,United Kingdom,2009-12-10 15:52:00,2011-11-21 08:26:00,18,729,41,482,9030,70,13043.32,4,27.9,20,13015.42,318.12975609756097,0.21390259535149025,5,5,5,15,555,Champions
15739,United Kingdom,2011-10-04 13:42:00,2011-10-04 13:42:00,66,66,1,8,472,8,449.12,0,0.0,0,449.12,449.12,0.0,4,1,2,7,412,Promising Customers
15740,United Kingdom,2011-10-21 14:29:00,2011-10-21 14:29:00,49,49,1,9,152,9,154.88,0,0.0,0,154.88,154.88,0.0,4,1,1,6,411,Promising Customers
15741,United Kingdom,2010-03-31 11:55:00,2010-09-07 16:21:00,458,618,2,12,70,11,208.62,0,0.0,0,208.62,104.31,0.0,1,2,1,4,121,Hibernating
15742,United Kingdom,2010-03-30 15:25:00,2010-03-30 15:25:00,619,619,1,41,51,41,156.87,0,0.0,0,156.87,156.87,0.0,1,1,1,3,111,Hibernating
15743,United Kingdom,2011-06-08 10:14:00,2011-11-23 17:19:00,16,184,4,86,214,59,775.96,0,0.0,0,775.96,193.99,0.0,5,3,3,11,533,Potential Loyalists
15744,United Kingdom,2011-09-23 09:52:00,2011-09-23 09:52:00,77,77,1,3,120,3,34.8,0,0.0,0,34.8,34.8,0.0,4,1,1,6,411,Promising Customers
15745,United Kingdom,2011-04-17 13:04:00,2011-11-20 13:45:00,19,236,4,62,421,57,1094.5900000000001,2,23.35,9,1071.2400000000002,273.64750000000004,2.133218830795092,5,3,3,11,533,Potential Loyalists
15746,United Kingdom,2011-07-28 15:21:00,2011-07-28 15:21:00,134,134,1,28,178,28,196.88,1,13.919999999999998,48,182.96,196.88,7.07029662738724,3,1,1,5,311,Regular Customers
15747,United Kingdom,2010-01-18 11:21:00,2011-11-27 12:26:00,12,690,9,216,1344,116,2499.81,1,1.95,1,2497.86,277.75666666666666,0.07800592845056224,5,4,4,13,544,Champions
15748,United Kingdom,2010-09-16 16:52:00,2011-10-30 12:51:00,40,449,3,36,261,34,609.81,0,0.0,0,609.81,203.26999999999998,0.0,4,3,3,10,433,Potential Loyalists
15749,United Kingdom,2011-01-11 12:55:00,2011-04-18 13:20:00,235,332,3,10,18028,5,44534.3,1,22998.4,9014,21535.9,14844.766666666668,51.64199280105447,2,3,5,10,235,At Risk
15750,United Kingdom,2009-12-01 17:19:00,2011-12-07 12:34:00,2,738,18,628,4281,389,6452.991,6,90.39,21,6362.601,358.4995,1.4007457936947378,5,5,5,15,555,Champions
15751,United Kingdom,2009-12-06 13:08:00,2010-09-05 12:44:00,460,733,11,130,443,90,1380.44,3,61.599999999999994,6,1318.8400000000001,125.49454545454546,4.462345339167221,1,5,4,10,154,At Risk
15752,United Kingdom,2010-09-08 11:56:00,2011-10-31 11:37:00,39,457,9,586,2792,359,3924.91,1,8.45,5,3916.46,436.1011111111111,0.21529156082559855,4,4,5,13,445,Champions
15753,United Kingdom,2011-02-08 12:41:00,2011-02-08 12:41:00,304,304,1,1,144,1,79.2,0,0.0,0,79.2,79.2,0.0,2,1,1,4,211,Hibernating
15754,United Kingdom,2010-02-22 13:31:00,2011-10-19 14:40:00,51,655,9,131,1762,114,3037.61,3,35.75,7,3001.86,337.51222222222225,1.1769121118247567,4,4,5,13,445,Champions
15755,United Kingdom,2009-12-04 08:24:00,2011-11-29 14:57:00,10,735,17,371,4034,281,5993.12,3,56.17,35,5936.95,352.53647058823526,0.9372413701043865,5,5,5,15,555,Champions
15756,United Kingdom,2011-04-04 14:00:00,2011-10-09 13:30:00,61,249,4,191,241,160,528.01,0,0.0,0,528.01,132.0025,0.0,4,3,2,9,432,Potential Loyalists
15757,United Kingdom,2010-06-10 13:47:00,2011-10-05 12:14:00,65,547,6,193,1757,162,2940.36,0,0.0,0,2940.36,490.06,0.0,4,4,5,13,445,Champions
15758,United Kingdom,2011-11-15 10:48:00,2011-11-15 10:48:00,24,24,1,9,47,9,205.25,0,0.0,0,205.25,205.25,0.0,5,1,1,7,511,New Customers
15759,United Kingdom,2009-12-02 10:08:00,2011-05-05 15:13:00,218,737,7,17,523,10,830.9300000000001,3,19.95,5,810.98,118.70428571428572,2.400924265581938,2,4,3,9,243,At Risk
15761,United Kingdom,2010-09-23 09:33:00,2010-09-23 09:33:00,442,442,1,5,31,5,143.05,0,0.0,0,143.05,143.05,0.0,1,1,1,3,111,Hibernating
15762,United Kingdom,2011-09-23 15:17:00,2011-10-05 16:15:00,65,77,2,37,251,37,583.75,0,0.0,0,583.75,291.875,0.0,4,2,2,8,422,Potential Loyalists
15763,United Kingdom,2011-09-23 12:10:00,2011-11-08 09:44:00,31,77,2,61,271,58,1086.92,1,38.25,3,1048.67,543.46,3.5191182423729437,4,2,3,9,423,Potential Loyalists
15764,United Kingdom,2010-08-18 13:58:00,2011-09-12 17:58:00,88,478,8,249,2945,187,4503.08,6,49.8,20,4453.28,562.885,1.1059097328939302,4,4,5,13,445,Champions
15765,United Kingdom,2010-02-11 10:25:00,2010-02-11 10:25:00,666,666,1,25,335,25,370.63,0,0.0,0,370.63,370.63,0.0,1,1,2,4,112,Hibernating
15766,United Kingdom,2010-01-26 15:55:00,2011-10-06 17:03:00,64,682,3,26,334,21,831.0600000000001,1,31.4,4,799.6600000000001,277.02000000000004,3.778307222101893,4,3,3,10,433,Potential Loyalists
15768,United Kingdom,2009-12-03 12:10:00,2011-08-16 10:48:00,115,736,34,1208,4215,437,15308.89,1,1.63,2,15307.26,450.2614705882353,0.010647408139976184,3,5,5,13,355,Loyal Customers
15769,United Kingdom,2009-12-11 09:58:00,2011-12-02 13:52:00,7,728,46,223,49068,26,88612.52,3,4429.0,2012,84183.52,1926.3591304347826,4.998165044849193,5,5,5,15,555,Champions
15770,United Kingdom,2010-04-06 11:47:00,2010-04-06 11:47:00,612,612,1,18,67,18,321.45,0,0.0,0,321.45,321.45,0.0,1,1,2,4,112,Hibernating
15771,United Kingdom,2010-01-15 12:14:00,2010-04-14 13:56:00,604,693,3,28,512,26,1006.54,0,0.0,0,1006.54,335.5133333333333,0.0,1,3,3,7,133,At Risk
15772,United Kingdom,2010-10-17 13:33:00,2010-10-17 13:33:00,418,418,1,16,110,16,280.88,0,0.0,0,280.88,280.88,0.0,1,1,2,4,112,Hibernating
15773,United Kingdom,2010-10-26 15:27:00,2011-12-04 12:48:00,5,409,2,47,410,46,774.52,0,0.0,0,774.52,387.26,0.0,5,2,3,10,523,Potential Loyalists
15774,United Kingdom,2010-02-21 12:57:00,2011-10-02 12:04:00,68,656,6,109,464,87,1287.09,0,0.0,0,1287.09,214.515,0.0,4,4,4,12,444,Champions
15775,United Kingdom,2010-03-18 07:32:00,2011-04-08 12:56:00,245,631,2,9,260,9,150.5,0,0.0,0,150.5,75.25,0.0,2,2,1,5,221,Hibernating
15776,United Kingdom,2011-07-29 13:46:00,2011-07-29 13:46:00,133,133,1,18,138,18,241.62,0,0.0,0,241.62,241.62,0.0,3,1,1,5,311,Regular Customers
15777,United Kingdom,2010-05-20 10:37:00,2011-04-12 16:43:00,241,568,7,39,599,29,1762.6100000000001,2,30.45,4,1732.16,251.8014285714286,1.727551755635109,2,4,4,10,244,At Risk
15778,United Kingdom,2010-10-04 15:10:00,2010-10-04 15:10:00,431,431,1,17,101,17,307.95000000000005,0,0.0,0,307.95000000000005,307.95000000000005,0.0,1,1,2,4,112,Hibernating
15779,United Kingdom,2010-06-25 15:55:00,2010-09-02 16:40:00,463,532,2,8,20,8,124.08000000000001,0,0.0,0,124.08000000000001,62.040000000000006,0.0,1,2,1,4,121,Hibernating
15780,United Kingdom,2010-12-17 11:43:00,2011-06-09 12:01:00,183,357,3,29,220,26,475.28000000000003,0,0.0,0,475.28000000000003,158.42666666666668,0.0,2,3,2,7,232,At Risk
15781,United Kingdom,2011-02-07 09:15:00,2011-11-14 14:57:00,25,305,3,20,180,20,345.46000000000004,1,11.9,2,333.56000000000006,115.15333333333335,3.4446824523823305,5,3,2,10,532,Potential Loyalists
15782,United Kingdom,2010-10-05 15:43:00,2011-11-30 10:49:00,9,430,4,61,1844,51,4014.1,2,28.450000000000003,2,3985.65,1003.525,0.7087516504322264,5,3,5,13,535,Potential Loyalists
15783,United Kingdom,2011-11-29 09:50:00,2011-11-29 09:50:00,10,10,1,14,212,14,246.3,0,0.0,0,246.3,246.3,0.0,5,1,1,7,511,New Customers
15784,United Kingdom,2010-02-05 14:42:00,2010-08-29 10:38:00,467,672,2,43,381,33,848.33,0,0.0,0,848.33,424.165,0.0,1,2,3,6,123,Hibernating
15785,United Kingdom,2009-12-15 16:28:00,2011-11-07 11:33:00,32,724,16,225,4479,102,5969.93,10,144.6,52,5825.33,373.120625,2.4221389530530506,4,5,5,14,455,Champions
15786,United Kingdom,2010-06-21 10:13:00,2011-10-24 14:13:00,46,536,5,465,5957,358,8501.62,4,121.97,88,8379.650000000001,1700.324,1.4346677456767063,4,4,5,13,445,Champions
15787,United Kingdom,2011-10-09 13:11:00,2011-11-13 14:55:00,26,61,3,200,534,156,933.26,0,0.0,0,933.26,311.08666666666664,0.0,5,3,3,11,533,Potential Loyalists
15788,United Kingdom,2010-07-19 12:48:00,2010-07-19 12:48:00,508,508,1,14,115,14,221.83,1,6.300000000000001,3,215.53,221.83,2.8400126222783215,1,1,1,3,111,Hibernating
15789,United Kingdom,2010-03-26 11:21:00,2010-12-16 14:35:00,358,623,6,138,2499,110,1962.01,1,30.0,24,1932.01,327.00166666666667,1.5290441944740343,2,4,4,10,244,At Risk
15790,United Kingdom,2011-11-29 14:53:00,2011-11-29 14:53:00,10,10,1,34,113,34,218.75,0,0.0,0,218.75,218.75,0.0,5,1,1,7,511,New Customers
15791,United Kingdom,2010-03-08 09:41:00,2011-10-27 10:14:00,43,641,5,167,1970,121,3608.34,4,66.55,21,3541.79,721.668,1.8443383938320668,4,4,5,13,445,Champions
15792,United Kingdom,2010-03-31 09:42:00,2010-11-05 08:21:00,399,618,2,57,606,57,933.84,0,0.0,0,933.84,466.92,0.0,1,2,3,6,123,Hibernating
15793,United Kingdom,2009-12-01 12:54:00,2011-11-25 09:31:00,14,738,8,30,1685,12,2399.57,1,16.65,1,2382.92,299.94625,0.6938743191488475,5,4,4,13,544,Champions
15794,United Kingdom,2009-12-02 15:10:00,2009-12-03 13:04:00,736,737,2,15,288,15,777.0,0,0.0,0,777.0,388.5,0.0,1,2,3,6,123,Hibernating
15795,United Kingdom,2010-01-18 11:31:00,2011-07-13 10:43:00,149,690,8,131,1411,111,1979.8700000000001,0,0.0,0,1979.8700000000001,247.48375000000001,0.0,3,4,4,11,344,Loyal Customers
15796,United Kingdom,2010-03-31 13:10:00,2011-12-08 19:55:00,1,618,17,292,1732,137,5170.63,4,104.30000000000001,18,5066.33,304.15470588235297,2.0171623187116463,5,5,5,15,555,Champions
15797,United Kingdom,2010-01-27 13:12:00,2011-08-18 17:04:00,113,681,5,11,1280,11,2806.08,0,0.0,0,2806.08,561.216,0.0,3,4,4,11,344,Loyal Customers
15798,United Kingdom,2010-01-27 11:55:00,2010-08-04 09:13:00,492,681,3,83,915,73,1535.37,0,0.0,0,1535.37,511.78999999999996,0.0,1,3,4,8,134,At Risk
15799,United Kingdom,2010-10-17 14:26:00,2011-09-25 12:46:00,75,418,4,154,1341,143,1421.34,0,0.0,0,1421.34,355.335,0.0,4,3,4,11,434,Potential Loyalists
15800,United Kingdom,2010-03-31 13:17:00,2011-08-24 14:23:00,107,618,7,232,575,198,1227.07,0,0.0,0,1227.07,175.29571428571427,0.0,3,4,4,11,344,Loyal Customers
15801,United Kingdom,2011-08-22 09:53:00,2011-10-24 13:52:00,46,109,3,64,570,61,1063.95,1,21.759999999999998,8,1042.19,354.65000000000003,2.045208891395272,4,3,3,10,433,Potential Loyalists
15803,United Kingdom,2010-02-01 16:29:00,2011-10-19 14:56:00,51,676,4,51,1030,48,1929.66,0,0.0,0,1929.66,482.415,0.0,4,3,4,11,434,Potential Loyalists
15804,United Kingdom,2011-05-25 10:12:00,2011-12-09 12:31:00,0,198,13,262,2565,170,4206.39,6,357.84000000000003,52,3848.55,323.5684615384616,8.507057120238494,5,5,5,15,555,Champions
15805,United Kingdom,2009-12-10 12:57:00,2011-11-16 16:32:00,23,729,30,529,6205,337,10148.93,10,480.31,118,9668.62,338.29766666666666,4.73261713303767,5,5,5,15,555,Champions
15806,United Kingdom,2011-03-08 09:24:00,2011-10-24 14:35:00,46,276,3,31,602,24,784.58,0,0.0,0,784.58,261.5266666666667,0.0,4,3,3,10,433,Potential Loyalists
15807,United Kingdom,2010-02-11 15:32:00,2011-10-20 14:10:00,50,666,5,88,1532,85,1817.52,1,9.95,1,1807.57,363.504,0.5474492715348387,4,4,4,12,444,Champions
15808,United Kingdom,2009-12-01 16:30:00,2011-02-06 14:33:00,306,738,21,772,6753,348,17180.25,3,141.3,27,17038.95,818.1071428571429,0.8224560178111495,2,5,5,12,255,At Risk
15809,United Kingdom,2010-06-22 14:23:00,2011-11-03 16:40:00,36,535,7,58,700,51,1274.44,2,411.56,51,862.8800000000001,182.06285714285715,32.29339945387778,4,4,3,11,443,Loyal Customers
15810,United Kingdom,2010-02-04 18:18:00,2011-09-22 09:38:00,78,673,8,166,1653,89,2999.04,5,274.24,143,2724.8,374.88,9.144259496372174,4,4,4,12,444,Champions
15811,United Kingdom,2010-11-16 16:46:00,2011-11-17 15:31:00,22,388,7,272,1733,204,3392.55,3,47.3,10,3345.25,484.65000000000003,1.3942314777969371,5,4,5,14,545,Champions
15812,United Kingdom,2009-12-15 13:40:00,2011-08-24 14:19:00,107,724,12,125,3450,87,5201.47,1,15.3,18,5186.17,433.4558333333334,0.2941476159624106,3,5,5,13,355,Loyal Customers
15813,United Kingdom,2011-04-14 09:09:00,2011-05-16 08:13:00,207,239,2,40,603,40,1303.9099999999999,0,0.0,0,1303.9099999999999,651.9549999999999,0.0,2,2,4,8,224,At Risk
15814,United Kingdom,2010-04-15 14:31:00,2011-11-23 08:17:00,16,603,6,98,1728,83,2634.44,2,102.6,24,2531.84,439.0733333333333,3.8945658280317637,5,4,4,13,544,Champions
15815,United Kingdom,2011-03-25 08:43:00,2011-10-07 12:42:00,63,259,5,49,1856,33,2100.6,0,0.0,0,2100.6,420.12,0.0,4,4,4,12,444,Champions
15816,United Kingdom,2010-06-15 12:54:00,2010-06-15 13:36:00,542,542,2,11,54,11,144.15,1,50.85,3,93.30000000000001,72.075,35.27575442247659,1,2,1,4,121,Hibernating
15817,United Kingdom,2010-06-14 13:31:00,2010-10-15 11:07:00,420,543,3,152,1596,133,2766.4,0,0.0,0,2766.4,922.1333333333333,0.0,1,3,4,8,134,At Risk
15818,United Kingdom,2010-04-30 12:58:00,2010-04-30 12:58:00,588,588,1,11,284,11,340.5,0,0.0,0,340.5,340.5,0.0,1,1,2,4,112,Hibernating
15819,United Kingdom,2010-03-18 11:08:00,2011-10-21 14:50:00,49,631,10,260,2928,182,3934.79,1,23.509999999999998,15,3911.2799999999997,393.479,0.5974905903491673,4,4,5,13,445,Champions
15820,United Kingdom,2011-01-24 12:00:00,2011-01-24 12:00:00,319,319,1,17,128,17,206.98,0,0.0,0,206.98,206.98,0.0,2,1,1,4,211,Hibernating
15821,United Kingdom,2011-10-09 13:28:00,2011-10-26 15:48:00,44,61,2,62,202,57,570.96,0,0.0,0,570.96,285.48,0.0,4,2,2,8,422,Potential Loyalists
15822,United Kingdom,2009-12-06 15:12:00,2011-12-06 14:50:00,3,733,6,65,950,46,1840.06,2,42.35,8,1797.71,306.6766666666667,2.301555384063563,5,4,4,13,544,Champions
15823,United Kingdom,2009-12-08 15:12:00,2009-12-10 18:03:00,729,731,2,154,1773,154,3867.17,3,819.41,286,3047.76,1933.585,21.18887972341531,1,2,5,8,125,At Risk
15824,United Kingdom,2010-06-25 15:10:00,2010-09-12 13:20:00,453,532,2,26,478,24,890.94,0,0.0,0,890.94,445.47,0.0,1,2,3,6,123,Hibernating
15825,United Kingdom,2011-06-20 13:27:00,2011-06-20 13:27:00,172,172,1,20,220,20,532.94,0,0.0,0,532.94,532.94,0.0,3,1,2,6,312,Regular Customers
15826,United Kingdom,2010-05-20 17:00:00,2011-10-14 16:05:00,56,568,4,119,1824,100,2598.28,2,15.149999999999999,13,2583.13,649.57,0.5830780362393583,4,3,4,11,434,Potential Loyalists
15827,United Kingdom,2010-01-08 11:25:00,2011-09-27 15:35:00,73,700,28,217,1715,124,3603.14,14,356.05,74,3247.0899999999997,128.6835714285714,9.881658775401455,4,5,5,14,455,Champions
15828,United Kingdom,2010-11-29 16:41:00,2010-11-29 16:41:00,375,375,1,74,367,74,1108.82,0,0.0,0,1108.82,1108.82,0.0,1,1,3,5,113,Hibernating
15829,United Kingdom,2011-07-22 10:23:00,2011-09-01 16:45:00,99,140,2,51,996,44,636.14,0,0.0,0,636.14,318.07,0.0,3,2,3,8,323,Need Attention
15830,United Kingdom,2011-11-02 10:40:00,2011-11-02 10:40:00,37,37,1,39,415,39,576.0,1,28.3,6,547.7,576.0,4.913194444444445,4,1,2,7,412,Promising Customers
15831,United Kingdom,2011-01-19 14:52:00,2011-10-12 13:14:00,58,324,3,66,1092,63,794.64,1,54.0,8,740.64,264.88,6.795530051344005,4,3,3,10,433,Potential Loyalists
15832,United Kingdom,2011-03-30 15:29:00,2011-03-30 15:29:00,254,254,1,54,465,54,836.79,0,0.0,0,836.79,836.79,0.0,2,1,3,6,213,Hibernating
15833,United Kingdom,2009-12-02 11:59:00,2009-12-02 11:59:00,737,737,1,5,24,5,80.4,0,0.0,0,80.4,80.4,0.0,1,1,1,3,111,Hibernating
15834,United Kingdom,2010-10-11 14:05:00,2011-09-30 14:41:00,70,424,7,373,1813,332,3761.89,2,148.85,4,3613.04,537.4128571428571,3.956787678533928,4,4,5,13,445,Champions
15835,United Kingdom,2011-01-13 10:35:00,2011-10-26 15:47:00,44,330,4,50,439,47,954.09,0,0.0,0,954.09,238.5225,0.0,4,3,3,10,433,Potential Loyalists
15836,United Kingdom,2011-10-20 17:13:00,2011-10-20 17:13:00,50,50,1,10,26,10,137.37,1,19.9,2,117.47,137.37,14.486423527698914,4,1,1,6,411,Promising Customers
15837,United Kingdom,2010-08-11 10:16:00,2011-10-06 09:01:00,64,485,2,52,405,52,777.01,0,0.0,0,777.01,388.505,0.0,4,2,3,9,423,Potential Loyalists
15838,United Kingdom,2009-12-15 09:51:00,2011-11-28 14:00:00,11,724,34,206,64114,61,73205.5,3,466.57,9479,72738.93,2153.1029411764707,0.6373428226021269,5,5,5,15,555,Champions
15839,United Kingdom,2011-07-14 16:35:00,2011-11-06 13:54:00,33,148,3,62,675,56,1048.49,2,27.75,5,1020.74,349.49666666666667,2.6466632967410275,4,3,3,10,433,Potential Loyalists
15840,United Kingdom,2011-06-20 11:42:00,2011-10-12 09:08:00,58,172,2,27,396,26,355.56,1,9.9,2,345.66,177.78,2.7843401957475535,4,2,2,8,422,Potential Loyalists
15841,United Kingdom,2009-12-10 08:29:00,2011-09-28 12:15:00,72,729,9,92,2391,60,2742.41,3,25.91,17,2716.5,304.7122222222222,0.9447894370280155,4,4,4,12,444,Champions
15842,United Kingdom,2010-06-30 09:06:00,2010-11-11 14:08:00,393,527,2,25,296,24,548.8000000000001,1,20.05,8,528.7500000000001,274.40000000000003,3.653425655976676,1,2,2,5,122,Hibernating
15843,United Kingdom,2011-02-09 10:19:00,2011-02-09 10:19:00,303,303,1,8,27,8,118.95,0,0.0,0,118.95,118.95,0.0,2,1,1,4,211,Hibernating
15844,United Kingdom,2011-10-24 15:19:00,2011-10-24 15:19:00,46,46,1,11,134,11,130.73999999999998,0,0.0,0,130.73999999999998,130.73999999999998,0.0,4,1,1,6,411,Promising Customers
15845,United Kingdom,2010-01-26 14:44:00,2011-11-22 09:42:00,17,682,11,174,2128,129,4426.28,3,152.63,43,4273.65,402.3890909090909,3.448268071608665,5,5,5,15,555,Champions
15846,United Kingdom,2010-11-19 14:40:00,2010-11-19 14:40:00,385,385,1,29,79,27,107.01,0,0.0,0,107.01,107.01,0.0,1,1,1,3,111,Hibernating
15847,United Kingdom,2010-03-08 08:47:00,2011-11-01 14:41:00,38,641,5,48,643,39,822.57,0,0.0,0,822.57,164.514,0.0,4,4,3,11,443,Loyal Customers
15848,United Kingdom,2010-03-28 10:54:00,2010-03-28 10:54:00,621,621,1,34,45,34,137.99,0,0.0,0,137.99,137.99,0.0,1,1,1,3,111,Hibernating
15850,United Kingdom,2009-12-13 13:27:00,2011-11-20 14:14:00,19,726,6,311,1334,269,1006.75,0,0.0,0,1006.75,167.79166666666666,0.0,5,4,3,12,543,Loyal Customers
15851,United Kingdom,2010-07-01 12:34:00,2010-07-01 12:34:00,526,526,1,8,67,8,109.73,0,0.0,0,109.73,109.73,0.0,1,1,1,3,111,Hibernating
15852,United Kingdom,2010-07-01 10:16:00,2011-06-06 11:22:00,186,526,3,33,60,31,257.26,0,0.0,0,257.26,85.75333333333333,0.0,2,3,1,6,231,At Risk
15853,United Kingdom,2011-10-19 10:38:00,2011-10-19 10:38:00,51,51,1,30,135,29,110.8,0,0.0,0,110.8,110.8,0.0,4,1,1,6,411,Promising Customers
15854,United Kingdom,2009-12-10 12:08:00,2011-12-05 13:39:00,4,729,21,256,1691,168,5578.28,0,0.0,0,5578.28,265.6323809523809,0.0,5,5,5,15,555,Champions
15855,United Kingdom,2010-08-20 17:15:00,2011-07-26 10:20:00,136,476,6,95,712,72,1052.72,0,0.0,0,1052.72,175.45333333333335,0.0,3,4,3,10,343,Loyal Customers
15856,United Kingdom,2009-12-03 14:02:00,2011-12-05 17:09:00,4,736,52,1101,19547,383,32274.69,6,402.90000000000003,100,31871.789999999997,620.6671153846154,1.2483466146382818,5,5,5,15,555,Champions
15857,United Kingdom,2010-10-05 16:43:00,2011-11-21 12:18:00,18,430,2,24,584,21,570.48,0,0.0,0,570.48,285.24,0.0,5,2,2,9,522,Potential Loyalists
15858,United Kingdom,2009-12-10 11:42:00,2011-11-24 12:48:00,15,729,13,435,2715,273,3552.41,2,42.5,6,3509.91,273.2623076923077,1.1963709143933274,5,5,5,15,555,Champions
15859,United Kingdom,2010-10-03 12:52:00,2010-10-03 12:52:00,432,432,1,22,174,22,438.46,0,0.0,0,438.46,438.46,0.0,1,1,2,4,112,Hibernating
15860,United Kingdom,2009-12-06 12:31:00,2011-10-30 11:25:00,40,733,17,342,1258,248,2358.8,0,0.0,0,2358.8,138.75294117647059,0.0,4,5,4,13,454,Champions
15861,United Kingdom,2010-01-28 19:41:00,2011-11-27 15:59:00,12,680,12,786,3833,451,4360.9,3,183.8,13,4177.099999999999,363.4083333333333,4.2147263179618895,5,5,5,15,555,Champions
15862,United Kingdom,2009-12-17 11:33:00,2011-12-01 13:28:00,8,722,13,496,1515,416,2507.14,0,0.0,0,2507.14,192.85692307692307,0.0,5,5,4,14,554,Champions
15863,United Kingdom,2009-12-17 10:20:00,2011-11-14 12:49:00,25,722,5,77,162,74,355.1,0,0.0,0,355.1,71.02000000000001,0.0,5,4,2,11,542,Loyal Customers
15864,United Kingdom,2010-11-23 15:02:00,2011-11-17 13:32:00,22,381,7,23,1486,18,2180.76,2,166.54,148,2014.2200000000003,311.5371428571429,7.636787175113262,5,4,4,13,544,Champions
15865,United Kingdom,2010-01-05 13:58:00,2011-10-30 12:43:00,40,703,5,126,1141,119,2241.42,0,0.0,0,2241.42,448.284,0.0,4,4,4,12,444,Champions
15866,United Kingdom,2011-08-30 14:09:00,2011-08-30 14:09:00,101,101,1,43,124,43,211.89,0,0.0,0,211.89,211.89,0.0,3,1,1,5,311,Regular Customers
15867,United Kingdom,2009-12-14 15:16:00,2011-12-04 13:32:00,5,725,31,1013,4969,546,8869.87,4,89.1,17,8780.77,286.1248387096774,1.0045243053167632,5,5,5,15,555,Champions
15868,United Kingdom,2010-05-05 14:11:00,2010-05-05 14:11:00,583,583,1,4,57,4,94.53,0,0.0,0,94.53,94.53,0.0,1,1,1,3,111,Hibernating
15869,United Kingdom,2010-03-23 16:50:00,2011-03-07 17:23:00,277,626,3,34,273,29,321.11,0,0.0,0,321.11,107.03666666666668,0.0,2,3,2,7,232,At Risk
15870,United Kingdom,2010-09-19 16:22:00,2011-11-07 10:58:00,32,446,4,143,504,127,857.46,0,0.0,0,857.46,214.365,0.0,4,3,3,10,433,Potential Loyalists
15871,United Kingdom,2010-09-28 14:16:00,2010-09-28 14:16:00,437,437,1,5,5,5,33.099999999999994,0,0.0,0,33.099999999999994,33.099999999999994,0.0,1,1,1,3,111,Hibernating
15872,United Kingdom,2010-06-07 14:53:00,2011-11-25 11:55:00,14,550,4,188,467,164,729.25,0,0.0,0,729.25,182.3125,0.0,5,3,3,11,533,Potential Loyalists
15873,United Kingdom,2010-07-27 11:58:00,2010-07-28 12:41:00,499,500,4,6,1152,3,313.91999999999996,1,175.68,576,138.23999999999995,78.47999999999999,55.963302752293586,1,3,1,5,131,At Risk
15874,United Kingdom,2010-01-07 13:56:00,2011-10-07 12:31:00,63,701,21,342,5102,262,11284.76,4,149.76,48,11135.0,537.3695238095238,1.3270995572790205,4,5,5,14,455,Champions
15875,United Kingdom,2010-03-03 16:51:00,2010-03-03 16:51:00,646,646,1,23,74,18,108.52,0,0.0,0,108.52,108.52,0.0,1,1,1,3,111,Hibernating
15876,United Kingdom,2010-09-17 15:26:00,2010-10-26 18:58:00,409,448,2,11,886,11,1449.14,0,0.0,0,1449.14,724.57,0.0,1,2,4,7,124,At Risk
15877,United Kingdom,2011-11-22 11:18:00,2011-12-08 11:53:00,1,17,2,126,368,122,490.33,1,52.5,125,437.83,245.165,10.707074827157221,5,2,2,9,522,Potential Loyalists
15878,United Kingdom,2009-12-06 12:28:00,2010-05-27 12:17:00,561,733,2,51,243,47,330.77,0,0.0,0,330.77,165.385,0.0,1,2,2,5,122,Hibernating
15879,United Kingdom,2009-12-17 19:54:00,2010-10-31 16:21:00,404,722,4,179,639,171,1137.8,0,0.0,0,1137.8,284.45,0.0,1,3,3,7,133,At Risk
15880,United Kingdom,2010-12-05 13:00:00,2010-12-05 13:00:00,369,369,1,96,202,95,329.03,1,30.0,24,299.03,329.03,9.117709631340608,1,1,2,4,112,Hibernating
15881,United Kingdom,2010-12-10 13:32:00,2011-01-31 16:59:00,312,364,5,29,260,26,501.39,3,63.15,61,438.24,100.27799999999999,12.594985939089332,2,4,2,8,242,At Risk
15882,United Kingdom,2009-12-10 15:33:00,2011-05-25 11:35:00,198,729,8,58,638,48,1122.38,2,26.07,13,1096.3100000000002,140.2975,2.322742743099485,2,4,3,9,243,At Risk
15883,United Kingdom,2011-11-06 14:50:00,2011-12-07 17:05:00,2,33,2,49,223,42,396.48,0,0.0,0,396.48,198.24,0.0,5,2,2,9,522,Potential Loyalists
15884,United Kingdom,2009-12-03 18:23:00,2010-10-03 15:55:00,432,736,2,14,152,14,244.60000000000002,0,0.0,0,244.60000000000002,122.30000000000001,0.0,1,2,1,4,121,Hibernating
15885,United Kingdom,2010-01-21 12:47:00,2011-09-07 14:56:00,93,687,13,113,620,81,1921.82,5,214.25,25,1707.57,147.8323076923077,11.148286520069519,3,5,4,12,354,Loyal Customers
15886,United Kingdom,2010-04-20 15:03:00,2011-10-10 14:25:00,60,598,4,62,667,58,1052.8700000000001,0,0.0,0,1052.8700000000001,263.21750000000003,0.0,4,3,3,10,433,Potential Loyalists
15887,United Kingdom,2010-06-02 11:53:00,2010-10-29 08:36:00,406,555,3,37,605,27,1027.15,0,0.0,0,1027.15,342.3833333333334,0.0,1,3,3,7,133,At Risk
15888,United Kingdom,2010-07-01 11:51:00,2011-09-20 12:30:00,80,526,3,37,130,32,423.49,1,27.04,16,396.45,141.16333333333333,6.385038607759333,4,3,2,9,432,Potential Loyalists
15889,United Kingdom,2009-12-10 12:21:00,2011-07-06 11:10:00,156,729,8,298,793,255,1407.05,1,10.45,7,1396.6,175.88125,0.7426886038164955,3,4,4,11,344,Loyal Customers
15890,United Kingdom,2010-04-14 08:43:00,2010-11-10 12:46:00,394,604,5,10,119,10,535.65,0,0.0,0,535.65,107.13,0.0,1,4,2,7,142,At Risk
15891,United Kingdom,2011-04-27 12:35:00,2011-04-27 12:35:00,226,226,1,59,417,59,509.13,0,0.0,0,509.13,509.13,0.0,2,1,2,5,212,Hibernating
15892,United Kingdom,2010-02-08 16:23:00,2010-02-08 16:23:00,669,669,1,38,46,38,128.2,0,0.0,0,128.2,128.2,0.0,1,1,1,3,111,Hibernating
15893,United Kingdom,2010-08-15 11:12:00,2010-08-15 11:12:00,481,481,1,1,288,1,305.28000000000003,0,0.0,0,305.28000000000003,305.28000000000003,0.0,1,1,2,4,112,Hibernating
15894,United Kingdom,2010-12-05 14:06:00,2011-03-31 13:50:00,253,369,2,36,163,34,257.6,0,0.0,0,257.6,128.8,0.0,2,2,1,5,221,Hibernating
15895,United Kingdom,2011-07-13 10:27:00,2011-07-13 10:27:00,149,149,1,11,94,11,179.17,0,0.0,0,179.17,179.17,0.0,3,1,1,5,311,Regular Customers
15897,United Kingdom,2011-05-29 13:32:00,2011-05-29 13:50:00,194,194,2,22,223,17,208.59,0,0.0,0,208.59,104.295,0.0,2,2,1,5,221,Hibernating
15898,United Kingdom,2009-12-11 16:11:00,2011-12-08 15:23:00,1,728,25,618,2157,280,4992.7,4,61.95,17,4930.75,199.708,1.2408115849139745,5,5,5,15,555,Champions
15899,United Kingdom,2010-12-06 10:36:00,2010-12-06 10:36:00,368,368,1,4,39,4,56.25,0,0.0,0,56.25,56.25,0.0,1,1,1,3,111,Hibernating
15900,United Kingdom,2010-05-26 11:27:00,2011-11-16 12:19:00,23,562,4,126,656,100,886.57,1,9.9,2,876.6700000000001,221.6425,1.1166630948486866,5,3,3,11,533,Potential Loyalists
15901,United Kingdom,2010-06-14 12:39:00,2011-11-23 12:43:00,16,543,6,160,686,144,667.89,0,0.0,0,667.89,111.315,0.0,5,4,3,12,543,Loyal Customers
15902,United Kingdom,2010-11-24 16:57:00,2010-11-24 16:57:00,380,380,1,18,124,18,145.01,0,0.0,0,145.01,145.01,0.0,1,1,1,3,111,Hibernating
15903,United Kingdom,2010-01-14 10:57:00,2011-11-30 08:08:00,9,694,12,116,3926,58,8939.84,3,80.02,9,8859.82,744.9866666666667,0.8950943193614203,5,5,5,15,555,Champions
15904,United Kingdom,2011-12-01 14:50:00,2011-12-01 14:50:00,8,8,1,30,84,30,164.68,0,0.0,0,164.68,164.68,0.0,5,1,1,7,511,New Customers
15905,United Kingdom,2010-06-14 16:00:00,2010-06-14 16:00:00,543,543,1,22,82,22,114.69,0,0.0,0,114.69,114.69,0.0,1,1,1,3,111,Hibernating
15906,United Kingdom,2010-09-15 12:17:00,2011-11-20 12:24:00,19,450,10,201,749,143,2530.19,2,87.75,9,2442.44,253.019,3.4681189950161846,5,4,4,13,544,Champions
15907,United Kingdom,2011-05-13 13:01:00,2011-12-06 12:21:00,3,210,3,225,477,174,881.87,0,0.0,0,881.87,293.95666666666665,0.0,5,3,3,11,533,Potential Loyalists
15908,United Kingdom,2010-07-15 19:21:00,2010-08-06 11:56:00,490,512,2,40,173,37,758.62,0,0.0,0,758.62,379.31,0.0,1,2,3,6,123,Hibernating
15909,United Kingdom,2011-06-19 10:38:00,2011-06-19 10:38:00,173,173,1,7,98,7,191.94,0,0.0,0,191.94,191.94,0.0,3,1,1,5,311,Regular Customers
15910,United Kingdom,2010-01-21 11:51:00,2011-12-09 10:51:00,0,687,15,620,2158,394,2661.17,0,0.0,0,2661.17,177.41133333333335,0.0,5,5,4,14,554,Champions
15911,United Kingdom,2009-12-09 13:26:00,2010-03-26 12:06:00,623,730,8,256,784,161,1683.79,0,0.0,0,1683.79,210.47375,0.0,1,4,4,9,144,At Risk
15912,United Kingdom,2009-12-10 12:58:00,2011-06-14 14:29:00,178,729,9,95,759,83,1074.7,0,0.0,0,1074.7,119.41111111111111,0.0,3,4,3,10,343,Loyal Customers
15913,United Kingdom,2010-06-23 16:31:00,2010-06-23 16:31:00,534,534,1,1,3,1,6.300000000000001,0,0.0,0,6.300000000000001,6.300000000000001,0.0,1,1,1,3,111,Hibernating
15914,United Kingdom,2010-11-26 16:09:00,2010-11-26 16:10:00,378,378,2,13,149,13,205.99,0,0.0,0,205.99,102.995,0.0,1,2,1,4,121,Hibernating
15915,United Kingdom,2010-11-03 11:13:00,2010-11-03 11:13:00,401,401,1,112,413,104,364.24,0,0.0,0,364.24,364.24,0.0,1,1,2,4,112,Hibernating
15916,United Kingdom,2009-12-10 16:21:00,2011-11-23 13:46:00,16,729,13,306,1618,227,3145.24,4,131.2,18,3014.04,241.94153846153844,4.171382787958947,5,5,5,15,555,Champions
15917,United Kingdom,2009-12-02 14:55:00,2011-04-06 10:40:00,247,737,5,142,248,127,530.17,0,0.0,0,530.17,106.03399999999999,0.0,2,4,2,8,242,At Risk
15918,United Kingdom,2010-03-18 11:40:00,2011-06-02 11:42:00,190,631,3,61,240,49,582.88,0,0.0,0,582.88,194.29333333333332,0.0,2,3,2,7,232,At Risk
15919,United Kingdom,2010-12-06 11:26:00,2011-11-20 11:28:00,19,368,2,122,385,103,525.6899999999999,0,0.0,0,525.6899999999999,262.84499999999997,0.0,5,2,2,9,522,Potential Loyalists
15920,United Kingdom,2009-12-14 13:09:00,2011-07-08 15:25:00,154,725,8,105,233,92,565.19,0,0.0,0,565.19,70.64875,0.0,3,4,2,9,342,Loyal Customers
15921,United Kingdom,2010-03-09 11:03:00,2011-06-20 11:03:00,172,640,4,77,333,68,765.61,0,0.0,0,765.61,191.4025,0.0,3,3,3,9,333,Need Attention
15922,United Kingdom,2010-12-01 13:51:00,2010-12-01 13:51:00,373,373,1,11,138,11,369.5,1,5.9,2,363.6,369.5,1.5967523680649527,1,1,2,4,112,Hibernating
15923,United Kingdom,2010-12-02 12:16:00,2010-12-02 12:16:00,372,372,1,21,122,21,127.08,0,0.0,0,127.08,127.08,0.0,1,1,1,3,111,Hibernating
15924,United Kingdom,2009-12-08 15:00:00,2009-12-08 15:00:00,731,731,1,15,103,14,102.82,0,0.0,0,102.82,102.82,0.0,1,1,1,3,111,Hibernating
15925,United Kingdom,2011-05-29 15:35:00,2011-05-29 15:35:00,194,194,1,12,93,12,207.15,0,0.0,0,207.15,207.15,0.0,2,1,1,4,211,Hibernating
15926,United Kingdom,2010-06-15 15:23:00,2010-06-15 15:23:00,542,542,1,7,155,7,134.44,0,0.0,0,134.44,134.44,0.0,1,1,1,3,111,Hibernating
15927,United Kingdom,2010-03-02 13:25:00,2010-03-02 13:25:00,647,647,1,15,66,13,106.54,0,0.0,0,106.54,106.54,0.0,1,1,1,3,111,Hibernating
15928,United Kingdom,2010-02-21 15:16:00,2010-02-21 15:16:00,656,656,1,11,164,11,293.53,0,0.0,0,293.53,293.53,0.0,1,1,2,4,112,Hibernating
15929,United Kingdom,2010-03-05 14:56:00,2010-03-05 14:56:00,644,644,1,1,120,1,594.0,0,0.0,0,594.0,594.0,0.0,1,1,3,5,113,Hibernating
15930,United Kingdom,2011-10-03 14:52:00,2011-10-03 14:52:00,67,67,1,21,139,21,426.63,0,0.0,0,426.63,426.63,0.0,4,1,2,7,412,Promising Customers
15931,United Kingdom,2010-10-07 16:46:00,2010-10-07 16:46:00,428,428,1,14,118,14,239.9,0,0.0,0,239.9,239.9,0.0,1,1,1,3,111,Hibernating
15932,United Kingdom,2011-02-23 14:50:00,2011-12-05 17:13:00,4,289,8,115,2325,93,2495.87,3,34.019999999999996,14,2461.85,311.98375,1.3630517615100144,5,4,4,13,544,Champions
15933,United Kingdom,2011-09-14 12:05:00,2011-11-18 13:14:00,21,86,3,74,885,63,1107.46,0,0.0,0,1107.46,369.15333333333336,0.0,5,3,3,11,533,Potential Loyalists
15934,United Kingdom,2010-10-06 12:08:00,2010-10-18 10:13:00,417,429,2,29,2166,29,2190.66,0,0.0,0,2190.66,1095.33,0.0,1,2,4,7,124,At Risk
15935,United Kingdom,2011-04-14 13:27:00,2011-04-14 13:27:00,239,239,1,11,114,11,108.03999999999999,1,308.82,286,-200.78,108.03999999999999,285.83857830433175,2,1,1,4,211,Hibernating
15936,United Kingdom,2010-08-29 11:42:00,2010-11-25 16:39:00,379,467,2,19,211,16,282.79,0,0.0,0,282.79,141.395,0.0,1,2,2,5,122,Hibernating
15937,United Kingdom,2011-10-06 15:48:00,2011-10-06 15:48:00,64,64,1,7,73,7,145.35000000000002,0,0.0,0,145.35000000000002,145.35000000000002,0.0,4,1,1,6,411,Promising Customers
15938,United Kingdom,2010-06-01 09:42:00,2011-08-19 12:56:00,112,556,9,39,449,27,734.8100000000001,0,0.0,0,734.8100000000001,81.64555555555556,0.0,3,4,3,10,343,Loyal Customers
15939,United Kingdom,2010-11-30 12:07:00,2011-09-11 11:30:00,89,374,15,153,6227,50,9004.84,1,12.75,3,8992.09,600.3226666666667,0.14159052243015977,4,5,5,14,455,Champions
15940,United Kingdom,2011-02-01 16:18:00,2011-02-01 16:18:00,311,311,1,1,4,1,35.8,1,31.8,4,3.9999999999999964,35.8,88.82681564245812,2,1,1,4,211,Hibernating
15941,United Kingdom,2010-03-12 14:45:00,2010-03-12 14:45:00,637,637,1,6,60,6,405.0,1,174.4,32,230.6,405.0,43.061728395061735,1,1,1,3,111,Hibernating
15942,United Kingdom,2011-07-29 09:01:00,2011-07-29 09:01:00,133,133,1,14,232,14,337.44,0,0.0,0,337.44,337.44,0.0,3,1,2,6,312,Regular Customers
15943,United Kingdom,2010-01-31 11:04:00,2010-02-28 12:49:00,649,677,2,12,183,12,271.28999999999996,0,0.0,0,271.28999999999996,135.64499999999998,0.0,1,2,1,4,121,Hibernating
15944,United Kingdom,2009-12-13 12:57:00,2011-03-08 10:33:00,276,726,4,38,859,25,2164.24,0,0.0,0,2164.24,541.06,0.0,2,3,4,9,234,At Risk
15945,United Kingdom,2009-12-01 13:47:00,2010-12-09 13:14:00,365,738,4,28,345,24,646.27,0,0.0,0,646.27,161.5675,0.0,2,3,3,8,233,At Risk
15946,United Kingdom,2010-03-16 10:49:00,2010-07-25 12:18:00,502,633,3,26,1614,25,2304.18,0,0.0,0,2304.18,768.06,0.0,1,3,4,8,134,At Risk
15947,United Kingdom,2011-09-18 10:46:00,2011-09-18 10:46:00,82,82,1,29,898,29,1708.24,0,0.0,0,1708.24,1708.24,0.0,4,1,4,9,414,Promising Customers
15948,United Kingdom,2010-10-11 12:16:00,2011-12-01 15:32:00,8,424,3,95,852,63,1509.0900000000001,0,0.0,0,1509.0900000000001,503.03000000000003,0.0,5,3,4,12,534,Potential Loyalists
15949,United Kingdom,2011-09-29 17:34:00,2011-11-23 09:09:00,16,71,2,19,284,12,364.72,0,0.0,0,364.72,182.36,0.0,5,2,2,9,522,Potential Loyalists
15950,United Kingdom,2010-01-26 11:39:00,2011-11-08 11:09:00,31,682,10,393,3354,225,7120.91,3,242.20000000000002,54,6878.71,712.091,3.401250682848119,4,4,5,13,445,Champions
15951,United Kingdom,2010-11-23 18:20:00,2011-12-01 08:34:00,8,381,3,59,420,44,1013.1700000000001,1,38.650000000000006,7,974.5200000000001,337.72333333333336,3.8147596158591353,5,3,3,11,533,Potential Loyalists
15952,United Kingdom,2011-04-28 12:55:00,2011-11-06 11:18:00,33,225,4,84,391,65,781.91,0,0.0,0,781.91,195.4775,0.0,4,3,3,10,433,Potential Loyalists
15953,United Kingdom,2009-12-03 14:00:00,2011-11-24 15:32:00,15,736,18,167,1741,102,3440.34,3,144.85,103,3295.4900000000002,191.13,4.210339675729724,5,5,5,15,555,Champions
15954,United Kingdom,2010-04-29 13:35:00,2010-04-29 13:35:00,589,589,1,19,118,19,187.8,0,0.0,0,187.8,187.8,0.0,1,1,1,3,111,Hibernating
15955,United Kingdom,2010-02-23 16:36:00,2011-11-15 14:15:00,24,654,22,342,3967,222,8085.9800000000005,3,35.75,15,8050.2300000000005,367.54454545454547,0.4421232800476875,5,5,5,15,555,Champions
15956,United Kingdom,2009-12-13 11:16:00,2010-06-06 13:06:00,551,726,2,18,278,18,617.6,0,0.0,0,617.6,308.8,0.0,1,2,3,6,123,Hibernating
15957,United Kingdom,2010-10-15 12:11:00,2011-11-08 12:14:00,31,420,3,146,453,121,921.25,0,0.0,0,921.25,307.0833333333333,0.0,4,3,3,10,433,Potential Loyalists
15958,United Kingdom,2010-06-07 10:59:00,2011-09-26 13:41:00,74,550,4,65,154,50,462.12,0,0.0,0,462.12,115.53,0.0,4,3,2,9,432,Potential Loyalists
15959,United Kingdom,2010-01-26 16:19:00,2010-01-26 16:38:00,682,682,3,71,269,58,542.89,0,0.0,0,542.89,180.96333333333334,0.0,1,3,2,6,132,At Risk
15960,United Kingdom,2010-09-30 15:50:00,2010-11-30 15:57:00,374,435,4,26,258,24,410.95,1,16.95,1,394.0,102.7375,4.124589366102932,1,3,2,6,132,At Risk
15961,United Kingdom,2010-11-25 15:59:00,2010-11-25 15:59:00,379,379,1,42,154,42,451.28999999999996,0,0.0,0,451.28999999999996,451.28999999999996,0.0,1,1,2,4,112,Hibernating
15962,United Kingdom,2010-09-16 13:48:00,2010-09-16 13:48:00,449,449,1,55,228,43,289.48,0,0.0,0,289.48,289.48,0.0,1,1,2,4,112,Hibernating
15963,United Kingdom,2011-10-25 13:05:00,2011-11-20 11:33:00,19,45,2,28,298,26,470.76,0,0.0,0,470.76,235.38,0.0,5,2,2,9,522,Potential Loyalists
15964,United Kingdom,2010-02-14 15:30:00,2010-02-14 15:30:00,663,663,1,20,93,20,269.21000000000004,0,0.0,0,269.21000000000004,269.21000000000004,0.0,1,1,1,3,111,Hibernating
15965,United Kingdom,2009-12-03 11:45:00,2011-11-22 16:44:00,17,736,13,332,1313,202,2771.94,1,13.75,5,2758.19,213.22615384615386,0.49604248288202485,5,5,4,14,554,Champions
15966,United Kingdom,2010-09-15 10:44:00,2010-09-15 10:44:00,450,450,1,27,275,27,426.53,1,26.95,7,399.58,426.53,6.318430122148501,1,1,2,4,112,Hibernating
15967,United Kingdom,2009-12-01 13:29:00,2011-11-16 15:41:00,23,738,12,480,1183,316,2966.0,1,22.4,4,2943.6,247.16666666666666,0.7552258934592043,5,5,5,15,555,Champions
15968,United Kingdom,2010-11-16 13:04:00,2010-11-16 13:04:00,388,388,1,79,242,69,401.8,0,0.0,0,401.8,401.8,0.0,1,1,2,4,112,Hibernating
15969,United Kingdom,2010-07-05 13:10:00,2011-12-07 11:06:00,2,522,5,35,223,31,1127.05,1,83.2,4,1043.85,225.41,7.382103722106384,5,4,3,12,543,Loyal Customers
15970,United Kingdom,2010-04-20 11:30:00,2011-02-09 12:08:00,303,598,2,24,498,19,1017.3199999999999,0,0.0,0,1017.3199999999999,508.65999999999997,0.0,2,2,3,7,223,Hibernating
15971,United Kingdom,2009-12-08 09:46:00,2011-11-22 12:50:00,17,731,18,41,2250,11,5897.88,2,972.4,296,4925.4800000000005,327.66,16.48728017524941,5,5,5,15,555,Champions
15972,United Kingdom,2010-04-18 14:06:00,2010-09-09 13:20:00,456,600,5,139,468,104,1769.33,0,0.0,0,1769.33,353.866,0.0,1,4,4,9,144,At Risk
15973,United Kingdom,2010-10-07 08:33:00,2010-12-08 11:42:00,366,428,2,10,194,7,665.62,2,208.04999999999998,19,457.57000000000005,332.81,31.25657281932634,1,2,2,5,122,Hibernating
15974,United Kingdom,2011-02-24 10:10:00,2011-10-31 13:13:00,39,288,7,176,2262,141,3442.15,1,12.6,6,3429.55,491.7357142857143,0.3660502883372311,4,4,5,13,445,Champions
15975,United Kingdom,2011-09-16 13:33:00,2011-09-16 13:33:00,84,84,1,24,243,24,371.01,0,0.0,0,371.01,371.01,0.0,4,1,2,7,412,Promising Customers
15976,United Kingdom,2010-06-06 14:01:00,2011-06-27 13:00:00,165,551,6,376,1044,264,1680.31,0,0.0,0,1680.31,280.0516666666667,0.0,3,4,4,11,344,Loyal Customers
15977,United Kingdom,2011-10-31 16:24:00,2011-11-22 13:29:00,17,39,2,65,1016,48,1054.73,0,0.0,0,1054.73,527.365,0.0,5,2,3,10,523,Potential Loyalists
15978,United Kingdom,2010-03-05 14:39:00,2011-09-23 15:21:00,77,644,3,129,2444,107,3279.42,2,6.8,4,3272.62,1093.14,0.20735373938074414,4,3,5,12,435,Potential Loyalists
15979,United Kingdom,2010-04-16 11:35:00,2010-04-16 11:35:00,602,602,1,22,450,22,329.21999999999997,0,0.0,0,329.21999999999997,329.21999999999997,0.0,1,1,2,4,112,Hibernating
15980,United Kingdom,2010-06-01 14:40:00,2011-09-12 09:41:00,88,556,7,115,4822,101,6543.68,2,47.4,36,6496.280000000001,934.8114285714286,0.7243630495378747,4,4,5,13,445,Champions
15981,United Kingdom,2010-03-29 10:07:00,2011-11-15 08:00:00,24,620,21,288,4827,151,9362.77,5,78.7,48,9284.07,445.8461904761905,0.8405632093920923,5,5,5,15,555,Champions
15982,United Kingdom,2010-04-13 15:47:00,2010-04-13 15:47:00,605,605,1,45,131,45,324.51,0,0.0,0,324.51,324.51,0.0,1,1,2,4,112,Hibernating
15983,United Kingdom,2009-12-06 12:52:00,2011-11-17 17:34:00,22,733,8,258,1872,137,3110.37,0,0.0,0,3110.37,388.79625,0.0,5,4,5,14,545,Champions
15984,United Kingdom,2009-12-01 13:38:00,2011-12-07 12:16:00,2,738,30,700,5730,458,8393.02,2,88.2,20,8304.82,279.76733333333334,1.0508732256088988,5,5,5,15,555,Champions
15985,United Kingdom,2010-05-27 15:51:00,2011-08-08 16:31:00,123,561,7,104,2750,50,2715.28,1,105.0,250,2610.28,387.8971428571429,3.8670045078223976,3,4,4,11,344,Loyal Customers
15986,United Kingdom,2010-11-23 10:02:00,2011-11-09 15:17:00,30,381,2,25,368,25,354.42,0,0.0,0,354.42,177.21,0.0,5,2,2,9,522,Potential Loyalists
15987,United Kingdom,2010-11-25 12:56:00,2011-11-27 15:38:00,12,379,8,169,1599,143,1535.99,0,0.0,0,1535.99,191.99875,0.0,5,4,4,13,544,Champions
15988,United Kingdom,2010-02-21 11:36:00,2011-11-20 13:23:00,19,656,3,119,474,113,736.39,0,0.0,0,736.39,245.46333333333334,0.0,5,3,3,11,533,Potential Loyalists
15989,United Kingdom,2009-12-02 15:51:00,2010-11-29 12:03:00,375,737,2,86,169,81,368.31,0,0.0,0,368.31,184.155,0.0,1,2,2,5,122,Hibernating
15990,United Kingdom,2010-02-28 12:30:00,2011-10-26 15:58:00,44,649,7,177,1086,117,1997.75,0,0.0,0,1997.75,285.39285714285717,0.0,4,4,4,12,444,Champions
15991,United Kingdom,2010-06-23 15:50:00,2010-06-23 15:50:00,534,534,1,6,41,6,150.55,0,0.0,0,150.55,150.55,0.0,1,1,1,3,111,Hibernating
15992,United Kingdom,2010-09-12 11:52:00,2011-12-06 11:00:00,3,453,3,54,514,53,896.6,0,0.0,0,896.6,298.8666666666667,0.0,5,3,3,11,533,Potential Loyalists
15993,United Kingdom,2011-10-26 16:21:00,2011-12-01 10:45:00,8,44,7,542,2031,334,2768.97,3,40.75,9,2728.22,395.5671428571428,1.4716663596933157,5,4,4,13,544,Champions
15994,United Kingdom,2010-03-14 11:55:00,2011-10-16 12:28:00,54,635,3,108,462,93,1175.68,2,3.34,2,1172.3400000000001,391.8933333333334,0.28409090909090906,4,3,3,10,433,Potential Loyalists
15995,United Kingdom,2010-10-21 13:57:00,2010-10-21 13:57:00,414,414,1,110,352,108,694.54,0,0.0,0,694.54,694.54,0.0,1,1,3,5,113,Hibernating
15996,United Kingdom,2010-11-07 15:49:00,2011-09-12 15:14:00,88,397,7,173,643,140,1386.4,1,15.9,2,1370.5,198.05714285714288,1.1468551644547027,4,4,4,12,444,Champions
15998,United Kingdom,2009-12-01 11:45:00,2011-11-03 12:45:00,36,738,16,1425,5350,682,8274.14,5,87.95,19,8186.19,517.13375,1.0629503489184375,4,5,5,14,455,Champions
15999,United Kingdom,2009-12-04 12:31:00,2009-12-04 12:31:00,735,735,1,1,24,1,20.4,0,0.0,0,20.4,20.4,0.0,1,1,1,3,111,Hibernating
16000,United Kingdom,2011-12-07 12:14:00,2011-12-07 12:17:00,2,2,3,9,5110,9,12393.7,0,0.0,0,12393.7,4131.233333333334,0.0,5,3,5,13,535,Potential Loyalists
16001,United Kingdom,2010-11-23 17:10:00,2010-11-23 17:10:00,381,381,1,29,337,29,583.39,1,64.33,32,519.06,583.39,11.02692881262963,1,1,2,4,112,Hibernating
16002,United Kingdom,2010-03-24 13:08:00,2010-03-24 13:08:00,625,625,1,42,70,42,169.21,0,0.0,0,169.21,169.21,0.0,1,1,1,3,111,Hibernating
16003,United Kingdom,2009-12-03 18:51:00,2011-11-10 09:57:00,29,736,10,203,2210,146,5613.83,0,0.0,0,5613.83,561.383,0.0,5,4,5,14,545,Champions
16004,United Kingdom,2010-01-25 13:56:00,2010-08-22 11:48:00,474,683,5,90,1076,63,2146.39,0,0.0,0,2146.39,429.27799999999996,0.0,1,4,4,9,144,At Risk
16005,United Kingdom,2010-09-15 13:21:00,2011-11-27 13:47:00,12,450,10,483,1267,314,2365.07,1,32.45,11,2332.6200000000003,236.507,1.3720524128249902,5,4,4,13,544,Champions
16006,United Kingdom,2010-11-17 12:03:00,2011-05-12 13:12:00,211,387,2,78,205,75,332.82,0,0.0,0,332.82,166.41,0.0,2,2,2,6,222,Hibernating
16007,United Kingdom,2010-06-14 13:18:00,2011-10-23 11:05:00,47,543,7,657,2631,337,3053.06,0,0.0,0,3053.06,436.15142857142854,0.0,4,4,5,13,445,Champions
16008,United Kingdom,2010-03-19 11:07:00,2011-11-16 10:32:00,23,630,15,253,3237,63,5339.13,0,0.0,0,5339.13,355.942,0.0,5,5,5,15,555,Champions
16009,United Kingdom,2011-07-03 11:26:00,2011-11-17 16:51:00,22,159,4,82,366,68,972.11,0,0.0,0,972.11,243.0275,0.0,5,3,3,11,533,Potential Loyalists
16010,United Kingdom,2010-10-24 10:54:00,2011-04-08 10:14:00,245,411,11,289,919,122,1694.86,1,1.95,1,1692.9099999999999,154.0781818181818,0.11505375075227453,2,5,4,11,254,At Risk
16011,United Kingdom,2009-12-01 12:02:00,2011-12-01 16:31:00,8,738,29,424,3321,180,5599.31,1,13.45,3,5585.860000000001,193.0796551724138,0.24020816850647667,5,5,5,15,555,Champions
16012,United Kingdom,2010-06-28 11:39:00,2011-11-04 13:25:00,35,529,5,239,1760,207,2978.59,0,0.0,0,2978.59,595.7180000000001,0.0,4,4,5,13,445,Champions
16013,United Kingdom,2009-12-08 10:24:00,2011-12-06 10:36:00,3,731,84,216,25520,54,56078.44,7,4462.8,1911,51615.64,667.6004761904762,7.9581386358108395,5,5,5,15,555,Champions
16014,United Kingdom,2010-01-31 12:43:00,2011-11-02 12:04:00,37,677,5,275,462,219,1100.28,1,9.25,4,1091.03,220.05599999999998,0.8406950957937979,4,4,3,11,443,Loyal Customers
16015,United Kingdom,2011-10-21 12:56:00,2011-12-06 10:58:00,3,49,3,180,906,145,704.26,1,14.850000000000001,3,689.41,234.75333333333333,2.1085962570641525,5,3,3,11,533,Potential Loyalists
16016,United Kingdom,2010-11-02 13:27:00,2011-12-06 14:35:00,3,402,11,297,881,181,2083.4,3,30.4,5,2053.0,189.4,1.459153307094173,5,5,4,14,554,Champions
16017,United Kingdom,2010-01-05 12:06:00,2011-10-23 12:56:00,47,703,5,130,635,99,1545.58,0,0.0,0,1545.58,309.116,0.0,4,4,4,12,444,Champions
16018,United Kingdom,2009-12-07 13:57:00,2011-10-31 14:13:00,39,732,4,56,503,48,698.13,0,0.0,0,698.13,174.5325,0.0,4,3,3,10,433,Potential Loyalists
16019,United Kingdom,2009-12-14 14:12:00,2011-10-24 11:51:00,46,725,27,403,6959,256,17329.16,8,825.7,349,16503.46,641.8207407407407,4.764801063640708,4,5,5,14,455,Champions
16020,United Kingdom,2011-10-05 13:54:00,2011-11-23 11:18:00,16,65,3,46,487,42,851.01,0,0.0,0,851.01,283.67,0.0,5,3,3,11,533,Potential Loyalists
16021,United Kingdom,2010-06-13 11:05:00,2010-11-09 14:48:00,395,544,2,126,276,117,487.03,0,0.0,0,487.03,243.515,0.0,1,2,2,5,122,Hibernating
16022,United Kingdom,2011-03-24 13:16:00,2011-03-24 13:16:00,260,260,1,71,255,68,602.63,0,0.0,0,602.63,602.63,0.0,2,1,3,6,213,Hibernating
16023,United Kingdom,2011-03-18 13:32:00,2011-10-24 16:34:00,46,266,3,101,358,90,719.81,0,0.0,0,719.81,239.93666666666664,0.0,4,3,3,10,433,Potential Loyalists
16024,United Kingdom,2010-10-24 11:40:00,2011-11-27 13:26:00,12,411,3,83,484,77,478.71,0,0.0,0,478.71,159.57,0.0,5,3,2,10,532,Potential Loyalists
16025,United Kingdom,2011-11-10 11:45:00,2011-11-10 11:45:00,29,29,1,28,338,28,439.65999999999997,0,0.0,0,439.65999999999997,439.65999999999997,0.0,5,1,2,8,512,New Customers
16026,United Kingdom,2011-10-27 13:53:00,2011-10-27 13:53:00,43,43,1,32,243,30,236.09,0,0.0,0,236.09,236.09,0.0,4,1,1,6,411,Promising Customers
16027,United Kingdom,2010-01-08 13:21:00,2011-09-09 10:47:00,91,700,15,35,2099,20,2048.36,2,166.01999999999998,78,1882.3400000000001,136.55733333333333,8.10502060184733,3,5,4,12,354,Loyal Customers
16028,United Kingdom,2010-04-23 11:45:00,2010-04-23 11:45:00,595,595,1,5,18,5,82.2,0,0.0,0,82.2,82.2,0.0,1,1,1,3,111,Hibernating
16029,United Kingdom,2009-12-08 11:23:00,2011-11-01 10:27:00,38,731,106,369,54449,56,109620.87,6,12554.16,6444,97066.70999999999,1034.159150943396,11.452344795293087,4,5,5,14,455,Champions
16030,United Kingdom,2011-02-03 11:28:00,2011-02-03 11:28:00,309,309,1,29,283,28,331.24,0,0.0,0,331.24,331.24,0.0,2,1,2,5,212,Hibernating
16031,United Kingdom,2011-04-06 14:23:00,2011-09-08 13:07:00,92,247,2,98,421,91,547.9,0,0.0,0,547.9,273.95,0.0,3,2,2,7,322,Need Attention
16032,United Kingdom,2010-07-04 13:31:00,2010-09-09 18:00:00,456,523,6,210,1467,130,1965.72,0,0.0,0,1965.72,327.62,0.0,1,4,4,9,144,At Risk
16033,United Kingdom,2010-08-11 16:44:00,2011-12-04 12:44:00,5,485,27,1359,4200,605,10608.81,9,143.74,36,10465.07,392.9188888888889,1.3549116253378088,5,5,5,15,555,Champions
16034,United Kingdom,2010-10-26 13:00:00,2011-05-27 16:17:00,196,409,6,56,585,43,911.32,1,2.95,1,908.37,151.88666666666668,0.3237062722205153,2,4,3,9,243,At Risk
16035,United Kingdom,2010-05-28 15:09:00,2010-05-28 15:09:00,560,560,1,21,33,21,217.73,0,0.0,0,217.73,217.73,0.0,1,1,1,3,111,Hibernating
16036,United Kingdom,2010-03-29 14:47:00,2011-09-13 14:53:00,87,620,4,140,1369,120,2556.84,0,0.0,0,2556.84,639.21,0.0,4,3,4,11,434,Potential Loyalists
16037,United Kingdom,2010-03-01 12:31:00,2011-03-15 09:13:00,269,648,5,71,766,62,1509.3400000000001,2,19.9,2,1489.44,301.86800000000005,1.3184570739528534,2,4,4,10,244,At Risk
16038,United Kingdom,2011-05-22 11:29:00,2011-12-02 12:40:00,7,201,3,26,244,24,471.78,1,17.45,3,454.33,157.26,3.6987578956293192,5,3,2,10,532,Potential Loyalists
16039,United Kingdom,2010-03-21 15:17:00,2010-10-12 10:44:00,423,628,2,32,409,27,456.4,1,6.75,1,449.65,228.2,1.478965819456617,1,2,2,5,122,Hibernating
16040,United Kingdom,2010-04-09 10:12:00,2011-10-05 13:47:00,65,609,7,125,1185,95,2416.9,1,33.2,24,2383.7000000000003,345.2714285714286,1.3736604741611156,4,4,4,12,444,Champions
16041,United Kingdom,2011-07-21 16:27:00,2011-11-09 12:25:00,30,141,3,6,1584,6,3166.4,0,0.0,0,3166.4,1055.4666666666667,0.0,5,3,5,13,535,Potential Loyalists
16042,United Kingdom,2010-09-12 12:00:00,2011-11-17 17:50:00,22,453,8,129,1430,88,2245.32,3,62.22,13,2183.1000000000004,280.665,2.7710972155416598,5,4,4,13,544,Champions
16043,United Kingdom,2010-08-15 11:26:00,2011-11-02 12:50:00,37,481,8,73,1011,56,1856.5900000000001,0,0.0,0,1856.5900000000001,232.07375000000002,0.0,4,4,4,12,444,Champions
16044,United Kingdom,2010-09-30 18:12:00,2010-09-30 18:12:00,435,435,1,19,170,19,340.84000000000003,0,0.0,0,340.84000000000003,340.84000000000003,0.0,1,1,2,4,112,Hibernating
16045,United Kingdom,2010-07-29 12:50:00,2011-08-12 12:41:00,119,498,8,148,2108,111,3434.93,1,247.9,166,3187.0299999999997,429.36625,7.217032079256347,3,4,5,12,345,Loyal Customers
16046,United Kingdom,2010-05-26 13:18:00,2010-05-26 13:18:00,562,562,1,22,248,22,235.78,0,0.0,0,235.78,235.78,0.0,1,1,1,3,111,Hibernating
16048,United Kingdom,2010-06-08 12:36:00,2010-12-01 15:28:00,373,549,4,36,425,30,818.7900000000001,2,18.7,2,800.09,204.69750000000002,2.2838578878589133,1,3,3,7,133,At Risk
16049,United Kingdom,2010-07-11 13:53:00,2011-10-30 13:19:00,40,516,6,485,1132,383,1852.15,0,0.0,0,1852.15,308.69166666666666,0.0,4,4,4,12,444,Champions
16050,United Kingdom,2010-11-03 15:55:00,2011-06-19 11:44:00,173,401,3,21,388,19,300.7,0,0.0,0,300.7,100.23333333333333,0.0,3,3,2,8,332,Need Attention
16051,United Kingdom,2010-01-27 09:38:00,2010-01-27 09:38:00,681,681,1,12,80,12,188.44,0,0.0,0,188.44,188.44,0.0,1,1,1,3,111,Hibernating
16052,United Kingdom,2011-10-16 15:13:00,2011-10-16 15:13:00,54,54,1,34,282,34,362.06,0,0.0,0,362.06,362.06,0.0,4,1,2,7,412,Promising Customers
16053,United Kingdom,2010-04-08 11:11:00,2011-11-07 11:21:00,32,610,6,194,3067,169,3634.84,2,28.7,6,3606.1400000000003,605.8066666666667,0.7895808343696008,4,4,5,13,445,Champions
16054,United Kingdom,2010-04-01 18:37:00,2011-07-17 13:08:00,145,617,4,122,791,109,2111.88,3,21.2,12,2090.6800000000003,527.97,1.003844915430801,3,3,4,10,334,Need Attention
16055,United Kingdom,2011-05-03 09:26:00,2011-05-03 09:26:00,220,220,1,8,22,8,134.8,0,0.0,0,134.8,134.8,0.0,2,1,1,4,211,Hibernating
16056,United Kingdom,2011-10-25 15:19:00,2011-10-25 15:19:00,45,45,1,66,345,66,650.75,0,0.0,0,650.75,650.75,0.0,4,1,3,8,413,Promising Customers
16057,United Kingdom,2010-01-07 17:11:00,2011-11-23 15:23:00,16,701,10,218,1691,175,3854.85,7,652.78,259,3202.0699999999997,385.485,16.933992243537364,5,4,5,14,545,Champions
16058,United Kingdom,2010-10-29 16:48:00,2010-10-29 16:48:00,406,406,1,2,18,2,62.7,0,0.0,0,62.7,62.7,0.0,1,1,1,3,111,Hibernating
16059,United Kingdom,2010-05-19 13:04:00,2011-10-05 09:56:00,65,569,12,391,1431,233,3053.57,0,0.0,0,3053.57,254.46416666666667,0.0,4,5,5,14,455,Champions
16060,United Kingdom,2010-08-02 15:26:00,2010-11-04 12:10:00,400,494,3,24,243,22,541.95,0,0.0,0,541.95,180.65,0.0,1,3,2,6,132,At Risk
16061,United Kingdom,2010-10-04 15:29:00,2010-10-04 15:29:00,431,431,1,3,19,3,89.65,2,44.7,6,44.95,89.65,49.86056887897379,1,1,1,3,111,Hibernating
16062,United Kingdom,2010-06-21 13:32:00,2011-11-30 12:15:00,9,536,8,185,2035,134,2863.45,0,0.0,0,2863.45,357.93125,0.0,5,4,5,14,545,Champions
16063,United Kingdom,2011-03-24 14:55:00,2011-03-24 14:56:00,260,260,1,23,262,23,335.32,0,0.0,0,335.32,335.32,0.0,2,1,2,5,212,Hibernating
16064,United Kingdom,2009-12-14 16:11:00,2009-12-14 16:11:00,725,725,1,17,55,17,109.31,0,0.0,0,109.31,109.31,0.0,1,1,1,3,111,Hibernating
16065,United Kingdom,2010-09-02 13:27:00,2010-12-09 13:03:00,365,463,8,353,1207,214,1992.13,2,17.0,2,1975.13,249.01625,0.8533579635867137,2,4,4,10,244,At Risk
16066,United Kingdom,2011-08-07 14:33:00,2011-11-23 11:54:00,16,124,5,101,935,77,1521.04,0,0.0,0,1521.04,304.20799999999997,0.0,5,4,4,13,544,Champions
16067,United Kingdom,2010-02-02 18:01:00,2010-05-26 12:33:00,562,675,3,68,1236,60,3269.11,3,369.1,70,2900.01,1089.7033333333334,11.290534732694832,1,3,5,9,135,At Risk
16068,United Kingdom,2010-04-25 11:52:00,2010-04-25 11:52:00,593,593,1,35,48,34,115.73,0,0.0,0,115.73,115.73,0.0,1,1,1,3,111,Hibernating
16069,United Kingdom,2010-10-18 10:32:00,2010-10-18 10:32:00,417,417,1,25,138,25,457.7,0,0.0,0,457.7,457.7,0.0,1,1,2,4,112,Hibernating
16070,United Kingdom,2011-11-07 16:36:00,2011-11-17 15:50:00,22,32,2,33,457,32,852.15,0,0.0,0,852.15,426.075,0.0,5,2,3,10,523,Potential Loyalists
16071,United Kingdom,2010-02-22 14:48:00,2011-10-26 11:14:00,44,655,4,73,697,62,1076.8,0,0.0,0,1076.8,269.2,0.0,4,3,3,10,433,Potential Loyalists
16072,United Kingdom,2010-06-08 16:47:00,2011-02-24 14:32:00,288,549,4,531,1580,414,4180.09,0,0.0,0,4180.09,1045.0225,0.0,2,3,5,10,235,At Risk
16073,United Kingdom,2011-02-15 15:41:00,2011-02-15 15:41:00,297,297,1,1,48,1,122.4,1,28.05,11,94.35000000000001,122.4,22.916666666666664,2,1,1,4,211,Hibernating
16074,United Kingdom,2010-11-14 13:19:00,2010-11-14 13:19:00,390,390,1,25,38,23,252.5,0,0.0,0,252.5,252.5,0.0,1,1,1,3,111,Hibernating
16075,United Kingdom,2010-05-24 15:57:00,2010-07-25 11:31:00,502,564,2,41,271,41,736.9300000000001,1,9.95,1,726.98,368.46500000000003,1.3501960837528664,1,2,3,6,123,Hibernating
16076,United Kingdom,2011-05-15 12:31:00,2011-12-06 14:59:00,3,208,10,129,1435,71,2234.73,1,61.199999999999996,72,2173.53,223.473,2.738585869433891,5,4,4,13,544,Champions
16077,United Kingdom,2010-03-24 10:42:00,2010-03-24 10:42:00,625,625,1,8,840,8,2300.4,1,1700.4,312,600.0,2300.4,73.91757955138237,1,1,3,5,113,Hibernating
16078,United Kingdom,2010-02-08 13:29:00,2011-03-01 09:47:00,283,669,2,39,200,39,362.99,0,0.0,0,362.99,181.495,0.0,2,2,2,6,222,Hibernating
16079,United Kingdom,2011-10-30 13:06:00,2011-11-23 12:48:00,16,40,3,21,864,18,1352.0,0,0.0,0,1352.0,450.6666666666667,0.0,5,3,4,12,534,Potential Loyalists
16080,United Kingdom,2010-09-15 14:19:00,2011-09-19 10:42:00,81,450,4,30,298,29,602.5600000000001,2,129.66,42,472.9000000000001,150.64000000000001,21.518189060010616,4,3,2,9,432,Potential Loyalists
16081,United Kingdom,2010-02-03 12:46:00,2011-10-14 13:06:00,56,674,8,368,2177,235,4278.96,0,0.0,0,4278.96,534.87,0.0,4,4,5,13,445,Champions
16082,United Kingdom,2010-02-07 15:16:00,2010-02-07 15:16:00,670,670,1,16,39,16,106.75,0,0.0,0,106.75,106.75,0.0,1,1,1,3,111,Hibernating
16083,United Kingdom,2010-11-16 11:53:00,2011-08-31 10:47:00,100,388,4,71,1514,61,2351.42,0,0.0,0,2351.42,587.855,0.0,3,3,4,10,334,Need Attention
16084,United Kingdom,2011-02-13 16:05:00,2011-02-13 16:05:00,299,299,1,38,216,38,436.18,0,0.0,0,436.18,436.18,0.0,2,1,2,5,212,Hibernating
16085,United Kingdom,2010-01-20 14:03:00,2011-11-16 13:24:00,23,688,12,373,1379,258,2324.71,1,5.8,2,2318.91,193.72583333333333,0.24949348520890777,5,5,4,14,554,Champions
16086,United Kingdom,2009-12-02 13:20:00,2011-10-11 13:09:00,59,737,10,129,1450,66,2687.73,1,2.08,1,2685.65,268.773,0.0773887258020709,4,4,4,12,444,Champions
16087,United Kingdom,2010-01-19 12:30:00,2010-11-15 16:44:00,389,689,5,10,664,6,1739.92,0,0.0,0,1739.92,347.98400000000004,0.0,1,4,4,9,144,At Risk
16088,United Kingdom,2010-04-27 10:56:00,2010-05-13 10:16:00,575,591,2,6,373,3,1437.43,0,0.0,0,1437.43,718.715,0.0,1,2,4,7,124,At Risk
16089,United Kingdom,2010-07-18 15:51:00,2010-11-18 13:51:00,386,509,2,47,119,42,263.49,0,0.0,0,263.49,131.745,0.0,1,2,1,4,121,Hibernating
16090,United Kingdom,2010-03-25 13:05:00,2010-03-25 13:05:00,624,624,1,18,58,18,180.56,0,0.0,0,180.56,180.56,0.0,1,1,1,3,111,Hibernating
16091,United Kingdom,2011-05-25 09:18:00,2011-07-08 08:45:00,154,198,2,18,154,16,315.06,0,0.0,0,315.06,157.53,0.0,3,2,2,7,322,Need Attention
16092,United Kingdom,2010-05-09 16:10:00,2011-08-17 10:46:00,114,579,6,90,1188,60,1587.94,4,72.45,37,1515.49,264.6566666666667,4.5625149564845024,3,4,4,11,344,Loyal Customers
16093,United Kingdom,2011-08-25 11:09:00,2011-08-25 11:09:00,106,106,1,1,20,1,17.0,0,0.0,0,17.0,17.0,0.0,3,1,1,5,311,Regular Customers
16094,United Kingdom,2010-04-16 14:00:00,2011-11-28 12:45:00,11,602,11,196,2020,101,3695.56,8,96.39999999999999,28,3599.16,335.96,2.608535648183225,5,5,5,15,555,Champions
16095,United Kingdom,2010-09-09 16:54:00,2010-09-09 16:54:00,456,456,1,30,265,30,447.05,0,0.0,0,447.05,447.05,0.0,1,1,2,4,112,Hibernating
16096,United Kingdom,2010-03-04 15:44:00,2011-03-20 13:38:00,264,645,4,66,700,58,1584.97,0,0.0,0,1584.97,396.2425,0.0,2,3,4,9,234,At Risk
16097,United Kingdom,2011-04-13 13:47:00,2011-04-13 13:47:00,240,240,1,10,87,10,185.04999999999998,0,0.0,0,185.04999999999998,185.04999999999998,0.0,2,1,1,4,211,Hibernating
16098,United Kingdom,2009-12-15 09:40:00,2011-09-13 09:59:00,87,724,14,150,2008,83,4010.7,0,0.0,0,4010.7,286.4785714285714,0.0,4,5,5,14,455,Champions
16099,United Kingdom,2010-03-03 11:13:00,2011-10-20 13:13:00,50,646,7,69,960,44,1573.2,1,4.95,1,1568.25,224.74285714285716,0.3146453089244851,4,4,4,12,444,Champions
16100,United Kingdom,2010-09-03 11:39:00,2010-09-03 11:39:00,462,462,1,37,438,37,582.64,0,0.0,0,582.64,582.64,0.0,1,1,2,4,112,Hibernating
16101,United Kingdom,2010-05-27 12:50:00,2011-09-30 10:18:00,70,561,4,192,1844,153,3229.16,3,61.74,21,3167.42,807.29,1.9119523343532068,4,3,5,12,435,Potential Loyalists
16102,United Kingdom,2011-08-03 12:50:00,2011-10-28 13:19:00,42,128,3,57,942,41,1842.14,0,0.0,0,1842.14,614.0466666666667,0.0,4,3,4,11,434,Potential Loyalists
16103,United Kingdom,2010-01-08 12:08:00,2011-12-02 14:16:00,7,700,22,200,2639,111,6191.71,5,188.95000000000002,33,6002.76,281.44136363636363,3.0516610112553724,5,5,5,15,555,Champions
16104,United Kingdom,2009-12-06 10:41:00,2011-10-09 10:23:00,61,733,9,232,1047,187,2774.46,2,263.25,39,2511.21,308.2733333333333,9.488332864773685,4,4,4,12,444,Champions
16105,United Kingdom,2010-04-14 13:27:00,2011-04-05 10:13:00,248,604,5,110,2125,92,2386.19,0,0.0,0,2386.19,477.238,0.0,2,4,4,10,244,At Risk
16106,United Kingdom,2011-10-05 10:37:00,2011-10-05 10:37:00,65,65,1,6,74,6,108.38,0,0.0,0,108.38,108.38,0.0,4,1,1,6,411,Promising Customers
16107,United Kingdom,2011-06-09 18:42:00,2011-11-22 09:40:00,17,183,7,31,1176,16,3204.1600000000003,0,0.0,0,3204.1600000000003,457.7371428571429,0.0,5,4,5,14,545,Champions
16108,United Kingdom,2010-03-18 14:14:00,2011-09-16 11:48:00,84,631,4,135,1473,124,2235.92,4,63.989999999999995,27,2171.9300000000003,558.98,2.861909191742101,4,3,4,11,434,Potential Loyalists
16109,United Kingdom,2010-01-10 10:37:00,2011-05-05 09:17:00,218,698,3,31,1092,30,939.48,1,15.9,2,923.58,313.16,1.6924255971388427,2,3,3,8,233,At Risk
16110,United Kingdom,2010-07-05 13:04:00,2011-10-25 14:35:00,45,522,4,430,880,343,1781.59,0,0.0,0,1781.59,445.3975,0.0,4,3,4,11,434,Potential Loyalists
16111,United Kingdom,2010-10-07 19:51:00,2010-10-07 19:51:00,428,428,1,73,233,72,549.33,0,0.0,0,549.33,549.33,0.0,1,1,2,4,112,Hibernating
16112,United Kingdom,2011-01-05 11:47:00,2011-07-19 14:28:00,143,338,4,16,574,15,195.74,0,0.0,0,195.74,48.935,0.0,3,3,1,7,331,Need Attention
16113,United Kingdom,2011-06-09 16:16:00,2011-06-09 16:16:00,183,183,1,30,176,30,161.38,0,0.0,0,161.38,161.38,0.0,2,1,1,4,211,Hibernating
16114,United Kingdom,2011-06-22 10:13:00,2011-06-22 10:13:00,170,170,1,8,43,8,135.75000000000003,0,0.0,0,135.75000000000003,135.75000000000003,0.0,3,1,1,5,311,Regular Customers
16115,United Kingdom,2010-05-14 11:59:00,2011-11-30 11:32:00,9,574,12,419,1589,230,2553.8,0,0.0,0,2553.8,212.8166666666667,0.0,5,5,4,14,554,Champions
16116,United Kingdom,2011-05-12 12:01:00,2011-05-12 12:01:00,211,211,1,34,248,34,612.78,1,19.9,2,592.88,612.78,3.247495022683508,2,1,3,6,213,Hibernating
16117,United Kingdom,2010-04-27 11:50:00,2011-06-03 11:42:00,189,591,3,89,321,64,654.4,1,4.35,3,650.05,218.13333333333333,0.6647310513447432,2,3,3,8,233,At Risk
16118,United Kingdom,2010-02-25 09:40:00,2010-02-25 09:40:00,652,652,1,41,2851,41,4376.25,4,120.82000000000001,29,4255.43,4376.25,2.760811196800914,1,1,5,7,115,At Risk
16119,United Kingdom,2009-12-16 11:56:00,2011-12-01 15:11:00,8,723,8,54,811,37,1720.81,0,0.0,0,1720.81,215.10125,0.0,5,4,4,13,544,Champions
16120,United Kingdom,2010-10-13 15:07:00,2011-10-11 14:22:00,59,422,6,92,2161,84,2967.51,1,15.0,12,2952.51,494.58500000000004,0.5054742865230446,4,4,5,13,445,Champions
16121,United Kingdom,2010-05-23 10:52:00,2011-10-13 12:59:00,57,565,5,344,879,256,1450.04,1,19.9,2,1430.1399999999999,290.008,1.3723759344569804,4,4,4,12,444,Champions
16122,United Kingdom,2010-10-10 15:26:00,2011-09-27 15:34:00,73,425,6,54,1280,28,895.62,0,0.0,0,895.62,149.27,0.0,4,4,3,11,443,Loyal Customers
16123,United Kingdom,2011-10-19 09:18:00,2011-10-19 09:18:00,51,51,1,16,170,16,307.78000000000003,0,0.0,0,307.78000000000003,307.78000000000003,0.0,4,1,2,7,412,Promising Customers
16124,United Kingdom,2009-12-07 10:33:00,2011-01-26 14:45:00,317,732,4,82,797,63,1772.49,2,63.099999999999994,8,1709.39,443.1225,3.55996366693183,2,3,4,9,234,At Risk
16125,United Kingdom,2009-12-14 15:38:00,2010-12-07 15:48:00,367,725,14,287,1819,168,4292.35,0,0.0,0,4292.35,306.5964285714286,0.0,1,5,5,11,155,At Risk
16126,United Kingdom,2009-12-02 13:34:00,2011-11-10 16:03:00,29,737,15,381,6140,144,14644.6,0,0.0,0,14644.6,976.3066666666667,0.0,5,5,5,15,555,Champions
16127,United Kingdom,2009-12-13 12:19:00,2011-10-31 13:58:00,39,726,2,75,391,75,801.3100000000001,0,0.0,0,801.3100000000001,400.65500000000003,0.0,4,2,3,9,423,Potential Loyalists
16128,United Kingdom,2010-07-16 16:30:00,2011-11-22 11:14:00,17,511,11,182,2445,155,3801.05,3,52.650000000000006,26,3748.4,345.55,1.3851435787479776,5,5,5,15,555,Champions
16129,United Kingdom,2010-07-20 12:32:00,2010-10-28 14:29:00,407,507,3,96,1261,91,1396.05,0,0.0,0,1396.05,465.34999999999997,0.0,1,3,4,8,134,At Risk
16130,United Kingdom,2010-04-01 13:58:00,2010-10-13 15:14:00,422,617,4,55,296,53,987.48,0,0.0,0,987.48,246.87,0.0,1,3,3,7,133,At Risk
16131,United Kingdom,2009-12-02 10:09:00,2011-10-19 11:53:00,51,737,12,219,4768,131,9957.42,3,91.15,15,9866.27,829.785,0.9153977636777398,4,5,5,14,455,Champions
16132,United Kingdom,2010-03-22 10:25:00,2010-06-13 13:49:00,544,627,2,17,280,14,664.1999999999999,0,0.0,0,664.1999999999999,332.09999999999997,0.0,1,2,3,6,123,Hibernating
16133,United Kingdom,2010-03-31 12:21:00,2011-12-06 11:24:00,3,618,56,544,13653,303,22992.26,22,763.38,200,22228.879999999997,410.5760714285714,3.320160784542277,5,5,5,15,555,Champions
16134,United Kingdom,2010-06-17 09:48:00,2011-11-18 10:05:00,21,540,5,116,1637,85,2145.34,2,25.349999999999998,15,2119.9900000000002,429.06800000000004,1.1816308836827727,5,4,4,13,544,Champions
16135,United Kingdom,2010-05-05 09:35:00,2011-03-22 12:30:00,262,583,2,39,395,35,819.45,0,0.0,0,819.45,409.725,0.0,2,2,3,7,223,Hibernating
16136,United Kingdom,2010-02-14 12:49:00,2011-10-11 09:10:00,59,663,4,46,674,44,946.8000000000001,1,25.72,52,921.08,236.70000000000002,2.71651880016899,4,3,3,10,433,Potential Loyalists
16137,United Kingdom,2010-01-28 15:04:00,2010-01-28 15:04:00,680,680,1,28,210,28,422.7,0,0.0,0,422.7,422.7,0.0,1,1,2,4,112,Hibernating
16138,United Kingdom,2010-04-28 09:51:00,2010-11-26 12:13:00,378,590,3,37,774,35,910.35,1,7.95,1,902.4,303.45,0.8732904926676552,1,3,3,7,133,At Risk
16139,United Kingdom,2009-12-03 13:51:00,2011-11-21 08:37:00,18,736,5,57,602,47,1111.15,0,0.0,0,1111.15,222.23000000000002,0.0,5,4,3,12,543,Loyal Customers
16140,United Kingdom,2010-09-24 12:03:00,2011-10-05 12:15:00,65,441,3,64,1272,50,1433.46,1,17.0,2,1416.46,477.82,1.1859417074770138,4,3,4,11,434,Potential Loyalists
16141,United Kingdom,2010-10-18 14:12:00,2011-09-12 13:11:00,88,417,2,50,410,47,955.94,0,0.0,0,955.94,477.97,0.0,4,2,3,9,423,Potential Loyalists
16142,United Kingdom,2011-04-04 10:16:00,2011-04-04 10:16:00,249,249,1,37,422,37,535.34,0,0.0,0,535.34,535.34,0.0,2,1,2,5,212,Hibernating
16143,United Kingdom,2009-12-10 09:44:00,2011-12-06 14:13:00,3,729,12,223,1866,107,4555.08,4,43.949999999999996,17,4511.13,379.59,0.9648568191996627,5,5,5,15,555,Champions
16144,United Kingdom,2011-04-07 10:09:00,2011-04-07 10:09:00,246,246,1,1,16,1,175.2,0,0.0,0,175.2,175.2,0.0,2,1,1,4,211,Hibernating
16145,United Kingdom,2010-05-04 13:31:00,2011-12-01 10:33:00,8,584,19,396,5270,217,6805.4400000000005,10,111.84,87,6693.6,358.18105263157895,1.643391169417407,5,5,5,15,555,Champions
16146,United Kingdom,2010-09-17 10:46:00,2011-07-05 14:20:00,157,448,4,41,544,34,946.38,0,0.0,0,946.38,236.595,0.0,3,3,3,9,333,Need Attention
16147,United Kingdom,2010-02-05 12:26:00,2011-07-29 09:57:00,133,672,5,136,1395,113,2398.91,2,31.89,73,2367.02,479.782,1.329353748160623,3,4,4,11,344,Loyal Customers
16148,United Kingdom,2010-09-29 10:12:00,2011-02-16 14:01:00,296,436,2,9,250,9,386.62,2,16.25,3,370.37,193.31,4.203093476798924,2,2,2,6,222,Hibernating
16149,United Kingdom,2010-10-06 15:54:00,2011-12-05 11:29:00,4,429,3,30,598,30,422.21999999999997,0,0.0,0,422.21999999999997,140.73999999999998,0.0,5,3,2,10,532,Potential Loyalists
16150,United Kingdom,2009-12-17 15:33:00,2011-10-28 12:39:00,42,722,10,216,1990,143,4002.17,10,240.9,66,3761.27,400.217,6.019234565248353,4,4,5,13,445,Champions
16152,United Kingdom,2011-03-16 09:47:00,2011-03-16 09:47:00,268,268,1,29,642,29,1829.04,0,0.0,0,1829.04,1829.04,0.0,2,1,4,7,214,At Risk
16153,United Kingdom,2010-05-26 12:41:00,2011-10-21 10:50:00,49,562,11,226,3693,161,5133.49,2,86.4,36,5047.09,466.6809090909091,1.6830655168316295,4,5,5,14,455,Champions
16155,United Kingdom,2010-06-18 11:23:00,2010-11-23 12:03:00,381,539,5,48,495,45,796.9,1,15.85,13,781.05,159.38,1.988957209185594,1,4,3,8,143,At Risk
16156,United Kingdom,2009-12-02 17:06:00,2011-12-01 12:42:00,8,737,20,261,3205,199,6188.18,6,257.17,196,5931.01,309.409,4.155826107191452,5,5,5,15,555,Champions
16157,United Kingdom,2011-09-28 11:48:00,2011-11-24 11:41:00,15,72,3,18,347,12,656.69,1,12.45,3,644.24,218.89666666666668,1.8958717202942024,5,3,3,11,533,Potential Loyalists
16158,United Kingdom,2009-12-05 15:00:00,2010-07-05 13:55:00,522,734,9,35,182,29,628.32,1,17.0,2,611.32,69.81333333333333,2.7056277056277054,1,4,3,8,143,At Risk
16159,United Kingdom,2009-12-03 11:51:00,2011-03-03 12:27:00,281,736,4,52,635,31,1232.79,1,2.5,2,1230.29,308.1975,0.20279204081798197,2,3,4,9,234,At Risk
16160,United Kingdom,2011-09-15 10:53:00,2011-10-05 14:19:00,65,85,2,20,1162,20,1025.44,2,15.99,9,1009.45,512.72,1.5593306288032454,4,2,3,9,423,Potential Loyalists
16161,United Kingdom,2010-02-08 11:06:00,2011-12-08 12:10:00,1,669,43,1134,6255,458,12580.06,13,300.09,79,12279.97,292.5595348837209,2.385441722853468,5,5,5,15,555,Champions
16162,United Kingdom,2011-04-01 15:03:00,2011-04-01 15:03:00,252,252,1,2,4,2,37.4,0,0.0,0,37.4,37.4,0.0,2,1,1,4,211,Hibernating
16163,United Kingdom,2009-12-02 10:00:00,2011-04-21 15:15:00,232,737,6,68,676,59,2407.98,8,585.95,127,1822.03,401.33,24.333673867723153,2,4,4,10,244,At Risk
16164,United Kingdom,2011-10-28 09:12:00,2011-11-22 15:04:00,17,42,3,34,433,27,822.48,1,19.95,1,802.53,274.16,2.4255908958272543,5,3,3,11,533,Potential Loyalists
16165,United Kingdom,2010-07-22 14:17:00,2010-07-22 14:17:00,505,505,1,1,2,1,79.9,0,0.0,0,79.9,79.9,0.0,1,1,1,3,111,Hibernating
16166,United Kingdom,2010-01-17 14:16:00,2010-10-07 15:44:00,428,691,2,22,173,18,435.83,2,108.35,17,327.48,217.915,24.860610788610238,1,2,2,5,122,Hibernating
16167,United Kingdom,2009-12-01 10:46:00,2010-10-21 15:33:00,414,738,5,63,1494,51,1386.12,1,236.25,35,1149.87,277.224,17.043978876287767,1,4,3,8,143,At Risk
16168,United Kingdom,2009-12-03 12:38:00,2011-11-29 12:45:00,10,736,66,306,4975,131,10360.67,6,81.65,19,10279.02,156.97984848484847,0.788076446793499,5,5,5,15,555,Champions
16169,United Kingdom,2011-09-25 11:33:00,2011-12-01 15:28:00,8,75,4,85,1325,71,1822.97,0,0.0,0,1822.97,455.7425,0.0,5,3,4,12,534,Potential Loyalists
16170,United Kingdom,2010-02-18 13:50:00,2011-10-20 08:21:00,50,659,20,440,6056,254,6869.0,5,55.33,25,6813.67,343.45,0.8055029844227689,4,5,5,14,455,Champions
16171,United Kingdom,2011-10-11 14:51:00,2011-10-11 14:51:00,59,59,1,3,24,3,73.19999999999999,0,0.0,0,73.19999999999999,73.19999999999999,0.0,4,1,1,6,411,Promising Customers
16172,United Kingdom,2010-07-14 15:34:00,2011-09-05 13:22:00,95,513,8,113,1419,81,1884.55,0,0.0,0,1884.55,235.56875,0.0,3,4,4,11,344,Loyal Customers
16173,United Kingdom,2011-09-02 15:23:00,2011-11-24 10:53:00,15,98,6,84,575,70,1418.32,1,11.75,4,1406.57,236.38666666666666,0.8284449207513114,5,4,4,13,544,Champions
16174,United Kingdom,2010-04-15 15:12:00,2011-08-05 13:26:00,126,603,7,65,1431,28,2246.75,0,0.0,0,2246.75,320.9642857142857,0.0,3,4,4,11,344,Loyal Customers
16175,United Kingdom,2010-05-25 12:01:00,2011-09-06 14:32:00,94,563,7,98,932,59,1836.44,0,0.0,0,1836.44,262.34857142857146,0.0,3,4,4,11,344,Loyal Customers
16176,United Kingdom,2010-03-29 14:52:00,2010-10-14 13:54:00,421,620,4,72,952,53,2052.69,3,88.65,39,1964.04,513.1725,4.318723236338658,1,3,4,8,134,At Risk
16177,United Kingdom,2010-03-02 14:03:00,2011-10-20 12:57:00,50,647,8,118,1021,79,2247.31,4,105.7,20,2141.61,280.91375,4.703400954919437,4,4,4,12,444,Champions
16178,United Kingdom,2010-11-03 14:46:00,2011-07-24 16:05:00,138,401,2,25,304,24,612.6,0,0.0,0,612.6,306.3,0.0,3,2,3,8,323,Need Attention
16179,United Kingdom,2011-10-10 09:41:00,2011-10-10 09:41:00,60,60,1,11,99,11,215.83,0,0.0,0,215.83,215.83,0.0,4,1,1,6,411,Promising Customers
16180,United Kingdom,2010-06-23 13:19:00,2011-08-31 16:28:00,100,534,13,327,9813,171,16249.87,3,79.6,28,16170.27,1249.99,0.48985007264673497,3,5,5,13,355,Loyal Customers
16181,United Kingdom,2011-09-27 13:38:00,2011-09-27 13:38:00,73,73,1,11,152,11,305.54,0,0.0,0,305.54,305.54,0.0,4,1,2,7,412,Promising Customers
16182,United Kingdom,2010-03-09 09:34:00,2011-09-28 13:23:00,72,640,9,51,5887,20,9971.65,0,0.0,0,9971.65,1107.961111111111,0.0,4,4,5,13,445,Champions
16183,United Kingdom,2010-10-28 14:43:00,2011-10-03 14:59:00,67,407,4,41,351,32,1077.81,0,0.0,0,1077.81,269.4525,0.0,4,3,3,10,433,Potential Loyalists
16184,United Kingdom,2011-05-12 13:33:00,2011-10-06 17:43:00,64,211,6,45,561,26,1158.79,1,3.25,1,1155.54,193.13166666666666,0.280464967768103,4,4,3,11,443,Loyal Customers
16185,United Kingdom,2010-05-24 11:04:00,2011-11-23 09:41:00,16,564,3,40,321,39,644.72,0,0.0,0,644.72,214.90666666666667,0.0,5,3,3,11,533,Potential Loyalists
16186,United Kingdom,2009-12-09 15:36:00,2011-11-17 12:43:00,22,730,26,505,6594,172,8718.43,4,42.2,28,8676.23,335.3242307692308,0.4840321021101277,5,5,5,15,555,Champions
16187,United Kingdom,2011-02-28 13:34:00,2011-11-08 09:50:00,31,284,15,295,5048,160,6911.4400000000005,2,70.2,44,6841.240000000001,460.7626666666667,1.0157072910999734,4,5,5,14,455,Champions
16188,United Kingdom,2010-10-27 11:50:00,2011-10-26 12:19:00,44,408,5,74,838,72,1087.66,1,9.95,1,1077.71,217.532,0.9148079363036241,4,4,3,11,443,Loyal Customers
16189,United Kingdom,2011-09-15 15:21:00,2011-11-24 11:47:00,15,85,2,11,134,9,215.48,0,0.0,0,215.48,107.74,0.0,5,2,1,8,521,Potential Loyalists
16190,United Kingdom,2009-12-14 11:59:00,2011-10-30 15:59:00,40,725,8,119,1231,89,2723.55,0,0.0,0,2723.55,340.44375,0.0,4,4,4,12,444,Champions
16191,United Kingdom,2009-12-11 12:24:00,2011-12-07 11:26:00,2,728,24,232,9348,113,15677.820000000002,15,522.65,205,15155.170000000002,653.2425000000001,3.3336905258511704,5,5,5,15,555,Champions
16192,United Kingdom,2009-12-04 12:28:00,2009-12-04 12:28:00,735,735,1,11,208,11,351.3,0,0.0,0,351.3,351.3,0.0,1,1,2,4,112,Hibernating
16193,United Kingdom,2010-10-25 10:25:00,2011-04-17 11:45:00,236,410,2,38,379,38,630.4300000000001,0,0.0,0,630.4300000000001,315.21500000000003,0.0,2,2,3,7,223,Hibernating
16194,United Kingdom,2010-11-29 13:28:00,2010-11-29 13:28:00,375,375,1,8,140,8,308.6,0,0.0,0,308.6,308.6,0.0,1,1,2,4,112,Hibernating
16195,United Kingdom,2009-12-16 14:09:00,2009-12-16 14:09:00,723,723,1,16,123,16,323.25,0,0.0,0,323.25,323.25,0.0,1,1,2,4,112,Hibernating
16196,United Kingdom,2010-08-08 11:40:00,2010-08-08 11:40:00,488,488,1,4,26,4,93.3,0,0.0,0,93.3,93.3,0.0,1,1,1,3,111,Hibernating
16197,United Kingdom,2009-12-16 11:44:00,2010-08-27 12:56:00,469,723,9,93,1420,52,2016.71,0,0.0,0,2016.71,224.07888888888888,0.0,1,4,4,9,144,At Risk
16198,United Kingdom,2010-09-28 13:59:00,2011-09-25 14:58:00,75,437,2,33,384,31,1030.0410000000002,0,0.0,0,1030.0410000000002,515.0205000000001,0.0,4,2,3,9,423,Potential Loyalists
16199,United Kingdom,2010-03-18 18:47:00,2010-11-12 12:55:00,392,631,7,10,321,2,942.75,0,0.0,0,942.75,134.67857142857142,0.0,1,4,3,8,143,At Risk
16200,United Kingdom,2009-12-02 15:04:00,2011-12-05 14:40:00,4,737,12,613,3068,361,5608.1,1,13.5,2,5594.6,467.3416666666667,0.24072323959986444,5,5,5,15,555,Champions
16201,United Kingdom,2010-10-20 12:00:00,2011-12-06 16:02:00,3,415,5,124,1421,86,2112.12,1,41.95,19,2070.17,422.424,1.9861560896161206,5,4,4,13,544,Champions
16202,United Kingdom,2009-12-02 10:48:00,2010-12-14 10:43:00,360,737,9,124,1307,105,2501.9900000000002,2,34.95,25,2467.0400000000004,277.9988888888889,1.396888077090636,2,4,4,10,244,At Risk
16203,United Kingdom,2010-07-23 13:09:00,2011-10-12 12:31:00,58,504,6,66,537,56,943.84,1,3.75,1,940.09,157.30666666666667,0.39731310391591795,4,4,3,11,443,Loyal Customers
16204,United Kingdom,2009-12-08 17:44:00,2011-11-16 13:40:00,23,731,3,101,671,86,918.71,1,5.0,4,913.71,306.2366666666667,0.544241381937717,5,3,3,11,533,Potential Loyalists
16205,United Kingdom,2010-06-15 11:58:00,2011-11-09 09:32:00,30,542,7,196,1448,146,1813.51,0,0.0,0,1813.51,259.0728571428571,0.0,5,4,4,13,544,Champions
16206,United Kingdom,2010-01-24 15:25:00,2011-10-16 10:41:00,54,684,13,239,1378,186,2577.12,1,4.95,1,2572.17,198.23999999999998,0.19207487427826414,4,5,4,13,454,Champions
16207,United Kingdom,2011-11-14 13:51:00,2011-11-14 13:51:00,25,25,1,19,140,19,394.38,0,0.0,0,394.38,394.38,0.0,5,1,2,8,512,New Customers
16208,United Kingdom,2010-02-24 14:24:00,2011-10-26 11:36:00,44,653,10,253,1541,180,3440.4500000000003,0,0.0,0,3440.4500000000003,344.045,0.0,4,4,5,13,445,Champions
16209,United Kingdom,2010-06-11 11:58:00,2011-09-12 11:58:00,88,546,9,67,1895,51,4146.78,0,0.0,0,4146.78,460.75333333333333,0.0,4,4,5,13,445,Champions
16210,United Kingdom,2009-12-02 12:54:00,2011-12-08 12:36:00,1,737,33,254,12395,144,33730.97,2,185.45,31,33545.520000000004,1022.1506060606062,0.5497914824269802,5,5,5,15,555,Champions
16211,United Kingdom,2010-09-27 15:24:00,2011-09-12 12:11:00,88,438,3,36,519,35,1090.59,1,4.25,1,1086.34,363.53,0.38969731979937466,4,3,3,10,433,Potential Loyalists
16212,United Kingdom,2010-02-07 15:26:00,2011-11-20 13:00:00,19,670,4,78,571,71,1293.71,1,9.15,3,1284.56,323.4275,0.7072682440423279,5,3,4,12,534,Potential Loyalists
16213,United Kingdom,2011-09-22 10:03:00,2011-09-22 10:03:00,78,78,1,6,48,6,159.0,0,0.0,0,159.0,159.0,0.0,4,1,1,6,411,Promising Customers
16214,United Kingdom,2010-09-30 13:57:00,2011-06-22 11:30:00,170,435,4,98,1308,84,2038.25,0,0.0,0,2038.25,509.5625,0.0,3,3,4,10,334,Need Attention
16215,United Kingdom,2011-09-20 10:18:00,2011-09-20 10:18:00,80,80,1,14,104,14,242.35,0,0.0,0,242.35,242.35,0.0,4,1,1,6,411,Promising Customers
16216,United Kingdom,2011-03-17 15:34:00,2011-03-17 15:34:00,267,267,1,37,254,37,914.9300000000001,0,0.0,0,914.9300000000001,914.9300000000001,0.0,2,1,3,6,213,Hibernating
16217,United Kingdom,2011-03-02 15:28:00,2011-04-18 13:31:00,235,282,2,15,91,13,304.25,1,37.8,14,266.45,152.125,12.423993426458503,2,2,1,5,221,Hibernating
16218,United Kingdom,2010-05-27 16:09:00,2011-11-10 09:59:00,29,561,13,136,2799,82,3968.67,6,96.37,45,3872.3,305.2823076923077,2.4282694202339825,5,5,5,15,555,Champions
16219,United Kingdom,2010-07-27 11:44:00,2010-07-27 11:44:00,500,500,1,1,48,1,40.8,0,0.0,0,40.8,40.8,0.0,1,1,1,3,111,Hibernating
16221,United Kingdom,2010-08-10 13:32:00,2011-11-03 11:43:00,36,486,9,238,1448,176,2018.47,1,6.5,2,2011.97,224.27444444444444,0.322026089067462,4,4,4,12,444,Champions
16222,United Kingdom,2009-12-18 14:31:00,2011-01-25 13:38:00,318,721,2,145,463,133,1272.05,0,0.0,0,1272.05,636.025,0.0,2,2,4,8,224,At Risk
16223,United Kingdom,2010-11-09 12:07:00,2010-11-30 11:50:00,374,395,2,123,643,101,1087.05,0,0.0,0,1087.05,543.525,0.0,1,2,3,6,123,Hibernating
16224,United Kingdom,2010-11-17 13:14:00,2011-10-13 17:51:00,57,387,5,116,1555,107,1616.54,0,0.0,0,1616.54,323.308,0.0,4,4,4,12,444,Champions
16225,United Kingdom,2010-02-07 12:41:00,2011-10-26 08:30:00,44,670,15,300,1281,189,2859.31,3,45.5,6,2813.81,190.62066666666666,1.5912930042562716,4,5,4,13,454,Champions
16226,United Kingdom,2010-10-22 11:19:00,2011-05-20 14:41:00,203,413,5,31,521,23,672.17,0,0.0,0,672.17,134.434,0.0,2,4,3,9,243,At Risk
16227,United Kingdom,2010-06-22 13:28:00,2011-04-28 13:33:00,225,535,3,34,436,28,1027.22,3,78.4,54,948.82,342.4066666666667,7.632250150892701,2,3,3,8,233,At Risk
16228,United Kingdom,2010-11-04 18:54:00,2010-11-19 14:20:00,385,400,3,54,555,45,885.71,1,4.65,1,881.0600000000001,295.2366666666667,0.5250025403348726,1,3,3,7,133,At Risk
16229,United Kingdom,2010-05-24 12:59:00,2011-09-13 17:16:00,87,564,6,176,1292,144,2867.86,1,32.5,6,2835.36,477.9766666666667,1.1332491823171285,4,4,5,13,445,Champions
16230,United Kingdom,2011-05-03 15:12:00,2011-06-03 10:06:00,189,220,2,35,365,32,542.03,0,0.0,0,542.03,271.015,0.0,2,2,2,6,222,Hibernating
16231,United Kingdom,2010-04-21 12:06:00,2010-11-25 15:00:00,379,597,4,100,563,69,1074.47,0,0.0,0,1074.47,268.6175,0.0,1,3,3,7,133,At Risk
16232,United Kingdom,2010-06-07 14:04:00,2011-10-27 12:16:00,43,550,7,105,1849,60,2712.97,3,20.95,13,2692.02,387.5671428571428,0.7722164270154112,4,4,4,12,444,Champions
16233,United Kingdom,2009-12-02 13:23:00,2011-09-29 17:27:00,71,737,9,73,677,49,1818.31,3,140.04999999999998,11,1678.26,202.03444444444443,7.702206994406893,4,4,4,12,444,Champions
16234,United Kingdom,2010-05-27 10:39:00,2010-08-20 14:33:00,476,561,3,15,170,13,333.18,1,20.4,8,312.78000000000003,111.06,6.12281649558797,1,3,2,6,132,At Risk
16235,United Kingdom,2010-08-26 12:10:00,2011-10-30 10:56:00,40,470,8,114,787,79,2043.71,2,63.1,8,1980.6100000000001,255.46375,3.087522202269402,4,4,4,12,444,Champions
16236,United Kingdom,2011-09-22 14:10:00,2011-09-22 14:10:00,78,78,1,20,184,20,432.2,0,0.0,0,432.2,432.2,0.0,4,1,2,7,412,Promising Customers
16237,United Kingdom,2010-09-28 17:02:00,2010-09-28 17:02:00,437,437,1,7,57,7,136.65,0,0.0,0,136.65,136.65,0.0,1,1,1,3,111,Hibernating
16238,United Kingdom,2010-10-13 12:36:00,2010-10-13 12:36:00,422,422,1,6,85,6,63.66,0,0.0,0,63.66,63.66,0.0,1,1,1,3,111,Hibernating
16239,United Kingdom,2010-09-02 19:17:00,2011-10-14 08:29:00,56,463,6,35,692,24,1492.2,1,41.300000000000004,10,1450.9,248.70000000000002,2.767725505964348,4,4,4,12,444,Champions
16240,United Kingdom,2011-09-23 13:44:00,2011-11-15 14:30:00,24,77,2,135,1641,126,3718.8,3,24.990000000000002,7,3693.8100000000004,1859.4,0.6719909648273636,5,2,5,12,525,Potential Loyalists
16241,United Kingdom,2010-10-25 13:40:00,2011-11-30 11:08:00,9,410,16,960,2250,499,3989.81,0,0.0,0,3989.81,249.363125,0.0,5,5,5,15,555,Champions
16242,United Kingdom,2010-03-15 16:02:00,2011-12-01 15:12:00,8,634,14,672,3921,348,7404.650000000001,4,34.15,8,7370.500000000001,528.9035714285715,0.4611966804643028,5,5,5,15,555,Champions
16243,United Kingdom,2011-10-16 12:09:00,2011-11-06 12:32:00,33,54,2,51,110,49,409.1,0,0.0,0,409.1,204.55,0.0,4,2,2,8,422,Potential Loyalists
16244,United Kingdom,2010-12-02 11:41:00,2011-05-12 10:18:00,211,372,2,91,855,88,1522.75,0,0.0,0,1522.75,761.375,0.0,2,2,4,8,224,At Risk
16245,United Kingdom,2011-03-28 09:30:00,2011-11-16 10:14:00,23,256,3,90,1014,80,1413.66,2,61.300000000000004,6,1352.3600000000001,471.22,4.336261901730261,5,3,4,12,534,Potential Loyalists
16246,United Kingdom,2010-02-08 12:32:00,2010-09-06 12:04:00,459,669,2,88,336,79,821.35,0,0.0,0,821.35,410.675,0.0,1,2,3,6,123,Hibernating
16247,United Kingdom,2011-06-22 14:23:00,2011-06-22 14:23:00,170,170,1,16,182,16,114.56,0,0.0,0,114.56,114.56,0.0,3,1,1,5,311,Regular Customers
16248,United Kingdom,2011-10-09 11:32:00,2011-10-09 11:32:00,61,61,1,7,78,7,152.94,0,0.0,0,152.94,152.94,0.0,4,1,1,6,411,Promising Customers
16249,United Kingdom,2011-04-14 13:50:00,2011-10-18 10:07:00,52,239,5,69,950,67,1800.07,0,0.0,0,1800.07,360.014,0.0,4,4,4,12,444,Champions
16250,United Kingdom,2010-11-18 10:43:00,2011-03-23 15:07:00,261,386,3,35,268,29,565.24,0,0.0,0,565.24,188.41333333333333,0.0,2,3,2,7,232,At Risk
16251,United Kingdom,2010-07-15 14:55:00,2010-07-15 14:55:00,512,512,1,20,44,20,128.31,0,0.0,0,128.31,128.31,0.0,1,1,1,3,111,Hibernating
16252,United Kingdom,2010-11-22 11:57:00,2010-11-22 11:57:00,382,382,1,21,158,21,295.09000000000003,1,295.09000000000003,158,0.0,295.09000000000003,100.0,1,1,1,3,111,Hibernating
16253,United Kingdom,2009-12-08 17:24:00,2011-10-04 09:09:00,66,731,7,296,6029,217,7222.2,0,0.0,0,7222.2,1031.742857142857,0.0,4,4,5,13,445,Champions
16254,United Kingdom,2010-03-17 15:43:00,2010-11-26 13:22:00,378,632,3,74,543,65,967.44,0,0.0,0,967.44,322.48,0.0,1,3,3,7,133,At Risk
16255,United Kingdom,2010-01-24 12:21:00,2011-11-23 12:40:00,16,684,15,508,2876,231,4530.0,4,72.41,35,4457.59,302.0,1.5984547461368654,5,5,5,15,555,Champions
16256,United Kingdom,2010-04-21 10:34:00,2011-03-18 12:18:00,266,597,3,28,1589,26,1579.37,1,19.8,4,1559.57,526.4566666666666,1.2536644358193458,2,3,4,9,234,At Risk
16257,United Kingdom,2011-06-16 10:11:00,2011-06-16 10:11:00,176,176,1,1,1,1,21.95,0,0.0,0,21.95,21.95,0.0,3,1,1,5,311,Regular Customers
16258,United Kingdom,2010-03-10 14:19:00,2011-10-25 13:30:00,45,639,15,344,7200,253,11942.52,1,109.0,20,11833.52,796.168,0.9127051911991775,4,5,5,14,455,Champions
16259,United Kingdom,2010-04-13 16:57:00,2010-10-25 14:27:00,410,605,3,85,143,75,340.94,0,0.0,0,340.94,113.64666666666666,0.0,1,3,2,6,132,At Risk
16260,United Kingdom,2011-10-20 09:40:00,2011-10-20 09:40:00,50,50,1,18,311,18,1035.45,0,0.0,0,1035.45,1035.45,0.0,4,1,3,8,413,Promising Customers
16261,United Kingdom,2010-09-23 16:40:00,2011-11-22 17:23:00,17,442,6,163,454,118,1041.16,0,0.0,0,1041.16,173.52666666666667,0.0,5,4,3,12,543,Loyal Customers
16262,United Kingdom,2010-11-26 13:22:00,2010-11-26 13:22:00,378,378,1,46,446,46,755.15,2,77.37,17,677.78,755.15,10.245646560286037,1,1,3,5,113,Hibernating
16263,United Kingdom,2010-10-12 14:52:00,2010-10-12 14:52:00,423,423,1,21,197,19,348.16,0,0.0,0,348.16,348.16,0.0,1,1,2,4,112,Hibernating
16264,United Kingdom,2010-09-19 16:14:00,2010-09-27 15:00:00,438,446,2,63,616,62,823.53,0,0.0,0,823.53,411.765,0.0,1,2,3,6,123,Hibernating
16265,United Kingdom,2010-10-28 15:18:00,2011-11-30 16:41:00,9,407,12,332,3209,191,6685.17,3,41.550000000000004,25,6643.62,557.0975,0.6215249574805128,5,5,5,15,555,Champions
16266,United Kingdom,2010-02-04 16:21:00,2011-09-27 12:08:00,73,673,14,109,791,73,1757.95,0,0.0,0,1757.95,125.56785714285715,0.0,4,5,4,13,454,Champions
16267,United Kingdom,2010-04-27 14:10:00,2010-04-27 14:10:00,591,591,1,7,198,7,186.66,0,0.0,0,186.66,186.66,0.0,1,1,1,3,111,Hibernating
16268,United Kingdom,2011-09-29 18:30:00,2011-09-29 18:30:00,71,71,2,44,532,44,617.65,0,0.0,0,617.65,308.825,0.0,4,2,3,9,423,Potential Loyalists
16269,United Kingdom,2010-09-28 11:50:00,2010-09-28 11:50:00,437,437,1,53,579,53,717.57,1,2.98,2,714.59,717.57,0.4152904943071756,1,1,3,5,113,Hibernating
16270,United Kingdom,2010-12-21 14:26:00,2010-12-21 14:26:00,353,353,1,54,688,54,1141.24,0,0.0,0,1141.24,1141.24,0.0,2,1,3,6,213,Hibernating
16271,United Kingdom,2010-03-07 12:03:00,2011-11-24 12:12:00,15,642,8,297,2357,175,3367.82,1,5.95,1,3361.8700000000003,420.9775,0.17667214993675434,5,4,5,14,545,Champions
16272,United Kingdom,2011-08-15 10:53:00,2011-08-15 10:54:00,116,116,1,25,224,25,411.7,0,0.0,0,411.7,411.7,0.0,3,1,2,6,312,Regular Customers
16273,United Kingdom,2010-02-21 16:02:00,2010-03-01 13:24:00,648,656,2,15,40,15,318.34000000000003,0,0.0,0,318.34000000000003,159.17000000000002,0.0,1,2,2,5,122,Hibernating
16274,United Kingdom,2010-12-01 15:35:00,2010-12-01 15:35:00,373,373,1,63,151,63,331.55,0,0.0,0,331.55,331.55,0.0,1,1,2,4,112,Hibernating
16275,United Kingdom,2010-03-08 14:41:00,2011-05-27 12:41:00,196,641,3,111,1268,105,2151.11,0,0.0,0,2151.11,717.0366666666667,0.0,2,3,4,9,234,At Risk
16276,United Kingdom,2010-04-11 12:02:00,2011-06-16 09:34:00,176,607,3,26,1467,20,2629.3900000000003,0,0.0,0,2629.3900000000003,876.4633333333335,0.0,3,3,4,10,334,Need Attention
16277,United Kingdom,2009-12-06 11:27:00,2009-12-06 11:27:00,733,733,1,23,33,23,188.69,0,0.0,0,188.69,188.69,0.0,1,1,1,3,111,Hibernating
16278,United Kingdom,2010-07-28 15:40:00,2011-08-31 17:12:00,100,499,3,55,342,50,1117.84,4,61.25,15,1056.59,372.6133333333333,5.479317254705504,3,3,3,9,333,Need Attention
16279,United Kingdom,2010-04-22 14:09:00,2011-11-18 15:00:00,21,596,9,348,3683,243,5698.28,1,12.9,2,5685.38,633.1422222222222,0.22638410186933602,5,4,5,14,545,Champions
16280,United Kingdom,2009-12-14 15:49:00,2009-12-14 15:49:00,725,725,1,16,101,16,238.05,0,0.0,0,238.05,238.05,0.0,1,1,1,3,111,Hibernating
16281,United Kingdom,2010-01-26 13:41:00,2011-09-28 14:57:00,72,682,3,39,1570,27,3424.02,1,7.5,2,3416.52,1141.34,0.21904077663097762,4,3,5,12,435,Potential Loyalists
16282,United Kingdom,2009-12-21 11:52:00,2011-01-04 11:42:00,339,718,3,33,790,31,1307.5800000000002,0,0.0,0,1307.5800000000002,435.86000000000007,0.0,2,3,4,9,234,At Risk
16283,United Kingdom,2010-02-28 14:12:00,2011-12-04 12:08:00,5,649,8,581,2865,384,4348.62,4,92.45,25,4256.17,543.5775,2.125961799375434,5,4,5,14,545,Champions
16284,United Kingdom,2010-11-11 13:27:00,2011-11-08 16:12:00,31,393,3,133,674,108,1018.48,0,0.0,0,1018.48,339.49333333333334,0.0,4,3,3,10,433,Potential Loyalists
16285,United Kingdom,2010-03-03 16:03:00,2010-03-03 16:03:00,646,646,1,31,60,31,176.9,0,0.0,0,176.9,176.9,0.0,1,1,1,3,111,Hibernating
16286,United Kingdom,2010-03-26 09:58:00,2010-08-19 14:48:00,477,623,2,17,101,17,328.95,2,65.30000000000001,14,263.65,164.475,19.851041191670472,1,2,1,4,121,Hibernating
16287,United Kingdom,2010-01-19 09:46:00,2011-06-23 09:08:00,169,689,5,42,1426,18,1006.98,0,0.0,0,1006.98,201.39600000000002,0.0,3,4,3,10,343,Loyal Customers
16288,United Kingdom,2010-08-26 14:45:00,2010-08-26 14:45:00,470,470,1,7,19,7,129.85,0,0.0,0,129.85,129.85,0.0,1,1,1,3,111,Hibernating
16289,United Kingdom,2010-09-03 14:02:00,2010-09-03 14:02:00,462,462,1,21,97,21,136.31,1,37.5,10,98.81,136.31,27.51082092289634,1,1,1,3,111,Hibernating
16290,United Kingdom,2010-05-23 11:46:00,2010-09-01 11:52:00,464,565,4,124,957,85,1957.7,0,0.0,0,1957.7,489.425,0.0,1,3,4,8,134,At Risk
16292,United Kingdom,2010-04-14 13:29:00,2011-08-10 12:24:00,121,604,5,62,688,51,1253.76,4,82.3,8,1171.46,250.752,6.564254721796835,3,4,3,10,343,Loyal Customers
16293,United Kingdom,2009-12-11 09:58:00,2011-11-18 09:58:00,21,728,15,225,1833,168,4279.2,4,25.75,9,4253.45,285.28,0.6017479902785567,5,5,5,15,555,Champions
16294,United Kingdom,2010-08-20 12:01:00,2010-08-20 12:01:00,476,476,1,8,54,8,126.05000000000001,0,0.0,0,126.05000000000001,126.05000000000001,0.0,1,1,1,3,111,Hibernating
16295,United Kingdom,2011-10-06 10:45:00,2011-11-30 08:17:00,9,64,4,79,841,70,1328.55,0,0.0,0,1328.55,332.1375,0.0,5,3,4,12,534,Potential Loyalists
16296,United Kingdom,2009-12-18 12:03:00,2010-03-23 13:11:00,626,721,4,74,645,56,1313.67,2,67.7,13,1245.97,328.4175,5.153501259829333,1,3,4,8,134,At Risk
16297,United Kingdom,2011-03-16 08:29:00,2011-03-16 08:29:00,268,268,1,20,206,20,301.9,2,23.349999999999998,25,278.54999999999995,301.9,7.734349122225903,2,1,2,5,212,Hibernating
16298,United Kingdom,2010-09-23 15:23:00,2011-11-17 11:59:00,22,442,7,47,308,32,1085.7,2,5.7,2,1080.0,155.1,0.5250069079856314,5,4,3,12,543,Loyal Customers
16299,United Kingdom,2010-08-19 17:46:00,2010-08-19 17:46:00,477,477,1,12,107,12,193.65,1,15.0,4,178.65,193.65,7.745933384972889,1,1,1,3,111,Hibernating
16300,United Kingdom,2010-02-02 11:40:00,2010-10-05 13:14:00,430,675,3,238,643,190,1367.32,0,0.0,0,1367.32,455.7733333333333,0.0,1,3,4,8,134,At Risk
16301,United Kingdom,2009-12-03 10:20:00,2009-12-03 10:20:00,736,736,1,6,41,6,107.33,0,0.0,0,107.33,107.33,0.0,1,1,1,3,111,Hibernating
16302,United Kingdom,2011-08-05 09:44:00,2011-08-05 09:44:00,126,126,1,11,158,11,233.22,1,20.4,24,212.82,233.22,8.747105737072292,3,1,1,5,311,Regular Customers
16303,United Kingdom,2010-03-18 14:12:00,2011-11-14 10:49:00,25,631,7,286,3859,156,7928.27,2,104.55,43,7823.72,1132.6100000000001,1.3186987829627395,5,4,5,14,545,Champions
16304,United Kingdom,2010-01-14 08:30:00,2010-01-14 08:30:00,694,694,1,25,228,25,381.66,0,0.0,0,381.66,381.66,0.0,1,1,2,4,112,Hibernating
16305,United Kingdom,2011-07-24 12:18:00,2011-07-24 12:18:00,138,138,1,22,256,22,361.22,0,0.0,0,361.22,361.22,0.0,3,1,2,6,312,Regular Customers
16306,United Kingdom,2010-10-01 09:36:00,2011-05-10 12:12:00,213,434,7,67,712,55,1124.72,3,30.0,16,1094.72,160.67428571428573,2.6673305355999712,2,4,3,9,243,At Risk
16307,United Kingdom,2010-05-11 14:40:00,2010-10-06 14:31:00,429,577,3,75,1123,69,1194.92,0,0.0,0,1194.92,398.3066666666667,0.0,1,3,4,8,134,At Risk
16308,United Kingdom,2009-12-15 15:48:00,2011-11-02 11:24:00,37,724,7,7,16000,1,5120.0,0,0.0,0,5120.0,731.4285714285714,0.0,4,4,5,13,445,Champions
16309,United Kingdom,2011-04-13 11:46:00,2011-08-25 15:35:00,106,240,2,42,467,39,706.57,1,19.9,2,686.6700000000001,353.285,2.8164230012596057,3,2,3,8,323,Need Attention
16310,United Kingdom,2010-03-07 15:41:00,2010-10-21 14:47:00,414,642,2,28,270,26,460.08,0,0.0,0,460.08,230.04,0.0,1,2,2,5,122,Hibernating
16311,United Kingdom,2011-10-21 13:13:00,2011-11-22 08:54:00,17,49,2,37,394,35,616.26,0,0.0,0,616.26,308.13,0.0,5,2,3,10,523,Potential Loyalists
16312,United Kingdom,2010-10-03 14:15:00,2010-10-03 14:15:00,432,432,1,10,53,10,171.15,0,0.0,0,171.15,171.15,0.0,1,1,1,3,111,Hibernating
16313,United Kingdom,2011-10-21 09:04:00,2011-12-06 13:02:00,3,49,2,16,165,16,274.15000000000003,0,0.0,0,274.15000000000003,137.07500000000002,0.0,5,2,2,9,522,Potential Loyalists
16314,United Kingdom,2010-08-24 11:52:00,2010-11-15 12:06:00,389,472,3,62,636,58,1491.4,0,0.0,0,1491.4,497.1333333333334,0.0,1,3,4,8,134,At Risk
16315,United Kingdom,2010-06-21 13:53:00,2011-01-13 11:57:00,330,536,2,23,143,21,402.71,0,0.0,0,402.71,201.355,0.0,2,2,2,6,222,Hibernating
16316,United Kingdom,2010-08-03 14:38:00,2011-10-06 13:48:00,64,493,13,297,3057,193,5744.91,6,211.60000000000002,23,5533.3099999999995,441.91615384615386,3.6832604862391234,4,5,5,14,455,Champions
16317,United Kingdom,2010-05-04 10:17:00,2011-08-12 12:46:00,119,584,5,117,1236,103,2192.51,1,12.75,1,2179.76,438.50200000000007,0.5815252838071433,3,4,4,11,344,Loyal Customers
16318,United Kingdom,2011-11-04 13:05:00,2011-11-04 13:05:00,35,35,1,19,199,19,328.15000000000003,0,0.0,0,328.15000000000003,328.15000000000003,0.0,4,1,2,7,412,Promising Customers
16319,United Kingdom,2011-05-06 11:27:00,2011-05-06 11:27:00,217,217,1,3,72,3,404.40000000000003,0,0.0,0,404.40000000000003,404.40000000000003,0.0,2,1,2,5,212,Hibernating
16320,Unspecified,2010-01-27 13:29:00,2011-06-20 15:25:00,172,681,6,241,3319,193,5628.99,1,10.2,12,5618.79,938.165,0.1812047987294346,3,4,5,12,345,Loyal Customers
16321,Australia,2009-12-01 10:36:00,2011-09-28 14:55:00,72,738,7,23,259,15,604.5500000000001,3,339.05,157,265.50000000000006,86.36428571428573,56.08303696964684,4,4,1,9,441,Loyal Customers
16322,United Kingdom,2011-11-03 14:33:00,2011-12-08 15:41:00,1,36,2,37,231,28,326.75,0,0.0,0,326.75,163.375,0.0,5,2,2,9,522,Potential Loyalists
16323,United Kingdom,2010-05-11 09:48:00,2011-05-27 14:48:00,196,577,2,4,146,4,353.66,0,0.0,0,353.66,176.83,0.0,2,2,2,6,222,Hibernating
16324,United Kingdom,2011-06-15 14:26:00,2011-08-03 12:58:00,128,177,3,111,270,100,408.59000000000003,0,0.0,0,408.59000000000003,136.1966666666667,0.0,3,3,2,8,332,Need Attention
16325,United Kingdom,2009-12-04 13:21:00,2011-10-24 08:48:00,46,735,12,138,2464,104,3597.5,5,126.6,46,3470.9,299.7916666666667,3.519110493398193,4,5,5,14,455,Champions
16326,United Kingdom,2010-01-28 13:23:00,2011-12-04 10:11:00,5,680,24,466,1082,242,4626.25,1,25.0,20,4601.25,192.76041666666666,0.5403944879762227,5,5,5,15,555,Champions
16327,United Kingdom,2009-12-14 13:06:00,2011-11-25 13:23:00,14,725,16,876,8088,288,10129.04,4,25.82,13,10103.220000000001,633.065,0.25491063318932494,5,5,5,15,555,Champions
16328,United Kingdom,2010-05-25 14:02:00,2010-05-25 14:02:00,563,563,1,16,141,16,310.83,0,0.0,0,310.83,310.83,0.0,1,1,2,4,112,Hibernating
16329,United Kingdom,2009-12-01 11:34:00,2010-10-08 12:44:00,427,738,4,104,797,83,1664.92,0,0.0,0,1664.92,416.23,0.0,1,3,4,8,134,At Risk
16330,United Kingdom,2010-02-15 12:36:00,2011-11-22 12:24:00,17,662,7,117,326,105,625.38,1,9.7,2,615.68,89.34,1.551056957369919,5,4,3,12,543,Loyal Customers
16331,United Kingdom,2010-03-07 10:55:00,2010-10-03 13:47:00,432,642,6,34,756,33,2037.7,0,0.0,0,2037.7,339.6166666666667,0.0,1,4,4,9,144,At Risk
16332,United Kingdom,2010-04-29 13:41:00,2011-11-11 14:22:00,28,589,11,196,1122,157,1997.49,2,20.439999999999998,44,1977.05,181.59,1.0232842216982312,5,5,4,14,554,Champions
16333,United Kingdom,2011-02-03 10:50:00,2011-12-02 12:19:00,7,309,22,45,32184,9,26626.8,0,0.0,0,26626.8,1210.3090909090909,0.0,5,5,5,15,555,Champions
16334,United Kingdom,2010-08-04 16:38:00,2010-08-04 16:38:00,492,492,1,54,206,54,263.73,0,0.0,0,263.73,263.73,0.0,1,1,1,3,111,Hibernating
16335,United Kingdom,2009-12-04 10:18:00,2010-06-06 11:35:00,551,735,7,361,1004,193,2753.52,1,27.0,4,2726.52,393.36,0.9805630610999738,1,4,4,9,144,At Risk
16336,United Kingdom,2010-03-18 08:05:00,2010-10-15 12:32:00,420,631,4,68,1473,64,3517.69,0,0.0,0,3517.69,879.4225,0.0,1,3,5,9,135,At Risk
16337,United Kingdom,2011-11-03 10:03:00,2011-11-03 10:03:00,36,36,1,10,87,10,151.05,0,0.0,0,151.05,151.05,0.0,4,1,1,6,411,Promising Customers
16338,United Kingdom,2011-07-05 13:56:00,2011-07-05 13:56:00,157,157,1,11,94,11,214.8,0,0.0,0,214.8,214.8,0.0,3,1,1,5,311,Regular Customers
16339,United Kingdom,2011-02-28 13:41:00,2011-02-28 13:41:00,284,284,1,18,21,17,94.05,0,0.0,0,94.05,94.05,0.0,2,1,1,4,211,Hibernating
16340,United Kingdom,2010-06-06 13:26:00,2011-08-24 14:53:00,107,551,3,357,1319,277,1496.24,0,0.0,0,1496.24,498.74666666666667,0.0,3,3,4,10,334,Need Attention
16341,United Kingdom,2010-04-09 10:30:00,2011-11-15 09:12:00,24,609,7,158,3022,103,3850.79,3,18.5,16,3832.29,550.1128571428571,0.48042090064636084,5,4,5,14,545,Champions
16342,United Kingdom,2011-06-13 10:10:00,2011-09-25 14:36:00,75,179,4,15,157,10,322.41,0,0.0,0,322.41,80.6025,0.0,4,3,2,9,432,Potential Loyalists
16343,United Kingdom,2010-10-28 14:15:00,2011-11-23 17:45:00,16,407,3,78,345,54,614.12,0,0.0,0,614.12,204.70666666666668,0.0,5,3,3,11,533,Potential Loyalists
16344,United Kingdom,2010-02-09 12:16:00,2011-07-04 15:50:00,158,668,4,46,706,43,842.42,0,0.0,0,842.42,210.605,0.0,3,3,3,9,333,Need Attention
16345,United Kingdom,2010-08-13 17:13:00,2011-10-26 16:03:00,44,483,2,108,611,95,1178.79,0,0.0,0,1178.79,589.395,0.0,4,2,4,10,424,Potential Loyalists
16346,United Kingdom,2010-11-19 15:55:00,2010-11-19 15:55:00,385,385,1,15,289,15,224.51,0,0.0,0,224.51,224.51,0.0,1,1,1,3,111,Hibernating
16347,United Kingdom,2010-03-12 12:41:00,2011-11-28 13:14:00,11,637,11,342,1715,209,3442.96,2,27.4,6,3415.56,312.99636363636364,0.7958268466668216,5,5,5,15,555,Champions
16348,United Kingdom,2010-10-05 13:57:00,2011-11-07 15:44:00,32,430,8,252,1158,179,1742.08,0,0.0,0,1742.08,217.76,0.0,4,4,4,12,444,Champions
16349,United Kingdom,2011-02-22 12:40:00,2011-02-22 12:40:00,290,290,1,9,9,9,53.5,0,0.0,0,53.5,53.5,0.0,2,1,1,4,211,Hibernating
16350,United Kingdom,2010-10-07 16:33:00,2011-11-18 15:53:00,21,428,9,122,1077,72,2253.89,3,31.4,5,2222.49,250.4322222222222,1.3931469592571066,5,4,4,13,544,Champions
16351,United Kingdom,2009-12-04 16:12:00,2011-01-11 10:26:00,332,735,13,187,2165,124,3330.03,5,50.9,44,3279.13,256.15615384615387,1.528514758125302,2,5,5,12,255,At Risk
16352,United Kingdom,2011-11-02 08:44:00,2011-11-22 10:32:00,17,37,2,28,300,28,494.44,0,0.0,0,494.44,247.22,0.0,5,2,2,9,522,Potential Loyalists
16353,United Kingdom,2009-12-07 13:55:00,2011-12-06 12:23:00,3,732,38,173,3483,76,9795.460000000001,3,13.530000000000001,5,9781.93,257.77526315789476,0.13812521310893006,5,5,5,15,555,Champions
16354,United Kingdom,2010-04-27 13:33:00,2011-10-07 14:28:00,63,591,5,140,592,116,1119.46,0,0.0,0,1119.46,223.892,0.0,4,4,3,11,443,Loyal Customers
16355,United Kingdom,2010-11-29 14:21:00,2010-11-29 14:21:00,375,375,1,48,179,47,416.35,1,67.15,34,349.20000000000005,416.35,16.12825747568152,1,1,2,4,112,Hibernating
16356,United Kingdom,2010-06-06 11:26:00,2011-05-26 11:51:00,197,551,6,59,190,27,415.87,1,1.45,1,414.42,69.31166666666667,0.34866665063601604,2,4,2,8,242,At Risk
16357,United Kingdom,2010-11-23 18:52:00,2011-11-06 16:04:00,33,381,4,47,389,43,868.37,0,0.0,0,868.37,217.0925,0.0,4,3,3,10,433,Potential Loyalists
16358,United Kingdom,2010-11-10 11:36:00,2011-12-08 15:09:00,1,394,5,154,2065,118,2919.65,1,2.55,1,2917.1,583.9300000000001,0.08733923586731286,5,4,5,14,545,Champions
16359,United Kingdom,2010-02-16 10:39:00,2011-12-02 17:04:00,7,661,16,125,1764,78,2697.75,4,318.35,33,2379.4,168.609375,11.800574552868131,5,5,4,14,554,Champions
16360,United Kingdom,2011-09-12 13:50:00,2011-12-05 12:16:00,4,88,6,636,2110,365,3450.41,2,100.84,16,3349.5699999999997,575.0683333333333,2.9225512330418706,5,4,5,14,545,Champions
16361,United Kingdom,2011-09-29 13:13:00,2011-11-30 12:32:00,9,71,4,104,418,87,891.21,0,0.0,0,891.21,222.8025,0.0,5,3,3,11,533,Potential Loyalists
16362,United Kingdom,2010-09-28 09:24:00,2011-11-07 13:01:00,32,437,6,90,467,67,922.16,5,105.2,32,816.9599999999999,153.69333333333333,11.407998611954543,4,4,3,11,443,Loyal Customers
16363,United Kingdom,2011-10-17 14:14:00,2011-10-17 14:14:00,53,53,1,5,52,5,109.36000000000001,0,0.0,0,109.36000000000001,109.36000000000001,0.0,4,1,1,6,411,Promising Customers
16364,United Kingdom,2011-07-25 14:35:00,2011-11-28 11:27:00,11,137,2,52,279,48,705.79,0,0.0,0,705.79,352.895,0.0,5,2,3,10,523,Potential Loyalists
16365,United Kingdom,2009-12-11 12:41:00,2011-11-22 11:24:00,17,728,15,124,1034,97,3167.34,1,10.4,16,3156.94,211.156,0.3283512347900762,5,5,5,15,555,Champions
16366,United Kingdom,2009-12-16 10:39:00,2011-11-21 08:19:00,18,723,4,78,882,74,1548.13,0,0.0,0,1548.13,387.0325,0.0,5,3,4,12,534,Potential Loyalists
16367,United Kingdom,2010-11-21 13:23:00,2011-11-02 13:13:00,37,383,3,223,1103,196,1350.48,0,0.0,0,1350.48,450.16,0.0,4,3,4,11,434,Potential Loyalists
16368,United Kingdom,2010-09-30 11:30:00,2011-12-07 13:12:00,2,435,3,90,307,74,621.44,0,0.0,0,621.44,207.14666666666668,0.0,5,3,3,11,533,Potential Loyalists
16369,United Kingdom,2010-04-07 16:52:00,2011-11-21 16:25:00,18,611,7,167,1585,114,2654.48,0,0.0,0,2654.48,379.2114285714286,0.0,5,4,4,13,544,Champions
16370,United Kingdom,2011-04-28 16:40:00,2011-09-18 15:55:00,82,225,4,221,640,143,1301.91,0,0.0,0,1301.91,325.4775,0.0,4,3,4,11,434,Potential Loyalists
16371,United Kingdom,2010-09-17 12:09:00,2010-09-17 12:09:00,448,448,1,11,108,11,157.2,0,0.0,0,157.2,157.2,0.0,1,1,1,3,111,Hibernating
16372,United Kingdom,2010-04-11 15:20:00,2011-11-06 13:08:00,33,607,5,315,722,271,1290.31,1,30.0,24,1260.31,258.062,2.3250226689710227,4,4,4,12,444,Champions
16373,United Kingdom,2010-10-24 13:10:00,2010-11-22 15:50:00,382,411,2,29,119,25,309.49,0,0.0,0,309.49,154.745,0.0,1,2,2,5,122,Hibernating
16374,United Kingdom,2010-04-30 13:10:00,2011-10-04 15:21:00,66,588,5,344,768,275,1709.55,0,0.0,0,1709.55,341.90999999999997,0.0,4,4,4,12,444,Champions
16375,United Kingdom,2010-08-26 14:12:00,2010-08-26 14:25:00,470,470,2,13,74,11,104.0,0,0.0,0,104.0,52.0,0.0,1,2,1,4,121,Hibernating
16376,United Kingdom,2011-11-22 16:47:00,2011-12-01 11:38:00,8,17,2,122,691,104,974.96,1,9.49,5,965.47,487.48,0.9733732665955527,5,2,3,10,523,Potential Loyalists
16377,United Kingdom,2010-04-01 10:36:00,2011-03-17 15:41:00,267,617,2,10,2928,6,1308.48,0,0.0,0,1308.48,654.24,0.0,2,2,4,8,224,At Risk
16378,United Kingdom,2011-02-02 12:42:00,2011-04-06 15:07:00,247,310,3,23,267,22,362.95,0,0.0,0,362.95,120.98333333333333,0.0,2,3,2,7,232,At Risk
16379,United Kingdom,2011-09-22 09:33:00,2011-12-05 15:38:00,4,78,4,108,1410,87,2157.4,1,25.5,2,2131.9,539.35,1.1819783072216556,5,3,4,12,534,Potential Loyalists
16380,United Kingdom,2011-10-09 15:40:00,2011-10-09 15:40:00,61,61,1,31,1428,28,1743.1499999999999,0,0.0,0,1743.1499999999999,1743.1499999999999,0.0,4,1,4,9,414,Promising Customers
16381,United Kingdom,2010-10-17 13:06:00,2010-11-09 09:56:00,395,418,2,61,108,60,247.85,0,0.0,0,247.85,123.925,0.0,1,2,1,4,121,Hibernating
16382,United Kingdom,2010-06-07 12:42:00,2010-10-27 16:23:00,408,550,2,44,167,42,353.1,0,0.0,0,353.1,176.55,0.0,1,2,2,5,122,Hibernating
16383,United Kingdom,2010-02-04 13:18:00,2011-09-26 12:45:00,74,673,7,399,1590,238,2887.99,1,59.05,7,2828.9399999999996,412.57,2.0446746699261427,4,4,5,13,445,Champions
16384,United Kingdom,2010-04-28 14:01:00,2011-09-11 11:19:00,89,590,4,81,861,80,1358.95,0,0.0,0,1358.95,339.7375,0.0,4,3,4,11,434,Potential Loyalists
16385,United Kingdom,2010-03-18 12:45:00,2011-10-10 13:12:00,60,631,5,114,476,94,881.35,0,0.0,0,881.35,176.27,0.0,4,4,3,11,443,Loyal Customers
16386,United Kingdom,2010-11-17 11:19:00,2011-11-11 12:28:00,28,387,3,139,700,127,1068.16,0,0.0,0,1068.16,356.05333333333334,0.0,5,3,3,11,533,Potential Loyalists
16387,United Kingdom,2010-03-11 12:22:00,2011-01-21 11:34:00,322,638,5,87,448,68,882.46,0,0.0,0,882.46,176.49200000000002,0.0,2,4,3,9,243,At Risk
16388,United Kingdom,2010-02-24 10:20:00,2010-02-24 10:20:00,653,653,1,13,83,13,186.05,0,0.0,0,186.05,186.05,0.0,1,1,1,3,111,Hibernating
16389,United Kingdom,2011-03-01 15:47:00,2011-10-17 14:41:00,53,283,4,34,1242,33,1382.0700000000002,1,19.8,12,1362.2700000000002,345.51750000000004,1.4326336582083397,4,3,4,11,434,Potential Loyalists
16390,United Kingdom,2010-01-29 15:25:00,2010-06-21 10:11:00,536,679,3,21,122,16,467.5,0,0.0,0,467.5,155.83333333333334,0.0,1,3,2,6,132,At Risk
16391,United Kingdom,2010-05-27 11:27:00,2010-11-04 12:27:00,400,561,4,302,713,260,1048.86,0,0.0,0,1048.86,262.215,0.0,1,3,3,7,133,At Risk
16392,United Kingdom,2010-05-27 11:17:00,2011-03-15 12:11:00,269,561,3,143,603,124,755.45,0,0.0,0,755.45,251.8166666666667,0.0,2,3,3,8,233,At Risk
16393,United Kingdom,2009-12-01 12:13:00,2011-12-07 12:51:00,2,738,23,747,3001,313,5297.77,7,105.16,47,5192.610000000001,230.33782608695654,1.984986135675954,5,5,5,15,555,Champions
16394,United Kingdom,2011-02-23 10:58:00,2011-10-14 09:48:00,56,289,5,83,2604,61,1555.34,4,143.28,287,1412.06,311.068,9.212133681381564,4,4,4,12,444,Champions
16395,United Kingdom,2009-12-06 12:26:00,2011-10-10 12:50:00,60,733,14,633,2900,415,3517.56,3,78.9,20,3438.66,251.25428571428571,2.243032101797837,4,5,5,14,455,Champions
16396,United Kingdom,2010-08-20 14:17:00,2010-08-20 14:17:00,476,476,1,8,80,8,137.8,2,35.1,34,102.70000000000002,137.8,25.471698113207548,1,1,1,3,111,Hibernating
16397,United Kingdom,2010-03-21 15:36:00,2010-03-21 15:36:00,628,628,1,9,43,9,123.13,0,0.0,0,123.13,123.13,0.0,1,1,1,3,111,Hibernating
16398,United Kingdom,2011-03-31 09:38:00,2011-07-08 15:16:00,154,253,2,82,758,75,1705.8,2,74.65,13,1631.1499999999999,852.9,4.376245749794818,3,2,4,9,324,Need Attention
16399,United Kingdom,2010-11-15 15:03:00,2011-11-20 16:12:00,19,389,3,109,434,96,628.42,0,0.0,0,628.42,209.47333333333333,0.0,5,3,3,11,533,Potential Loyalists
16400,United Kingdom,2009-12-08 12:38:00,2011-09-06 12:27:00,94,731,9,267,2066,214,3059.85,0,0.0,0,3059.85,339.98333333333335,0.0,3,4,5,12,345,Loyal Customers
16401,United Kingdom,2010-06-02 13:13:00,2011-12-08 18:15:00,1,555,23,362,6033,109,6847.45,15,218.21,124,6629.24,297.71521739130435,3.186733747599472,5,5,5,15,555,Champions
16402,United Kingdom,2010-12-05 13:42:00,2011-03-20 12:25:00,264,369,2,57,146,55,293.45,0,0.0,0,293.45,146.725,0.0,2,2,2,6,222,Hibernating
16403,United Kingdom,2011-01-31 13:39:00,2011-01-31 13:39:00,312,312,1,10,114,10,177.5,1,16.45,11,161.05,177.5,9.267605633802816,2,1,1,4,211,Hibernating
16404,United Kingdom,2011-09-30 14:55:00,2011-09-30 14:55:00,70,70,1,23,157,23,443.05,1,12.75,1,430.3,443.05,2.8777790317119964,4,1,2,7,412,Promising Customers
16405,United Kingdom,2011-02-02 17:08:00,2011-02-10 15:24:00,302,310,2,5,187,3,167.25,0,0.0,0,167.25,83.625,0.0,2,2,1,5,221,Hibernating
16406,United Kingdom,2010-02-24 11:51:00,2011-11-21 11:57:00,18,653,3,148,257,135,528.36,1,18.7,22,509.66,176.12,3.5392535392535387,5,3,2,10,532,Potential Loyalists
16407,United Kingdom,2010-10-03 13:56:00,2011-11-27 11:05:00,12,432,14,225,1448,120,2761.65,0,0.0,0,2761.65,197.2607142857143,0.0,5,5,4,14,554,Champions
16408,United Kingdom,2010-04-27 14:08:00,2010-04-27 14:08:00,591,591,1,45,227,45,231.93,0,0.0,0,231.93,231.93,0.0,1,1,1,3,111,Hibernating
16409,United Kingdom,2009-12-13 15:38:00,2011-11-03 16:45:00,36,726,12,775,3664,335,5652.74,0,0.0,0,5652.74,471.06166666666667,0.0,4,5,5,14,455,Champions
16410,United Kingdom,2009-12-05 14:51:00,2009-12-05 14:51:00,734,734,1,5,348,5,130.32,0,0.0,0,130.32,130.32,0.0,1,1,1,3,111,Hibernating
16411,United Kingdom,2010-10-07 15:09:00,2011-11-20 13:23:00,19,428,4,181,461,139,756.39,0,0.0,0,756.39,189.0975,0.0,5,3,3,11,533,Potential Loyalists
16412,United Kingdom,2010-02-04 13:46:00,2011-10-17 12:35:00,53,673,5,122,288,84,593.19,0,0.0,0,593.19,118.638,0.0,4,4,3,11,443,Loyal Customers
16413,United Kingdom,2010-11-29 12:49:00,2011-10-14 12:08:00,56,375,2,68,283,55,522.03,0,0.0,0,522.03,261.015,0.0,4,2,2,8,422,Potential Loyalists
16414,United Kingdom,2010-01-14 10:21:00,2011-11-18 09:42:00,21,694,5,63,201,58,551.21,0,0.0,0,551.21,110.242,0.0,5,4,2,11,542,Loyal Customers
16415,United Kingdom,2010-02-01 12:30:00,2011-10-26 13:35:00,44,676,3,145,508,120,696.76,0,0.0,0,696.76,232.25333333333333,0.0,4,3,3,10,433,Potential Loyalists
16416,United Kingdom,2010-02-23 12:00:00,2011-11-13 12:50:00,26,654,9,186,2198,146,2957.88,1,20.0,16,2937.88,328.65333333333336,0.6761599523983394,5,4,5,14,545,Champions
16417,United Kingdom,2010-08-04 09:08:00,2010-08-04 09:08:00,492,492,1,1,6,1,35.7,0,0.0,0,35.7,35.7,0.0,1,1,1,3,111,Hibernating
16418,United Kingdom,2010-10-13 12:31:00,2011-10-26 12:39:00,44,422,5,156,564,121,1028.74,0,0.0,0,1028.74,205.748,0.0,4,4,3,11,443,Loyal Customers
16419,United Kingdom,2010-02-09 13:26:00,2011-08-19 12:33:00,112,668,8,90,701,62,1463.7,1,12.75,1,1450.95,182.9625,0.8710801393728222,3,4,4,11,344,Loyal Customers
16420,United Kingdom,2010-11-08 15:15:00,2010-11-08 15:15:00,396,396,1,2,120,2,75.0,0,0.0,0,75.0,75.0,0.0,1,1,1,3,111,Hibernating
16421,United Kingdom,2010-08-27 12:02:00,2010-11-28 13:31:00,376,469,3,38,123,35,526.27,0,0.0,0,526.27,175.42333333333332,0.0,1,3,2,6,132,At Risk
16422,United Kingdom,2010-01-12 11:57:00,2011-11-22 14:00:00,17,696,107,696,64032,109,61656.42,15,1716.8999999999999,1762,59939.52,576.2282242990655,2.784624861449951,5,5,5,15,555,Champions
16423,United Kingdom,2011-11-15 09:21:00,2011-11-15 09:21:00,24,24,1,18,230,18,346.12,0,0.0,0,346.12,346.12,0.0,5,1,2,8,512,New Customers
16424,United Kingdom,2010-11-22 11:24:00,2011-06-01 13:40:00,191,382,2,13,212,10,443.06,1,51.0,6,392.06,221.53,11.51085631742879,2,2,2,6,222,Hibernating
16425,United Kingdom,2011-02-10 14:30:00,2011-02-10 14:30:00,302,302,1,21,199,21,302.7,0,0.0,0,302.7,302.7,0.0,2,1,2,5,212,Hibernating
16426,United Kingdom,2011-03-08 15:45:00,2011-12-07 14:01:00,2,276,10,353,1215,211,1863.76,0,0.0,0,1863.76,186.376,0.0,5,4,4,13,544,Champions
16427,United Kingdom,2011-02-28 15:18:00,2011-03-21 17:10:00,263,284,2,9,156,8,241.06,0,0.0,0,241.06,120.53,0.0,2,2,1,5,221,Hibernating
16428,United Kingdom,2010-07-30 12:10:00,2010-10-22 12:22:00,413,497,3,127,575,121,638.49,1,2.95,1,635.54,212.83,0.46202759636016233,1,3,3,7,133,At Risk
16429,United Kingdom,2011-08-25 13:54:00,2011-08-25 13:54:00,106,106,1,2,9,2,284.55,0,0.0,0,284.55,284.55,0.0,3,1,2,6,312,Regular Customers
16430,United Kingdom,2010-01-27 12:45:00,2011-10-13 14:47:00,57,681,6,27,306,18,1102.94,0,0.0,0,1102.94,183.82333333333335,0.0,4,4,3,11,443,Loyal Customers
16431,United Kingdom,2011-02-15 14:02:00,2011-05-10 14:09:00,213,297,3,76,442,51,623.28,0,0.0,0,623.28,207.76,0.0,2,3,3,8,233,At Risk
16432,United Kingdom,2011-10-06 13:59:00,2011-10-06 13:59:00,64,64,1,8,276,8,287.40000000000003,0,0.0,0,287.40000000000003,287.40000000000003,0.0,4,1,2,7,412,Promising Customers
16433,United Kingdom,2010-10-27 12:26:00,2011-11-11 14:09:00,28,408,2,34,214,33,384.52,0,0.0,0,384.52,192.26,0.0,5,2,2,9,522,Potential Loyalists
16434,United Kingdom,2010-01-17 14:51:00,2011-11-10 14:28:00,29,691,12,180,1310,126,2673.69,1,14.7,7,2658.9900000000002,222.8075,0.5498019590902461,5,5,4,14,554,Champions
16435,United Kingdom,2010-07-13 13:29:00,2010-07-15 18:22:00,512,514,3,125,608,119,1003.0699999999999,0,0.0,0,1003.0699999999999,334.3566666666666,0.0,1,3,3,7,133,At Risk
16436,United Kingdom,2009-12-06 16:02:00,2010-02-09 13:19:00,668,733,3,40,227,37,319.14,1,87.3,22,231.83999999999997,106.38,27.354765933446135,1,3,1,5,131,At Risk
16437,United Kingdom,2010-10-06 12:34:00,2010-11-23 16:59:00,381,429,2,21,197,17,301.25,0,0.0,0,301.25,150.625,0.0,1,2,2,5,122,Hibernating
16438,United Kingdom,2011-09-18 13:31:00,2011-12-04 10:51:00,5,82,5,132,463,74,798.35,0,0.0,0,798.35,159.67000000000002,0.0,5,4,3,12,543,Loyal Customers
16439,United Kingdom,2009-12-17 14:22:00,2009-12-17 14:22:00,722,722,1,9,74,9,310.70000000000005,0,0.0,0,310.70000000000005,310.70000000000005,0.0,1,1,2,4,112,Hibernating
16440,United Kingdom,2010-08-03 11:32:00,2011-12-02 12:02:00,7,493,6,307,2108,202,3856.97,0,0.0,0,3856.97,642.8283333333333,0.0,5,4,5,14,545,Champions
16441,United Kingdom,2010-03-22 18:00:00,2011-10-03 17:48:00,67,627,5,84,477,66,1013.1800000000001,1,10.95,1,1002.23,202.63600000000002,1.0807556406561518,4,4,3,11,443,Loyal Customers
16442,United Kingdom,2009-12-13 11:05:00,2011-12-08 11:43:00,1,726,5,247,580,226,891.98,0,0.0,0,891.98,178.39600000000002,0.0,5,4,3,12,543,Loyal Customers
16443,United Kingdom,2010-07-07 11:57:00,2010-07-07 11:57:00,520,520,1,1,96,1,162.24,0,0.0,0,162.24,162.24,0.0,1,1,1,3,111,Hibernating
16444,United Kingdom,2010-03-24 14:06:00,2011-10-24 13:50:00,46,625,17,371,1945,217,3625.88,3,67.25,11,3558.63,213.2870588235294,1.8547221639988085,4,5,5,14,455,Champions
16445,United Kingdom,2010-10-24 12:39:00,2011-11-06 12:32:00,33,411,4,180,287,143,583.16,0,0.0,0,583.16,145.79,0.0,4,3,2,9,432,Potential Loyalists
16446,United Kingdom,2011-05-18 09:52:00,2011-12-09 09:15:00,0,205,2,3,80997,3,168472.5,1,168469.6,80995,2.8999999999941792,84236.25,99.99827865081838,5,2,1,8,521,Potential Loyalists
16447,United Kingdom,2010-02-17 14:09:00,2011-07-27 12:45:00,135,660,3,68,315,59,727.1,0,0.0,0,727.1,242.36666666666667,0.0,3,3,3,9,333,Need Attention
16448,United Kingdom,2010-08-25 16:58:00,2011-05-25 16:28:00,198,471,2,50,176,45,361.12,0,0.0,0,361.12,180.56,0.0,2,2,2,6,222,Hibernating
16449,United Kingdom,2011-03-04 12:15:00,2011-05-26 10:25:00,197,280,2,40,367,40,707.69,1,33.0,8,674.69,353.845,4.663058683887012,2,2,3,7,223,Hibernating
16450,United Kingdom,2010-02-21 15:46:00,2011-07-13 11:47:00,149,656,3,43,681,36,1505.73,1,30.0,24,1475.73,501.91,1.9923890737383196,3,3,4,10,334,Need Attention
16451,United Kingdom,2009-12-04 15:11:00,2011-09-13 09:17:00,87,735,3,65,524,61,1013.15,1,3.75,3,1009.4,337.71666666666664,0.3701327542812022,4,3,3,10,433,Potential Loyalists
16452,United Kingdom,2010-01-15 12:22:00,2010-03-19 12:39:00,630,693,2,18,199,14,332.17,0,0.0,0,332.17,166.085,0.0,1,2,2,5,122,Hibernating
16453,United Kingdom,2010-06-09 13:15:00,2010-06-27 12:46:00,530,548,2,15,139,15,251.71,0,0.0,0,251.71,125.855,0.0,1,2,1,4,121,Hibernating
16454,United Kingdom,2010-04-07 15:54:00,2011-10-06 16:57:00,64,611,2,2,3,2,7.45,0,0.0,0,7.45,3.725,0.0,4,2,1,7,421,Potential Loyalists
16455,United Kingdom,2010-03-30 10:31:00,2011-10-07 12:17:00,63,619,11,205,2851,111,3995.57,2,77.65,43,3917.92,363.2336363636364,1.9434023180672597,4,5,5,14,455,Champions
16456,United Kingdom,2010-03-29 11:16:00,2011-09-01 13:50:00,99,620,13,391,3296,226,6000.94,0,0.0,0,6000.94,461.6107692307692,0.0,3,5,5,13,355,Loyal Customers
16457,United Kingdom,2011-05-05 13:19:00,2011-05-05 13:19:00,218,218,1,9,140,9,208.36,0,0.0,0,208.36,208.36,0.0,2,1,1,4,211,Hibernating
16458,United Kingdom,2010-05-26 14:38:00,2011-12-07 09:34:00,2,562,30,381,3395,91,5690.89,0,0.0,0,5690.89,189.69633333333334,0.0,5,5,5,15,555,Champions
16459,United Kingdom,2009-12-10 12:42:00,2009-12-10 12:42:00,729,729,1,5,59,5,71.78999999999999,0,0.0,0,71.78999999999999,71.78999999999999,0.0,1,1,1,3,111,Hibernating
16460,United Kingdom,2011-09-19 10:15:00,2011-11-11 13:46:00,28,81,3,132,876,128,811.23,0,0.0,0,811.23,270.41,0.0,5,3,3,11,533,Potential Loyalists
16461,United Kingdom,2010-03-03 13:57:00,2011-06-15 12:07:00,177,646,3,251,927,222,1539.83,0,0.0,0,1539.83,513.2766666666666,0.0,3,3,4,10,334,Need Attention
16462,United Kingdom,2011-03-01 08:58:00,2011-09-27 10:24:00,73,283,3,3,16,1,136.0,1,34.0,4,102.0,45.333333333333336,25.0,4,3,1,8,431,Potential Loyalists
16463,United Kingdom,2011-05-19 14:45:00,2011-11-18 14:01:00,21,204,4,82,1163,74,1422.4,3,38.7,28,1383.7,355.6,2.720753655793026,5,3,4,12,534,Potential Loyalists
16464,United Kingdom,2011-07-20 13:53:00,2011-11-20 12:11:00,19,142,3,230,952,152,1298.66,0,0.0,0,1298.66,432.8866666666667,0.0,5,3,4,12,534,Potential Loyalists
16465,United Kingdom,2010-09-21 10:46:00,2010-10-15 09:27:00,420,444,2,48,504,45,746.24,1,19.9,2,726.34,373.12,2.6667024013722127,1,2,3,6,123,Hibernating
16466,United Kingdom,2010-03-07 14:31:00,2011-11-06 11:35:00,33,642,15,336,1777,207,3767.09,1,125.0,1,3642.09,251.13933333333335,3.318211139102065,4,5,5,14,455,Champions
16467,United Kingdom,2009-12-02 11:59:00,2010-07-19 11:49:00,508,737,7,24,7384,14,2869.16,1,6.76,4,2862.3999999999996,409.88,0.2356090284264384,1,4,5,10,145,At Risk
16468,United Kingdom,2010-08-15 13:10:00,2011-09-26 14:13:00,74,481,3,45,371,38,787.52,0,0.0,0,787.52,262.50666666666666,0.0,4,3,3,10,433,Potential Loyalists
16469,United Kingdom,2010-07-13 13:17:00,2011-11-16 12:25:00,23,514,5,194,332,167,803.9,0,0.0,0,803.9,160.78,0.0,5,4,3,12,543,Loyal Customers
16470,United Kingdom,2009-12-11 12:21:00,2011-10-19 12:11:00,51,728,11,468,1335,286,2416.85,1,4.95,1,2411.9,219.71363636363637,0.20481204874113002,4,5,4,13,454,Champions
16471,United Kingdom,2010-02-25 10:07:00,2011-03-10 09:41:00,274,652,4,62,670,48,1189.98,2,3.8,4,1186.18,297.495,0.31933309803526105,2,3,4,9,234,At Risk
16472,United Kingdom,2010-04-21 11:48:00,2010-10-01 13:56:00,434,597,2,39,252,39,789.6,0,0.0,0,789.6,394.8,0.0,1,2,3,6,123,Hibernating
16473,United Kingdom,2010-11-30 16:29:00,2011-06-28 09:10:00,164,374,4,28,296,26,470.83,1,1.25,1,469.58,117.7075,0.2654886052290636,3,3,2,8,332,Need Attention
16474,United Kingdom,2011-07-17 14:51:00,2011-12-02 13:02:00,7,145,7,336,907,236,1810.49,4,60.03,25,1750.46,258.64142857142855,3.3156769714276244,5,4,4,13,544,Champions
16475,United Kingdom,2011-03-11 09:39:00,2011-09-12 14:37:00,88,273,4,28,319,23,544.3,0,0.0,0,544.3,136.075,0.0,4,3,2,9,432,Potential Loyalists
16476,United Kingdom,2010-10-04 10:29:00,2010-10-04 10:29:00,431,431,1,24,187,24,350.35,2,13.35,5,337.0,350.35,3.810475239046667,1,1,2,4,112,Hibernating
16477,United Kingdom,2010-08-12 09:43:00,2011-10-07 09:44:00,63,484,11,246,2507,177,4094.37,0,0.0,0,4094.37,372.2154545454545,0.0,4,5,5,14,455,Champions
16478,United Kingdom,2011-10-05 12:02:00,2011-11-14 15:51:00,25,65,3,17,224,15,331.0,0,0.0,0,331.0,110.33333333333333,0.0,5,3,2,10,532,Potential Loyalists
16479,United Kingdom,2011-11-29 13:04:00,2011-11-29 13:40:00,10,10,2,35,102,35,300.83,0,0.0,0,300.83,150.415,0.0,5,2,2,9,522,Potential Loyalists
16480,United Kingdom,2011-09-25 11:40:00,2011-09-25 11:40:00,75,75,1,53,455,51,769.29,0,0.0,0,769.29,769.29,0.0,4,1,3,8,413,Promising Customers
16481,United Kingdom,2010-01-26 13:09:00,2010-01-26 13:09:00,682,682,1,16,201,16,453.38,2,22.45,15,430.93,453.38,4.951696148925846,1,1,2,4,112,Hibernating
16482,United Kingdom,2011-11-24 12:33:00,2011-11-24 12:33:00,15,15,1,18,346,18,220.62,0,0.0,0,220.62,220.62,0.0,5,1,1,7,511,New Customers
16483,United Kingdom,2011-05-31 13:08:00,2011-05-31 13:08:00,192,192,1,19,44,19,139.35,0,0.0,0,139.35,139.35,0.0,2,1,1,4,211,Hibernating
16484,United Kingdom,2011-06-02 10:39:00,2011-06-19 12:06:00,173,190,2,25,200,25,404.3,1,24.9,6,379.40000000000003,202.15,6.158792975513232,3,2,2,7,322,Need Attention
16485,United Kingdom,2009-12-06 12:28:00,2011-09-23 15:50:00,77,733,5,144,1153,126,2287.19,2,157.0,27,2130.19,457.438,6.8643182245462775,4,4,4,12,444,Champions
16486,United Kingdom,2010-06-20 12:16:00,2010-06-20 12:16:00,537,537,1,7,24,7,134.36,0,0.0,0,134.36,134.36,0.0,1,1,1,3,111,Hibernating
16487,United Kingdom,2010-02-18 17:36:00,2010-05-11 13:38:00,577,659,2,35,163,28,209.4,0,0.0,0,209.4,104.7,0.0,1,2,1,4,121,Hibernating
16488,United Kingdom,2011-07-14 11:46:00,2011-11-06 13:42:00,33,148,3,29,728,28,498.8,1,6.6,4,492.2,166.26666666666668,1.3231756214915797,4,3,2,9,432,Potential Loyalists
16489,United Kingdom,2010-09-29 15:02:00,2010-11-24 14:40:00,380,436,2,6,38,4,303.7,0,0.0,0,303.7,151.85,0.0,1,2,2,5,122,Hibernating
16490,United Kingdom,2010-09-29 16:30:00,2010-09-29 16:30:00,436,436,1,13,113,13,205.41000000000003,1,26.25,7,179.16000000000003,205.41000000000003,12.779319409960566,1,1,1,3,111,Hibernating
16491,United Kingdom,2010-10-22 15:42:00,2011-10-24 10:18:00,46,413,2,87,1060,86,1533.16,1,8.850000000000001,3,1524.3100000000002,766.58,0.5772391661666102,4,2,4,10,424,Potential Loyalists
16492,United Kingdom,2010-06-17 08:20:00,2010-06-17 08:20:00,540,540,1,23,235,23,385.56,0,0.0,0,385.56,385.56,0.0,1,1,2,4,112,Hibernating
16493,United Kingdom,2010-03-26 13:05:00,2011-09-21 11:10:00,79,623,7,111,1988,77,2132.09,2,21.97,51,2110.1200000000003,304.5842857142857,1.0304443058219868,4,4,4,12,444,Champions
16494,United Kingdom,2011-02-16 12:49:00,2011-02-16 12:49:00,296,296,1,50,675,47,826.53,0,0.0,0,826.53,826.53,0.0,2,1,3,6,213,Hibernating
16495,United Kingdom,2011-03-08 16:38:00,2011-12-06 13:20:00,3,276,3,88,328,78,648.26,0,0.0,0,648.26,216.08666666666667,0.0,5,3,3,11,533,Potential Loyalists
16496,United Kingdom,2010-07-18 13:42:00,2011-12-01 10:31:00,8,509,6,138,1764,120,2330.77,1,37.3,20,2293.47,388.46166666666664,1.6003295048417476,5,4,4,13,544,Champions
16497,United Kingdom,2009-12-03 14:11:00,2011-10-21 10:55:00,49,736,23,337,3050,239,6695.28,0,0.0,0,6695.28,291.0991304347826,0.0,4,5,5,14,455,Champions
16498,United Kingdom,2011-06-30 19:52:00,2011-07-01 15:07:00,161,162,2,15,45,15,100.97,1,14.85,3,86.12,50.485,14.707338813508963,3,2,1,6,321,Need Attention
16499,United Kingdom,2010-06-11 12:22:00,2010-12-14 13:31:00,360,546,8,144,1364,104,2578.34,5,68.7,10,2509.6400000000003,322.2925,2.6645050691530208,2,4,4,10,244,At Risk
16500,United Kingdom,2010-06-14 14:54:00,2011-12-05 12:04:00,4,543,9,34,386,24,843.9100000000001,1,7.95,1,835.96,93.76777777777778,0.9420435828465121,5,4,3,12,543,Loyal Customers
16501,United Kingdom,2010-11-21 14:10:00,2010-11-21 14:10:00,383,383,1,199,628,181,1191.23,0,0.0,0,1191.23,1191.23,0.0,1,1,4,6,114,At Risk
16502,United Kingdom,2010-03-29 13:39:00,2010-03-29 13:44:00,620,620,2,41,220,41,258.55,0,0.0,0,258.55,129.275,0.0,1,2,1,4,121,Hibernating
16503,United Kingdom,2010-06-21 14:07:00,2011-08-25 11:46:00,106,536,11,213,1535,161,3614.34,2,16.45,3,3597.8900000000003,328.5763636363636,0.45513150395369556,3,5,5,13,355,Loyal Customers
16504,United Kingdom,2011-11-14 15:18:00,2011-11-14 15:18:00,25,25,1,83,510,76,465.88,0,0.0,0,465.88,465.88,0.0,5,1,2,8,512,New Customers
16505,United Kingdom,2011-11-08 12:14:00,2011-11-08 12:14:00,31,31,1,4,576,4,777.6,0,0.0,0,777.6,777.6,0.0,4,1,3,8,413,Promising Customers
16506,United Kingdom,2011-10-30 15:50:00,2011-11-20 12:17:00,19,40,2,3,42,3,90.30000000000001,0,0.0,0,90.30000000000001,45.150000000000006,0.0,5,2,1,8,521,Potential Loyalists
16507,United Kingdom,2010-05-16 12:56:00,2010-05-16 12:56:00,572,572,1,38,111,37,142.71,0,0.0,0,142.71,142.71,0.0,1,1,1,3,111,Hibernating
16508,United Kingdom,2010-03-19 13:41:00,2010-03-19 13:41:00,630,630,1,43,103,42,240.95,0,0.0,0,240.95,240.95,0.0,1,1,1,3,111,Hibernating
16509,United Kingdom,2011-02-16 09:25:00,2011-02-16 09:25:00,296,296,1,13,64,13,363.70000000000005,0,0.0,0,363.70000000000005,363.70000000000005,0.0,2,1,2,5,212,Hibernating
16510,United Kingdom,2010-01-17 12:30:00,2010-12-02 13:39:00,372,691,6,111,927,93,1757.25,0,0.0,0,1757.25,292.875,0.0,1,4,4,9,144,At Risk
16511,United Kingdom,2010-03-01 12:21:00,2011-11-18 10:41:00,21,648,6,303,765,234,1758.49,0,0.0,0,1758.49,293.08166666666665,0.0,5,4,4,13,544,Champions
16513,United Kingdom,2011-10-27 14:56:00,2011-12-05 10:18:00,4,43,4,35,407,33,874.59,0,0.0,0,874.59,218.6475,0.0,5,3,3,11,533,Potential Loyalists
16515,United Kingdom,2010-06-17 12:17:00,2011-10-18 13:10:00,52,540,10,236,1573,184,3179.06,0,0.0,0,3179.06,317.906,0.0,4,4,5,13,445,Champions
16516,United Kingdom,2011-11-09 14:59:00,2011-11-09 14:59:00,30,30,1,6,58,6,101.69999999999999,0,0.0,0,101.69999999999999,101.69999999999999,0.0,5,1,1,7,511,New Customers
16517,United Kingdom,2011-03-07 13:50:00,2011-03-07 13:50:00,277,277,1,17,96,17,162.70000000000002,0,0.0,0,162.70000000000002,162.70000000000002,0.0,2,1,1,4,211,Hibernating
16518,United Kingdom,2010-06-01 13:31:00,2011-10-09 15:04:00,61,556,4,68,524,61,959.37,2,21.1,8,938.27,239.8425,2.199359996664478,4,3,3,10,433,Potential Loyalists
16519,United Kingdom,2010-03-01 13:51:00,2011-11-14 15:41:00,25,648,4,35,149,31,436.96,0,0.0,0,436.96,109.24,0.0,5,3,2,10,532,Potential Loyalists
16520,United Kingdom,2010-03-02 16:50:00,2011-06-06 13:24:00,186,647,6,352,1045,251,2148.38,2,16.7,2,2131.6800000000003,358.06333333333333,0.7773298950837375,2,4,4,10,244,At Risk
16521,United Kingdom,2010-03-01 13:22:00,2010-10-20 13:09:00,415,648,3,236,1013,211,1136.36,0,0.0,0,1136.36,378.78666666666663,0.0,1,3,3,7,133,At Risk
16522,United Kingdom,2010-09-15 13:32:00,2010-09-30 10:54:00,435,450,2,18,212,16,433.36,0,0.0,0,433.36,216.68,0.0,1,2,2,5,122,Hibernating
16523,United Kingdom,2010-01-24 13:14:00,2011-12-08 09:06:00,1,684,28,371,4979,180,11916.33,11,155.79,37,11760.539999999999,425.5832142857143,1.3073656066926647,5,5,5,15,555,Champions
16524,United Kingdom,2010-01-17 13:16:00,2010-09-19 13:37:00,446,691,2,53,259,50,306.19,0,0.0,0,306.19,153.095,0.0,1,2,2,5,122,Hibernating
16525,United Kingdom,2009-12-02 13:53:00,2011-12-07 15:07:00,2,737,48,353,14430,115,24151.3,6,1231.9,938,22919.399999999998,503.15208333333334,5.100760621581448,5,5,5,15,555,Champions
16526,United Kingdom,2010-05-04 16:34:00,2011-06-21 12:02:00,171,584,2,35,279,30,717.21,0,0.0,0,717.21,358.605,0.0,3,2,3,8,323,Need Attention
16527,United Kingdom,2010-10-11 13:25:00,2011-09-19 16:21:00,81,424,2,73,708,66,1232.94,0,0.0,0,1232.94,616.47,0.0,4,2,4,10,424,Potential Loyalists
16528,United Kingdom,2011-12-06 12:45:00,2011-12-06 12:45:00,3,3,1,17,171,17,244.41,0,0.0,0,244.41,244.41,0.0,5,1,1,7,511,New Customers
16529,United Kingdom,2010-06-27 13:29:00,2011-06-02 17:23:00,190,530,4,128,739,87,1986.8,0,0.0,0,1986.8,496.7,0.0,2,3,4,9,234,At Risk
16530,United Kingdom,2010-02-09 15:30:00,2010-02-09 15:30:00,668,668,1,3,17,3,48.35,0,0.0,0,48.35,48.35,0.0,1,1,1,3,111,Hibernating
16531,United Kingdom,2010-09-24 09:49:00,2011-11-17 16:29:00,22,441,11,138,1863,109,2298.33,1,34.75,5,2263.58,208.9390909090909,1.5119673850143365,5,5,4,14,554,Champions
16532,United Kingdom,2010-03-29 10:26:00,2011-11-22 11:08:00,17,620,5,6,2544,2,8756.64,0,0.0,0,8756.64,1751.328,0.0,5,4,5,14,545,Champions
16533,United Kingdom,2011-10-02 15:07:00,2011-11-20 13:08:00,19,68,3,176,611,112,1082.81,2,68.62,98,1014.1899999999999,360.93666666666667,6.337215208577683,5,3,3,11,533,Potential Loyalists
16534,United Kingdom,2010-03-07 15:47:00,2010-03-07 15:47:00,642,642,1,36,168,36,635.9,0,0.0,0,635.9,635.9,0.0,1,1,3,5,113,Hibernating
16535,United Kingdom,2010-11-19 13:01:00,2011-12-04 15:18:00,5,385,2,70,663,66,952.04,0,0.0,0,952.04,476.02,0.0,5,2,3,10,523,Potential Loyalists
16536,United Kingdom,2011-08-21 15:54:00,2011-08-21 15:54:00,110,110,1,54,250,49,548.12,1,9.95,1,538.17,548.12,1.815295920601328,3,1,2,6,312,Regular Customers
16537,United Kingdom,2010-03-08 13:41:00,2010-03-08 13:41:00,641,641,1,2,19,2,10.55,0,0.0,0,10.55,10.55,0.0,1,1,1,3,111,Hibernating
16538,United Kingdom,2010-04-23 16:25:00,2010-06-16 16:59:00,541,595,3,41,254,35,395.07,0,0.0,0,395.07,131.69,0.0,1,3,2,6,132,At Risk
16539,United Kingdom,2010-06-25 15:24:00,2011-12-07 08:41:00,2,532,10,131,1014,83,3289.66,0,0.0,0,3289.66,328.966,0.0,5,4,5,14,545,Champions
16540,United Kingdom,2010-10-21 17:22:00,2010-10-21 17:22:00,414,414,1,29,105,25,205.75,0,0.0,0,205.75,205.75,0.0,1,1,1,3,111,Hibernating
16541,United Kingdom,2009-12-04 13:22:00,2009-12-04 13:22:00,735,735,1,38,173,38,424.03,1,4.25,1,419.78,424.03,1.0022875739924062,1,1,2,4,112,Hibernating
16542,United Kingdom,2010-11-03 14:44:00,2011-10-17 10:47:00,53,401,2,14,142,13,257.32,0,0.0,0,257.32,128.66,0.0,4,2,1,7,421,Potential Loyalists
16543,United Kingdom,2010-04-27 11:38:00,2010-04-27 11:38:00,591,591,1,18,317,18,292.21,1,14.399999999999999,14,277.81,292.21,4.9279627665035415,1,1,2,4,112,Hibernating
16544,United Kingdom,2010-02-15 13:20:00,2010-07-08 11:11:00,519,662,4,11,150,8,376.70000000000005,2,266.40000000000003,96,110.30000000000001,94.17500000000001,70.7194053623573,1,3,1,5,131,At Risk
16545,United Kingdom,2010-11-29 10:39:00,2011-06-28 10:37:00,164,375,2,8,322,6,689.8199999999999,0,0.0,0,689.8199999999999,344.90999999999997,0.0,3,2,3,8,323,Need Attention
16546,United Kingdom,2010-09-23 15:43:00,2011-02-22 11:20:00,290,442,5,88,4211,75,5307.07,2,886.0300000000002,853,4421.039999999999,1061.414,16.695276301235904,2,4,5,11,245,At Risk
16547,United Kingdom,2010-06-11 13:02:00,2010-06-11 13:02:00,546,546,1,25,108,25,104.25999999999999,0,0.0,0,104.25999999999999,104.25999999999999,0.0,1,1,1,3,111,Hibernating
16548,United Kingdom,2010-04-19 16:15:00,2010-04-19 16:15:00,599,599,1,6,6,6,30.15,0,0.0,0,30.15,30.15,0.0,1,1,1,3,111,Hibernating
16549,United Kingdom,2010-03-28 15:45:00,2011-11-29 15:06:00,10,621,34,3093,7087,836,12781.8,3,22.55,5,12759.25,375.93529411764706,0.17642272606362172,5,5,5,15,555,Champions
16550,United Kingdom,2009-12-02 11:24:00,2011-08-23 11:12:00,108,737,18,754,5403,273,8807.68,11,256.76,58,8550.92,489.3155555555556,2.9151831129196335,3,5,5,13,355,Loyal Customers
16551,United Kingdom,2009-12-13 16:12:00,2011-09-05 09:38:00,95,726,7,88,2076,67,2237.12,0,0.0,0,2237.12,319.5885714285714,0.0,3,4,4,11,344,Loyal Customers
16552,United Kingdom,2010-12-01 12:36:00,2011-04-11 10:04:00,242,373,2,17,219,17,379.73,0,0.0,0,379.73,189.865,0.0,2,2,2,6,222,Hibernating
16553,United Kingdom,2010-02-11 18:46:00,2011-06-29 15:42:00,163,666,33,292,16427,195,16584.01,3,83.89,24,16500.12,502.54575757575753,0.505848706072898,3,5,5,13,355,Loyal Customers
16554,United Kingdom,2009-12-15 09:42:00,2011-10-28 14:51:00,42,724,8,167,1346,108,2841.7200000000003,10,434.55,177,2407.17,355.21500000000003,15.2917951100038,4,4,4,12,444,Champions
16555,United Kingdom,2010-07-22 13:39:00,2011-11-04 14:31:00,35,505,6,66,1816,59,1915.68,4,1629.79,1641,285.8900000000001,319.28000000000003,85.07631754781592,4,4,2,10,442,Loyal Customers
16556,United Kingdom,2009-12-07 10:51:00,2011-10-04 11:36:00,66,732,17,482,4353,280,8012.58,7,402.35,24,7610.23,471.32823529411763,5.021478724705402,4,5,5,14,455,Champions
16557,United Kingdom,2011-07-25 13:28:00,2011-11-15 14:04:00,24,137,2,11,111,11,281.85,0,0.0,0,281.85,140.925,0.0,5,2,2,9,522,Potential Loyalists
16558,United Kingdom,2009-12-03 18:11:00,2011-12-09 10:20:00,0,736,38,753,7813,383,13304.11,9,154.55,55,13149.560000000001,350.10815789473685,1.1616710926172438,5,5,5,15,555,Champions
16559,United Kingdom,2010-11-07 13:52:00,2010-11-07 13:52:00,397,397,1,17,61,17,175.0,0,0.0,0,175.0,175.0,0.0,1,1,1,3,111,Hibernating
16560,United Kingdom,2009-12-08 12:05:00,2011-11-13 10:35:00,26,731,8,198,1603,140,3048.38,2,37.65,7,3010.73,381.0475,1.2350822404030992,5,4,5,14,545,Champions
16561,United Kingdom,2011-10-11 09:53:00,2011-12-04 11:50:00,5,59,2,31,244,29,511.12,0,0.0,0,511.12,255.56,0.0,5,2,2,9,522,Potential Loyalists
16562,United Kingdom,2010-08-20 11:45:00,2010-08-20 11:45:00,476,476,1,34,264,34,223.86,0,0.0,0,223.86,223.86,0.0,1,1,1,3,111,Hibernating
16563,United Kingdom,2009-12-01 18:35:00,2011-10-17 11:51:00,53,738,6,89,2584,55,4412.56,1,10.2,12,4402.360000000001,735.4266666666667,0.23115832985840415,4,4,5,13,445,Champions
16564,United Kingdom,2010-05-19 14:41:00,2010-05-19 14:41:00,569,569,1,5,40,5,87.80000000000001,0,0.0,0,87.80000000000001,87.80000000000001,0.0,1,1,1,3,111,Hibernating
16565,United Kingdom,2010-06-02 12:47:00,2010-12-10 15:21:00,364,555,4,11,211,7,773.05,1,72.6,20,700.4499999999999,193.2625,9.391371838820257,2,3,3,8,233,At Risk
16566,United Kingdom,2011-02-20 10:29:00,2011-11-24 16:34:00,15,292,5,18,362,14,614.66,1,0.65,1,614.01,122.93199999999999,0.10574952005987051,5,4,3,12,543,Loyal Customers
16567,United Kingdom,2011-01-07 09:31:00,2011-05-29 13:57:00,194,336,2,35,996,34,865.6,0,0.0,0,865.6,432.8,0.0,2,2,3,7,223,Hibernating
16568,United Kingdom,2010-03-08 14:51:00,2010-10-08 10:54:00,427,641,2,5,366,5,1020.9,0,0.0,0,1020.9,510.45,0.0,1,2,3,6,123,Hibernating
16569,United Kingdom,2009-12-16 15:05:00,2011-12-06 15:32:00,3,723,5,35,988,27,1455.23,0,0.0,0,1455.23,291.046,0.0,5,4,4,13,544,Champions
16570,United Kingdom,2010-03-30 09:32:00,2011-11-24 17:02:00,15,619,20,241,4292,114,7434.31,11,589.5,151,6844.81,371.7155,7.929451421853541,5,5,5,15,555,Champions
16571,United Kingdom,2010-03-18 09:12:00,2011-11-13 11:46:00,26,631,10,255,3703,151,4248.74,7,223.69,102,4025.0499999999997,424.87399999999997,5.264854992303601,5,4,5,14,545,Champions
16572,United Kingdom,2011-03-09 12:04:00,2011-08-04 16:34:00,127,275,3,57,532,40,1009.6,1,9.9,2,999.7,336.53333333333336,0.9805863708399367,3,3,3,9,333,Need Attention
16573,United Kingdom,2011-02-22 15:14:00,2011-09-16 09:13:00,84,290,2,42,360,40,663.61,2,15.2,6,648.41,331.805,2.290501951447386,4,2,3,9,423,Potential Loyalists
16574,United Kingdom,2010-02-19 11:46:00,2011-09-29 13:39:00,71,658,3,86,1002,86,1301.78,0,0.0,0,1301.78,433.9266666666667,0.0,4,3,4,11,434,Potential Loyalists
16576,United Kingdom,2010-07-06 10:42:00,2010-10-15 13:37:00,420,521,2,33,323,32,540.87,3,27.7,14,513.17,270.435,5.121378519792186,1,2,2,5,122,Hibernating
16577,United Kingdom,2010-02-11 09:45:00,2010-02-11 09:45:00,666,666,1,23,142,23,380.0,0,0.0,0,380.0,380.0,0.0,1,1,2,4,112,Hibernating
16578,United Kingdom,2010-03-23 15:11:00,2010-03-23 15:11:00,626,626,1,9,108,9,156.6,0,0.0,0,156.6,156.6,0.0,1,1,1,3,111,Hibernating
16579,United Kingdom,2010-10-10 11:58:00,2010-10-10 11:58:00,425,425,1,14,119,14,295.05,1,30.6,12,264.45,295.05,10.371123538383326,1,1,1,3,111,Hibernating
16581,United Kingdom,2011-06-10 10:05:00,2011-06-10 10:05:00,182,182,1,9,134,9,105.84,1,35.400000000000006,12,70.44,105.84,33.446712018140595,2,1,1,4,211,Hibernating
16582,United Kingdom,2011-08-18 17:02:00,2011-08-18 17:02:00,113,113,1,6,164,6,313.62,0,0.0,0,313.62,313.62,0.0,3,1,2,6,312,Regular Customers
16583,United Kingdom,2010-02-04 12:18:00,2010-12-01 12:03:00,373,673,2,18,153,18,297.95,0,0.0,0,297.95,148.975,0.0,1,2,2,5,122,Hibernating
16584,United Kingdom,2010-02-16 10:41:00,2011-09-20 13:45:00,80,661,5,82,1913,61,3156.17,2,78.2,28,3077.9700000000003,631.234,2.477686563144571,4,4,5,13,445,Champions
16585,United Kingdom,2010-01-13 13:31:00,2010-04-25 10:34:00,593,695,2,18,151,16,341.59000000000003,0,0.0,0,341.59000000000003,170.79500000000002,0.0,1,2,2,5,122,Hibernating
16586,United Kingdom,2010-03-14 11:24:00,2011-04-05 09:32:00,248,635,3,28,348,27,1462.78,0,0.0,0,1462.78,487.5933333333333,0.0,2,3,4,9,234,At Risk
16587,United Kingdom,2011-04-21 15:51:00,2011-04-21 15:51:00,232,232,1,13,71,13,225.15,0,0.0,0,225.15,225.15,0.0,2,1,1,4,211,Hibernating
16588,United Kingdom,2010-05-14 13:43:00,2010-11-18 17:56:00,386,574,4,71,882,64,1361.28,0,0.0,0,1361.28,340.32,0.0,1,3,4,8,134,At Risk
16589,United Kingdom,2010-09-15 14:56:00,2011-09-29 14:50:00,71,450,4,44,536,39,612.36,0,0.0,0,612.36,153.09,0.0,4,3,3,10,433,Potential Loyalists
16590,United Kingdom,2010-10-21 12:09:00,2010-11-04 09:06:00,400,414,2,29,240,26,605.9,1,42.3,6,563.6,302.95,6.981350057765308,1,2,2,5,122,Hibernating
16591,United Kingdom,2011-10-02 10:43:00,2011-10-02 10:43:00,68,68,1,10,41,10,213.5,0,0.0,0,213.5,213.5,0.0,4,1,1,6,411,Promising Customers
16592,United Kingdom,2009-12-18 15:57:00,2011-12-05 13:49:00,4,721,28,428,5504,221,7807.91,6,183.45,80,7624.46,278.8539285714286,2.3495404019769692,5,5,5,15,555,Champions
16593,United Kingdom,2009-12-05 10:44:00,2011-10-20 12:41:00,50,734,8,78,377,57,1071.14,1,19.9,2,1051.24,133.8925,1.8578337098791937,4,4,3,11,443,Loyal Customers
16594,United Kingdom,2011-09-25 14:08:00,2011-09-25 14:08:00,75,75,1,53,64,53,181.09,0,0.0,0,181.09,181.09,0.0,4,1,1,6,411,Promising Customers
16595,United Kingdom,2010-01-17 12:12:00,2011-10-09 13:15:00,61,691,5,452,1331,337,1757.75,0,0.0,0,1757.75,351.55,0.0,4,4,4,12,444,Champions
16596,United Kingdom,2009-12-10 13:09:00,2011-11-24 10:02:00,15,729,4,24,180,23,458.98,0,0.0,0,458.98,114.745,0.0,5,3,2,10,532,Potential Loyalists
16597,United Kingdom,2011-12-05 15:44:00,2011-12-05 15:44:00,4,4,1,7,184,7,90.04,0,0.0,0,90.04,90.04,0.0,5,1,1,7,511,New Customers
16598,United Kingdom,2011-02-27 11:42:00,2011-02-27 11:42:00,285,285,1,10,73,10,145.05,1,4.35,3,140.70000000000002,145.05,2.9989658738366076,2,1,1,4,211,Hibernating
16599,United Kingdom,2010-11-19 12:45:00,2010-11-19 12:45:00,385,385,1,12,159,12,172.8,0,0.0,0,172.8,172.8,0.0,1,1,1,3,111,Hibernating
16600,United Kingdom,2009-12-18 12:59:00,2011-12-05 16:00:00,4,721,13,143,2420,106,2153.41,3,59.85,25,2093.56,165.64692307692306,2.7793128108441962,5,5,4,14,554,Champions
16601,United Kingdom,2010-03-26 13:39:00,2011-10-30 11:09:00,40,623,3,68,388,59,675.83,0,0.0,0,675.83,225.27666666666667,0.0,4,3,3,10,433,Potential Loyalists
16602,United Kingdom,2010-11-16 09:13:00,2011-11-03 15:54:00,36,388,2,40,429,37,763.33,3,51.7,23,711.63,381.665,6.772955340416334,4,2,3,9,423,Potential Loyalists
16603,United Kingdom,2011-09-09 13:02:00,2011-09-26 10:06:00,74,91,2,34,480,34,482.47,0,0.0,0,482.47,241.235,0.0,4,2,2,8,422,Potential Loyalists
16604,United Kingdom,2010-05-20 16:34:00,2010-05-26 09:10:00,562,568,2,12,175,10,432.45000000000005,1,106.20000000000002,60,326.25,216.22500000000002,24.557752341311133,1,2,2,5,122,Hibernating
16605,United Kingdom,2009-12-15 19:03:00,2009-12-15 19:03:00,724,724,1,1,144,1,60.48,0,0.0,0,60.48,60.48,0.0,1,1,1,3,111,Hibernating
16606,United Kingdom,2010-10-01 13:21:00,2010-10-31 13:57:00,404,434,2,22,148,16,357.66,0,0.0,0,357.66,178.83,0.0,1,2,2,5,122,Hibernating
16607,United Kingdom,2010-04-29 14:01:00,2011-11-22 10:24:00,17,589,25,298,4436,212,5706.87,4,331.69,46,5375.18,228.2748,5.812117675713657,5,5,5,15,555,Champions
16608,United Kingdom,2010-02-14 11:57:00,2010-09-12 11:44:00,453,663,2,121,612,94,1286.6200000000001,0,0.0,0,1286.6200000000001,643.3100000000001,0.0,1,2,4,7,124,At Risk
16609,United Kingdom,2011-04-01 10:11:00,2011-11-24 13:32:00,15,252,7,276,2420,155,5493.46,2,42.5,10,5450.96,784.78,0.773647209591041,5,4,5,14,545,Champions
16610,United Kingdom,2011-05-04 13:13:00,2011-05-04 13:13:00,219,219,1,6,66,6,75.66,0,0.0,0,75.66,75.66,0.0,2,1,1,4,211,Hibernating
16611,United Kingdom,2010-03-10 16:07:00,2011-06-06 15:46:00,186,639,6,110,874,86,1785.13,1,8.5,1,1776.63,297.5216666666667,0.4761557981771636,2,4,4,10,244,At Risk
16612,United Kingdom,2009-12-03 15:54:00,2011-11-07 07:38:00,32,736,9,167,1419,105,3245.4300000000003,1,1.95,1,3243.4800000000005,360.60333333333335,0.060084488033943104,4,4,5,13,445,Champions
16613,United Kingdom,2011-09-30 15:52:00,2011-09-30 15:52:00,70,70,1,30,293,30,618.59,0,0.0,0,618.59,618.59,0.0,4,1,3,8,413,Promising Customers
16614,United Kingdom,2010-05-10 15:18:00,2011-06-10 11:36:00,182,578,3,49,349,37,1179.79,0,0.0,0,1179.79,393.2633333333333,0.0,2,3,4,9,234,At Risk
16615,United Kingdom,2010-03-23 15:13:00,2010-03-23 15:13:00,626,626,1,19,211,19,291.5,1,27.0,4,264.5,291.5,9.262435677530018,1,1,1,3,111,Hibernating
16616,United Kingdom,2011-07-05 13:38:00,2011-11-24 16:31:00,15,157,2,33,370,31,500.42,0,0.0,0,500.42,250.21,0.0,5,2,2,9,522,Potential Loyalists
16617,United Kingdom,2011-04-18 10:35:00,2011-04-18 10:35:00,235,235,1,5,91,5,151.85,0,0.0,0,151.85,151.85,0.0,2,1,1,4,211,Hibernating
16618,United Kingdom,2011-01-21 11:55:00,2011-11-08 13:52:00,31,322,5,96,1363,79,2647.59,1,16.95,1,2630.6400000000003,529.518,0.6402048655569782,4,4,4,12,444,Champions
16619,United Kingdom,2010-02-22 12:05:00,2011-03-21 08:18:00,263,655,4,116,1055,103,1938.3300000000002,1,21.8,4,1916.5300000000002,484.58250000000004,1.1246794921401413,2,3,4,9,234,At Risk
16620,United Kingdom,2009-12-01 14:35:00,2011-12-06 12:19:00,3,738,6,94,1146,78,1758.93,0,0.0,0,1758.93,293.15500000000003,0.0,5,4,4,13,544,Champions
16621,United Kingdom,2011-03-07 11:32:00,2011-10-19 11:38:00,51,277,4,29,302,22,813.48,0,0.0,0,813.48,203.37,0.0,4,3,3,10,433,Potential Loyalists
16622,United Kingdom,2010-06-14 10:44:00,2010-06-14 10:44:00,543,543,1,12,44,12,225.4,1,19.8,4,205.6,225.4,8.78438331854481,1,1,1,3,111,Hibernating
16623,United Kingdom,2010-04-26 14:04:00,2011-04-08 10:09:00,245,592,4,51,442,44,1015.24,1,12.75,1,1002.49,253.81,1.2558606831882118,2,3,3,8,233,At Risk
16624,United Kingdom,2011-05-26 14:20:00,2011-09-20 12:39:00,80,197,2,48,488,44,810.57,0,0.0,0,810.57,405.285,0.0,4,2,3,9,423,Potential Loyalists
16625,United Kingdom,2010-06-14 11:56:00,2011-03-10 12:50:00,274,543,5,99,1057,82,1654.03,1,2.95,1,1651.08,330.806,0.17835226688754136,2,4,4,10,244,At Risk
16626,United Kingdom,2011-03-18 12:27:00,2011-12-09 11:56:00,0,266,17,179,2690,86,4413.1,3,33.45,20,4379.650000000001,259.59411764705885,0.7579705875688292,5,5,5,15,555,Champions
16627,United Kingdom,2011-09-21 14:38:00,2011-09-21 14:38:00,79,79,1,20,162,20,322.8,0,0.0,0,322.8,322.8,0.0,4,1,2,7,412,Promising Customers
16628,United Kingdom,2010-03-08 12:24:00,2011-11-10 12:45:00,29,641,7,125,1260,84,2318.1,1,5.01,3,2313.0899999999997,331.15714285714284,0.21612527500970624,5,4,4,13,544,Champions
16629,United Kingdom,2011-09-04 16:12:00,2011-09-27 10:34:00,73,96,2,60,489,58,408.63,0,0.0,0,408.63,204.315,0.0,4,2,2,8,422,Potential Loyalists
16630,United Kingdom,2010-10-28 14:30:00,2010-10-28 14:30:00,407,407,1,4,72,4,106.80000000000001,1,2.5,2,104.30000000000001,106.80000000000001,2.340823970037453,1,1,1,3,111,Hibernating
16631,United Kingdom,2010-02-26 10:49:00,2010-08-15 11:20:00,481,651,7,80,775,46,1892.52,1,25.5,2,1867.02,270.36,1.3474098028026122,1,4,4,9,144,At Risk
16632,United Kingdom,2010-05-07 16:46:00,2010-08-11 11:39:00,485,581,2,27,256,22,406.4,0,0.0,0,406.4,203.2,0.0,1,2,2,5,122,Hibernating
16633,United Kingdom,2011-04-19 14:36:00,2011-11-22 13:41:00,17,234,6,152,1138,115,2883.1,1,4.95,1,2878.15,480.51666666666665,0.17169019458222054,5,4,5,14,545,Champions
16634,United Kingdom,2010-01-21 09:30:00,2011-05-01 12:09:00,222,687,6,83,1257,72,1649.81,4,451.51,769,1198.3,274.9683333333333,27.367393821106674,2,4,4,10,244,At Risk
16635,United Kingdom,2010-10-29 09:41:00,2010-10-29 09:41:00,406,406,1,25,277,25,473.0,0,0.0,0,473.0,473.0,0.0,1,1,2,4,112,Hibernating
16636,United Kingdom,2010-03-03 14:06:00,2010-09-27 13:13:00,438,646,4,73,2186,62,3802.04,0,0.0,0,3802.04,950.51,0.0,1,3,5,9,135,At Risk
16637,United Kingdom,2011-04-28 10:20:00,2011-11-07 13:17:00,32,225,4,69,927,66,1154.47,1,29.880000000000003,36,1124.59,288.6175,2.5882006461839637,4,3,3,10,433,Potential Loyalists
16638,United Kingdom,2010-08-18 13:33:00,2011-11-17 11:09:00,22,478,15,138,1627,130,2380.13,1,4.25,1,2375.88,158.67533333333333,0.17856167520261498,5,5,4,14,554,Champions
16639,United Kingdom,2010-10-26 18:23:00,2011-11-08 13:20:00,31,409,4,81,751,76,1747.98,1,88.13000000000001,7,1659.85,436.995,5.041819700454239,4,3,4,11,434,Potential Loyalists
16640,United Kingdom,2010-11-07 10:48:00,2010-11-07 10:48:00,397,397,1,13,146,13,179.4,0,0.0,0,179.4,179.4,0.0,1,1,1,3,111,Hibernating
16641,United Kingdom,2010-01-07 12:22:00,2011-08-26 12:49:00,105,701,2,36,454,36,554.5,0,0.0,0,554.5,277.25,0.0,3,2,2,7,322,Need Attention
16642,United Kingdom,2010-10-20 14:22:00,2011-12-05 11:31:00,4,415,3,54,775,50,1077.45,2,25.990000000000002,31,1051.46,359.15000000000003,2.412176899160054,5,3,3,11,533,Potential Loyalists
16643,United Kingdom,2010-10-13 09:47:00,2011-04-08 08:24:00,245,422,2,55,553,48,923.11,1,7.550000000000001,3,915.5600000000001,461.555,0.8178873590363014,2,2,3,7,223,Hibernating
16644,United Kingdom,2011-05-11 12:53:00,2011-06-15 12:39:00,177,212,2,62,826,62,833.78,0,0.0,0,833.78,416.89,0.0,3,2,3,8,323,Need Attention
16645,United Kingdom,2009-12-04 09:49:00,2009-12-04 09:49:00,735,735,1,14,117,14,160.39,0,0.0,0,160.39,160.39,0.0,1,1,1,3,111,Hibernating
16646,United Kingdom,2010-09-16 13:28:00,2010-09-16 13:28:00,449,449,1,29,1072,29,678.8,1,3.75,1,675.05,678.8,0.552445492044785,1,1,3,5,113,Hibernating
16647,United Kingdom,2010-06-13 15:52:00,2011-06-23 11:47:00,169,544,4,33,396,28,541.9,0,0.0,0,541.9,135.475,0.0,3,3,2,8,332,Need Attention
16648,United Kingdom,2010-04-28 14:58:00,2011-10-28 08:58:00,42,590,3,37,503,37,672.8,1,19.8,12,653.0,224.26666666666665,2.9429250891795484,4,3,3,10,433,Potential Loyalists
16649,United Kingdom,2010-07-07 15:41:00,2010-07-07 15:41:00,520,520,1,20,82,20,306.58,0,0.0,0,306.58,306.58,0.0,1,1,2,4,112,Hibernating
16650,United Kingdom,2010-07-08 14:18:00,2011-09-29 09:51:00,71,519,7,98,1511,71,1916.11,0,0.0,0,1916.11,273.72999999999996,0.0,4,4,4,12,444,Champions
16651,United Kingdom,2010-05-02 11:46:00,2010-05-02 11:46:00,586,586,1,6,60,6,136.2,0,0.0,0,136.2,136.2,0.0,1,1,1,3,111,Hibernating
16652,United Kingdom,2010-03-17 10:22:00,2011-10-12 09:38:00,58,632,16,275,7477,124,17550.39,8,237.56,31,17312.829999999998,1096.899375,1.353588153881481,4,5,5,14,455,Champions
16653,United Kingdom,2011-09-29 13:38:00,2011-11-23 14:51:00,16,71,2,69,733,67,1212.66,1,45.74,10,1166.92,606.33,3.771873402272689,5,2,3,10,523,Potential Loyalists
16654,United Kingdom,2010-04-06 13:29:00,2011-07-21 15:23:00,141,612,8,74,640,64,1484.07,1,6.3,2,1477.77,185.50875,0.4245082779114193,3,4,4,11,344,Loyal Customers
16655,United Kingdom,2010-01-31 15:40:00,2011-11-22 11:25:00,17,677,13,590,3938,408,6423.26,0,0.0,0,6423.26,494.0969230769231,0.0,5,5,5,15,555,Champions
16656,United Kingdom,2009-12-04 12:59:00,2011-11-17 14:43:00,22,735,30,141,15433,22,16833.170000000002,14,525.45,446,16307.720000000001,561.1056666666667,3.1215154364864133,5,5,5,15,555,Champions
16657,United Kingdom,2011-03-30 12:02:00,2011-11-30 11:48:00,9,254,4,192,1130,158,874.43,0,0.0,0,874.43,218.6075,0.0,5,3,3,11,533,Potential Loyalists
16658,United Kingdom,2010-03-30 16:24:00,2010-12-06 13:47:00,368,619,5,62,269,48,680.83,3,117.35000000000001,41,563.48,136.166,17.236314498479796,1,4,2,7,142,At Risk
16659,United Kingdom,2011-06-03 15:03:00,2011-06-03 15:03:00,189,189,1,2,72,2,39.12,0,0.0,0,39.12,39.12,0.0,2,1,1,4,211,Hibernating
16660,United Kingdom,2010-01-14 11:09:00,2011-11-23 14:53:00,16,694,7,24,991,20,1879.55,1,457.2,120,1422.35,268.50714285714287,24.324971402729375,5,4,4,13,544,Champions
16661,United Kingdom,2009-12-17 15:39:00,2010-06-17 15:24:00,540,722,4,62,364,50,932.76,1,144.45,89,788.31,233.19,15.486298726360479,1,3,3,7,133,At Risk
16662,United Kingdom,2010-11-10 16:56:00,2010-11-10 16:56:00,394,394,1,28,35,28,151.05,0,0.0,0,151.05,151.05,0.0,1,1,1,3,111,Hibernating
16663,United Kingdom,2009-12-10 13:12:00,2009-12-10 13:12:00,729,729,1,1,100,1,165.0,0,0.0,0,165.0,165.0,0.0,1,1,1,3,111,Hibernating
16664,United Kingdom,2010-05-19 17:11:00,2010-05-19 17:11:00,569,569,1,8,24,8,109.2,0,0.0,0,109.2,109.2,0.0,1,1,1,3,111,Hibernating
16665,United Kingdom,2010-12-12 14:03:00,2010-12-12 14:03:00,362,362,1,9,59,9,135.4,0,0.0,0,135.4,135.4,0.0,2,1,1,4,211,Hibernating
16666,United Kingdom,2010-03-28 15:13:00,2011-11-20 14:01:00,19,621,2,48,354,42,217.71,0,0.0,0,217.71,108.855,0.0,5,2,1,8,521,Potential Loyalists
16667,United Kingdom,2011-02-28 12:57:00,2011-10-02 15:26:00,68,284,2,52,236,52,567.1800000000001,0,0.0,0,567.1800000000001,283.59000000000003,0.0,4,2,2,8,422,Potential Loyalists
16668,United Kingdom,2010-03-18 18:25:00,2011-11-24 17:43:00,15,631,13,53,773,28,862.42,0,0.0,0,862.42,66.34,0.0,5,5,3,13,553,Loyal Customers
16669,United Kingdom,2011-09-22 14:13:00,2011-11-16 12:26:00,23,78,2,154,871,140,1344.48,0,0.0,0,1344.48,672.24,0.0,5,2,4,11,524,Potential Loyalists
16670,United Kingdom,2009-12-10 15:28:00,2011-11-23 09:34:00,16,729,20,485,4534,258,8030.150000000001,13,243.49,83,7786.660000000001,401.50750000000005,3.032197406026039,5,5,5,15,555,Champions
16671,United Kingdom,2011-06-28 11:20:00,2011-11-11 13:40:00,28,164,3,6,875,3,1692.27,0,0.0,0,1692.27,564.09,0.0,5,3,4,12,534,Potential Loyalists
16672,United Kingdom,2011-03-18 10:15:00,2011-12-07 16:29:00,2,266,20,114,2832,22,8134.9400000000005,2,15.25,2,8119.6900000000005,406.747,0.18746296838083623,5,5,5,15,555,Champions
16673,United Kingdom,2010-01-29 14:22:00,2010-01-29 14:22:00,679,679,1,19,95,19,171.13,0,0.0,0,171.13,171.13,0.0,1,1,1,3,111,Hibernating
16674,United Kingdom,2011-09-02 13:59:00,2011-10-16 11:31:00,54,98,2,93,181,89,304.24,0,0.0,0,304.24,152.12,0.0,4,2,2,8,422,Potential Loyalists
16675,United Kingdom,2010-08-18 13:11:00,2010-09-24 12:15:00,441,478,2,23,296,21,608.86,0,0.0,0,608.86,304.43,0.0,1,2,3,6,123,Hibernating
16676,United Kingdom,2010-10-17 13:07:00,2011-11-06 12:01:00,33,418,6,133,927,106,2361.9,1,33.4,5,2328.5,393.65000000000003,1.4141157542656335,4,4,4,12,444,Champions
16677,United Kingdom,2010-02-25 16:11:00,2010-10-24 14:53:00,411,652,2,47,457,45,880.62,1,30.85,3,849.77,440.31,3.5032136449319804,1,2,3,6,123,Hibernating
16678,United Kingdom,2011-03-02 09:24:00,2011-12-07 12:17:00,2,282,12,163,2397,92,3109.99,3,84.75,27,3025.24,259.1658333333333,2.725089148196618,5,5,5,15,555,Champions
16679,United Kingdom,2010-06-10 18:35:00,2010-12-08 13:51:00,366,547,3,18,247,15,663.31,0,0.0,0,663.31,221.10333333333332,0.0,1,3,3,7,133,At Risk
16680,United Kingdom,2010-06-23 09:30:00,2011-10-27 17:35:00,43,534,3,29,377,24,821.45,0,0.0,0,821.45,273.81666666666666,0.0,4,3,3,10,433,Potential Loyalists
16681,United Kingdom,2010-03-08 14:10:00,2011-09-28 11:11:00,72,641,7,49,1492,22,1921.8400000000001,0,0.0,0,1921.8400000000001,274.54857142857145,0.0,4,4,4,12,444,Champions
16682,United Kingdom,2011-06-05 11:02:00,2011-12-05 12:13:00,4,187,5,30,1040,15,1028.0,0,0.0,0,1028.0,205.6,0.0,5,4,3,12,543,Loyal Customers
16683,United Kingdom,2010-06-24 10:36:00,2010-06-24 10:36:00,533,533,1,18,190,18,320.25,1,10.9,2,309.35,320.25,3.4035909445745514,1,1,2,4,112,Hibernating
16684,United Kingdom,2009-12-07 12:56:00,2011-12-05 14:06:00,4,732,55,718,104810,184,147142.77,9,5612.48,3714,141530.28999999998,2675.3230909090908,3.814309055076236,5,5,5,15,555,Champions
16685,United Kingdom,2011-10-09 13:44:00,2011-10-09 13:58:00,61,61,2,62,396,60,324.24,0,0.0,0,324.24,162.12,0.0,4,2,2,8,422,Potential Loyalists
16686,United Kingdom,2009-12-06 15:48:00,2011-10-23 13:49:00,47,733,16,1028,3419,549,4881.07,2,19.35,5,4861.719999999999,305.066875,0.3964294714068842,4,5,5,14,455,Champions
16687,United Kingdom,2010-11-14 11:46:00,2010-11-14 11:46:00,390,390,1,8,141,8,157.63,0,0.0,0,157.63,157.63,0.0,1,1,1,3,111,Hibernating
16688,United Kingdom,2011-10-10 12:23:00,2011-12-08 15:24:00,1,60,4,62,804,52,1260.8600000000001,0,0.0,0,1260.8600000000001,315.21500000000003,0.0,5,3,4,12,534,Potential Loyalists
16689,United Kingdom,2011-09-18 13:29:00,2011-09-25 11:39:00,75,82,2,13,330,12,422.6,1,67.5,18,355.1,211.3,15.972550875532418,4,2,2,8,422,Potential Loyalists
16690,United Kingdom,2010-09-14 15:00:00,2011-09-28 15:02:00,72,451,4,19,209,12,353.03000000000003,1,16.95,1,336.08000000000004,88.25750000000001,4.801291674928476,4,3,2,9,432,Potential Loyalists
16691,United Kingdom,2010-05-27 14:55:00,2010-10-17 15:03:00,418,561,2,11,92,11,178.83,0,0.0,0,178.83,89.415,0.0,1,2,1,4,121,Hibernating
16692,United Kingdom,2010-09-24 11:31:00,2011-03-28 14:46:00,256,441,4,4,877,2,1764.6999999999998,0,0.0,0,1764.6999999999998,441.17499999999995,0.0,2,3,4,9,234,At Risk
16693,United Kingdom,2010-02-21 12:42:00,2011-10-02 11:10:00,68,656,5,168,658,149,1179.48,0,0.0,0,1179.48,235.89600000000002,0.0,4,4,4,12,444,Champions
16694,United Kingdom,2009-12-16 15:45:00,2009-12-16 15:45:00,723,723,1,3,26,3,98.30000000000001,0,0.0,0,98.30000000000001,98.30000000000001,0.0,1,1,1,3,111,Hibernating
16695,United Kingdom,2010-05-27 12:24:00,2010-05-27 12:36:00,561,561,2,35,184,30,191.9,0,0.0,0,191.9,95.95,0.0,1,2,1,4,121,Hibernating
16696,United Kingdom,2011-04-05 15:20:00,2011-07-27 14:23:00,135,248,4,10,146,7,657.9,0,0.0,0,657.9,164.475,0.0,3,3,3,9,333,Need Attention
16697,United Kingdom,2011-04-12 17:12:00,2011-04-12 17:12:00,241,241,1,21,27,20,112.75,0,0.0,0,112.75,112.75,0.0,2,1,1,4,211,Hibernating
16698,United Kingdom,2011-03-31 13:33:00,2011-04-27 10:52:00,226,253,2,5,840,4,1998.0,0,0.0,0,1998.0,999.0,0.0,2,2,4,8,224,At Risk
16699,United Kingdom,2009-12-04 13:31:00,2010-11-24 14:38:00,380,735,7,62,640,51,994.6,1,29.700000000000003,6,964.9,142.0857142857143,2.986125075407199,1,4,3,8,143,At Risk
16700,United Kingdom,2009-12-02 10:51:00,2011-12-01 11:00:00,8,737,25,515,6644,263,8830.77,6,83.65,19,8747.12,353.23080000000004,0.9472560150473855,5,5,5,15,555,Champions
16701,United Kingdom,2009-12-01 19:19:00,2011-12-01 11:10:00,8,738,26,275,11046,154,9916.73,8,302.14,229,9614.59,381.4126923076923,3.046770457600439,5,5,5,15,555,Champions
16702,United Kingdom,2009-12-07 16:40:00,2010-10-20 14:10:00,415,732,4,90,690,83,1109.53,1,9.95,1,1099.58,277.3825,0.8967761124079565,1,3,3,7,133,At Risk
16704,United Kingdom,2010-02-05 14:14:00,2010-03-31 14:02:00,618,672,2,54,433,50,664.16,0,0.0,0,664.16,332.08,0.0,1,2,3,6,123,Hibernating
16705,United Kingdom,2009-12-09 13:34:00,2011-12-09 12:08:00,0,730,42,691,22302,400,43515.051,19,861.91,301,42653.140999999996,1036.072642857143,1.9807169707786854,5,5,5,15,555,Champions
16706,United Kingdom,2011-08-17 15:53:00,2011-11-02 13:50:00,37,114,3,123,249,108,531.35,0,0.0,0,531.35,177.11666666666667,0.0,4,3,2,9,432,Potential Loyalists
16707,United Kingdom,2010-03-09 15:16:00,2010-11-04 14:39:00,400,640,4,65,396,64,533.41,0,0.0,0,533.41,133.3525,0.0,1,3,2,6,132,At Risk
16708,United Kingdom,2011-10-25 12:20:00,2011-10-25 12:20:00,45,45,1,27,285,27,656.63,0,0.0,0,656.63,656.63,0.0,4,1,3,8,413,Promising Customers
16709,United Kingdom,2009-12-09 13:16:00,2011-09-16 10:56:00,84,730,14,302,3261,220,9056.01,0,0.0,0,9056.01,646.8578571428571,0.0,4,5,5,14,455,Champions
16710,United Kingdom,2009-12-04 13:41:00,2011-11-20 14:50:00,19,735,22,909,4174,541,5921.35,1,12.75,1,5908.6,269.15227272727276,0.2153225193579167,5,5,5,15,555,Champions
16711,United Kingdom,2009-12-02 13:22:00,2011-12-06 16:32:00,3,737,9,33,1212,26,2868.48,1,117.0,26,2751.48,318.72,4.078815261044177,5,4,4,13,544,Champions
16712,United Kingdom,2010-11-03 15:45:00,2011-11-30 13:48:00,9,401,13,520,2071,300,4225.22,0,0.0,0,4225.22,325.0169230769231,0.0,5,5,5,15,555,Champions
16713,United Kingdom,2009-12-15 12:49:00,2011-11-21 12:36:00,18,724,32,1266,8482,541,14115.56,9,172.2,24,13943.359999999999,441.11125,1.2199303463695381,5,5,5,15,555,Champions
16714,United Kingdom,2010-02-07 11:17:00,2011-01-26 13:46:00,317,670,3,109,827,94,1482.33,3,272.95,15,1209.3799999999999,494.10999999999996,18.413578622843765,2,3,4,9,234,At Risk
16715,United Kingdom,2010-05-26 12:35:00,2011-09-22 18:15:00,78,562,2,28,1174,27,625.52,0,0.0,0,625.52,312.76,0.0,4,2,3,9,423,Potential Loyalists
16716,United Kingdom,2010-03-19 11:05:00,2011-03-18 10:03:00,266,630,3,8,912,7,2149.6800000000003,1,581.4,76,1568.2800000000002,716.5600000000001,27.045885899296636,2,3,4,9,234,At Risk
16717,United Kingdom,2009-12-07 15:55:00,2011-11-16 12:16:00,23,732,14,350,3145,274,6663.68,6,676.27,321,5987.41,475.9771428571429,10.148596571263925,5,5,5,15,555,Champions
16718,United Kingdom,2009-12-06 13:07:00,2010-12-05 13:03:00,369,733,5,177,1924,123,3006.08,0,0.0,0,3006.08,601.216,0.0,1,4,5,10,145,At Risk
16719,United Kingdom,2009-12-13 10:59:00,2011-11-25 09:27:00,14,726,14,391,2306,203,3508.62,3,144.75,21,3363.87,250.6157142857143,4.12555363647246,5,5,5,15,555,Champions
16720,United Kingdom,2009-12-17 17:54:00,2011-11-13 16:22:00,26,722,3,139,454,129,566.74,1,10.05,2,556.69,188.91333333333333,1.7732999258919433,5,3,2,10,532,Potential Loyalists
16721,United Kingdom,2011-03-22 16:08:00,2011-03-22 16:08:00,262,262,1,37,172,37,292.47,0,0.0,0,292.47,292.47,0.0,2,1,2,5,212,Hibernating
16722,United Kingdom,2009-12-03 19:23:00,2011-11-22 13:28:00,17,736,22,378,7986,145,8189.56,4,21.25,13,8168.31,372.25272727272727,0.25947669960290903,5,5,5,15,555,Champions
16723,United Kingdom,2009-12-04 13:23:00,2011-09-09 13:01:00,91,735,4,124,958,108,1231.3600000000001,0,0.0,0,1231.3600000000001,307.84000000000003,0.0,3,3,4,10,334,Need Attention
16724,United Kingdom,2010-10-31 11:40:00,2010-10-31 11:40:00,404,404,1,17,69,17,147.35,0,0.0,0,147.35,147.35,0.0,1,1,1,3,111,Hibernating
16725,United Kingdom,2009-12-13 15:54:00,2011-02-10 16:52:00,302,726,13,347,699,241,1686.81,2,11.4,2,1675.4099999999999,129.7546153846154,0.6758318957084675,2,5,4,11,254,At Risk
16726,United Kingdom,2010-10-24 16:09:00,2011-11-13 14:53:00,26,411,7,262,1323,150,2063.88,0,0.0,0,2063.88,294.84000000000003,0.0,5,4,4,13,544,Champions
16727,United Kingdom,2010-01-20 10:48:00,2010-12-10 13:48:00,364,688,4,205,1066,158,1377.77,0,0.0,0,1377.77,344.4425,0.0,2,3,4,9,234,At Risk
16728,United Kingdom,2011-03-20 13:28:00,2011-10-24 14:36:00,46,264,4,263,671,218,1048.28,0,0.0,0,1048.28,262.07,0.0,4,3,3,10,433,Potential Loyalists
16729,United Kingdom,2011-04-12 14:22:00,2011-11-01 14:29:00,38,241,21,655,5718,233,7202.01,5,156.6,12,7045.41,342.95285714285717,2.174392981959203,4,5,5,14,455,Champions
16730,United Kingdom,2011-01-24 14:01:00,2011-10-18 14:11:00,52,319,3,82,994,75,743.11,1,40.32,96,702.79,247.70333333333335,5.42584543338133,4,3,3,10,433,Potential Loyalists
16731,United Kingdom,2010-03-01 15:05:00,2010-03-01 15:05:00,648,648,1,42,124,40,170.3,0,0.0,0,170.3,170.3,0.0,1,1,1,3,111,Hibernating
16732,United Kingdom,2009-12-08 13:04:00,2011-11-08 09:54:00,31,731,4,221,2414,199,4387.64,5,420.85,32,3966.7900000000004,1096.91,9.591716731545889,4,3,5,12,435,Potential Loyalists
16733,United Kingdom,2010-06-28 10:12:00,2010-06-28 10:12:00,529,529,1,12,112,12,259.68,0,0.0,0,259.68,259.68,0.0,1,1,1,3,111,Hibernating
16734,United Kingdom,2011-08-17 15:00:00,2011-10-18 13:44:00,52,114,3,52,345,44,646.76,0,0.0,0,646.76,215.58666666666667,0.0,4,3,3,10,433,Potential Loyalists
16735,United Kingdom,2009-12-08 09:24:00,2011-09-22 11:49:00,78,731,14,294,4240,178,6217.41,8,638.55,309,5578.86,444.1007142857143,10.27035373250276,4,5,5,14,455,Champions
16736,United Kingdom,2009-12-03 16:12:00,2010-07-22 10:09:00,505,736,5,143,1050,116,2956.56,3,52.05,11,2904.5099999999998,591.312,1.760491923045702,1,4,5,10,145,At Risk
16737,United Kingdom,2010-05-11 09:53:00,2011-10-17 13:03:00,53,577,2,2,576,1,835.2,0,0.0,0,835.2,417.6,0.0,4,2,3,9,423,Potential Loyalists
16738,United Kingdom,2011-02-15 09:46:00,2011-02-15 09:46:00,297,297,1,1,3,1,3.75,0,0.0,0,3.75,3.75,0.0,2,1,1,4,211,Hibernating
16739,United Kingdom,2010-06-21 09:38:00,2011-06-16 09:17:00,176,536,2,38,391,33,786.4300000000001,2,14.2,4,772.23,393.21500000000003,1.8056279643452053,3,2,3,8,323,Need Attention
16740,United Kingdom,2010-11-09 13:34:00,2010-11-09 13:34:00,395,395,1,32,110,30,226.91,0,0.0,0,226.91,226.91,0.0,1,1,1,3,111,Hibernating
16741,United Kingdom,2010-03-24 15:15:00,2010-03-24 15:15:00,625,625,1,11,81,11,173.06,0,0.0,0,173.06,173.06,0.0,1,1,1,3,111,Hibernating
16742,United Kingdom,2009-12-16 17:22:00,2010-08-04 10:52:00,492,723,13,103,2557,50,2334.9700000000003,1,464.9,190,1870.0700000000002,179.61307692307693,19.9103200469385,1,5,4,10,154,At Risk
16743,United Kingdom,2010-04-22 13:21:00,2011-11-10 13:13:00,29,596,14,371,3707,118,4212.15,1,46.25,37,4165.9,300.86785714285713,1.0980140783210475,5,5,5,15,555,Champions
16744,United Kingdom,2011-06-19 15:13:00,2011-11-28 13:06:00,11,173,7,236,798,198,1291.91,0,0.0,0,1291.91,184.55857142857144,0.0,5,4,4,13,544,Champions
16745,United Kingdom,2011-02-01 11:31:00,2011-09-14 11:58:00,86,311,17,355,6719,148,7180.7,1,23.6,8,7157.099999999999,422.3941176470588,0.3286587658584818,4,5,5,14,455,Champions
16746,United Kingdom,2009-12-04 13:00:00,2011-12-05 12:33:00,4,735,42,982,11898,389,18045.05,4,34.55,8,18010.5,429.6440476190476,0.1914652494728471,5,5,5,15,555,Champions
16747,United Kingdom,2011-10-03 10:18:00,2011-11-02 11:37:00,37,67,2,42,583,34,836.0600000000001,2,9.1,6,826.96,418.03000000000003,1.0884386288065449,4,2,3,9,423,Potential Loyalists
16748,United Kingdom,2009-12-10 12:28:00,2011-11-22 10:17:00,17,729,14,165,2127,55,3637.33,1,5.04,12,3632.29,259.8092857142857,0.1385631768357559,5,5,5,15,555,Champions
16749,United Kingdom,2009-12-15 14:05:00,2010-04-27 13:06:00,591,724,2,72,1910,53,4157.88,0,0.0,0,4157.88,2078.94,0.0,1,2,5,8,125,At Risk
16750,United Kingdom,2011-04-21 16:53:00,2011-10-26 12:48:00,44,232,5,95,214,74,623.93,0,0.0,0,623.93,124.78599999999999,0.0,4,4,3,11,443,Loyal Customers
16751,United Kingdom,2011-11-09 10:48:00,2011-11-09 10:48:00,30,30,1,25,1031,24,1764.72,0,0.0,0,1764.72,1764.72,0.0,5,1,4,10,514,New Customers
16752,United Kingdom,2010-12-02 12:18:00,2010-12-02 12:18:00,372,372,1,9,54,9,207.5,0,0.0,0,207.5,207.5,0.0,1,1,1,3,111,Hibernating
16753,United Kingdom,2011-10-12 13:14:00,2011-10-12 13:14:00,58,58,1,34,189,34,223.92000000000002,0,0.0,0,223.92000000000002,223.92000000000002,0.0,4,1,1,6,411,Promising Customers
16754,United Kingdom,2010-03-08 11:32:00,2010-12-02 17:38:00,372,641,29,140,63551,38,65500.07,5,10807.25,8953,54692.82,2258.6231034482757,16.499600687449647,1,5,5,11,155,At Risk
16755,United Kingdom,2009-12-09 14:25:00,2011-08-17 13:21:00,114,730,7,319,1985,219,2864.68,3,18.55,7,2846.1299999999997,409.23999999999995,0.6475417847717722,3,4,5,12,345,Loyal Customers
16756,United Kingdom,2010-03-09 15:56:00,2011-05-09 09:33:00,214,640,7,79,707,64,1312.3700000000001,2,24.950000000000003,7,1287.42,187.48142857142858,1.9011406844106464,2,4,4,10,244,At Risk
16757,United Kingdom,2010-10-26 15:09:00,2011-01-25 11:59:00,318,409,2,15,180,13,270.48,0,0.0,0,270.48,135.24,0.0,2,2,1,5,221,Hibernating
16758,United Kingdom,2011-10-05 14:47:00,2011-10-05 14:47:00,65,65,1,22,203,22,369.34000000000003,0,0.0,0,369.34000000000003,369.34000000000003,0.0,4,1,2,7,412,Promising Customers
16759,United Kingdom,2011-11-09 09:06:00,2011-12-02 12:42:00,7,30,3,42,609,40,789.79,1,16.95,1,772.8399999999999,263.2633333333333,2.1461401131946465,5,3,3,11,533,Potential Loyalists
16760,United Kingdom,2010-10-05 15:55:00,2010-10-05 15:55:00,430,430,1,17,168,17,228.0,0,0.0,0,228.0,228.0,0.0,1,1,1,3,111,Hibernating
16761,United Kingdom,2011-09-04 11:15:00,2011-09-04 11:15:00,96,96,1,13,341,13,316.62,0,0.0,0,316.62,316.62,0.0,3,1,2,6,312,Regular Customers
16762,United Kingdom,2011-07-18 12:52:00,2011-11-20 11:43:00,19,144,3,63,480,51,1207.24,0,0.0,0,1207.24,402.41333333333336,0.0,5,3,4,12,534,Potential Loyalists
16763,United Kingdom,2009-12-01 15:26:00,2011-05-25 11:52:00,198,738,2,44,492,44,964.6999999999999,1,16.95,1,947.7499999999999,482.34999999999997,1.7570229086762725,2,2,3,7,223,Hibernating
16764,United Kingdom,2011-07-19 17:17:00,2011-12-06 11:41:00,3,143,13,700,1253,209,2790.95,5,41.0,12,2749.95,214.68846153846152,1.4690338415234956,5,5,4,14,554,Champions
16765,United Kingdom,2010-11-22 13:42:00,2011-02-18 15:41:00,294,382,2,52,311,52,454.75,0,0.0,0,454.75,227.375,0.0,2,2,2,6,222,Hibernating
16766,United Kingdom,2011-03-11 13:34:00,2011-03-11 15:22:00,273,273,2,34,536,17,1145.6,0,0.0,0,1145.6,572.8,0.0,2,2,3,7,223,Hibernating
16767,United Kingdom,2010-04-28 16:49:00,2011-11-09 09:42:00,30,590,15,320,7099,208,8052.41,1,102.0,24,7950.41,536.8273333333333,1.2667015216562496,5,5,5,15,555,Champions
16768,United Kingdom,2009-12-07 11:47:00,2011-10-23 10:38:00,47,732,9,161,774,108,1698.57,5,61.05,12,1637.52,188.73,3.594199826913227,4,4,4,12,444,Champions
16769,United Kingdom,2009-12-14 11:10:00,2011-03-24 13:41:00,260,725,4,97,295,76,1117.05,0,0.0,0,1117.05,279.2625,0.0,2,3,3,8,233,At Risk
16770,United Kingdom,2010-08-22 16:08:00,2011-10-13 12:21:00,57,474,9,339,1052,202,1778.93,2,32.1,14,1746.8300000000002,197.6588888888889,1.8044554872873018,4,4,4,12,444,Champions
16771,United Kingdom,2009-12-09 11:52:00,2011-11-06 13:28:00,33,730,10,405,2290,302,3921.1,0,0.0,0,3921.1,392.11,0.0,4,4,5,13,445,Champions
16772,United Kingdom,2009-12-18 10:50:00,2010-10-12 13:19:00,423,721,3,68,687,54,3698.05,2,937.9499999999999,129,2760.1000000000004,1232.6833333333334,25.363367180000267,1,3,4,8,134,At Risk
16773,United Kingdom,2009-12-06 15:01:00,2011-10-13 14:37:00,57,733,3,65,252,53,421.24,0,0.0,0,421.24,140.41333333333333,0.0,4,3,2,9,432,Potential Loyalists
16774,United Kingdom,2010-02-16 16:53:00,2011-10-03 12:41:00,67,661,8,131,774,89,1567.48,1,6.6,4,1560.88,195.935,0.4210580039298747,4,4,4,12,444,Champions
16775,United Kingdom,2010-09-23 17:34:00,2011-11-29 15:22:00,10,442,16,259,957,132,2820.84,1,81.6,96,2739.2400000000002,176.3025,2.89275534947037,5,5,4,14,554,Champions
16776,United Kingdom,2010-10-20 12:13:00,2011-10-10 13:04:00,60,415,2,126,435,105,592.51,0,0.0,0,592.51,296.255,0.0,4,2,3,9,423,Potential Loyalists
16777,United Kingdom,2010-03-17 12:42:00,2011-09-20 13:41:00,80,632,5,142,470,125,1292.18,1,30.75,5,1261.43,258.43600000000004,2.3796994226810506,4,4,4,12,444,Champions
16778,United Kingdom,2011-03-10 15:21:00,2011-09-26 13:48:00,74,274,2,16,194,16,245.94,0,0.0,0,245.94,122.97,0.0,4,2,1,7,421,Potential Loyalists
16779,United Kingdom,2009-12-03 13:03:00,2011-12-07 14:54:00,2,736,53,1040,19411,293,32809.03,9,286.63,127,32522.399999999998,619.0383018867924,0.873631436223503,5,5,5,15,555,Champions
16780,United Kingdom,2010-10-28 19:41:00,2011-08-31 16:09:00,100,407,3,96,352,73,596.4,0,0.0,0,596.4,198.79999999999998,0.0,3,3,3,9,333,Need Attention
16781,United Kingdom,2010-02-08 13:56:00,2010-12-02 14:26:00,372,669,2,39,192,36,623.0,1,16.599999999999998,2,606.4,311.5,2.6645264847512036,1,2,3,6,123,Hibernating
16782,United Kingdom,2009-12-09 11:58:00,2011-11-29 13:20:00,10,730,38,1683,4027,575,9636.12,12,83.5,19,9552.62,253.58210526315793,0.8665313424905459,5,5,5,15,555,Champions
16783,United Kingdom,2010-09-29 11:53:00,2010-09-29 11:53:00,436,436,1,25,163,25,391.95,0,0.0,0,391.95,391.95,0.0,1,1,2,4,112,Hibernating
16784,United Kingdom,2010-03-28 12:55:00,2011-11-20 12:20:00,19,621,5,158,494,138,892.33,0,0.0,0,892.33,178.466,0.0,5,4,3,12,543,Loyal Customers
16785,United Kingdom,2010-10-26 10:36:00,2010-10-26 10:36:00,409,409,1,35,313,35,533.78,0,0.0,0,533.78,533.78,0.0,1,1,2,4,112,Hibernating
16786,United Kingdom,2010-11-11 08:25:00,2010-11-11 08:25:00,393,393,1,1,72,1,51.84,0,0.0,0,51.84,51.84,0.0,1,1,1,3,111,Hibernating
16787,United Kingdom,2010-01-10 11:12:00,2010-11-07 11:01:00,397,698,4,112,472,102,1017.53,0,0.0,0,1017.53,254.3825,0.0,1,3,3,7,133,At Risk
16788,United Kingdom,2010-02-07 12:40:00,2011-08-08 14:53:00,123,670,5,477,964,347,1927.28,0,0.0,0,1927.28,385.456,0.0,3,4,4,11,344,Loyal Customers
16789,United Kingdom,2011-12-01 15:12:00,2011-12-01 15:12:00,8,8,1,5,32,5,80.80000000000001,0,0.0,0,80.80000000000001,80.80000000000001,0.0,5,1,1,7,511,New Customers
16790,United Kingdom,2011-11-02 11:23:00,2011-12-06 11:53:00,3,37,6,93,898,88,1545.6200000000001,2,25.5,6,1520.1200000000001,257.60333333333335,1.6498233718507782,5,4,4,13,544,Champions
16791,United Kingdom,2009-12-03 18:08:00,2011-11-10 19:12:00,29,736,15,680,1853,392,3944.88,3,92.57,27,3852.31,262.992,2.3465859544523533,5,5,5,15,555,Champions
16792,United Kingdom,2010-01-04 13:47:00,2011-03-02 14:41:00,282,704,5,102,324,90,623.46,0,0.0,0,623.46,124.69200000000001,0.0,2,4,3,9,243,At Risk
16793,United Kingdom,2011-10-13 15:08:00,2011-10-13 15:08:00,57,57,1,16,146,16,243.84,0,0.0,0,243.84,243.84,0.0,4,1,1,6,411,Promising Customers
16794,United Kingdom,2010-03-25 15:17:00,2011-12-08 17:54:00,1,624,15,501,1575,244,2050.68,2,21.2,4,2029.4799999999998,136.712,1.033803421304153,5,5,4,14,554,Champions
16795,United Kingdom,2010-01-25 13:14:00,2010-12-09 14:08:00,365,683,3,336,1214,306,2062.41,2,27.2,14,2035.2099999999998,687.4699999999999,1.318845428406573,2,3,4,9,234,At Risk
16796,United Kingdom,2011-09-11 14:01:00,2011-09-11 14:01:00,89,89,1,18,186,18,305.62,0,0.0,0,305.62,305.62,0.0,4,1,2,7,412,Promising Customers
16797,United Kingdom,2009-12-02 13:33:00,2010-11-11 19:14:00,393,737,5,398,898,289,1802.02,4,41.0,8,1761.02,360.404,2.275224470316645,1,4,4,9,144,At Risk
16798,United Kingdom,2009-12-10 19:35:00,2010-06-03 19:01:00,554,729,3,169,205,141,841.16,1,8.95,1,832.2099999999999,280.38666666666666,1.064006847686528,1,3,3,7,133,At Risk
16799,United Kingdom,2010-09-12 12:46:00,2010-10-03 14:28:00,432,453,2,92,162,81,452.78000000000003,1,4.95,1,447.83000000000004,226.39000000000001,1.0932461681169663,1,2,2,5,122,Hibernating
16800,United Kingdom,2011-11-28 14:06:00,2011-11-28 14:06:00,11,11,1,156,524,148,1162.65,0,0.0,0,1162.65,1162.65,0.0,5,1,3,9,513,New Customers
16801,United Kingdom,2011-03-11 13:56:00,2011-06-29 15:33:00,163,273,4,75,493,72,1594.23,1,751.9,186,842.33,398.5575,47.16383457844853,3,3,3,9,333,Need Attention
16802,United Kingdom,2009-12-09 13:00:00,2010-01-29 13:44:00,679,730,2,53,369,48,582.61,0,0.0,0,582.61,291.305,0.0,1,2,2,5,122,Hibernating
16803,United Kingdom,2011-10-05 14:28:00,2011-10-05 14:28:00,65,65,1,24,245,24,332.3,0,0.0,0,332.3,332.3,0.0,4,1,2,7,412,Promising Customers
16804,United Kingdom,2011-03-14 15:48:00,2011-11-16 16:43:00,23,270,3,60,246,59,536.99,0,0.0,0,536.99,178.99666666666667,0.0,5,3,2,10,532,Potential Loyalists
16805,United Kingdom,2009-12-14 15:17:00,2011-06-19 11:23:00,173,725,4,248,1119,212,1076.34,0,0.0,0,1076.34,269.085,0.0,3,3,3,9,333,Need Attention
16806,United Kingdom,2011-04-14 19:59:00,2011-08-28 15:27:00,103,239,4,92,355,67,736.21,0,0.0,0,736.21,184.0525,0.0,3,3,3,9,333,Need Attention
16807,United Kingdom,2010-03-26 14:38:00,2011-07-20 12:00:00,142,623,6,142,1433,107,2123.88,2,59.00000000000001,20,2064.88,353.98,2.777934723242368,3,4,4,11,344,Loyal Customers
16808,United Kingdom,2011-03-10 19:05:00,2011-09-01 19:34:00,99,274,2,23,196,21,288.42,0,0.0,0,288.42,144.21,0.0,3,2,2,7,322,Need Attention
16809,United Kingdom,2010-04-13 15:34:00,2011-11-16 15:45:00,23,605,9,259,1093,113,1727.43,1,1.95,1,1725.48,191.93666666666667,0.1128844584151022,5,4,4,13,544,Champions
16810,United Kingdom,2010-10-15 15:32:00,2011-05-31 15:32:00,192,420,2,34,372,34,842.04,2,55.9,5,786.14,421.02,6.638639494560829,2,2,3,7,223,Hibernating
16811,United Kingdom,2011-11-22 17:19:00,2011-12-05 11:39:00,4,17,2,28,477,26,547.07,0,0.0,0,547.07,273.535,0.0,5,2,2,9,522,Potential Loyalists
16812,United Kingdom,2010-11-22 14:36:00,2010-12-14 12:35:00,360,382,4,115,1116,98,2392.0,1,175.2,16,2216.8,598.0,7.3244147157190636,2,3,4,9,234,At Risk
16813,United Kingdom,2011-05-19 13:28:00,2011-12-01 14:03:00,8,204,10,426,1501,248,1652.18,0,0.0,0,1652.18,165.21800000000002,0.0,5,4,4,13,544,Champions
16814,United Kingdom,2010-04-11 12:45:00,2011-11-25 13:27:00,14,607,36,766,4838,246,11914.95,1,8.5,1,11906.45,330.97083333333336,0.07133894812819189,5,5,5,15,555,Champions
16815,United Kingdom,2010-06-21 12:05:00,2010-09-12 10:59:00,453,536,2,73,237,66,406.02,0,0.0,0,406.02,203.01,0.0,1,2,2,5,122,Hibernating
16816,United Kingdom,2010-12-16 17:01:00,2011-08-28 14:16:00,103,358,4,28,274,28,417.06,0,0.0,0,417.06,104.265,0.0,3,3,2,8,332,Need Attention
16817,United Kingdom,2010-10-04 09:06:00,2011-12-07 11:03:00,2,431,13,141,1401,107,2560.7000000000003,5,167.85000000000002,66,2392.8500000000004,196.9769230769231,6.554848283672434,5,5,4,14,554,Champions
16818,United Kingdom,2011-05-18 11:42:00,2011-11-29 10:41:00,10,205,11,188,2164,172,3349.57,2,31.599999999999998,2,3317.9700000000003,304.50636363636363,0.9434046758240608,5,5,5,15,555,Champions
16819,United Kingdom,2010-08-31 17:31:00,2010-08-31 17:37:00,465,465,2,17,253,17,182.59,0,0.0,0,182.59,91.295,0.0,1,2,1,4,121,Hibernating
16820,United Kingdom,2011-09-05 12:06:00,2011-09-05 12:06:00,95,95,1,26,307,26,497.61,0,0.0,0,497.61,497.61,0.0,3,1,2,6,312,Regular Customers
16821,United Kingdom,2010-11-23 10:04:00,2010-11-23 10:04:00,381,381,1,7,13,7,113.35,0,0.0,0,113.35,113.35,0.0,1,1,1,3,111,Hibernating
16822,United Kingdom,2010-01-22 14:22:00,2010-01-22 14:22:00,686,686,1,11,171,11,181.39,2,36.55,5,144.83999999999997,181.39,20.149953139643863,1,1,1,3,111,Hibernating
16823,United Kingdom,2009-12-02 09:57:00,2011-04-26 15:00:00,227,737,7,173,1166,149,2243.09,1,6.95,1,2236.1400000000003,320.4414285714286,0.3098404433170314,2,4,4,10,244,At Risk
16824,United Kingdom,2010-11-11 12:21:00,2011-11-24 12:38:00,15,393,3,39,390,34,686.24,0,0.0,0,686.24,228.74666666666667,0.0,5,3,3,11,533,Potential Loyalists
16825,United Kingdom,2010-06-23 13:14:00,2011-11-01 11:51:00,38,534,5,64,1297,48,1826.89,0,0.0,0,1826.89,365.37800000000004,0.0,4,4,4,12,444,Champions
16826,United Kingdom,2011-10-19 14:05:00,2011-10-19 14:05:00,51,51,1,22,158,22,341.7,0,0.0,0,341.7,341.7,0.0,4,1,2,7,412,Promising Customers
16827,United Kingdom,2010-04-29 19:07:00,2010-11-11 14:04:00,393,589,5,11,124,9,387.18,0,0.0,0,387.18,77.436,0.0,1,4,2,7,142,At Risk
16828,United Kingdom,2011-08-19 13:24:00,2011-08-19 13:24:00,112,112,1,7,58,7,113.5,0,0.0,0,113.5,113.5,0.0,3,1,1,5,311,Regular Customers
16829,United Kingdom,2010-11-16 18:11:00,2011-07-06 10:48:00,156,388,2,27,215,25,513.32,0,0.0,0,513.32,256.66,0.0,3,2,2,7,322,Need Attention
16830,United Kingdom,2009-12-13 12:11:00,2011-11-01 11:35:00,38,726,4,75,699,65,1207.5,1,23.8,6,1183.7,301.875,1.9710144927536235,4,3,4,11,434,Potential Loyalists
16831,United Kingdom,2010-05-24 09:08:00,2010-05-24 09:08:00,564,564,1,6,48,6,91.8,0,0.0,0,91.8,91.8,0.0,1,1,1,3,111,Hibernating
16832,United Kingdom,2010-09-07 12:35:00,2011-06-08 15:36:00,184,458,5,21,179,19,417.61,0,0.0,0,417.61,83.522,0.0,2,4,2,8,242,At Risk
16833,United Kingdom,2010-03-26 15:31:00,2011-12-08 14:39:00,1,623,6,92,878,87,2409.04,0,0.0,0,2409.04,401.50666666666666,0.0,5,4,4,13,544,Champions
16834,United Kingdom,2010-02-03 14:24:00,2011-04-26 09:37:00,227,674,2,48,760,43,898.96,0,0.0,0,898.96,449.48,0.0,2,2,3,7,223,Hibernating
16835,United Kingdom,2010-05-19 08:41:00,2011-08-03 13:50:00,128,569,6,82,496,58,1456.66,4,66.9,22,1389.76,242.77666666666667,4.592698364752241,3,4,4,11,344,Loyal Customers
16836,United Kingdom,2010-05-14 12:52:00,2011-10-31 10:05:00,39,574,4,42,539,42,782.37,0,0.0,0,782.37,195.5925,0.0,4,3,3,10,433,Potential Loyalists
16837,United Kingdom,2011-04-08 08:48:00,2011-11-08 14:27:00,31,245,11,165,1563,123,3170.98,1,3.25,1,3167.73,288.2709090909091,0.10249197409002894,4,5,5,14,455,Champions
16838,United Kingdom,2010-02-14 15:27:00,2011-05-26 13:13:00,197,663,4,59,509,53,1159.6100000000001,2,32.95,5,1126.66,289.90250000000003,2.8414725640517067,2,3,3,8,233,At Risk
16839,United Kingdom,2010-02-11 15:02:00,2011-12-01 09:03:00,8,666,44,350,11295,132,21758.25,7,1337.72,515,20420.53,494.5056818181818,6.148104741879517,5,5,5,15,555,Champions
16840,United Kingdom,2010-02-03 12:42:00,2010-04-15 15:48:00,603,674,2,9,117,9,139.85,0,0.0,0,139.85,69.925,0.0,1,2,1,4,121,Hibernating
16841,United Kingdom,2010-01-12 11:32:00,2011-11-03 11:51:00,36,696,12,219,3478,187,4006.06,2,164.89999999999998,33,3841.16,333.8383333333333,4.116263860251719,4,5,5,14,455,Champions
16842,United Kingdom,2011-02-10 14:51:00,2011-08-31 10:42:00,100,302,3,63,693,45,1264.19,1,3.75,1,1260.44,421.3966666666667,0.29663262642482535,3,3,4,10,334,Need Attention
16843,United Kingdom,2009-12-10 11:40:00,2011-10-28 09:06:00,42,729,35,596,18502,317,19571.43,3,42.65,43,19528.78,559.1837142857142,0.21791969212265022,4,5,5,14,455,Champions
16844,United Kingdom,2010-05-06 09:16:00,2010-05-26 10:29:00,562,582,2,32,281,26,614.34,0,0.0,0,614.34,307.17,0.0,1,2,3,6,123,Hibernating
16845,United Kingdom,2010-03-31 13:09:00,2010-03-31 13:09:00,618,618,1,20,167,20,253.88,0,0.0,0,253.88,253.88,0.0,1,1,1,3,111,Hibernating
16846,United Kingdom,2010-03-10 12:03:00,2011-10-20 13:55:00,50,639,3,47,517,47,842.41,0,0.0,0,842.41,280.80333333333334,0.0,4,3,3,10,433,Potential Loyalists
16847,United Kingdom,2010-03-31 13:32:00,2011-10-27 13:29:00,43,618,2,37,255,37,614.89,0,0.0,0,614.89,307.445,0.0,4,2,3,9,423,Potential Loyalists
16848,United Kingdom,2010-10-03 11:01:00,2011-10-18 08:42:00,52,432,4,85,780,75,1411.62,0,0.0,0,1411.62,352.905,0.0,4,3,4,11,434,Potential Loyalists
16849,United Kingdom,2011-06-06 09:16:00,2011-06-06 09:16:00,186,186,1,8,33,8,124.57,0,0.0,0,124.57,124.57,0.0,2,1,1,4,211,Hibernating
16850,United Kingdom,2011-01-10 11:09:00,2011-01-10 11:09:00,333,333,1,19,249,19,332.41,0,0.0,0,332.41,332.41,0.0,2,1,2,5,212,Hibernating
16851,United Kingdom,2011-10-19 09:48:00,2011-12-05 13:32:00,4,51,3,20,271,17,342.45,0,0.0,0,342.45,114.14999999999999,0.0,5,3,2,10,532,Potential Loyalists
16852,United Kingdom,2011-06-16 15:49:00,2011-11-29 13:22:00,10,176,2,9,56,9,144.91,0,0.0,0,144.91,72.455,0.0,5,2,1,8,521,Potential Loyalists
16854,United Kingdom,2010-03-09 14:32:00,2010-10-18 16:31:00,417,640,2,75,997,72,1408.96,0,0.0,0,1408.96,704.48,0.0,1,2,4,7,124,At Risk
16855,United Kingdom,2011-10-27 16:31:00,2011-11-16 12:03:00,23,43,2,19,164,19,328.40000000000003,0,0.0,0,328.40000000000003,164.20000000000002,0.0,5,2,2,9,522,Potential Loyalists
16856,United Kingdom,2010-09-23 13:11:00,2011-11-25 08:59:00,14,442,3,19,171,16,358.49,0,0.0,0,358.49,119.49666666666667,0.0,5,3,2,10,532,Potential Loyalists
16857,United Kingdom,2010-09-23 10:49:00,2010-09-23 10:49:00,442,442,1,11,168,11,352.8,0,0.0,0,352.8,352.8,0.0,1,1,2,4,112,Hibernating
16858,United Kingdom,2009-12-15 11:09:00,2010-12-06 09:52:00,368,724,10,126,1423,75,4292.59,6,206.85000000000002,56,4085.7400000000002,429.259,4.818769088126283,1,4,5,10,145,At Risk
16859,United Kingdom,2010-03-04 12:37:00,2011-07-18 12:19:00,144,645,7,110,1899,87,1932.41,3,274.67,171,1657.74,276.05857142857144,14.2138573077142,3,4,4,11,344,Loyal Customers
16860,United Kingdom,2010-02-15 13:46:00,2010-09-13 10:05:00,452,662,3,43,625,35,1610.62,1,16.95,1,1593.6699999999998,536.8733333333333,1.0523897629484298,1,3,4,8,134,At Risk
16861,United Kingdom,2010-07-19 11:44:00,2011-10-11 09:05:00,59,508,5,49,616,39,946.59,1,17.700000000000003,6,928.89,189.318,1.8698697429721423,4,4,3,11,443,Loyal Customers
16862,United Kingdom,2010-01-07 12:57:00,2010-06-10 13:05:00,547,701,4,35,513,34,662.33,0,0.0,0,662.33,165.5825,0.0,1,3,3,7,133,At Risk
16863,United Kingdom,2010-10-26 10:03:00,2011-11-08 15:26:00,31,409,3,47,640,43,834.27,2,21.45,17,812.8199999999999,278.09,2.5711100722787585,4,3,3,10,433,Potential Loyalists
16864,United Kingdom,2010-04-20 11:56:00,2010-10-01 16:16:00,434,598,2,17,283,17,409.25,0,0.0,0,409.25,204.625,0.0,1,2,2,5,122,Hibernating
16865,United Kingdom,2010-11-03 11:34:00,2010-11-03 11:34:00,401,401,1,16,157,15,130.95,0,0.0,0,130.95,130.95,0.0,1,1,1,3,111,Hibernating
16866,United Kingdom,2011-07-01 12:34:00,2011-07-22 10:06:00,140,161,3,11,60,10,207.74,0,0.0,0,207.74,69.24666666666667,0.0,3,3,1,7,331,Need Attention
16867,United Kingdom,2010-01-19 09:11:00,2010-01-19 09:11:00,689,689,1,6,58,6,76.74000000000001,0,0.0,0,76.74000000000001,76.74000000000001,0.0,1,1,1,3,111,Hibernating
16868,United Kingdom,2010-04-25 11:31:00,2010-11-10 13:17:00,394,593,3,50,112,47,384.56,0,0.0,0,384.56,128.18666666666667,0.0,1,3,2,6,132,At Risk
16869,United Kingdom,2011-06-17 13:01:00,2011-11-17 12:02:00,22,175,4,127,583,113,817.12,1,19.8,4,797.32,204.28,2.4231447033483455,5,3,3,11,533,Potential Loyalists
16870,United Kingdom,2010-08-27 13:53:00,2010-08-27 13:53:00,469,469,1,28,278,28,450.16,0,0.0,0,450.16,450.16,0.0,1,1,2,4,112,Hibernating
16871,United Kingdom,2011-03-14 10:31:00,2011-11-17 19:27:00,22,270,6,137,1253,131,2812.34,1,50.849999999999994,3,2761.4900000000002,468.72333333333336,1.8081028609627565,5,4,4,13,544,Champions
16872,United Kingdom,2010-09-02 17:36:00,2011-09-23 16:05:00,77,463,6,18,1079,12,1213.13,0,0.0,0,1213.13,202.18833333333336,0.0,4,4,4,12,444,Champions
16873,United Kingdom,2010-02-09 14:17:00,2011-12-05 12:05:00,4,668,12,512,8601,252,14617.39,5,70.36,18,14547.029999999999,1218.1158333333333,0.4813444807862416,5,5,5,15,555,Champions
16874,United Kingdom,2010-11-25 13:08:00,2010-11-25 13:08:00,379,379,1,31,78,31,209.89000000000001,0,0.0,0,209.89000000000001,209.89000000000001,0.0,1,1,1,3,111,Hibernating
16875,United Kingdom,2010-01-05 09:16:00,2011-10-03 13:39:00,67,703,11,230,2099,161,4234.53,9,181.33,44,4053.2,384.9572727272727,4.282175353581154,4,5,5,14,455,Champions
16876,United Kingdom,2010-11-01 11:59:00,2010-11-01 11:59:00,403,403,1,32,181,32,136.01,0,0.0,0,136.01,136.01,0.0,1,1,1,3,111,Hibernating
16877,United Kingdom,2011-05-15 16:13:00,2011-11-27 13:47:00,12,208,6,156,458,111,846.62,0,0.0,0,846.62,141.10333333333332,0.0,5,4,3,12,543,Loyal Customers
16878,United Kingdom,2011-09-16 17:39:00,2011-09-16 17:39:00,84,84,1,3,12,3,13.3,1,13.3,12,0.0,13.3,100.0,4,1,1,6,411,Promising Customers
16880,United Kingdom,2010-08-03 13:54:00,2011-11-09 11:33:00,30,493,8,183,904,130,1813.21,0,0.0,0,1813.21,226.65125,0.0,5,4,4,13,544,Champions
16881,United Kingdom,2011-10-04 10:33:00,2011-10-04 10:33:00,66,66,1,1,600,1,432.0,0,0.0,0,432.0,432.0,0.0,4,1,2,7,412,Promising Customers
16882,United Kingdom,2011-01-26 17:43:00,2011-10-04 10:42:00,66,317,3,39,424,39,705.12,0,0.0,0,705.12,235.04,0.0,4,3,3,10,433,Potential Loyalists
16883,United Kingdom,2009-12-04 12:07:00,2011-06-05 12:51:00,187,735,19,267,1016,159,2246.06,1,9.95,1,2236.11,118.21368421052631,0.4429979608737077,2,5,4,11,254,At Risk
16884,United Kingdom,2010-05-18 12:00:00,2011-11-02 11:52:00,37,570,4,74,520,64,1070.97,0,0.0,0,1070.97,267.7425,0.0,4,3,3,10,433,Potential Loyalists
16885,United Kingdom,2010-11-19 12:51:00,2011-11-24 13:40:00,15,385,4,135,357,120,683.35,0,0.0,0,683.35,170.8375,0.0,5,3,3,11,533,Potential Loyalists
16886,United Kingdom,2010-09-09 15:08:00,2010-09-09 15:08:00,456,456,1,8,48,8,134.0,1,134.0,48,0.0,134.0,100.0,1,1,1,3,111,Hibernating
16887,United Kingdom,2009-12-01 13:41:00,2011-11-04 14:07:00,35,738,3,101,423,94,658.17,0,0.0,0,658.17,219.39,0.0,4,3,3,10,433,Potential Loyalists
16888,United Kingdom,2010-01-07 13:07:00,2010-11-04 12:39:00,400,701,3,52,145,44,434.2,0,0.0,0,434.2,144.73333333333332,0.0,1,3,2,6,132,At Risk
16889,United Kingdom,2010-05-23 10:46:00,2011-05-29 11:05:00,194,565,6,217,1611,163,2526.65,0,0.0,0,2526.65,421.10833333333335,0.0,2,4,4,10,244,At Risk
16890,United Kingdom,2010-05-06 16:27:00,2010-08-20 11:23:00,476,582,3,18,241,16,277.91,0,0.0,0,277.91,92.63666666666667,0.0,1,3,2,6,132,At Risk
16891,United Kingdom,2009-12-04 12:37:00,2011-12-08 11:15:00,1,735,11,418,652,335,1727.94,0,0.0,0,1727.94,157.08545454545455,0.0,5,5,4,14,554,Champions
16892,United Kingdom,2009-12-08 14:20:00,2011-12-08 13:18:00,1,731,7,137,367,119,754.75,2,28.7,4,726.05,107.82142857142857,3.8025836369658825,5,4,3,12,543,Loyal Customers
16893,United Kingdom,2010-11-28 15:14:00,2010-12-08 12:06:00,366,376,2,86,116,79,249.47,0,0.0,0,249.47,124.735,0.0,1,2,1,4,121,Hibernating
16894,United Kingdom,2010-06-22 14:21:00,2010-07-25 15:43:00,502,535,3,187,503,186,1306.96,2,41.7,6,1265.26,435.65333333333336,3.1906102711636164,1,3,4,8,134,At Risk
16895,United Kingdom,2010-02-12 11:07:00,2011-10-06 12:15:00,64,665,5,163,421,135,1102.9,0,0.0,0,1102.9,220.58,0.0,4,4,3,11,443,Loyal Customers
16896,United Kingdom,2010-06-02 15:40:00,2010-06-02 15:40:00,555,555,1,18,18,18,103.95,0,0.0,0,103.95,103.95,0.0,1,1,1,3,111,Hibernating
16897,United Kingdom,2011-01-30 11:52:00,2011-02-13 15:02:00,299,313,2,37,73,37,289.78,1,76.75,15,213.02999999999997,144.89,26.48560977293119,2,2,1,5,221,Hibernating
16898,United Kingdom,2010-05-12 12:18:00,2011-11-13 15:44:00,26,576,5,251,695,223,885.21,1,64.35,33,820.86,177.042,7.269461483715728,5,4,3,12,543,Loyal Customers
16899,United Kingdom,2010-11-07 15:00:00,2011-12-02 12:03:00,7,397,8,173,811,101,1695.77,0,0.0,0,1695.77,211.97125,0.0,5,4,4,13,544,Champions
16900,United Kingdom,2011-10-07 13:17:00,2011-11-23 10:32:00,16,63,3,78,832,77,882.16,1,12.96,108,869.1999999999999,294.05333333333334,1.4691212478461957,5,3,3,11,533,Potential Loyalists
16901,United Kingdom,2009-12-10 16:30:00,2009-12-10 16:30:00,729,729,1,23,42,23,204.26,0,0.0,0,204.26,204.26,0.0,1,1,1,3,111,Hibernating
16902,United Kingdom,2011-08-15 14:17:00,2011-08-15 14:17:00,116,116,1,44,629,43,1706.88,0,0.0,0,1706.88,1706.88,0.0,3,1,4,8,314,Need Attention
16903,United Kingdom,2010-10-20 14:42:00,2011-11-10 15:32:00,29,415,3,182,717,148,1041.75,1,32.3,26,1009.45,347.25,3.100551955843532,5,3,3,11,533,Potential Loyalists
16904,United Kingdom,2010-10-24 16:03:00,2011-12-05 13:10:00,4,411,20,895,2596,482,4656.56,0,0.0,0,4656.56,232.82800000000003,0.0,5,5,5,15,555,Champions
16905,United Kingdom,2009-12-10 20:04:00,2011-12-04 14:01:00,5,729,17,319,1911,170,4704.27,3,29.65,3,4674.620000000001,276.7217647058824,0.6302784491536412,5,5,5,15,555,Champions
16906,United Kingdom,2010-05-13 13:23:00,2011-09-19 11:49:00,81,575,7,212,589,179,1410.07,0,0.0,0,1410.07,201.4385714285714,0.0,4,4,4,12,444,Champions
16907,United Kingdom,2010-07-01 17:30:00,2011-11-10 18:04:00,29,526,9,209,451,109,1470.89,0,0.0,0,1470.89,163.43222222222224,0.0,5,4,4,13,544,Champions
16908,United Kingdom,2009-12-17 13:35:00,2009-12-17 13:35:00,722,722,1,20,61,20,252.59,1,99.0,20,153.59,252.59,39.19395067104794,1,1,1,3,111,Hibernating
16909,United Kingdom,2011-09-28 16:45:00,2011-09-28 16:45:00,72,72,1,18,436,18,379.14,1,15.0,2,364.14,379.14,3.9563222028802025,4,1,2,7,412,Promising Customers
16910,United Kingdom,2011-09-09 14:14:00,2011-12-05 12:51:00,4,91,8,545,884,318,1508.96,0,0.0,0,1508.96,188.62,0.0,5,4,4,13,544,Champions
16911,United Kingdom,2010-02-16 16:12:00,2010-03-14 12:18:00,635,661,2,35,161,30,255.25,1,3.9,2,251.35,127.625,1.5279138099902057,1,2,1,4,121,Hibernating
16912,United Kingdom,2009-12-09 12:32:00,2011-11-11 12:18:00,28,730,15,172,1689,130,4460.51,3,39.65,14,4420.860000000001,297.36733333333336,0.8889118060490839,5,5,5,15,555,Champions
16913,United Kingdom,2010-02-26 12:06:00,2011-02-22 12:56:00,290,651,3,18,229,18,423.91,0,0.0,0,423.91,141.30333333333334,0.0,2,3,2,7,232,At Risk
16914,United Kingdom,2011-11-03 15:27:00,2011-11-03 15:27:00,36,36,1,30,112,25,183.76,0,0.0,0,183.76,183.76,0.0,4,1,1,6,411,Promising Customers
16915,United Kingdom,2010-05-19 13:32:00,2011-11-30 16:39:00,9,569,11,74,190,54,1543.18,0,0.0,0,1543.18,140.2890909090909,0.0,5,5,4,14,554,Champions
16916,United Kingdom,2010-10-20 12:56:00,2011-11-16 12:08:00,23,415,4,204,647,179,896.12,0,0.0,0,896.12,224.03,0.0,5,3,3,11,533,Potential Loyalists
16917,United Kingdom,2010-03-17 15:24:00,2011-03-08 11:55:00,276,632,2,50,792,45,1851.88,1,8.95,1,1842.93,925.94,0.4832926539516598,2,2,4,8,224,At Risk
16918,United Kingdom,2009-12-03 12:27:00,2011-10-21 12:50:00,49,736,16,454,2066,280,3206.54,3,75.23,20,3131.31,200.40875,2.346142571120273,4,5,5,14,455,Champions
16919,United Kingdom,2010-08-19 15:28:00,2011-07-06 13:35:00,156,477,24,614,2333,230,4909.66,4,72.1,16,4837.5599999999995,204.56916666666666,1.4685334626022983,3,5,5,13,355,Loyal Customers
16920,United Kingdom,2010-10-24 14:07:00,2010-10-24 14:07:00,411,411,1,23,81,23,355.45,0,0.0,0,355.45,355.45,0.0,1,1,2,4,112,Hibernating
16921,United Kingdom,2010-04-18 15:34:00,2011-10-09 16:22:00,61,600,3,88,275,78,409.21,0,0.0,0,409.21,136.40333333333334,0.0,4,3,2,9,432,Potential Loyalists
16922,United Kingdom,2010-05-16 11:24:00,2010-05-16 11:24:00,572,572,1,122,281,122,611.08,0,0.0,0,611.08,611.08,0.0,1,1,3,5,113,Hibernating
16923,United Kingdom,2010-01-31 11:14:00,2011-11-27 13:00:00,12,677,32,1083,6190,431,13157.130000000001,9,584.98,236,12572.150000000001,411.16031250000003,4.4461064077044155,5,5,5,15,555,Champions
16924,United Kingdom,2011-09-16 12:54:00,2011-11-18 12:53:00,21,84,3,81,467,69,829.89,1,107.25,13,722.64,276.63,12.923399486678958,5,3,3,11,533,Potential Loyalists
16925,United Kingdom,2010-06-17 15:03:00,2010-06-17 15:03:00,540,540,1,18,123,18,125.65,0,0.0,0,125.65,125.65,0.0,1,1,1,3,111,Hibernating
16926,United Kingdom,2010-07-01 12:57:00,2010-12-03 13:42:00,371,526,5,96,197,63,1169.61,1,10.95,1,1158.6599999999999,233.92199999999997,0.9362095057326802,1,4,3,8,143,At Risk
16927,United Kingdom,2010-12-13 11:57:00,2011-08-16 11:10:00,115,361,3,6,993,5,543.05,0,0.0,0,543.05,181.01666666666665,0.0,3,3,2,8,332,Need Attention
16928,United Kingdom,2010-02-03 12:30:00,2011-09-20 15:10:00,80,674,26,314,2563,133,3798.08,4,119.65,69,3678.43,146.07999999999998,3.150275928890387,4,5,5,14,455,Champions
16929,United Kingdom,2011-07-07 12:39:00,2011-12-06 08:37:00,3,155,7,77,929,51,1295.39,0,0.0,0,1295.39,185.0557142857143,0.0,5,4,4,13,544,Champions
16930,United Kingdom,2011-10-02 14:25:00,2011-11-13 16:13:00,26,68,3,53,339,47,378.89,0,0.0,0,378.89,126.29666666666667,0.0,5,3,2,10,532,Potential Loyalists
16931,United Kingdom,2010-11-07 13:24:00,2011-12-04 13:15:00,5,397,23,948,3357,466,5032.22,0,0.0,0,5032.22,218.79217391304348,0.0,5,5,5,15,555,Champions
16932,United Kingdom,2010-05-17 14:15:00,2011-10-17 14:12:00,53,571,3,133,217,116,412.55,0,0.0,0,412.55,137.51666666666668,0.0,4,3,2,9,432,Potential Loyalists
16933,United Kingdom,2009-12-09 15:03:00,2011-12-08 12:54:00,1,730,9,282,1533,213,3099.3,7,81.65,21,3017.65,344.3666666666667,2.6344658471267706,5,4,5,14,545,Champions
16934,United Kingdom,2010-03-28 12:43:00,2011-10-16 12:40:00,54,621,6,141,936,128,2083.14,1,20.25,3,2062.89,347.19,0.9720902099714854,4,4,4,12,444,Champions
16935,United Kingdom,2010-10-14 13:09:00,2010-11-23 09:16:00,381,421,3,69,273,55,530.86,0,0.0,0,530.86,176.95333333333335,0.0,1,3,2,6,132,At Risk
16936,United Kingdom,2010-11-19 11:54:00,2011-11-14 11:04:00,25,385,2,139,339,122,548.29,0,0.0,0,548.29,274.145,0.0,5,2,2,9,522,Potential Loyalists
16937,United Kingdom,2010-07-28 17:56:00,2010-07-28 17:56:00,499,499,1,49,123,49,196.25,0,0.0,0,196.25,196.25,0.0,1,1,1,3,111,Hibernating
16938,United Kingdom,2010-02-17 14:47:00,2011-12-01 10:20:00,8,660,9,824,5041,547,6995.360000000001,1,833.2500000000001,1515,6162.110000000001,777.2622222222222,11.91146702957389,5,4,5,14,545,Champions
16939,United Kingdom,2010-02-28 13:33:00,2010-08-08 12:24:00,488,649,3,41,229,38,433.85,0,0.0,0,433.85,144.61666666666667,0.0,1,3,2,6,132,At Risk
16940,United Kingdom,2009-12-08 13:08:00,2011-10-18 13:15:00,52,731,8,629,4503,360,6427.66,3,182.25,33,6245.41,803.4575,2.8354019969942406,4,4,5,13,445,Champions
16941,United Kingdom,2010-04-07 11:13:00,2010-04-07 11:13:00,611,611,1,2,12,2,33.0,0,0.0,0,33.0,33.0,0.0,1,1,1,3,111,Hibernating
16942,United Kingdom,2011-04-26 11:59:00,2011-11-27 12:40:00,12,227,9,277,805,159,1904.99,1,26.479999999999997,4,1878.51,211.66555555555556,1.3900335434831677,5,4,4,13,544,Champions
16943,United Kingdom,2011-01-25 14:00:00,2011-05-12 11:57:00,211,318,3,33,145,23,816.73,0,0.0,0,816.73,272.24333333333334,0.0,2,3,3,8,233,At Risk
16944,United Kingdom,2010-04-09 11:03:00,2010-04-09 11:03:00,609,609,1,7,27,7,101.36,0,0.0,0,101.36,101.36,0.0,1,1,1,3,111,Hibernating
16945,United Kingdom,2009-12-09 11:33:00,2011-11-18 11:39:00,21,730,33,474,5889,231,8548.16,2,17.5,14,8530.66,259.0351515151515,0.20472241979560515,5,5,5,15,555,Champions
16946,United Kingdom,2010-03-02 10:49:00,2010-11-21 14:06:00,383,647,5,75,509,69,1222.04,1,22.5,6,1199.54,244.408,1.8411835946450197,1,4,4,9,144,At Risk
16947,United Kingdom,2010-03-03 10:54:00,2011-04-18 09:38:00,235,646,4,52,654,49,946.71,3,40.4,40,906.3100000000001,236.6775,4.267410294599191,2,3,3,8,233,At Risk
16948,United Kingdom,2010-02-21 13:48:00,2011-07-24 12:46:00,138,656,7,43,2091,20,868.77,0,0.0,0,868.77,124.11,0.0,3,4,3,10,343,Loyal Customers
16949,United Kingdom,2011-01-27 12:11:00,2011-12-06 11:07:00,3,316,6,60,791,57,1286.27,1,125.0,1,1161.27,214.37833333333333,9.71802187721085,5,4,3,12,543,Loyal Customers
16950,United Kingdom,2010-01-24 11:26:00,2011-10-14 09:06:00,56,684,10,143,2424,110,3533.77,1,51.18,85,3482.59,353.377,1.4483115765881764,4,4,5,13,445,Champions
16951,United Kingdom,2011-02-08 14:58:00,2011-07-28 12:05:00,134,304,3,86,1318,73,1277.75,1,15.0,12,1262.75,425.9166666666667,1.1739385638818236,3,3,4,10,334,Need Attention
16952,United Kingdom,2009-12-11 13:52:00,2011-08-22 13:03:00,109,728,5,87,343,76,795.83,0,0.0,0,795.83,159.166,0.0,3,4,3,10,343,Loyal Customers
16953,United Kingdom,2011-11-09 15:54:00,2011-11-09 15:54:00,30,30,1,1,10,1,20.8,0,0.0,0,20.8,20.8,0.0,5,1,1,7,511,New Customers
16954,United Kingdom,2010-01-18 14:49:00,2011-12-09 09:46:00,0,690,20,206,4086,83,6081.88,1,44.55,9,6037.33,304.094,0.7325037652831032,5,5,5,15,555,Champions
16955,United Kingdom,2010-01-31 11:38:00,2011-06-08 10:36:00,184,677,6,50,723,33,1120.31,3,48.25,27,1072.06,186.71833333333333,4.306843641492087,2,4,3,9,243,At Risk
16956,United Kingdom,2011-11-22 08:56:00,2011-11-22 08:56:00,17,17,1,16,114,16,308.74,1,16.4,2,292.34000000000003,308.74,5.311912936451383,5,1,2,8,512,New Customers
16957,United Kingdom,2011-03-03 09:25:00,2011-04-14 13:56:00,239,281,2,16,172,15,416.64,0,0.0,0,416.64,208.32,0.0,2,2,2,6,222,Hibernating
16958,United Kingdom,2010-09-30 14:25:00,2010-09-30 14:25:00,435,435,1,70,514,69,778.49,0,0.0,0,778.49,778.49,0.0,1,1,3,5,113,Hibernating
16959,United Kingdom,2011-09-13 15:03:00,2011-09-13 15:03:00,87,87,1,7,49,7,117.35000000000001,0,0.0,0,117.35000000000001,117.35000000000001,0.0,4,1,1,6,411,Promising Customers
16960,United Kingdom,2010-03-02 13:36:00,2011-11-01 11:35:00,38,647,8,448,1489,333,1988.93,1,21.45,11,1967.48,248.61625,1.0784693277289799,4,4,4,12,444,Champions
16961,United Kingdom,2010-06-25 14:36:00,2011-08-15 13:46:00,116,532,3,52,482,52,794.56,3,21.549999999999997,3,773.01,264.8533333333333,2.7121929118002415,3,3,3,9,333,Need Attention
16962,United Kingdom,2010-10-26 11:36:00,2010-10-26 11:36:00,409,409,1,15,158,15,251.04,0,0.0,0,251.04,251.04,0.0,1,1,1,3,111,Hibernating
16963,United Kingdom,2011-06-05 13:48:00,2011-06-05 13:48:00,187,187,1,7,35,7,110.55000000000001,0,0.0,0,110.55000000000001,110.55000000000001,0.0,2,1,1,4,211,Hibernating
16964,United Kingdom,2009-12-06 12:51:00,2009-12-06 12:53:00,733,733,2,6,49,6,207.85,0,0.0,0,207.85,103.925,0.0,1,2,1,4,121,Hibernating
16965,United Kingdom,2011-04-27 12:08:00,2011-04-27 12:08:00,226,226,1,25,243,25,192.07,0,0.0,0,192.07,192.07,0.0,2,1,1,4,211,Hibernating
16966,United Kingdom,2011-04-13 14:17:00,2011-12-01 13:40:00,8,240,7,28,1981,8,2154.97,2,6.0,2,2148.97,307.8528571428571,0.2784261497839878,5,4,4,13,544,Champions
16967,United Kingdom,2011-06-03 14:24:00,2011-06-03 14:24:00,189,189,1,21,333,21,319.02,0,0.0,0,319.02,319.02,0.0,2,1,2,5,212,Hibernating
16968,United Kingdom,2011-08-24 10:51:00,2011-12-05 15:02:00,4,107,2,31,326,31,439.43,0,0.0,0,439.43,219.715,0.0,5,2,2,9,522,Potential Loyalists
16969,United Kingdom,2011-06-01 12:10:00,2011-10-31 13:12:00,39,191,3,42,816,42,650.41,0,0.0,0,650.41,216.8033333333333,0.0,4,3,3,10,433,Potential Loyalists
16970,United Kingdom,2010-03-23 13:50:00,2010-03-23 13:50:00,626,626,1,2,12,2,71.4,0,0.0,0,71.4,71.4,0.0,1,1,1,3,111,Hibernating
16971,United Kingdom,2011-11-01 15:06:00,2011-11-01 15:06:00,38,38,1,41,72,40,357.21,0,0.0,0,357.21,357.21,0.0,4,1,2,7,412,Promising Customers
16972,United Kingdom,2010-09-09 11:20:00,2010-11-22 10:59:00,382,456,2,82,183,54,749.0,0,0.0,0,749.0,374.5,0.0,1,2,3,6,123,Hibernating
16973,United Kingdom,2010-11-18 13:56:00,2010-11-18 13:56:00,386,386,1,6,60,6,127.0,0,0.0,0,127.0,127.0,0.0,1,1,1,3,111,Hibernating
16974,United Kingdom,2010-05-24 10:43:00,2010-07-05 10:18:00,522,564,2,8,70,5,365.5,0,0.0,0,365.5,182.75,0.0,1,2,2,5,122,Hibernating
16975,United Kingdom,2010-07-22 11:38:00,2010-10-12 17:53:00,423,505,3,45,586,44,926.12,2,23.700000000000003,6,902.42,308.70666666666665,2.5590636202651926,1,3,3,7,133,At Risk
16976,United Kingdom,2011-03-17 16:33:00,2011-03-17 16:33:00,267,267,1,2,88,2,251.51999999999998,0,0.0,0,251.51999999999998,251.51999999999998,0.0,2,1,1,4,211,Hibernating
16977,United Kingdom,2010-03-18 11:06:00,2010-11-09 13:17:00,395,631,4,28,142,25,496.0,0,0.0,0,496.0,124.0,0.0,1,3,2,6,132,At Risk
16978,United Kingdom,2010-02-11 16:27:00,2011-09-23 12:50:00,77,666,3,67,285,65,768.88,0,0.0,0,768.88,256.29333333333335,0.0,4,3,3,10,433,Potential Loyalists
16979,United Kingdom,2010-09-15 14:30:00,2011-12-06 12:21:00,3,450,9,129,1451,82,2859.74,3,72.65,11,2787.0899999999997,317.74888888888887,2.5404407393679147,5,4,4,13,544,Champions
16980,United Kingdom,2010-10-07 14:05:00,2011-03-29 16:36:00,255,428,3,106,990,91,1422.83,0,0.0,0,1422.83,474.27666666666664,0.0,2,3,4,9,234,At Risk
16982,United Kingdom,2011-10-10 12:28:00,2011-10-10 12:28:00,60,60,1,22,182,22,384.06,0,0.0,0,384.06,384.06,0.0,4,1,2,7,412,Promising Customers
16983,United Kingdom,2010-09-19 12:38:00,2011-11-27 12:10:00,12,446,11,231,2315,151,3490.53,1,11.05,13,3479.48,317.3209090909091,0.31657083594754953,5,5,5,15,555,Champions
16984,United Kingdom,2010-03-07 15:34:00,2011-09-12 13:43:00,88,642,9,1072,5127,669,10350.53,9,144.13,31,10206.400000000001,1150.058888888889,1.3924890802693193,4,4,5,13,445,Champions
16985,United Kingdom,2009-12-10 13:34:00,2011-11-22 13:33:00,17,729,23,243,3103,130,10923.16,3,377.4,5,10545.76,474.92,3.4550441447346736,5,5,5,15,555,Champions
16986,United Kingdom,2010-02-04 14:46:00,2011-11-10 11:55:00,29,673,11,174,2539,65,4888.75,0,0.0,0,4888.75,444.4318181818182,0.0,5,5,5,15,555,Champions
16987,United Kingdom,2009-12-02 14:34:00,2011-12-06 17:26:00,3,737,11,260,670,154,2499.45,1,11.9,2,2487.5499999999997,227.22272727272727,0.47610474304346956,5,5,4,14,554,Champions
16988,United Kingdom,2010-11-25 09:22:00,2011-12-04 16:02:00,5,379,2,20,158,20,382.67,0,0.0,0,382.67,191.335,0.0,5,2,2,9,522,Potential Loyalists
16989,United Kingdom,2011-07-12 09:11:00,2011-12-02 16:39:00,7,150,6,12,1233,7,1133.25,0,0.0,0,1133.25,188.875,0.0,5,4,3,12,543,Loyal Customers
16990,United Kingdom,2010-10-13 11:42:00,2011-05-05 08:30:00,218,422,2,2,200,1,344.0,0,0.0,0,344.0,172.0,0.0,2,2,2,6,222,Hibernating
16991,United Kingdom,2010-10-14 14:08:00,2010-10-14 14:08:00,421,421,1,74,793,74,1041.21,0,0.0,0,1041.21,1041.21,0.0,1,1,3,5,113,Hibernating
16992,United Kingdom,2010-02-11 12:36:00,2011-11-29 11:50:00,10,666,13,285,2061,212,5476.5,2,16.4,4,5460.1,421.2692307692308,0.2994613347941203,5,5,5,15,555,Champions
16993,United Kingdom,2010-05-12 13:55:00,2010-09-02 12:16:00,463,576,2,28,285,19,1950.95,1,262.79999999999995,24,1688.15,975.475,13.470360593556983,1,2,4,7,124,At Risk
16996,United Kingdom,2010-10-18 12:24:00,2011-11-09 16:43:00,30,417,9,75,919,32,2123.61,4,79.45,33,2044.16,235.95666666666668,3.7412707606387237,5,4,4,13,544,Champions
16997,United Kingdom,2011-01-18 11:51:00,2011-02-24 17:28:00,288,325,3,12,360,7,702.0,0,0.0,0,702.0,234.0,0.0,2,3,3,8,233,At Risk
16998,United Kingdom,2010-09-21 14:39:00,2011-07-13 09:44:00,149,444,5,6,104,2,402.0,1,7.5,2,394.5,80.4,1.8656716417910446,3,4,2,9,342,Loyal Customers
16999,United Kingdom,2011-09-26 15:43:00,2011-11-16 13:53:00,23,74,2,23,294,21,484.82,0,0.0,0,484.82,242.41,0.0,5,2,2,9,522,Potential Loyalists
17000,United Kingdom,2010-10-27 14:16:00,2010-11-08 13:35:00,396,408,2,30,305,26,406.3,0,0.0,0,406.3,203.15,0.0,1,2,2,5,122,Hibernating
17001,United Kingdom,2010-03-25 12:41:00,2011-12-09 09:38:00,0,624,19,275,3782,108,6640.8,0,0.0,0,6640.8,349.5157894736842,0.0,5,5,5,15,555,Champions
17002,United Kingdom,2010-03-08 15:46:00,2011-09-15 12:40:00,85,641,7,84,1265,64,2571.55,1,5.95,1,2565.6000000000004,367.36428571428576,0.23137796270731656,4,4,4,12,444,Champions
17003,United Kingdom,2010-05-10 11:20:00,2010-11-02 13:15:00,402,578,4,111,494,90,828.21,0,0.0,0,828.21,207.0525,0.0,1,3,3,7,133,At Risk
17004,United Kingdom,2010-10-11 15:43:00,2011-10-24 14:25:00,46,424,4,69,1233,48,2324.36,0,0.0,0,2324.36,581.09,0.0,4,3,4,11,434,Potential Loyalists
17005,United Kingdom,2010-04-30 10:55:00,2010-08-26 10:57:00,470,588,2,18,691,14,622.36,1,9.95,1,612.41,311.18,1.5987531332347835,1,2,3,6,123,Hibernating
17006,United Kingdom,2010-03-05 13:33:00,2011-12-05 12:09:00,4,644,8,129,572,103,1635.27,0,0.0,0,1635.27,204.40875,0.0,5,4,4,13,544,Champions
17007,United Kingdom,2010-09-28 13:51:00,2011-10-20 10:47:00,50,437,7,67,717,63,1120.1000000000001,1,12.5,10,1107.6000000000001,160.01428571428573,1.1159717882331932,4,4,3,11,443,Loyal Customers
17008,United Kingdom,2010-10-06 15:19:00,2010-10-06 15:19:00,429,429,1,1,24,1,81.36,0,0.0,0,81.36,81.36,0.0,1,1,1,3,111,Hibernating
17009,United Kingdom,2010-06-06 16:01:00,2010-06-06 16:01:00,551,551,1,11,336,10,242.06,0,0.0,0,242.06,242.06,0.0,1,1,1,3,111,Hibernating
17010,United Kingdom,2011-11-21 14:49:00,2011-11-21 14:49:00,18,18,1,11,118,11,195.36,1,9.9,2,185.46,195.36,5.0675675675675675,5,1,1,7,511,New Customers
17011,United Kingdom,2010-02-26 09:47:00,2011-11-09 13:30:00,30,651,3,28,792,27,671.7,1,135.0,108,536.7,223.9,20.09825815096025,5,3,2,10,532,Potential Loyalists
17012,United Kingdom,2009-12-14 17:34:00,2009-12-14 17:34:00,725,725,1,36,251,34,360.61,0,0.0,0,360.61,360.61,0.0,1,1,2,4,112,Hibernating
17014,United Kingdom,2011-10-04 11:36:00,2011-12-01 14:09:00,8,66,3,72,243,63,583.4300000000001,1,20.75,5,562.6800000000001,194.4766666666667,3.5565534854224152,5,3,2,10,532,Potential Loyalists
17015,United Kingdom,2011-06-07 13:19:00,2011-11-11 10:45:00,28,185,3,214,1978,182,1838.6100000000001,0,0.0,0,1838.6100000000001,612.87,0.0,5,3,4,12,534,Potential Loyalists
17016,United Kingdom,2010-05-12 12:32:00,2010-05-12 12:32:00,576,576,1,41,309,41,552.4,0,0.0,0,552.4,552.4,0.0,1,1,2,4,112,Hibernating
17017,United Kingdom,2009-12-03 13:22:00,2011-12-07 09:32:00,2,736,29,378,9397,120,12576.99,11,179.5,89,12397.49,433.68931034482756,1.427209531056318,5,5,5,15,555,Champions
17018,United Kingdom,2009-12-05 10:27:00,2011-10-30 11:42:00,40,734,6,37,456,26,2287.7,0,0.0,0,2287.7,381.2833333333333,0.0,4,4,4,12,444,Champions
17019,United Kingdom,2009-12-02 11:52:00,2011-11-28 13:06:00,11,737,11,641,2390,343,3586.99,2,60.7,22,3526.29,326.09,1.69222663012721,5,5,5,15,555,Champions
17020,United Kingdom,2010-03-03 12:27:00,2010-06-15 13:06:00,542,646,2,69,860,64,935.62,0,0.0,0,935.62,467.81,0.0,1,2,3,6,123,Hibernating
17021,United Kingdom,2010-04-29 20:05:00,2010-09-23 20:01:00,442,589,6,48,992,35,1182.22,0,0.0,0,1182.22,197.03666666666666,0.0,1,4,4,9,144,At Risk
17022,United Kingdom,2010-10-03 10:27:00,2011-11-08 17:09:00,31,432,2,16,180,16,260.0,0,0.0,0,260.0,130.0,0.0,4,2,1,7,421,Potential Loyalists
17023,United Kingdom,2010-01-11 15:09:00,2010-10-18 15:37:00,417,697,3,49,530,48,800.1800000000001,0,0.0,0,800.1800000000001,266.7266666666667,0.0,1,3,3,7,133,At Risk
17024,United Kingdom,2011-07-05 09:31:00,2011-10-25 13:47:00,45,157,3,3,69,2,95.85,0,0.0,0,95.85,31.95,0.0,4,3,1,8,431,Potential Loyalists
17025,United Kingdom,2010-03-08 13:37:00,2011-10-10 09:06:00,60,641,5,37,885,31,1349.67,0,0.0,0,1349.67,269.934,0.0,4,4,4,12,444,Champions
17026,United Kingdom,2010-10-18 15:22:00,2011-06-07 14:28:00,185,417,3,5,107,4,175.83,0,0.0,0,175.83,58.61000000000001,0.0,2,3,1,6,231,At Risk
17027,United Kingdom,2009-12-10 12:10:00,2011-09-22 12:24:00,78,729,9,178,645,126,1310.63,1,41.7,6,1268.93,145.62555555555556,3.1816759878836893,4,4,4,12,444,Champions
17028,United Kingdom,2009-12-18 14:28:00,2010-05-07 15:33:00,581,721,3,95,856,85,1593.83,0,0.0,0,1593.83,531.2766666666666,0.0,1,3,4,8,134,At Risk
17029,United Kingdom,2010-02-14 10:19:00,2011-08-21 11:06:00,110,663,7,29,1265,19,2137.3,0,0.0,0,2137.3,305.3285714285715,0.0,3,4,4,11,344,Loyal Customers
17030,United Kingdom,2011-10-07 08:49:00,2011-10-07 08:49:00,63,63,1,11,146,11,146.87,0,0.0,0,146.87,146.87,0.0,4,1,1,6,411,Promising Customers
17031,United Kingdom,2010-05-07 14:52:00,2011-11-28 10:23:00,11,581,6,50,1595,34,2773.85,0,0.0,0,2773.85,462.30833333333334,0.0,5,4,4,13,544,Champions
17032,United Kingdom,2009-12-10 15:36:00,2010-04-15 14:14:00,603,729,5,234,1664,180,2896.69,2,80.0,8,2816.69,579.338,2.761772920126075,1,4,4,9,144,At Risk
17033,United Kingdom,2010-11-07 12:55:00,2011-09-14 14:34:00,86,397,4,40,871,33,1332.79,0,0.0,0,1332.79,333.1975,0.0,4,3,4,11,434,Potential Loyalists
17034,United Kingdom,2010-07-14 12:55:00,2011-11-23 15:14:00,16,513,5,58,694,49,1276.42,2,44.6,21,1231.8200000000002,255.28400000000002,3.494147694332586,5,4,4,13,544,Champions
17035,United Kingdom,2009-12-03 10:37:00,2011-04-08 11:23:00,245,736,4,33,327,29,613.59,1,45.199999999999996,28,568.39,153.3975,7.3664825046040505,2,3,2,7,232,At Risk
17036,United Kingdom,2010-11-21 14:26:00,2010-11-21 14:26:00,383,383,1,12,76,12,176.9,0,0.0,0,176.9,176.9,0.0,1,1,1,3,111,Hibernating
17037,United Kingdom,2011-09-13 12:49:00,2011-09-13 12:49:00,87,87,1,75,656,75,1267.32,1,14.1,4,1253.22,1267.32,1.1125840356026893,4,1,4,9,414,Promising Customers
17038,United Kingdom,2010-10-20 16:04:00,2011-11-09 13:50:00,30,415,2,63,535,61,743.17,0,0.0,0,743.17,371.585,0.0,5,2,3,10,523,Potential Loyalists
17039,United Kingdom,2010-04-14 12:56:00,2010-04-14 12:56:00,604,604,1,44,689,44,1954.99,0,0.0,0,1954.99,1954.99,0.0,1,1,4,6,114,At Risk
17040,United Kingdom,2010-06-07 15:08:00,2011-07-25 10:19:00,137,550,2,16,189,15,463.25,0,0.0,0,463.25,231.625,0.0,3,2,2,7,322,Need Attention
17041,United Kingdom,2010-04-18 14:25:00,2011-11-13 11:21:00,26,600,6,126,1303,93,1655.2,1,15.8,4,1639.4,275.8666666666667,0.9545674238762687,5,4,4,13,544,Champions
17042,United Kingdom,2011-04-06 14:53:00,2011-12-07 12:26:00,2,247,5,97,990,74,1036.58,0,0.0,0,1036.58,207.31599999999997,0.0,5,4,3,12,543,Loyal Customers
17043,United Kingdom,2009-12-09 15:20:00,2011-11-07 15:33:00,32,730,8,199,1616,175,2593.65,0,0.0,0,2593.65,324.20625,0.0,4,4,4,12,444,Champions
17044,United Kingdom,2009-12-07 12:25:00,2011-11-14 14:28:00,25,732,12,149,5722,92,11962.300000000001,4,94.69999999999999,30,11867.6,996.8583333333335,0.7916537789555518,5,5,5,15,555,Champions
17045,United Kingdom,2010-10-06 14:52:00,2011-08-18 17:09:00,113,429,5,53,294,44,827.6800000000001,0,0.0,0,827.6800000000001,165.536,0.0,3,4,3,10,343,Loyal Customers
17046,United Kingdom,2010-03-29 13:46:00,2011-07-05 14:24:00,157,620,5,85,1636,76,1906.07,0,0.0,0,1906.07,381.214,0.0,3,4,4,11,344,Loyal Customers
17047,United Kingdom,2009-12-08 08:48:00,2011-09-15 13:27:00,85,731,6,142,1184,114,2289.23,0,0.0,0,2289.23,381.53833333333336,0.0,4,4,4,12,444,Champions
17048,United Kingdom,2010-01-18 13:55:00,2011-08-14 11:49:00,117,690,7,101,1068,88,2071.68,4,80.23,35,1991.4499999999998,295.9542857142857,3.8727023478529508,3,4,4,11,344,Loyal Customers
17049,United Kingdom,2010-03-04 10:23:00,2011-12-07 10:48:00,2,645,19,558,4273,316,9942.53,6,353.7,59,9588.83,523.291052631579,3.557444634313399,5,5,5,15,555,Champions
17050,United Kingdom,2010-01-26 14:54:00,2011-09-04 13:48:00,96,682,10,348,2431,192,4348.46,0,0.0,0,4348.46,434.846,0.0,3,4,5,12,345,Loyal Customers
17051,United Kingdom,2010-03-21 14:55:00,2011-05-29 14:13:00,194,628,4,155,507,107,706.49,0,0.0,0,706.49,176.6225,0.0,2,3,3,8,233,At Risk
17052,United Kingdom,2011-11-11 14:50:00,2011-11-11 14:50:00,28,28,1,83,251,72,399.09,0,0.0,0,399.09,399.09,0.0,5,1,2,8,512,New Customers
17053,United Kingdom,2011-08-01 10:23:00,2011-08-01 10:23:00,130,130,1,13,122,13,498.48,1,2.1,1,496.38,498.48,0.4212806933076553,3,1,2,6,312,Regular Customers
17054,United Kingdom,2011-04-08 13:14:00,2011-11-11 12:56:00,28,245,5,83,804,64,1356.33,1,2.5,2,1353.83,271.26599999999996,0.18432092484867252,5,4,4,13,544,Champions
17055,United Kingdom,2010-09-20 12:21:00,2010-09-20 12:21:00,445,445,1,26,83,24,232.85000000000002,0,0.0,0,232.85000000000002,232.85000000000002,0.0,1,1,1,3,111,Hibernating
17056,United Kingdom,2009-12-01 12:55:00,2009-12-01 12:55:00,738,738,1,8,26,8,128.60000000000002,0,0.0,0,128.60000000000002,128.60000000000002,0.0,1,1,1,3,111,Hibernating
17057,United Kingdom,2010-04-22 19:21:00,2010-04-22 19:21:00,596,596,1,49,122,47,288.79,0,0.0,0,288.79,288.79,0.0,1,1,2,4,112,Hibernating
17058,United Kingdom,2011-04-14 09:18:00,2011-09-19 10:13:00,81,239,3,62,592,51,1179.89,0,0.0,0,1179.89,393.2966666666667,0.0,4,3,4,11,434,Potential Loyalists
17059,United Kingdom,2010-01-26 14:43:00,2011-11-10 12:27:00,29,682,9,721,3107,349,4864.57,1,17.700000000000003,6,4846.87,540.5077777777777,0.36385538701262404,5,4,5,14,545,Champions
17060,United Kingdom,2011-03-18 13:27:00,2011-03-18 13:27:00,266,266,1,5,216,5,234.24,0,0.0,0,234.24,234.24,0.0,2,1,1,4,211,Hibernating
17061,United Kingdom,2011-04-21 13:29:00,2011-09-27 11:24:00,73,232,11,99,1526,57,5232.2300000000005,1,116.10000000000001,42,5116.13,475.65727272727275,2.2189391521397184,4,5,5,14,455,Champions
17062,United Kingdom,2010-09-26 11:57:00,2011-01-30 11:01:00,313,439,6,120,632,81,884.71,1,3.9,2,880.8100000000001,147.45166666666668,0.4408224163850301,2,4,3,9,243,At Risk
17063,United Kingdom,2009-12-01 12:36:00,2011-11-18 16:19:00,21,738,13,205,1899,150,3638.53,10,61.65,17,3576.88,279.8869230769231,1.6943655817046994,5,5,5,15,555,Champions
17064,United Kingdom,2011-01-16 16:10:00,2011-10-12 10:18:00,58,327,3,61,316,53,855.45,0,0.0,0,855.45,285.15000000000003,0.0,4,3,3,10,433,Potential Loyalists
17065,United Kingdom,2010-03-12 11:40:00,2010-03-12 11:41:00,637,637,2,12,82,6,194.7,0,0.0,0,194.7,97.35,0.0,1,2,1,4,121,Hibernating
17066,United Kingdom,2009-12-13 13:24:00,2009-12-13 13:24:00,726,726,1,18,93,17,228.34,0,0.0,0,228.34,228.34,0.0,1,1,1,3,111,Hibernating
17067,United Kingdom,2009-12-08 12:03:00,2009-12-15 08:39:00,724,731,3,13,322,8,454.54,0,0.0,0,454.54,151.51333333333335,0.0,1,3,2,6,132,At Risk
17068,United Kingdom,2010-03-28 14:26:00,2011-11-27 13:14:00,12,621,47,994,4345,249,8980.18,2,34.65,13,8945.53,191.06765957446808,0.38584972684289176,5,5,5,15,555,Champions
17069,United Kingdom,2009-12-03 12:27:00,2011-11-11 17:13:00,28,736,14,284,3230,202,5517.2300000000005,7,75.88,42,5441.35,394.08785714285716,1.3753278366136628,5,5,5,15,555,Champions
17070,United Kingdom,2010-10-25 15:57:00,2011-08-17 17:01:00,114,410,2,103,232,102,437.42,0,0.0,0,437.42,218.71,0.0,3,2,2,7,322,Need Attention
17071,United Kingdom,2010-01-24 13:05:00,2011-11-11 16:31:00,28,684,13,211,1934,141,3793.71,7,62.75,19,3730.96,291.82384615384615,1.654053683597323,5,5,5,15,555,Champions
17072,United Kingdom,2010-03-24 16:33:00,2010-03-24 16:33:00,625,625,1,21,212,20,273.35,0,0.0,0,273.35,273.35,0.0,1,1,2,4,112,Hibernating
17073,United Kingdom,2011-08-22 14:37:00,2011-11-22 11:47:00,17,109,4,173,758,141,1444.84,0,0.0,0,1444.84,361.21,0.0,5,3,4,12,534,Potential Loyalists
17074,United Kingdom,2010-05-26 12:04:00,2010-05-26 12:04:00,562,562,1,4,19,4,203.05,0,0.0,0,203.05,203.05,0.0,1,1,1,3,111,Hibernating
17075,United Kingdom,2009-12-14 11:24:00,2011-11-22 11:58:00,17,725,10,199,785,153,2236.63,1,20.35,3,2216.28,223.663,0.9098509811636256,5,4,4,13,544,Champions
17076,United Kingdom,2009-12-04 12:12:00,2011-11-03 17:53:00,36,735,6,50,514,31,1242.75,0,0.0,0,1242.75,207.125,0.0,4,4,4,12,444,Champions
17077,United Kingdom,2010-05-10 16:36:00,2010-05-10 16:36:00,578,578,1,1,36,1,306.0,0,0.0,0,306.0,306.0,0.0,1,1,2,4,112,Hibernating
17078,United Kingdom,2011-11-03 18:49:00,2011-11-03 19:17:00,36,36,2,27,782,27,375.86,0,0.0,0,375.86,187.93,0.0,4,2,2,8,422,Potential Loyalists
17079,United Kingdom,2011-09-22 15:34:00,2011-09-22 15:34:00,78,78,1,2,24,2,118.80000000000001,0,0.0,0,118.80000000000001,118.80000000000001,0.0,4,1,1,6,411,Promising Customers
17080,United Kingdom,2010-07-01 16:03:00,2011-11-17 12:59:00,22,526,7,33,569,26,957.53,1,2.12,2,955.41,136.79,0.2214029847628795,5,4,3,12,543,Loyal Customers
17081,United Kingdom,2010-02-22 13:19:00,2011-11-14 12:56:00,25,655,6,207,381,166,949.39,0,0.0,0,949.39,158.23166666666665,0.0,5,4,3,12,543,Loyal Customers
17082,United Kingdom,2009-12-15 11:25:00,2011-11-06 15:17:00,33,724,6,170,2526,117,4732.03,0,0.0,0,4732.03,788.6716666666666,0.0,4,4,5,13,445,Champions
17083,United Kingdom,2010-02-09 11:46:00,2011-08-22 15:43:00,109,668,9,115,1955,30,4049.79,2,14.71,5,4035.08,449.9766666666667,0.36322871062450157,3,4,5,12,345,Loyal Customers
17084,United Kingdom,2010-11-08 14:20:00,2011-11-04 14:54:00,35,396,3,281,3178,263,5001.21,1,3.25,1,4997.96,1667.07,0.06498427380573901,4,3,5,12,435,Potential Loyalists
17085,United Kingdom,2009-12-06 12:16:00,2011-08-08 14:15:00,123,733,28,985,3553,410,7839.27,4,134.0,48,7705.27,279.9739285714286,1.709342834217982,3,5,5,13,355,Loyal Customers
17086,United Kingdom,2011-10-07 11:22:00,2011-12-02 13:54:00,7,63,6,96,1859,76,2050.08,0,0.0,0,2050.08,341.68,0.0,5,4,4,13,544,Champions
17087,United Kingdom,2009-12-02 10:41:00,2009-12-02 10:41:00,737,737,1,12,113,12,221.53,0,0.0,0,221.53,221.53,0.0,1,1,1,3,111,Hibernating
17088,United Kingdom,2011-03-31 09:48:00,2011-11-11 14:23:00,28,253,4,115,868,96,1991.01,0,0.0,0,1991.01,497.7525,0.0,5,3,4,12,534,Potential Loyalists
17089,United Kingdom,2010-11-18 15:33:00,2010-11-18 15:33:00,386,386,1,4,35,4,128.45,0,0.0,0,128.45,128.45,0.0,1,1,1,3,111,Hibernating
17090,United Kingdom,2010-07-19 16:02:00,2011-12-05 13:44:00,4,508,13,90,1344,54,3080.1800000000003,2,93.53999999999999,25,2986.6400000000003,236.9369230769231,3.036835509613074,5,5,5,15,555,Champions
17091,United Kingdom,2009-12-16 15:45:00,2011-12-07 10:43:00,2,723,19,455,3732,242,7495.75,4,33.6,6,7462.15,394.5131578947368,0.4482540106060101,5,5,5,15,555,Champions
17092,United Kingdom,2010-02-02 16:42:00,2011-10-20 19:51:00,50,675,11,392,3768,273,5511.41,3,31.650000000000002,6,5479.76,501.0372727272727,0.5742632103218596,4,5,5,14,455,Champions
17093,United Kingdom,2010-04-26 10:22:00,2010-04-26 10:22:00,592,592,1,13,114,13,235.88,0,0.0,0,235.88,235.88,0.0,1,1,1,3,111,Hibernating
17094,United Kingdom,2010-10-12 10:48:00,2011-01-21 13:09:00,322,423,2,18,212,18,402.20000000000005,1,31.8,4,370.40000000000003,201.10000000000002,7.906514172053704,2,2,2,6,222,Hibernating
17095,United Kingdom,2009-12-15 12:32:00,2011-11-17 12:21:00,22,724,7,137,1695,110,2572.25,4,51.5,14,2520.75,367.4642857142857,2.0021382058509087,5,4,4,13,544,Champions
17096,United Kingdom,2010-06-02 14:48:00,2011-11-24 15:01:00,15,555,11,205,1559,162,3697.9300000000003,6,68.35,13,3629.5800000000004,336.17545454545456,1.8483313637629697,5,5,5,15,555,Champions
17097,Spain,2010-10-05 14:09:00,2011-12-07 17:05:00,2,430,9,267,582,182,1143.36,1,16.5,2,1126.86,127.03999999999999,1.4431150293870698,5,4,3,12,543,Loyal Customers
17098,United Kingdom,2010-06-17 10:30:00,2010-11-23 12:13:00,381,540,3,18,125,10,591.07,0,0.0,0,591.07,197.02333333333334,0.0,1,3,3,7,133,At Risk
17099,United Kingdom,2010-06-24 16:25:00,2010-06-24 16:25:00,533,533,1,40,317,40,582.17,0,0.0,0,582.17,582.17,0.0,1,1,2,4,112,Hibernating
17100,United Kingdom,2011-11-21 16:36:00,2011-11-21 16:36:00,18,18,2,65,800,65,971.74,0,0.0,0,971.74,485.87,0.0,5,2,3,10,523,Potential Loyalists
17101,United Kingdom,2010-06-07 15:12:00,2011-11-29 13:57:00,10,550,7,73,1175,54,2507.05,0,0.0,0,2507.05,358.15000000000003,0.0,5,4,4,13,544,Champions
17102,United Kingdom,2011-03-23 10:08:00,2011-03-23 10:08:00,261,261,1,1,2,1,25.5,0,0.0,0,25.5,25.5,0.0,2,1,1,4,211,Hibernating
17103,United Kingdom,2009-12-17 14:08:00,2009-12-17 14:08:00,722,722,1,32,471,32,424.3,0,0.0,0,424.3,424.3,0.0,1,1,2,4,112,Hibernating
17104,United Kingdom,2010-10-12 12:21:00,2010-10-12 12:21:00,423,423,1,19,149,19,474.03000000000003,0,0.0,0,474.03000000000003,474.03000000000003,0.0,1,1,2,4,112,Hibernating
17105,United Kingdom,2011-02-06 14:46:00,2011-07-03 15:53:00,159,306,2,90,693,80,665.78,0,0.0,0,665.78,332.89,0.0,3,2,3,8,323,Need Attention
17106,United Kingdom,2010-11-15 14:11:00,2010-11-15 14:11:00,389,389,1,51,153,51,481.58000000000004,0,0.0,0,481.58000000000004,481.58000000000004,0.0,1,1,2,4,112,Hibernating
17107,United Kingdom,2010-01-31 15:47:00,2011-11-06 14:14:00,33,677,10,670,7530,377,16052.72,3,457.35,311,15595.369999999999,1605.272,2.8490498806432805,4,4,5,13,445,Champions
17108,United Kingdom,2010-02-14 12:22:00,2010-02-14 12:22:00,663,663,1,9,31,9,174.95,0,0.0,0,174.95,174.95,0.0,1,1,1,3,111,Hibernating
17109,United Kingdom,2010-07-30 12:42:00,2011-11-10 16:59:00,29,497,8,139,788,124,1291.71,2,15.360000000000001,16,1276.3500000000001,161.46375,1.1891213972176418,5,4,4,13,544,Champions
17110,United Kingdom,2010-04-08 13:32:00,2011-06-27 12:58:00,165,610,3,49,136,38,499.9,0,0.0,0,499.9,166.63333333333333,0.0,3,3,2,8,332,Need Attention
17111,United Kingdom,2010-10-10 15:21:00,2011-10-23 15:59:00,47,425,2,48,581,44,459.58,0,0.0,0,459.58,229.79,0.0,4,2,2,8,422,Potential Loyalists
17112,United Kingdom,2010-07-25 11:14:00,2010-07-25 11:14:00,502,502,1,47,130,44,197.57,0,0.0,0,197.57,197.57,0.0,1,1,1,3,111,Hibernating
17113,United Kingdom,2010-01-11 10:14:00,2010-05-14 13:59:00,574,697,6,158,913,122,2305.59,2,213.43,99,2092.1600000000003,384.26500000000004,9.257066520933904,1,4,4,9,144,At Risk
17114,United Kingdom,2011-01-09 11:39:00,2011-12-04 12:17:00,5,334,8,123,215,85,801.12,2,61.4,9,739.72,100.14,7.664270021969243,5,4,3,12,543,Loyal Customers
17115,United Kingdom,2009-12-05 12:13:00,2011-12-01 14:30:00,8,734,7,120,885,102,2761.4900000000002,6,145.2,20,2616.2900000000004,394.49857142857144,5.258030990515989,5,4,4,13,544,Champions
17116,United Kingdom,2010-03-01 16:29:00,2010-03-01 16:29:00,648,648,1,47,392,47,389.78,0,0.0,0,389.78,389.78,0.0,1,1,2,4,112,Hibernating
17117,United Kingdom,2011-02-24 13:54:00,2011-02-24 13:54:00,288,288,1,9,68,9,116.2,0,0.0,0,116.2,116.2,0.0,2,1,1,4,211,Hibernating
17118,United Kingdom,2011-01-26 12:19:00,2011-01-26 12:19:00,317,317,1,10,154,10,157.02,0,0.0,0,157.02,157.02,0.0,2,1,1,4,211,Hibernating
17119,United Kingdom,2011-10-11 11:03:00,2011-12-06 14:40:00,3,59,2,35,334,35,606.91,1,13.3,7,593.61,303.455,2.1914287126592087,5,2,3,10,523,Potential Loyalists
17120,United Kingdom,2011-04-20 15:21:00,2011-04-20 15:21:00,233,233,1,18,120,18,307.46,0,0.0,0,307.46,307.46,0.0,2,1,2,5,212,Hibernating
17121,United Kingdom,2010-11-02 11:47:00,2010-11-02 11:47:00,402,402,1,12,106,12,314.74,0,0.0,0,314.74,314.74,0.0,1,1,2,4,112,Hibernating
17122,United Kingdom,2010-07-28 09:34:00,2011-08-12 14:33:00,119,499,4,30,368,23,570.5,0,0.0,0,570.5,142.625,0.0,3,3,2,8,332,Need Attention
17123,United Kingdom,2010-05-16 11:52:00,2011-07-01 10:47:00,161,572,3,42,651,36,966.6700000000001,0,0.0,0,966.6700000000001,322.22333333333336,0.0,3,3,3,9,333,Need Attention
17124,United Kingdom,2011-06-07 14:02:00,2011-06-07 14:02:00,185,185,1,31,129,31,294.24,0,0.0,0,294.24,294.24,0.0,2,1,2,5,212,Hibernating
17125,United Kingdom,2011-10-20 14:41:00,2011-10-20 14:41:00,50,50,1,35,281,34,230.5,0,0.0,0,230.5,230.5,0.0,4,1,1,6,411,Promising Customers
17126,United Kingdom,2010-08-31 13:41:00,2011-07-10 13:52:00,152,465,9,444,1420,294,2008.93,2,12.899999999999999,2,1996.03,223.21444444444444,0.6421328767055098,3,4,4,11,344,Loyal Customers
17127,United Kingdom,2009-12-04 15:18:00,2010-10-07 09:54:00,428,735,5,37,340,27,1155.0300000000002,0,0.0,0,1155.0300000000002,231.00600000000003,0.0,1,4,3,8,143,At Risk
17128,United Kingdom,2011-01-09 12:02:00,2011-01-09 12:02:00,334,334,1,14,76,14,157.09,0,0.0,0,157.09,157.09,0.0,2,1,1,4,211,Hibernating
17129,United Kingdom,2010-07-07 13:46:00,2010-07-07 13:46:00,520,520,1,2,5,2,31.85,0,0.0,0,31.85,31.85,0.0,1,1,1,3,111,Hibernating
17131,United Kingdom,2011-09-25 12:42:00,2011-12-04 12:52:00,5,75,5,134,983,78,2463.17,0,0.0,0,2463.17,492.634,0.0,5,4,4,13,544,Champions
17132,United Kingdom,2010-08-08 13:49:00,2010-09-13 16:31:00,452,488,2,71,963,62,1220.91,0,0.0,0,1220.91,610.455,0.0,1,2,4,7,124,At Risk
17133,United Kingdom,2010-03-21 12:31:00,2011-11-24 12:27:00,15,628,12,56,10107,22,14622.33,1,1650.24,1088,12972.09,1218.5275,11.285752681002275,5,5,5,15,555,Champions
17134,United Kingdom,2010-09-23 18:32:00,2011-08-25 09:53:00,106,442,3,36,144,31,625.3000000000001,0,0.0,0,625.3000000000001,208.43333333333337,0.0,3,3,3,9,333,Need Attention
17135,United Kingdom,2010-05-09 16:03:00,2011-11-23 16:48:00,16,579,10,142,1682,97,1716.38,1,10.92,26,1705.46,171.638,0.6362227478763444,5,4,4,13,544,Champions
17136,United Kingdom,2010-02-15 13:13:00,2010-02-15 13:13:00,662,662,1,14,256,14,231.68,0,0.0,0,231.68,231.68,0.0,1,1,1,3,111,Hibernating
17137,United Kingdom,2010-01-31 12:27:00,2010-10-19 14:51:00,416,677,6,167,680,125,1099.81,0,0.0,0,1099.81,183.30166666666665,0.0,1,4,3,8,143,At Risk
17138,United Kingdom,2010-02-04 14:19:00,2011-03-09 11:54:00,275,673,7,256,2024,234,4417.27,0,0.0,0,4417.27,631.0385714285715,0.0,2,4,5,11,245,At Risk
17139,United Kingdom,2010-01-11 11:31:00,2011-11-24 10:12:00,15,697,25,808,9853,447,19566.76,4,92.85000000000001,20,19473.91,782.6704,0.47452925267136725,5,5,5,15,555,Champions
17140,United Kingdom,2011-04-06 13:33:00,2011-04-06 13:33:00,247,247,1,18,296,16,454.12,0,0.0,0,454.12,454.12,0.0,2,1,2,5,212,Hibernating
17141,United Kingdom,2010-01-24 14:19:00,2010-10-17 14:54:00,418,684,4,162,423,138,727.58,0,0.0,0,727.58,181.895,0.0,1,3,3,7,133,At Risk
17142,United Kingdom,2010-01-24 15:23:00,2011-04-14 18:22:00,239,684,4,89,322,78,1275.25,0,0.0,0,1275.25,318.8125,0.0,2,3,4,9,234,At Risk
17143,United Kingdom,2010-07-12 13:26:00,2010-10-18 15:27:00,417,515,2,112,314,82,880.97,0,0.0,0,880.97,440.485,0.0,1,2,3,6,123,Hibernating
17144,United Kingdom,2011-09-16 12:50:00,2011-12-08 17:57:00,1,84,2,48,483,42,984.57,0,0.0,0,984.57,492.285,0.0,5,2,3,10,523,Potential Loyalists
17145,United Kingdom,2010-02-19 12:07:00,2010-07-15 09:02:00,512,658,4,180,2591,168,3120.91,3,106.27,28,3014.64,780.2275,3.4050965904175383,1,3,5,9,135,At Risk
17146,United Kingdom,2010-02-02 09:39:00,2011-08-26 12:44:00,105,675,13,301,2188,164,5852.64,3,64.25,16,5788.39,450.20307692307694,1.0977951830285135,3,5,5,13,355,Loyal Customers
17147,United Kingdom,2010-01-11 09:38:00,2011-11-17 12:32:00,22,697,9,136,1308,99,3199.95,7,130.8,13,3069.1499999999996,355.54999999999995,4.087563868185441,5,4,5,14,545,Champions
17148,United Kingdom,2011-10-19 09:59:00,2011-10-19 09:59:00,51,51,1,9,82,9,124.88,0,0.0,0,124.88,124.88,0.0,4,1,1,6,411,Promising Customers
17149,United Kingdom,2010-09-14 14:56:00,2010-09-14 14:56:00,451,451,1,6,18,6,143.10000000000002,0,0.0,0,143.10000000000002,143.10000000000002,0.0,1,1,1,3,111,Hibernating
17150,United Kingdom,2009-12-06 10:51:00,2010-11-28 11:27:00,376,733,6,92,397,64,1357.95,0,0.0,0,1357.95,226.32500000000002,0.0,1,4,4,9,144,At Risk
17151,United Kingdom,2009-12-04 14:56:00,2009-12-04 14:56:00,735,735,1,4,42,4,231.90000000000003,0,0.0,0,231.90000000000003,231.90000000000003,0.0,1,1,1,3,111,Hibernating
17152,United Kingdom,2010-10-10 12:40:00,2011-05-29 12:19:00,194,425,4,16,577,9,2016.5,1,186.0,40,1830.5,504.125,9.223902801884453,2,3,4,9,234,At Risk
17153,United Kingdom,2011-11-15 13:42:00,2011-11-15 13:42:00,24,24,1,14,104,14,213.78,0,0.0,0,213.78,213.78,0.0,5,1,1,7,511,New Customers
17154,United Kingdom,2011-09-25 13:42:00,2011-09-25 13:42:00,75,75,1,23,490,23,329.34,0,0.0,0,329.34,329.34,0.0,4,1,2,7,412,Promising Customers
17155,United Kingdom,2009-12-03 11:34:00,2011-11-22 12:38:00,17,736,7,73,987,43,892.46,0,0.0,0,892.46,127.49428571428572,0.0,5,4,3,12,543,Loyal Customers
17156,United Kingdom,2010-08-05 11:30:00,2010-08-05 11:30:00,491,491,1,39,391,39,591.87,1,19.799999999999997,6,572.07,591.87,3.345329210806427,1,1,2,4,112,Hibernating
17157,United Kingdom,2009-12-04 13:00:00,2011-12-02 09:10:00,7,735,19,141,2092,78,5151.900000000001,1,12.450000000000001,3,5139.450000000001,271.1526315789474,0.24165841728294415,5,5,5,15,555,Champions
17158,United Kingdom,2010-03-07 15:50:00,2011-11-07 15:15:00,32,642,5,113,1147,74,1980.0,1,17.7,4,1962.3,396.0,0.8939393939393939,4,4,4,12,444,Champions
17159,United Kingdom,2010-03-04 14:53:00,2011-11-18 10:52:00,21,645,5,130,1348,115,2099.59,1,4.15,1,2095.44,419.918,0.19765763791978436,5,4,4,13,544,Champions
17160,United Kingdom,2009-12-04 10:57:00,2011-11-08 14:05:00,31,735,17,651,8390,215,10209.16,1,7.800000000000001,4,10201.36,600.5388235294117,0.07640197626445272,4,5,5,14,455,Champions
17161,United Kingdom,2010-09-21 16:44:00,2010-09-21 16:44:00,444,444,1,52,537,52,856.01,0,0.0,0,856.01,856.01,0.0,1,1,3,5,113,Hibernating
17162,United Kingdom,2011-02-07 12:27:00,2011-11-11 11:34:00,28,305,10,104,1001,81,1715.46,1,8.25,1,1707.21,171.546,0.48092056940995415,5,4,4,13,544,Champions
17163,United Kingdom,2010-02-02 10:39:00,2011-11-18 08:57:00,21,675,4,30,531,27,699.78,0,0.0,0,699.78,174.945,0.0,5,3,3,11,533,Potential Loyalists
17164,United Kingdom,2011-03-11 14:26:00,2011-11-07 09:14:00,32,273,7,144,1501,92,2467.35,1,0.95,1,2466.4,352.4785714285714,0.03850284718422599,4,4,4,12,444,Champions
17165,United Kingdom,2009-12-11 09:18:00,2011-02-28 16:39:00,284,728,6,100,788,77,1794.32,2,10.690000000000001,3,1783.6299999999999,299.05333333333334,0.5957688706585226,2,4,4,10,244,At Risk
17166,United Kingdom,2011-05-20 08:18:00,2011-11-01 09:46:00,38,203,2,12,78,11,206.34,1,16.85,3,189.49,103.17,8.166133565959097,4,2,1,7,421,Potential Loyalists
17167,United Kingdom,2010-09-20 14:02:00,2010-11-25 10:05:00,379,445,3,79,429,64,867.11,0,0.0,0,867.11,289.0366666666667,0.0,1,3,3,7,133,At Risk
17168,United Kingdom,2010-07-29 12:33:00,2010-07-29 12:33:00,498,498,1,21,220,21,400.2,0,0.0,0,400.2,400.2,0.0,1,1,2,4,112,Hibernating
17169,United Kingdom,2010-05-10 13:00:00,2011-10-13 10:25:00,57,578,3,75,671,64,1156.73,3,26.849999999999998,12,1129.88,385.57666666666665,2.3211985510879805,4,3,3,10,433,Potential Loyalists
17170,United Kingdom,2010-11-15 16:23:00,2010-11-30 15:55:00,374,389,2,10,152,8,178.68,1,59.7,6,118.98,89.34,33.41168569509738,1,2,1,4,121,Hibernating
17171,United Kingdom,2010-02-16 12:02:00,2011-02-23 16:37:00,289,661,2,25,225,25,384.59000000000003,0,0.0,0,384.59000000000003,192.29500000000002,0.0,2,2,2,6,222,Hibernating
17172,United Kingdom,2009-12-13 11:46:00,2011-09-22 09:36:00,78,726,3,39,1215,39,956.5699999999999,2,41.080000000000005,16,915.4899999999999,318.8566666666666,4.294510595147245,4,3,3,10,433,Potential Loyalists
17173,United Kingdom,2011-07-31 15:26:00,2011-12-04 14:40:00,5,131,8,86,1122,36,3766.6,1,10.95,1,3755.65,470.825,0.29071310996654803,5,4,5,14,545,Champions
17174,United Kingdom,2011-05-06 11:47:00,2011-05-06 11:47:00,217,217,1,4,41,4,59.9,0,0.0,0,59.9,59.9,0.0,2,1,1,4,211,Hibernating
17175,United Kingdom,2011-02-16 14:56:00,2011-10-26 15:31:00,44,296,4,63,866,42,1443.69,1,12.75,1,1430.94,360.9225,0.8831535856035575,4,3,4,11,434,Potential Loyalists
17176,United Kingdom,2010-01-31 15:49:00,2011-05-22 12:41:00,201,677,3,42,576,37,902.3199999999999,0,0.0,0,902.3199999999999,300.7733333333333,0.0,2,3,3,8,233,At Risk
17177,United Kingdom,2010-07-22 14:53:00,2010-07-22 14:53:00,505,505,1,29,40,29,119.5,0,0.0,0,119.5,119.5,0.0,1,1,1,3,111,Hibernating
17178,United Kingdom,2009-12-08 16:20:00,2009-12-08 16:20:00,731,731,1,31,100,31,432.96000000000004,0,0.0,0,432.96000000000004,432.96000000000004,0.0,1,1,2,4,112,Hibernating
17179,United Kingdom,2010-05-26 11:22:00,2011-06-14 16:48:00,178,562,6,158,625,75,1507.26,0,0.0,0,1507.26,251.21,0.0,3,4,4,11,344,Loyal Customers
17180,United Kingdom,2010-01-21 17:43:00,2011-10-14 15:46:00,56,687,11,400,1809,189,2236.77,3,20.65,6,2216.12,203.34272727272727,0.9232062304126037,4,5,4,13,454,Champions
17181,United Kingdom,2010-04-23 11:21:00,2011-10-13 14:48:00,57,595,3,28,268,28,309.85,0,0.0,0,309.85,103.28333333333335,0.0,4,3,2,9,432,Potential Loyalists
17182,United Kingdom,2009-12-21 15:22:00,2010-10-13 10:09:00,422,718,2,6,54,4,321.3,0,0.0,0,321.3,160.65,0.0,1,2,2,5,122,Hibernating
17183,United Kingdom,2011-08-26 15:25:00,2011-12-02 10:07:00,7,105,6,73,1296,42,3347.31,2,60.4,32,3286.91,557.885,1.8044340082036023,5,4,5,14,545,Champions
17184,United Kingdom,2009-12-09 14:17:00,2010-05-19 14:24:00,569,730,2,14,73,14,198.41000000000003,0,0.0,0,198.41000000000003,99.20500000000001,0.0,1,2,1,4,121,Hibernating
17185,United Kingdom,2010-04-20 13:49:00,2010-04-27 12:15:00,591,598,3,44,119,38,229.46,0,0.0,0,229.46,76.48666666666666,0.0,1,3,1,5,131,At Risk
17186,United Kingdom,2011-10-10 12:52:00,2011-10-24 10:20:00,46,60,2,2,200,1,144.0,0,0.0,0,144.0,72.0,0.0,4,2,1,7,421,Potential Loyalists
17187,United Kingdom,2010-07-01 14:38:00,2011-04-27 12:39:00,226,526,2,23,426,21,467.71,0,0.0,0,467.71,233.855,0.0,2,2,2,6,222,Hibernating
17188,United Kingdom,2009-12-08 19:16:00,2011-11-28 13:53:00,11,731,13,172,2569,136,4592.93,4,231.10000000000002,34,4361.83,353.3023076923077,5.031646465328233,5,5,5,15,555,Champions
17189,United Kingdom,2009-12-02 11:45:00,2011-08-25 19:39:00,106,737,5,120,601,101,953.63,0,0.0,0,953.63,190.726,0.0,3,4,3,10,343,Loyal Customers
17190,United Kingdom,2010-03-05 13:21:00,2011-10-12 11:33:00,58,644,7,188,2214,159,1724.73,1,195.0,1,1529.73,246.39000000000001,11.306117479257622,4,4,4,12,444,Champions
17191,United Kingdom,2009-12-01 16:34:00,2011-11-11 16:58:00,28,738,15,497,2208,269,4310.34,1,25.5,2,4284.84,287.356,0.591600662592742,5,5,5,15,555,Champions
17192,United Kingdom,2010-06-21 16:07:00,2010-06-21 16:07:00,536,536,1,20,45,20,75.28,0,0.0,0,75.28,75.28,0.0,1,1,1,3,111,Hibernating
17193,United Kingdom,2009-12-02 10:02:00,2011-11-04 12:47:00,35,737,9,44,1668,28,2310.04,3,55.44,52,2254.6,256.6711111111111,2.3999584422780558,4,4,4,12,444,Champions
17194,United Kingdom,2010-06-27 13:16:00,2010-12-14 12:06:00,360,530,2,57,413,56,776.66,0,0.0,0,776.66,388.33,0.0,2,2,3,7,223,Hibernating
17195,United Kingdom,2010-02-22 13:05:00,2010-02-22 13:05:00,655,655,1,31,486,31,562.98,0,0.0,0,562.98,562.98,0.0,1,1,2,4,112,Hibernating
17196,United Kingdom,2010-10-08 11:31:00,2010-10-08 11:31:00,427,427,1,93,154,84,327.75,0,0.0,0,327.75,327.75,0.0,1,1,2,4,112,Hibernating
17197,United Kingdom,2011-11-10 10:32:00,2011-11-10 10:32:00,29,29,1,29,191,29,1013.01,0,0.0,0,1013.01,1013.01,0.0,5,1,3,9,513,New Customers
17198,United Kingdom,2010-12-03 14:54:00,2011-11-16 10:39:00,23,371,3,96,357,89,692.22,0,0.0,0,692.22,230.74,0.0,5,3,3,11,533,Potential Loyalists
17199,United Kingdom,2010-05-06 13:53:00,2010-05-06 13:53:00,582,582,1,8,232,8,135.04000000000002,0,0.0,0,135.04000000000002,135.04000000000002,0.0,1,1,1,3,111,Hibernating
17200,United Kingdom,2010-02-25 13:23:00,2010-11-17 13:04:00,387,652,4,25,367,25,356.71,0,0.0,0,356.71,89.1775,0.0,1,3,2,6,132,At Risk
17201,United Kingdom,2010-02-10 12:26:00,2011-10-17 11:55:00,53,667,4,170,979,153,1132.6,1,15.6,24,1117.0,283.15,1.3773618223556419,4,3,3,10,433,Potential Loyalists
17202,United Kingdom,2010-10-15 11:25:00,2010-10-15 11:25:00,420,420,1,8,55,8,160.65,0,0.0,0,160.65,160.65,0.0,1,1,1,3,111,Hibernating
17203,United Kingdom,2010-11-16 12:52:00,2011-11-04 12:27:00,35,388,10,261,4597,195,5564.09,0,0.0,0,5564.09,556.409,0.0,4,4,5,13,445,Champions
17204,United Kingdom,2010-06-10 11:37:00,2011-06-17 14:46:00,175,547,9,177,2651,110,5504.6900000000005,6,241.0,60,5263.6900000000005,611.6322222222223,4.378084869447689,3,4,5,12,345,Loyal Customers
17205,United Kingdom,2010-05-24 15:36:00,2011-10-17 12:46:00,53,564,3,35,2214,27,999.35,0,0.0,0,999.35,333.1166666666667,0.0,4,3,3,10,433,Potential Loyalists
17206,United Kingdom,2011-10-17 13:25:00,2011-10-17 13:25:00,53,53,1,7,76,7,204.24,0,0.0,0,204.24,204.24,0.0,4,1,1,6,411,Promising Customers
17207,United Kingdom,2010-02-25 19:08:00,2010-02-25 19:08:00,652,652,1,59,232,54,291.77,0,0.0,0,291.77,291.77,0.0,1,1,2,4,112,Hibernating
17208,United Kingdom,2010-11-09 12:50:00,2010-11-09 12:50:00,395,395,1,23,101,21,111.15,0,0.0,0,111.15,111.15,0.0,1,1,1,3,111,Hibernating
17209,United Kingdom,2009-12-03 11:10:00,2010-02-28 16:01:00,649,736,3,38,723,36,595.7,0,0.0,0,595.7,198.5666666666667,0.0,1,3,3,7,133,At Risk
17210,United Kingdom,2010-11-12 12:15:00,2010-11-12 12:15:00,392,392,1,53,242,47,251.72,0,0.0,0,251.72,251.72,0.0,1,1,1,3,111,Hibernating
17211,United Kingdom,2009-12-13 13:17:00,2011-11-13 12:03:00,26,726,13,344,2141,217,3773.35,2,44.55,17,3728.7999999999997,290.2576923076923,1.1806484953688368,5,5,5,15,555,Champions
17212,United Kingdom,2010-08-10 09:22:00,2011-03-31 19:42:00,253,486,3,29,727,29,794.41,0,0.0,0,794.41,264.80333333333334,0.0,2,3,3,8,233,At Risk
17213,United Kingdom,2009-12-15 10:28:00,2011-10-30 14:53:00,40,724,13,266,2087,130,4869.400000000001,7,103.37,22,4766.030000000001,374.5692307692308,2.1228488109418,4,5,5,14,455,Champions
17214,United Kingdom,2010-12-15 15:14:00,2011-10-10 13:17:00,60,359,6,101,272,79,1059.1200000000001,1,85.0,1,974.1200000000001,176.52,8.0255306292016,4,4,3,11,443,Loyal Customers
17215,United Kingdom,2010-09-01 13:39:00,2010-09-01 13:39:00,464,464,1,11,104,11,186.15,0,0.0,0,186.15,186.15,0.0,1,1,1,3,111,Hibernating
17216,United Kingdom,2010-06-03 13:03:00,2010-06-03 13:03:00,554,554,1,13,21,13,63.6,0,0.0,0,63.6,63.6,0.0,1,1,1,3,111,Hibernating
17217,United Kingdom,2010-03-30 13:35:00,2011-04-19 17:19:00,234,619,2,27,93,27,210.10000000000002,0,0.0,0,210.10000000000002,105.05000000000001,0.0,2,2,1,5,221,Hibernating
17218,United Kingdom,2010-01-25 16:12:00,2011-12-05 13:52:00,4,683,18,470,2062,247,3889.39,0,0.0,0,3889.39,216.07722222222222,0.0,5,5,5,15,555,Champions
17219,United Kingdom,2010-10-19 11:29:00,2011-11-08 11:25:00,31,416,2,50,188,43,259.13,0,0.0,0,259.13,129.565,0.0,4,2,1,7,421,Potential Loyalists
17220,United Kingdom,2010-01-20 11:57:00,2011-11-15 13:47:00,24,688,21,671,2661,407,4451.41,0,0.0,0,4451.41,211.97190476190477,0.0,5,5,5,15,555,Champions
17221,United Kingdom,2010-04-11 15:34:00,2011-12-02 13:35:00,7,607,5,124,713,115,976.62,0,0.0,0,976.62,195.324,0.0,5,4,3,12,543,Loyal Customers
17222,United Kingdom,2010-01-10 15:24:00,2011-10-05 13:58:00,65,698,6,111,855,93,1563.6100000000001,0,0.0,0,1563.6100000000001,260.6016666666667,0.0,4,4,4,12,444,Champions
17223,United Kingdom,2010-11-29 17:19:00,2011-02-02 15:57:00,310,375,3,68,154,61,523.04,0,0.0,0,523.04,174.34666666666666,0.0,2,3,2,7,232,At Risk
17224,United Kingdom,2010-07-26 13:30:00,2010-07-26 13:30:00,501,501,1,8,65,8,100.86000000000001,0,0.0,0,100.86000000000001,100.86000000000001,0.0,1,1,1,3,111,Hibernating
17225,United Kingdom,2010-05-07 11:38:00,2010-05-07 11:38:00,581,581,1,5,36,5,131.15,0,0.0,0,131.15,131.15,0.0,1,1,1,3,111,Hibernating
17226,United Kingdom,2010-02-12 14:31:00,2011-02-04 11:52:00,308,665,3,59,853,51,895.47,0,0.0,0,895.47,298.49,0.0,2,3,3,8,233,At Risk
17227,United Kingdom,2010-01-15 15:05:00,2011-11-21 10:51:00,18,693,12,114,1681,58,1878.93,0,0.0,0,1878.93,156.57750000000001,0.0,5,5,4,14,554,Champions
17228,United Kingdom,2010-03-12 11:54:00,2011-11-24 10:24:00,15,637,13,327,2354,199,2820.03,0,0.0,0,2820.03,216.92538461538464,0.0,5,5,5,15,555,Champions
17229,United Kingdom,2011-07-20 12:38:00,2011-09-04 13:56:00,96,142,2,47,185,39,318.76,0,0.0,0,318.76,159.38,0.0,3,2,2,7,322,Need Attention
17230,United Kingdom,2009-12-08 13:41:00,2011-03-20 16:12:00,264,731,18,217,3753,141,9388.49,5,229.04000000000002,104,9159.449999999999,521.5827777777778,2.439582936127109,2,5,5,12,255,At Risk
17231,United Kingdom,2009-12-07 16:38:00,2011-11-27 15:18:00,12,732,25,1201,3681,509,7064.8,10,105.97,19,6958.83,282.592,1.499971690635262,5,5,5,15,555,Champions
17232,United Kingdom,2011-11-25 12:24:00,2011-12-07 12:21:00,2,14,2,35,202,30,417.77,0,0.0,0,417.77,208.885,0.0,5,2,2,9,522,Potential Loyalists
17233,United Kingdom,2009-12-15 12:03:00,2011-11-04 14:06:00,35,724,3,58,298,56,560.86,0,0.0,0,560.86,186.95333333333335,0.0,4,3,2,9,432,Potential Loyalists
17234,United Kingdom,2011-06-10 11:20:00,2011-06-10 11:20:00,182,182,1,14,55,14,149.89,0,0.0,0,149.89,149.89,0.0,2,1,1,4,211,Hibernating
17235,United Kingdom,2010-06-04 17:01:00,2011-11-14 15:51:00,25,553,8,89,845,52,1562.98,0,0.0,0,1562.98,195.3725,0.0,5,4,4,13,544,Champions
17236,United Kingdom,2010-03-07 13:00:00,2011-11-27 12:00:00,12,642,12,158,804,123,1929.26,0,0.0,0,1929.26,160.77166666666668,0.0,5,5,4,14,554,Champions
17237,United Kingdom,2010-11-23 11:45:00,2011-11-28 15:02:00,11,381,4,79,414,76,994.13,0,0.0,0,994.13,248.5325,0.0,5,3,3,11,533,Potential Loyalists
17238,United Kingdom,2009-12-01 10:59:00,2011-12-07 11:35:00,2,738,32,1138,3554,485,7331.17,0,0.0,0,7331.17,229.0990625,0.0,5,5,5,15,555,Champions
17239,United Kingdom,2010-07-01 10:53:00,2011-01-31 09:41:00,312,526,4,32,515,18,1189.45,2,15.3,2,1174.15,297.3625,1.2863087981840347,2,3,3,8,233,At Risk
17240,United Kingdom,2010-04-22 15:44:00,2010-04-22 15:44:00,596,596,1,7,108,7,130.60000000000002,0,0.0,0,130.60000000000002,130.60000000000002,0.0,1,1,1,3,111,Hibernating
17241,United Kingdom,2010-02-15 14:47:00,2010-11-19 13:01:00,385,662,12,170,859,116,2736.64,0,0.0,0,2736.64,228.0533333333333,0.0,1,5,4,10,154,At Risk
17242,United Kingdom,2010-01-24 10:27:00,2011-08-23 14:55:00,108,684,5,84,1459,44,2889.2799999999997,0,0.0,0,2889.2799999999997,577.856,0.0,3,4,5,12,345,Loyal Customers
17243,United Kingdom,2009-12-01 15:36:00,2011-12-08 13:26:00,1,738,69,1071,7903,358,20184.68,11,180.65,27,20004.03,292.53159420289853,0.8949857020274782,5,5,5,15,555,Champions
17244,United Kingdom,2009-12-06 11:27:00,2011-10-17 15:19:00,53,733,5,120,1419,109,1826.04,0,0.0,0,1826.04,365.20799999999997,0.0,4,4,4,12,444,Champions
17245,United Kingdom,2010-01-19 15:39:00,2011-05-19 10:43:00,204,689,2,25,307,24,371.63,0,0.0,0,371.63,185.815,0.0,2,2,2,6,222,Hibernating
17246,United Kingdom,2009-12-01 17:45:00,2010-06-11 12:36:00,546,738,2,6,36,6,38.92,0,0.0,0,38.92,19.46,0.0,1,2,1,4,121,Hibernating
17247,United Kingdom,2011-11-24 15:21:00,2011-11-24 15:21:00,15,15,1,54,105,53,280.09,0,0.0,0,280.09,280.09,0.0,5,1,2,8,512,New Customers
17248,United Kingdom,2010-08-15 11:55:00,2011-08-11 13:34:00,120,481,2,104,276,85,500.54,0,0.0,0,500.54,250.27,0.0,3,2,2,7,322,Need Attention
17249,United Kingdom,2010-10-07 11:33:00,2010-10-07 11:33:00,428,428,1,27,79,27,68.03,0,0.0,0,68.03,68.03,0.0,1,1,1,3,111,Hibernating
17250,United Kingdom,2011-03-23 16:45:00,2011-12-06 12:15:00,3,261,2,56,167,55,381.97,0,0.0,0,381.97,190.985,0.0,5,2,2,9,522,Potential Loyalists
17251,United Kingdom,2009-12-15 10:36:00,2010-12-12 11:06:00,362,724,3,78,377,65,798.98,1,8.7,2,790.28,266.32666666666665,1.0888883326240957,2,3,3,8,233,At Risk
17252,United Kingdom,2011-06-06 16:41:00,2011-08-15 09:45:00,116,186,2,86,192,86,348.91,0,0.0,0,348.91,174.455,0.0,3,2,2,7,322,Need Attention
17253,United Kingdom,2011-11-21 12:59:00,2011-11-21 12:59:00,18,18,1,18,43,18,178.26,0,0.0,0,178.26,178.26,0.0,5,1,1,7,511,New Customers
17254,United Kingdom,2010-11-03 14:00:00,2011-12-05 12:46:00,4,401,3,147,397,129,469.48,0,0.0,0,469.48,156.49333333333334,0.0,5,3,2,10,532,Potential Loyalists
17255,United Kingdom,2010-09-19 15:53:00,2011-10-30 12:18:00,40,446,4,182,583,163,781.7,0,0.0,0,781.7,195.425,0.0,4,3,3,10,433,Potential Loyalists
17256,United Kingdom,2010-04-18 13:40:00,2011-08-24 13:30:00,107,600,5,31,299,20,498.93,0,0.0,0,498.93,99.786,0.0,3,4,2,9,342,Loyal Customers
17257,United Kingdom,2010-09-29 12:49:00,2010-09-29 12:51:00,436,436,2,14,187,14,189.78,0,0.0,0,189.78,94.89,0.0,1,2,1,4,121,Hibernating
17258,United Kingdom,2010-02-12 15:51:00,2010-11-08 12:37:00,396,665,2,55,188,46,417.3,0,0.0,0,417.3,208.65,0.0,1,2,2,5,122,Hibernating
17259,United Kingdom,2010-02-22 13:38:00,2011-07-14 15:01:00,148,655,6,230,844,179,1452.39,0,0.0,0,1452.39,242.06500000000003,0.0,3,4,4,11,344,Loyal Customers
17260,United Kingdom,2010-10-24 13:21:00,2010-10-24 13:21:00,411,411,1,6,23,6,120.95,0,0.0,0,120.95,120.95,0.0,1,1,1,3,111,Hibernating
17261,United Kingdom,2010-07-18 11:49:00,2010-07-18 11:49:00,509,509,1,43,95,43,221.59,0,0.0,0,221.59,221.59,0.0,1,1,1,3,111,Hibernating
17262,United Kingdom,2009-12-15 11:26:00,2011-10-18 12:56:00,52,724,11,19,635,12,2488.76,0,0.0,0,2488.76,226.25090909090912,0.0,4,5,4,13,454,Champions
17263,United Kingdom,2011-05-15 14:32:00,2011-05-15 14:32:00,208,208,1,23,36,23,63.440000000000005,0,0.0,0,63.440000000000005,63.440000000000005,0.0,2,1,1,4,211,Hibernating
17264,United Kingdom,2010-10-11 12:52:00,2010-10-11 12:52:00,424,424,1,74,217,70,268.28,0,0.0,0,268.28,268.28,0.0,1,1,1,3,111,Hibernating
17265,United Kingdom,2011-06-12 12:00:00,2011-07-24 10:49:00,138,180,2,122,389,106,550.01,0,0.0,0,550.01,275.005,0.0,3,2,2,7,322,Need Attention
17266,United Kingdom,2010-03-09 10:42:00,2011-12-07 14:12:00,2,640,5,119,243,95,501.72,0,0.0,0,501.72,100.34400000000001,0.0,5,4,2,11,542,Loyal Customers
17267,United Kingdom,2011-08-04 17:19:00,2011-08-04 17:22:00,127,127,2,37,158,37,317.2,0,0.0,0,317.2,158.6,0.0,3,2,2,7,322,Need Attention
17268,United Kingdom,2009-12-08 11:46:00,2011-08-24 10:06:00,107,731,11,30,1395,26,1733.8899999999999,0,0.0,0,1733.8899999999999,157.62636363636364,0.0,3,5,4,12,354,Loyal Customers
17269,United Kingdom,2010-11-19 11:12:00,2010-11-19 11:12:00,385,385,1,125,314,110,491.81,0,0.0,0,491.81,491.81,0.0,1,1,2,4,112,Hibernating
17270,United Kingdom,2009-12-07 17:18:00,2010-08-27 14:09:00,469,732,2,48,420,45,601.45,0,0.0,0,601.45,300.725,0.0,1,2,3,6,123,Hibernating
17271,United Kingdom,2009-12-03 13:49:00,2009-12-03 13:49:00,736,736,1,48,113,46,204.3,0,0.0,0,204.3,204.3,0.0,1,1,1,3,111,Hibernating
17272,United Kingdom,2011-03-22 12:05:00,2011-10-28 16:37:00,42,262,4,114,1778,70,2148.63,1,4.1,2,2144.53,537.1575,0.1908192662301094,4,3,4,11,434,Potential Loyalists
17273,United Kingdom,2010-10-11 15:57:00,2010-10-11 15:57:00,424,424,1,12,133,12,141.12,0,0.0,0,141.12,141.12,0.0,1,1,1,3,111,Hibernating
17274,United Kingdom,2010-11-09 12:06:00,2011-11-04 13:16:00,35,395,2,77,271,76,573.22,0,0.0,0,573.22,286.61,0.0,4,2,2,8,422,Potential Loyalists
17275,United Kingdom,2010-11-21 13:26:00,2010-11-21 13:26:00,383,383,1,23,71,23,114.1,0,0.0,0,114.1,114.1,0.0,1,1,1,3,111,Hibernating
17276,United Kingdom,2010-11-02 16:20:00,2010-11-02 16:20:00,402,402,1,52,186,49,501.24,1,57.050000000000004,5,444.19,501.24,11.381773202457905,1,1,2,4,112,Hibernating
17277,United Kingdom,2011-01-21 12:37:00,2011-04-26 12:47:00,227,322,2,69,430,67,1065.3500000000001,0,0.0,0,1065.3500000000001,532.6750000000001,0.0,2,2,3,7,223,Hibernating
17278,United Kingdom,2010-05-23 13:49:00,2011-04-12 13:10:00,241,565,2,17,195,17,271.24,0,0.0,0,271.24,135.62,0.0,2,2,1,5,221,Hibernating
17279,United Kingdom,2011-10-13 11:58:00,2011-10-13 11:58:00,57,57,1,9,48,8,187.82999999999998,0,0.0,0,187.82999999999998,187.82999999999998,0.0,4,1,1,6,411,Promising Customers
17280,United Kingdom,2010-09-27 16:46:00,2010-09-27 16:46:00,438,438,1,6,74,6,118.86,0,0.0,0,118.86,118.86,0.0,1,1,1,3,111,Hibernating
17281,United Kingdom,2010-02-04 13:00:00,2010-11-30 18:05:00,374,673,6,6,295,2,797.85,0,0.0,0,797.85,132.975,0.0,1,4,3,8,143,At Risk
17282,United Kingdom,2010-06-09 12:07:00,2011-08-01 14:29:00,130,548,5,204,2332,168,2308.54,0,0.0,0,2308.54,461.70799999999997,0.0,3,4,4,11,344,Loyal Customers
17283,United Kingdom,2010-11-26 11:53:00,2010-11-26 11:53:00,378,378,1,15,179,15,188.46,0,0.0,0,188.46,188.46,0.0,1,1,1,3,111,Hibernating
17284,United Kingdom,2010-11-15 17:14:00,2011-10-10 14:38:00,60,389,7,372,2068,284,2558.6,1,10.9,2,2547.7,365.5142857142857,0.4260142265301337,4,4,4,12,444,Champions
17285,United Kingdom,2010-02-14 14:10:00,2010-03-21 13:38:00,628,663,2,43,132,40,400.44,0,0.0,0,400.44,200.22,0.0,1,2,2,5,122,Hibernating
17286,United Kingdom,2010-11-04 13:43:00,2011-11-18 12:47:00,21,400,3,90,368,89,389.18,0,0.0,0,389.18,129.72666666666666,0.0,5,3,2,10,532,Potential Loyalists
17287,United Kingdom,2009-12-03 12:45:00,2011-11-13 13:27:00,26,736,21,463,1955,279,3826.86,2,16.25,4,3810.61,182.23142857142858,0.42463011450641,5,5,5,15,555,Champions
17288,United Kingdom,2010-11-10 14:44:00,2011-11-30 16:09:00,9,394,11,288,1699,233,2468.43,0,0.0,0,2468.43,224.40272727272725,0.0,5,5,4,14,554,Champions
17289,United Kingdom,2010-03-08 12:52:00,2011-11-08 12:01:00,31,641,9,266,1237,202,2041.8,2,9.5,2,2032.3,226.86666666666667,0.46527573709472037,4,4,4,12,444,Champions
17290,United Kingdom,2009-12-13 13:28:00,2011-12-06 12:38:00,3,726,8,195,995,183,1427.48,0,0.0,0,1427.48,178.435,0.0,5,4,4,13,544,Champions
17291,United Kingdom,2011-02-04 13:04:00,2011-02-04 13:04:00,308,308,1,1,72,1,550.8000000000001,0,0.0,0,550.8000000000001,550.8000000000001,0.0,2,1,2,5,212,Hibernating
17292,United Kingdom,2010-05-09 14:52:00,2010-08-24 17:14:00,472,579,2,15,131,14,271.75,0,0.0,0,271.75,135.875,0.0,1,2,1,4,121,Hibernating
17293,United Kingdom,2009-12-03 15:09:00,2011-12-01 14:37:00,8,736,17,241,2228,148,3750.63,0,0.0,0,3750.63,220.62529411764706,0.0,5,5,5,15,555,Champions
17294,United Kingdom,2010-02-08 14:21:00,2010-02-08 16:12:00,669,669,2,17,297,17,467.79,0,0.0,0,467.79,233.895,0.0,1,2,2,5,122,Hibernating
17295,United Kingdom,2011-10-06 12:22:00,2011-11-11 10:49:00,28,64,3,68,293,53,547.0,0,0.0,0,547.0,182.33333333333334,0.0,5,3,2,10,532,Potential Loyalists
17296,United Kingdom,2009-12-09 14:01:00,2009-12-09 14:01:00,730,730,1,33,216,32,338.13,0,0.0,0,338.13,338.13,0.0,1,1,2,4,112,Hibernating
17297,United Kingdom,2011-11-22 14:43:00,2011-11-22 14:43:00,17,17,1,49,65,49,128.18,0,0.0,0,128.18,128.18,0.0,5,1,1,7,511,New Customers
17298,United Kingdom,2010-03-08 08:56:00,2011-08-30 16:43:00,101,641,5,68,850,60,938.36,1,5.04,12,933.32,187.672,0.5371072935760263,3,4,3,10,343,Loyal Customers
17299,United Kingdom,2010-08-15 16:00:00,2011-11-28 12:01:00,11,481,6,113,919,96,993.23,0,0.0,0,993.23,165.53833333333333,0.0,5,4,3,12,543,Loyal Customers
17300,United Kingdom,2010-08-15 11:02:00,2010-11-14 10:56:00,390,481,2,44,467,37,393.64,0,0.0,0,393.64,196.82,0.0,1,2,2,5,122,Hibernating
17301,United Kingdom,2010-03-25 13:16:00,2011-11-18 13:43:00,21,624,2,113,216,107,294.39,0,0.0,0,294.39,147.195,0.0,5,2,2,9,522,Potential Loyalists
17302,United Kingdom,2011-02-07 10:14:00,2011-11-25 09:36:00,14,305,5,79,575,68,1135.63,1,15.7,2,1119.93,227.12600000000003,1.3824925371820045,5,4,3,12,543,Loyal Customers
17303,United Kingdom,2010-12-13 13:32:00,2010-12-13 13:32:00,361,361,1,53,144,53,250.04,0,0.0,0,250.04,250.04,0.0,2,1,1,4,211,Hibernating
17304,United Kingdom,2010-06-23 16:23:00,2010-06-23 16:23:00,534,534,1,5,73,5,111.5,0,0.0,0,111.5,111.5,0.0,1,1,1,3,111,Hibernating
17305,United Kingdom,2010-03-01 12:47:00,2010-03-01 12:47:00,648,648,1,9,1006,9,2135.46,0,0.0,0,2135.46,2135.46,0.0,1,1,4,6,114,At Risk
17306,United Kingdom,2010-11-01 11:38:00,2011-11-29 12:14:00,10,403,21,72,13747,17,9782.35,2,30.58,21,9751.77,465.8261904761905,0.3126038221899646,5,5,5,15,555,Champions
17307,United Kingdom,2010-01-19 16:38:00,2010-11-09 13:40:00,395,689,11,48,3667,22,3999.8900000000003,4,621.58,434,3378.3100000000004,363.6263636363637,15.53992734800207,1,5,5,11,155,At Risk
17308,United Kingdom,2010-09-13 09:35:00,2010-11-11 13:19:00,393,452,2,7,5148,5,4511.76,0,0.0,0,4511.76,2255.88,0.0,1,2,5,8,125,At Risk
17309,United Kingdom,2010-02-04 15:49:00,2011-09-05 15:20:00,95,673,3,36,181,33,320.39,0,0.0,0,320.39,106.79666666666667,0.0,3,3,2,8,332,Need Attention
17310,United Kingdom,2010-06-23 11:38:00,2010-11-17 16:00:00,387,534,2,2,402,1,1025.1,0,0.0,0,1025.1,512.55,0.0,1,2,3,6,123,Hibernating
17311,United Kingdom,2010-02-03 12:38:00,2011-09-22 14:11:00,78,674,6,127,2755,124,3566.56,1,75.9,46,3490.66,594.4266666666666,2.1281010273204433,4,4,5,13,445,Champions
17312,United Kingdom,2011-07-03 13:12:00,2011-07-24 11:52:00,138,159,3,14,372,11,644.3,0,0.0,0,644.3,214.76666666666665,0.0,3,3,3,9,333,Need Attention
17313,United Kingdom,2011-11-08 15:45:00,2011-11-08 15:45:00,31,31,1,24,1402,24,2328.84,1,40.71,20,2288.13,2328.84,1.7480805894780234,4,1,4,9,414,Promising Customers
17314,United Kingdom,2009-12-03 11:25:00,2011-11-15 09:41:00,24,736,17,256,3663,200,4904.43,5,389.73,438,4514.700000000001,288.4958823529412,7.9464891944629645,5,5,5,15,555,Champions
17315,United Kingdom,2010-09-27 12:45:00,2011-12-08 12:15:00,1,438,41,744,5062,383,9559.5,6,92.05,33,9467.45,233.15853658536585,0.9629164705267013,5,5,5,15,555,Champions
17316,United Kingdom,2010-10-15 14:35:00,2010-10-15 14:35:00,420,420,1,35,44,35,124.45,0,0.0,0,124.45,124.45,0.0,1,1,1,3,111,Hibernating
17317,United Kingdom,2011-09-11 12:45:00,2011-10-24 17:19:00,46,89,3,9,1146,8,2600.34,2,76.32,72,2524.02,866.7800000000001,2.9350008075867,4,3,4,11,434,Potential Loyalists
17318,United Kingdom,2009-12-14 13:11:00,2009-12-14 13:11:00,725,725,1,17,59,17,157.32999999999998,0,0.0,0,157.32999999999998,157.32999999999998,0.0,1,1,1,3,111,Hibernating
17319,United Kingdom,2010-02-08 15:47:00,2010-02-08 15:47:00,669,669,1,3,14,3,29.099999999999998,0,0.0,0,29.099999999999998,29.099999999999998,0.0,1,1,1,3,111,Hibernating
17320,United Kingdom,2010-01-21 16:29:00,2011-08-31 13:31:00,100,687,6,152,1182,86,2444.85,0,0.0,0,2444.85,407.47499999999997,0.0,3,4,4,11,344,Loyal Customers
17321,United Kingdom,2010-05-11 12:10:00,2011-12-01 13:41:00,8,577,6,271,790,241,1665.21,0,0.0,0,1665.21,277.535,0.0,5,4,4,13,544,Champions
17322,United Kingdom,2009-12-03 11:46:00,2010-11-28 14:41:00,376,736,5,177,631,115,922.59,2,21.950000000000003,7,900.64,184.518,2.379171679727723,1,4,3,8,143,At Risk
17323,United Kingdom,2010-01-10 11:58:00,2011-11-24 17:29:00,15,698,12,330,1422,167,1547.64,2,12.08,6,1535.5600000000002,128.97,0.7805432787986869,5,5,4,14,554,Champions
17324,United Kingdom,2009-12-18 15:29:00,2011-11-22 10:34:00,17,721,12,145,1485,111,2171.07,1,153.0,36,2018.0700000000002,180.9225,7.047216349541931,5,5,4,14,554,Champions
17325,United Kingdom,2010-03-08 11:31:00,2011-03-04 13:09:00,280,641,3,39,465,39,609.5699999999999,0,0.0,0,609.5699999999999,203.18999999999997,0.0,2,3,3,8,233,At Risk
17326,United Kingdom,2010-06-28 14:05:00,2010-10-27 15:38:00,408,529,2,86,136,82,312.35,0,0.0,0,312.35,156.175,0.0,1,2,2,5,122,Hibernating
17327,United Kingdom,2010-05-26 11:20:00,2010-10-26 09:54:00,409,562,2,4,59,3,152.35,0,0.0,0,152.35,76.175,0.0,1,2,1,4,121,Hibernating
17328,United Kingdom,2010-02-04 17:11:00,2010-02-04 17:11:00,673,673,1,6,86,6,104.7,0,0.0,0,104.7,104.7,0.0,1,1,1,3,111,Hibernating
17329,United Kingdom,2009-12-03 16:09:00,2011-11-25 14:24:00,14,736,5,104,430,80,998.53,0,0.0,0,998.53,199.706,0.0,5,4,3,12,543,Loyal Customers
17330,United Kingdom,2010-03-02 09:20:00,2011-11-17 08:56:00,22,647,4,8,122,7,423.8,0,0.0,0,423.8,105.95,0.0,5,3,2,10,532,Potential Loyalists
17331,United Kingdom,2011-08-08 11:55:00,2011-08-08 11:55:00,123,123,1,1,16,1,175.2,0,0.0,0,175.2,175.2,0.0,3,1,1,5,311,Regular Customers
17332,United Kingdom,2010-02-21 14:41:00,2010-06-29 16:10:00,528,656,5,94,769,81,827.77,0,0.0,0,827.77,165.554,0.0,1,4,3,8,143,At Risk
17333,United Kingdom,2011-09-15 10:11:00,2011-09-15 10:11:00,85,85,1,28,375,28,494.25,0,0.0,0,494.25,494.25,0.0,4,1,2,7,412,Promising Customers
17334,United Kingdom,2010-10-29 12:16:00,2011-02-10 14:59:00,302,406,3,31,566,20,635.1500000000001,1,0.42,1,634.7300000000001,211.7166666666667,0.06612611194206092,2,3,3,8,233,At Risk
17335,United Kingdom,2010-01-24 11:15:00,2010-11-21 10:17:00,383,684,2,36,210,34,497.04,0,0.0,0,497.04,248.52,0.0,1,2,2,5,122,Hibernating
17336,United Kingdom,2010-08-24 15:37:00,2010-08-24 15:37:00,472,472,1,1,48,1,81.12,0,0.0,0,81.12,81.12,0.0,1,1,1,3,111,Hibernating
17337,United Kingdom,2011-02-02 17:06:00,2011-07-11 14:55:00,151,310,4,520,1246,420,1979.61,3,83.55000000000001,29,1896.06,494.9025,4.220528285874491,3,3,4,10,334,Need Attention
17338,United Kingdom,2010-03-10 16:09:00,2011-11-22 14:23:00,17,639,17,1303,5765,589,11880.54,3,103.05,15,11777.490000000002,698.8552941176471,0.8673848158417041,5,5,5,15,555,Champions
17339,United Kingdom,2010-07-18 13:08:00,2011-09-06 13:29:00,94,509,3,10,172,10,302.36,1,59.0,20,243.36,100.78666666666668,19.51316311681439,3,3,1,7,331,Need Attention
17340,United Kingdom,2010-02-14 14:54:00,2011-11-10 10:45:00,29,663,18,678,9497,322,19617.95,11,458.94,115,19159.010000000002,1089.8861111111112,2.3393881623717054,5,5,5,15,555,Champions
17341,United Kingdom,2010-06-17 18:17:00,2011-07-06 12:33:00,156,540,5,219,831,200,1272.21,0,0.0,0,1272.21,254.442,0.0,3,4,4,11,344,Loyal Customers
17342,United Kingdom,2010-02-08 09:16:00,2010-11-25 11:07:00,379,669,4,35,521,31,1227.54,3,71.7,22,1155.84,306.885,5.840950193069065,1,3,3,7,133,At Risk
17343,United Kingdom,2009-12-03 18:30:00,2010-12-19 15:07:00,355,736,6,80,454,61,1259.94,0,0.0,0,1259.94,209.99,0.0,2,4,4,10,244,At Risk
17344,United Kingdom,2009-12-11 12:31:00,2011-10-24 12:56:00,46,728,2,67,200,64,457.36,1,13.5,2,443.86,228.68,2.9517229316074864,4,2,2,8,422,Potential Loyalists
17345,United Kingdom,2009-12-01 16:17:00,2011-11-24 15:03:00,15,738,10,209,2008,174,1586.63,2,120.3,59,1466.3300000000002,158.663,7.582107989890521,5,4,4,13,544,Champions
17346,United Kingdom,2010-04-18 12:18:00,2011-12-06 12:18:00,3,600,26,921,3437,516,4991.41,1,64.98,18,4926.43,191.97730769230768,1.301836555201837,5,5,5,15,555,Champions
17347,United Kingdom,2011-09-14 13:12:00,2011-09-14 13:12:00,86,86,1,1,216,1,228.96,0,0.0,0,228.96,228.96,0.0,4,1,1,6,411,Promising Customers
17348,United Kingdom,2010-03-10 12:13:00,2011-11-25 11:25:00,14,639,9,441,2736,325,2430.99,0,0.0,0,2430.99,270.10999999999996,0.0,5,4,4,13,544,Champions
17349,United Kingdom,2010-03-18 14:26:00,2011-06-13 14:29:00,179,631,5,85,772,74,772.41,0,0.0,0,772.41,154.482,0.0,3,4,3,10,343,Loyal Customers
17350,United Kingdom,2010-02-01 15:38:00,2011-12-01 15:47:00,8,676,7,143,1178,124,1893.701,1,29.88,36,1863.821,270.5287142857143,1.5778626087222851,5,4,4,13,544,Champions
17351,United Kingdom,2009-12-10 18:43:00,2011-11-03 18:45:00,36,729,12,68,380,44,1964.38,0,0.0,0,1964.38,163.69833333333335,0.0,4,5,4,13,454,Champions
17352,United Kingdom,2010-01-12 16:13:00,2010-01-12 16:13:00,696,696,1,5,15,5,36.25,0,0.0,0,36.25,36.25,0.0,1,1,1,3,111,Hibernating
17353,United Kingdom,2010-03-25 12:52:00,2011-08-02 17:19:00,129,624,4,14,2168,7,3242.0,3,86.45,32,3155.55,810.5,2.6665638494756325,3,3,5,11,335,High-Value Active
17354,United Kingdom,2010-10-07 13:22:00,2011-10-20 10:34:00,50,428,4,101,2531,85,3133.96,0,0.0,0,3133.96,783.49,0.0,4,3,5,12,435,Potential Loyalists
17355,United Kingdom,2010-11-18 13:18:00,2010-11-18 13:18:00,386,386,1,33,249,28,273.31,0,0.0,0,273.31,273.31,0.0,1,1,2,4,112,Hibernating
17356,United Kingdom,2010-01-20 12:14:00,2011-02-01 11:07:00,311,688,5,86,925,73,946.47,0,0.0,0,946.47,189.294,0.0,2,4,3,9,243,At Risk
17357,United Kingdom,2011-11-15 16:29:00,2011-11-15 16:30:00,24,24,2,44,152,41,384.39,0,0.0,0,384.39,192.195,0.0,5,2,2,9,522,Potential Loyalists
17358,United Kingdom,2010-02-24 16:42:00,2011-02-09 16:57:00,303,653,5,146,430,126,861.01,0,0.0,0,861.01,172.202,0.0,2,4,3,9,243,At Risk
17359,United Kingdom,2010-03-01 14:48:00,2011-11-28 14:37:00,11,648,2,38,237,36,284.46,0,0.0,0,284.46,142.23,0.0,5,2,2,9,522,Potential Loyalists
17360,United Kingdom,2010-10-01 12:07:00,2011-11-22 13:11:00,17,434,6,229,624,189,1200.51,1,29.95,1,1170.56,200.085,2.4947730547850497,5,4,3,12,543,Loyal Customers
17361,United Kingdom,2010-02-01 14:30:00,2011-10-21 15:43:00,49,676,5,57,380,51,871.79,0,0.0,0,871.79,174.358,0.0,4,4,3,11,443,Loyal Customers
17362,United Kingdom,2010-01-06 10:53:00,2011-04-14 14:43:00,239,702,7,144,549,99,1024.04,1,13.5,2,1010.54,146.29142857142855,1.3183078785984923,2,4,3,9,243,At Risk
17363,United Kingdom,2010-11-02 17:25:00,2010-11-09 17:11:00,395,402,3,35,499,34,920.46,0,0.0,0,920.46,306.82,0.0,1,3,3,7,133,At Risk
17364,United Kingdom,2009-12-07 15:28:00,2011-12-09 09:00:00,0,732,27,903,7463,512,11614.45,2,27.4,22,11587.050000000001,430.16481481481486,0.23591302214052318,5,5,5,15,555,Champions
17365,United Kingdom,2010-02-01 11:56:00,2011-11-27 12:13:00,12,676,15,793,8003,394,8179.45,1,19.15,3,8160.3,545.2966666666666,0.23412332125020632,5,5,5,15,555,Champions
17366,United Kingdom,2010-09-09 19:46:00,2010-10-03 16:04:00,432,456,2,131,504,120,1077.24,1,1.65,1,1075.59,538.62,0.1531692102038543,1,2,3,6,123,Hibernating
17367,United Kingdom,2011-04-15 14:21:00,2011-04-15 14:21:00,238,238,1,33,149,33,167.55,0,0.0,0,167.55,167.55,0.0,2,1,1,4,211,Hibernating
17368,United Kingdom,2009-12-15 17:45:00,2011-11-16 15:26:00,23,724,14,226,2319,195,2758.29,2,612.9,716,2145.39,197.0207142857143,22.220288657102767,5,5,4,14,554,Champions
17369,United Kingdom,2010-09-10 09:49:00,2010-09-10 09:49:00,455,455,1,1,1152,1,979.2,0,0.0,0,979.2,979.2,0.0,1,1,3,5,113,Hibernating
17370,United Kingdom,2011-06-23 11:50:00,2011-09-28 10:14:00,72,169,4,33,540,31,446.18,0,0.0,0,446.18,111.545,0.0,4,3,2,9,432,Potential Loyalists
17371,United Kingdom,2009-12-08 12:25:00,2011-11-22 13:30:00,17,731,6,143,279,134,651.37,0,0.0,0,651.37,108.56166666666667,0.0,5,4,3,12,543,Loyal Customers
17372,United Kingdom,2009-12-03 18:41:00,2011-10-30 11:37:00,40,736,27,646,1859,411,4316.46,3,52.13,49,4264.33,159.8688888888889,1.2077026081557574,4,5,5,14,455,Champions
17373,United Kingdom,2010-02-28 14:17:00,2011-10-30 15:28:00,40,649,7,91,738,65,1167.5,0,0.0,0,1167.5,166.78571428571428,0.0,4,4,3,11,443,Loyal Customers
17374,United Kingdom,2010-11-09 17:14:00,2011-05-05 09:05:00,218,395,3,42,155,34,727.11,1,15.9,2,711.21,242.37,2.1867392829145524,2,3,3,8,233,At Risk
17375,United Kingdom,2010-10-04 09:14:00,2011-05-24 15:45:00,199,431,4,86,480,77,660.55,1,27.6,6,632.9499999999999,165.1375,4.17833623495572,2,3,3,8,233,At Risk
17376,United Kingdom,2010-07-05 11:11:00,2011-09-30 12:36:00,70,522,4,55,244,41,453.64,0,0.0,0,453.64,113.41,0.0,4,3,2,9,432,Potential Loyalists
17377,United Kingdom,2009-12-02 12:39:00,2011-11-16 11:17:00,23,737,78,1711,7323,504,17639.23,12,455.0,48,17184.23,226.14397435897436,2.5794776756128246,5,5,5,15,555,Champions
17378,United Kingdom,2010-11-30 18:46:00,2010-11-30 18:46:00,374,374,1,1,1,1,10.95,1,10.95,1,0.0,10.95,100.0,1,1,1,3,111,Hibernating
17379,United Kingdom,2011-11-28 13:56:00,2011-11-28 13:56:00,11,11,1,78,623,71,389.72,0,0.0,0,389.72,389.72,0.0,5,1,2,8,512,New Customers
17380,United Kingdom,2010-06-23 11:24:00,2010-10-01 16:42:00,434,534,3,10,252,5,645.0,1,1.25,1,643.75,215.0,0.1937984496124031,1,3,3,7,133,At Risk
17381,United Kingdom,2010-06-09 12:55:00,2011-12-01 11:59:00,8,548,38,163,42879,50,36398.65,1,3.18,3,36395.47,957.8592105263158,0.008736587758062455,5,5,5,15,555,Champions
17382,United Kingdom,2010-05-19 11:33:00,2011-10-05 13:05:00,65,569,8,18,457,16,902.28,0,0.0,0,902.28,112.785,0.0,4,4,3,11,443,Loyal Customers
17383,United Kingdom,2010-09-12 14:54:00,2011-12-05 17:36:00,4,453,2,51,160,51,304.09000000000003,0,0.0,0,304.09000000000003,152.04500000000002,0.0,5,2,2,9,522,Potential Loyalists
17384,United Kingdom,2010-08-29 16:01:00,2011-11-20 15:48:00,19,467,3,20,121,15,507.55,0,0.0,0,507.55,169.18333333333334,0.0,5,3,2,10,532,Potential Loyalists
17385,United Kingdom,2011-11-25 11:02:00,2011-11-25 11:02:00,14,14,1,45,197,42,256.11,0,0.0,0,256.11,256.11,0.0,5,1,1,7,511,New Customers
17386,United Kingdom,2010-11-19 13:40:00,2011-12-02 11:28:00,7,385,7,38,1955,32,2812.77,0,0.0,0,2812.77,401.82428571428574,0.0,5,4,4,13,544,Champions
17387,United Kingdom,2011-11-06 11:25:00,2011-11-20 11:00:00,19,33,2,76,522,71,746.81,0,0.0,0,746.81,373.405,0.0,5,2,3,10,523,Potential Loyalists
17388,United Kingdom,2009-12-10 11:45:00,2011-09-23 10:31:00,77,729,11,55,2555,41,2675.37,0,0.0,0,2675.37,243.21545454545455,0.0,4,5,4,13,454,Champions
17389,United Kingdom,2009-12-04 12:06:00,2011-12-09 09:38:00,0,735,61,429,17880,63,57215.33,14,2269.6499999999996,349,54945.68,937.9562295081968,3.9668564351547033,5,5,5,15,555,Champions
17390,United Kingdom,2010-10-15 11:29:00,2010-10-15 11:29:00,420,420,1,12,49,12,149.3,0,0.0,0,149.3,149.3,0.0,1,1,1,3,111,Hibernating
17391,United Kingdom,2011-06-28 12:21:00,2011-06-29 09:58:00,163,164,2,3,480,2,508.8,0,0.0,0,508.8,254.4,0.0,3,2,2,7,322,Need Attention
17392,United Kingdom,2010-09-15 16:17:00,2011-02-06 12:48:00,306,450,3,69,448,65,579.92,0,0.0,0,579.92,193.30666666666664,0.0,2,3,2,7,232,At Risk
17393,United Kingdom,2010-08-08 15:53:00,2010-10-25 11:10:00,410,488,2,48,238,45,381.15000000000003,0,0.0,0,381.15000000000003,190.57500000000002,0.0,1,2,2,5,122,Hibernating
17394,United Kingdom,2011-05-04 13:22:00,2011-05-04 13:22:00,219,219,1,4,241,4,203.86999999999998,0,0.0,0,203.86999999999998,203.86999999999998,0.0,2,1,1,4,211,Hibernating
17395,United Kingdom,2010-07-19 15:34:00,2010-07-19 15:34:00,508,508,1,3,66,3,97.5,0,0.0,0,97.5,97.5,0.0,1,1,1,3,111,Hibernating
17396,United Kingdom,2010-09-24 13:04:00,2011-10-31 14:12:00,39,441,13,46,2312,28,8391.6,2,232.5,82,8159.1,645.5076923076923,2.7706277706277707,4,5,5,14,455,Champions
17397,United Kingdom,2010-10-19 13:20:00,2011-11-17 14:08:00,22,416,3,134,691,132,1198.28,0,0.0,0,1198.28,399.4266666666667,0.0,5,3,4,12,534,Potential Loyalists
17398,United Kingdom,2011-03-29 13:04:00,2011-08-17 09:48:00,114,255,3,38,310,30,653.38,0,0.0,0,653.38,217.79333333333332,0.0,3,3,3,9,333,Need Attention
17400,United Kingdom,2009-12-17 15:41:00,2011-08-05 15:38:00,126,722,8,469,2185,345,4623.28,0,0.0,0,4623.28,577.91,0.0,3,4,5,12,345,Loyal Customers
17401,United Kingdom,2010-06-16 16:54:00,2010-06-16 16:54:00,541,541,1,12,34,11,114.85,0,0.0,0,114.85,114.85,0.0,1,1,1,3,111,Hibernating
17402,United Kingdom,2009-12-16 17:40:00,2011-12-05 10:15:00,4,723,22,177,1449,104,4600.5599999999995,3,34.15,3,4566.41,209.11636363636362,0.742300937277201,5,5,5,15,555,Champions
17403,United Kingdom,2010-09-15 12:29:00,2011-11-03 15:18:00,36,450,2,45,188,45,382.87,0,0.0,0,382.87,191.435,0.0,4,2,2,8,422,Potential Loyalists
17404,Sweden,2010-01-07 11:31:00,2011-12-05 16:26:00,4,701,21,288,50674,124,47638.12,5,1774.3,674,45863.82,2268.481904761905,3.724538247940935,5,5,5,15,555,Champions
17405,United Kingdom,2011-07-12 14:17:00,2011-12-08 17:12:00,1,150,3,82,726,77,1031.41,2,64.19,21,967.22,343.80333333333334,6.223519260042078,5,3,3,11,533,Potential Loyalists
17406,United Kingdom,2009-12-06 13:45:00,2011-01-10 15:07:00,333,733,13,238,1847,155,4186.95,5,312.95,20,3874.0,322.0730769230769,7.474414549970742,2,5,5,12,255,At Risk
17407,United Kingdom,2010-10-24 11:57:00,2010-10-24 11:57:00,411,411,1,23,426,23,552.9,0,0.0,0,552.9,552.9,0.0,1,1,2,4,112,Hibernating
17408,United Kingdom,2010-07-13 14:02:00,2011-06-29 12:53:00,163,514,3,8,163,7,316.09000000000003,1,151.20000000000002,72,164.89000000000001,105.36333333333334,47.83447752222468,3,3,1,7,331,Need Attention
17409,United Kingdom,2009-12-11 12:17:00,2011-06-08 10:36:00,184,728,10,104,4089,50,7793.51,0,0.0,0,7793.51,779.351,0.0,2,4,5,11,245,At Risk
17410,United Kingdom,2011-05-08 15:21:00,2011-11-23 15:46:00,16,215,5,64,616,57,1214.72,0,0.0,0,1214.72,242.94400000000002,0.0,5,4,4,13,544,Champions
17411,United Kingdom,2009-12-03 12:02:00,2011-11-27 14:25:00,12,736,5,75,608,69,1425.38,4,108.85000000000001,27,1316.5300000000002,285.076,7.636560075208015,5,4,4,13,544,Champions
17412,United Kingdom,2009-12-02 13:51:00,2011-12-07 11:36:00,2,737,16,228,2554,161,4220.22,3,32.54,27,4187.68,263.76375,0.7710498504817284,5,5,5,15,555,Champions
17413,United Kingdom,2010-05-19 11:11:00,2010-10-31 12:33:00,404,569,2,10,302,10,560.14,0,0.0,0,560.14,280.07,0.0,1,2,2,5,122,Hibernating
17414,United Kingdom,2009-12-03 16:49:00,2011-10-27 12:13:00,43,736,6,21,6256,6,2249.52,0,0.0,0,2249.52,374.92,0.0,4,4,4,12,444,Champions
17415,United Kingdom,2011-09-21 12:50:00,2011-09-21 12:50:00,79,79,1,14,114,14,507.84,0,0.0,0,507.84,507.84,0.0,4,1,2,7,412,Promising Customers
17416,United Kingdom,2009-12-14 16:29:00,2011-11-10 12:47:00,29,725,22,597,8769,324,17298.45,3,76.98,38,17221.47,786.2931818181819,0.4450109691908813,5,5,5,15,555,Champions
17417,United Kingdom,2010-06-09 10:00:00,2010-06-09 10:00:00,548,548,1,16,76,16,164.18,0,0.0,0,164.18,164.18,0.0,1,1,1,3,111,Hibernating
17418,United Kingdom,2010-11-17 13:42:00,2011-10-28 13:00:00,42,387,3,42,521,40,670.0600000000001,0,0.0,0,670.0600000000001,223.35333333333335,0.0,4,3,3,10,433,Potential Loyalists
17419,United Kingdom,2010-01-25 13:19:00,2011-11-28 13:47:00,11,683,18,299,2884,203,6126.25,2,25.6,4,6100.65,340.34722222222223,0.4178739032850439,5,5,5,15,555,Champions
17420,United Kingdom,2010-11-03 13:09:00,2011-10-20 14:52:00,50,401,6,50,446,43,953.58,2,9.9,2,943.6800000000001,158.93,1.0381929151198641,4,4,3,11,443,Loyal Customers
17421,United Kingdom,2009-12-04 15:43:00,2010-11-18 16:57:00,386,735,3,58,807,46,1059.41,0,0.0,0,1059.41,353.1366666666667,0.0,1,3,3,7,133,At Risk
17422,United Kingdom,2010-06-23 10:19:00,2011-11-23 13:27:00,16,534,11,205,3538,149,3594.76,9,253.11,163,3341.65,326.79636363636365,7.0410820193837695,5,5,5,15,555,Champions
17423,United Kingdom,2010-11-11 12:26:00,2011-10-24 13:36:00,46,393,3,43,790,39,1118.95,2,34.78,38,1084.17,372.98333333333335,3.108271147057509,4,3,3,10,433,Potential Loyalists
17425,United Kingdom,2011-10-10 11:37:00,2011-11-20 15:30:00,19,60,2,43,407,42,759.1700000000001,0,0.0,0,759.1700000000001,379.58500000000004,0.0,5,2,3,10,523,Potential Loyalists
17426,United Kingdom,2010-02-17 13:39:00,2011-12-01 18:07:00,8,660,13,427,5187,248,8077.77,4,471.4,97,7606.370000000001,621.3669230769231,5.835769030314059,5,5,5,15,555,Champions
17427,United Kingdom,2011-09-29 11:29:00,2011-09-29 11:29:00,71,71,1,2,34,2,100.8,0,0.0,0,100.8,100.8,0.0,4,1,1,6,411,Promising Customers
17428,United Kingdom,2009-12-01 17:28:00,2011-12-09 09:45:00,0,738,45,720,17356,422,31466.760000000002,6,581.7,113,30885.06,699.2613333333334,1.8486173981687344,5,5,5,15,555,Champions
17429,United Kingdom,2010-10-06 12:30:00,2011-08-03 13:22:00,128,429,5,95,1286,80,1357.46,2,15.3,10,1342.16,271.492,1.127105034402487,3,4,4,11,344,Loyal Customers
17430,United Kingdom,2010-08-17 11:52:00,2011-11-07 09:24:00,32,479,4,37,455,30,622.57,0,0.0,0,622.57,155.6425,0.0,4,3,3,10,433,Potential Loyalists
17431,United Kingdom,2011-01-30 14:36:00,2011-01-30 14:36:00,313,313,1,43,292,41,403.3,0,0.0,0,403.3,403.3,0.0,2,1,2,5,212,Hibernating
17432,United Kingdom,2009-12-03 19:13:00,2011-11-21 17:33:00,18,736,9,274,1008,213,1728.99,0,0.0,0,1728.99,192.11,0.0,5,4,4,13,544,Champions
17433,United Kingdom,2010-11-19 13:37:00,2011-09-12 14:24:00,88,385,2,93,305,81,569.96,0,0.0,0,569.96,284.98,0.0,4,2,2,8,422,Potential Loyalists
17434,United Kingdom,2011-09-15 13:54:00,2011-12-07 13:16:00,2,85,7,134,1693,100,2373.82,2,40.4,8,2333.42,339.1171428571429,1.7018982062666923,5,4,4,13,544,Champions
17435,United Kingdom,2010-10-24 13:55:00,2010-10-24 13:55:00,411,411,1,15,195,15,331.35,0,0.0,0,331.35,331.35,0.0,1,1,2,4,112,Hibernating
17436,United Kingdom,2009-12-07 12:31:00,2011-12-08 12:30:00,1,732,5,17,178,8,534.0600000000001,2,12.75,5,521.3100000000001,106.81200000000001,2.3873722053701827,5,4,2,11,542,Loyal Customers
17437,United Kingdom,2010-06-28 11:11:00,2010-06-28 11:11:00,529,529,1,52,283,52,369.68,0,0.0,0,369.68,369.68,0.0,1,1,2,4,112,Hibernating
17438,United Kingdom,2010-03-08 16:53:00,2011-03-31 10:26:00,253,641,5,71,553,49,1422.77,1,10.15,3,1412.62,284.554,0.7133971056460285,2,4,4,10,244,At Risk
17439,United Kingdom,2010-02-22 12:48:00,2010-02-22 12:48:00,655,655,1,8,370,8,325.74,0,0.0,0,325.74,325.74,0.0,1,1,2,4,112,Hibernating
17440,United Kingdom,2010-06-08 14:40:00,2011-07-06 11:54:00,156,549,4,6,282,4,323.58,2,9.32,14,314.26,80.895,2.8802769021571173,3,3,2,8,332,Need Attention
17441,United Kingdom,2009-12-07 13:32:00,2009-12-07 13:32:00,732,732,1,21,245,21,293.35,0,0.0,0,293.35,293.35,0.0,1,1,2,4,112,Hibernating
17442,United Kingdom,2010-02-15 15:54:00,2011-11-03 09:17:00,36,662,15,283,3134,188,4620.3,8,102.6,25,4517.7,308.02000000000004,2.2206350236997596,4,5,5,14,455,Champions
17443,Canada,2011-05-04 10:47:00,2011-05-04 10:47:00,219,219,1,1,504,1,534.24,0,0.0,0,534.24,534.24,0.0,2,1,2,5,212,Hibernating
17444,Canada,2011-06-20 09:04:00,2011-07-11 10:33:00,151,172,2,134,2118,131,2389.1,0,0.0,0,2389.1,1194.55,0.0,3,2,4,9,324,Need Attention
17446,United Kingdom,2011-02-02 14:40:00,2011-06-16 10:42:00,176,310,2,9,198,6,120.89999999999999,0,0.0,0,120.89999999999999,60.449999999999996,0.0,3,2,1,6,321,Need Attention
17447,United Kingdom,2011-09-29 10:10:00,2011-10-30 14:18:00,40,71,2,36,443,33,541.53,0,0.0,0,541.53,270.765,0.0,4,2,2,8,422,Potential Loyalists
17448,United Kingdom,2010-03-04 17:29:00,2010-06-28 13:58:00,529,645,41,1110,11529,568,14448.67,7,73.66,29,14375.01,352.4065853658537,0.5098047086686871,1,5,5,11,155,At Risk
17449,United Kingdom,2009-12-09 14:16:00,2011-12-07 16:56:00,2,730,13,583,2482,291,4865.15,1,16.0,7,4849.15,374.2423076923077,0.3288696134754324,5,5,5,15,555,Champions
17450,United Kingdom,2010-09-27 16:59:00,2011-12-01 13:29:00,8,438,51,420,83914,144,244784.25,4,11140.34,3712,233643.91,4799.691176470588,4.551085292456521,5,5,5,15,555,Champions
17451,United Kingdom,2011-08-26 11:54:00,2011-12-08 15:02:00,1,105,7,100,1203,83,1721.4,3,72.45,25,1648.95,245.91428571428574,4.208783548274661,5,4,4,13,544,Champions
17453,United Kingdom,2011-10-06 17:02:00,2011-11-22 09:42:00,17,64,2,19,219,19,486.72,0,0.0,0,486.72,243.36,0.0,5,2,2,9,522,Potential Loyalists
17454,United Kingdom,2010-01-15 15:40:00,2011-05-31 13:58:00,192,693,10,126,727,98,1547.94,1,15.3,6,1532.64,154.794,0.9884104035040118,2,4,4,10,244,At Risk
17455,United Kingdom,2011-05-20 12:31:00,2011-05-20 12:31:00,203,203,1,8,66,8,131.7,0,0.0,0,131.7,131.7,0.0,2,1,1,4,211,Hibernating
17456,United Kingdom,2010-09-09 15:28:00,2010-12-09 15:23:00,365,456,2,60,508,59,975.5600000000001,0,0.0,0,975.5600000000001,487.78000000000003,0.0,2,2,3,7,223,Hibernating
17457,United Kingdom,2009-12-07 14:52:00,2011-08-05 12:48:00,126,732,14,64,2695,30,5984.81,4,185.8,60,5799.01,427.4864285714286,3.104526292396918,3,5,5,13,355,Loyal Customers
17458,United Kingdom,2010-11-23 11:43:00,2011-11-24 13:01:00,15,381,2,86,282,81,529.58,0,0.0,0,529.58,264.79,0.0,5,2,2,9,522,Potential Loyalists
17459,United Kingdom,2011-10-10 17:00:00,2011-10-27 13:25:00,43,60,2,111,537,88,657.3,0,0.0,0,657.3,328.65,0.0,4,2,3,9,423,Potential Loyalists
17460,United Kingdom,2010-01-22 13:25:00,2011-09-06 15:04:00,94,686,16,137,954,93,2157.9700000000003,5,220.87,71,1937.1000000000004,134.87312500000002,10.235082044699416,3,5,4,12,354,Loyal Customers
17461,United Kingdom,2011-11-10 12:01:00,2011-11-17 10:21:00,22,29,3,106,770,104,735.82,0,0.0,0,735.82,245.27333333333334,0.0,5,3,3,11,533,Potential Loyalists
17462,United Kingdom,2011-02-28 17:01:00,2011-10-10 13:56:00,60,284,2,27,227,25,675.69,1,12.75,3,662.94,337.845,1.8869599964480752,4,2,3,9,423,Potential Loyalists
17463,United Kingdom,2010-04-29 17:57:00,2011-11-23 13:40:00,16,589,7,316,1480,234,2535.26,2,20.0,6,2515.26,362.18,0.788873724982842,5,4,4,13,544,Champions
17464,United Kingdom,2010-03-30 13:15:00,2011-07-04 13:19:00,158,619,3,39,608,35,907.14,1,90.6,60,816.54,302.38,9.987433031285137,3,3,3,9,333,Need Attention
17465,United Kingdom,2009-12-03 13:25:00,2010-10-10 11:56:00,425,736,7,142,1477,103,2542.79,2,9.15,7,2533.64,363.2557142857143,0.35984096209281935,1,4,4,9,144,At Risk
17466,United Kingdom,2011-09-22 09:16:00,2011-11-29 13:15:00,10,78,2,41,306,41,763.28,0,0.0,0,763.28,381.64,0.0,5,2,3,10,523,Potential Loyalists
17467,United Kingdom,2010-11-09 12:58:00,2010-11-09 12:58:00,395,395,1,4,20,4,102.6,0,0.0,0,102.6,102.6,0.0,1,1,1,3,111,Hibernating
17468,United Kingdom,2010-11-29 17:25:00,2011-11-29 15:33:00,10,375,3,8,184,8,194.8,0,0.0,0,194.8,64.93333333333334,0.0,5,3,1,9,531,Potential Loyalists
17469,United Kingdom,2009-12-16 15:06:00,2011-11-23 13:15:00,16,723,17,267,2304,165,5051.25,5,92.91,27,4958.34,297.13235294117646,1.8393466963622866,5,5,5,15,555,Champions
17470,United Kingdom,2010-07-19 16:16:00,2011-10-26 12:42:00,44,508,11,155,2731,111,2626.47,0,0.0,0,2626.47,238.76999999999998,0.0,4,5,4,13,454,Champions
17471,United Kingdom,2010-08-22 11:53:00,2010-08-22 11:53:00,474,474,1,19,153,19,321.65000000000003,0,0.0,0,321.65000000000003,321.65000000000003,0.0,1,1,2,4,112,Hibernating
17472,United Kingdom,2010-03-21 13:27:00,2011-06-01 14:57:00,191,628,4,223,551,183,922.35,0,0.0,0,922.35,230.5875,0.0,2,3,3,8,233,At Risk
17473,United Kingdom,2010-09-09 19:03:00,2010-10-27 11:45:00,408,456,2,34,270,33,607.0,1,14.85,3,592.15,303.5,2.446457990115321,1,2,3,6,123,Hibernating
17474,United Kingdom,2010-04-19 10:43:00,2010-04-19 10:43:00,599,599,1,6,200,6,1047.0,0,0.0,0,1047.0,1047.0,0.0,1,1,3,5,113,Hibernating
17475,United Kingdom,2011-09-21 14:55:00,2011-09-21 14:55:00,79,79,1,14,178,14,194.37,0,0.0,0,194.37,194.37,0.0,4,1,1,6,411,Promising Customers
17476,United Kingdom,2009-12-02 12:09:00,2010-11-09 10:21:00,395,737,2,31,224,29,489.86,2,43.349999999999994,4,446.51,244.93,8.84946719470869,1,2,2,5,122,Hibernating
17477,United Kingdom,2010-03-02 11:53:00,2010-04-06 10:06:00,612,647,2,44,225,44,1144.3,3,65.30000000000001,14,1079.0,572.15,5.706545486323518,1,2,3,6,123,Hibernating
17478,United Kingdom,2010-03-16 14:19:00,2010-10-27 15:01:00,408,633,2,40,516,40,1272.8000000000002,0,0.0,0,1272.8000000000002,636.4000000000001,0.0,1,2,4,7,124,At Risk
17479,United Kingdom,2010-03-17 09:26:00,2010-03-17 09:26:00,632,632,1,18,266,18,389.26000000000005,0,0.0,0,389.26000000000005,389.26000000000005,0.0,1,1,2,4,112,Hibernating
17480,United Kingdom,2010-09-21 12:31:00,2011-09-23 11:39:00,77,444,2,53,581,50,882.23,1,5.3100000000000005,2,876.9200000000001,441.115,0.6018838624848396,4,2,3,9,423,Potential Loyalists
17481,United Kingdom,2011-09-07 09:57:00,2011-12-06 12:28:00,3,93,4,82,1061,69,1255.59,1,6.25,1,1249.34,313.8975,0.4977739548738044,5,3,4,12,534,Potential Loyalists
17482,United Kingdom,2010-05-10 14:10:00,2010-08-09 15:33:00,487,578,2,53,240,50,775.64,0,0.0,0,775.64,387.82,0.0,1,2,3,6,123,Hibernating
17483,United Kingdom,2010-10-21 12:43:00,2011-10-05 13:10:00,65,414,4,28,265,23,591.73,0,0.0,0,591.73,147.9325,0.0,4,3,3,10,433,Potential Loyalists
17484,United Kingdom,2010-03-25 16:17:00,2010-05-12 15:41:00,576,624,2,14,339,14,209.57,0,0.0,0,209.57,104.785,0.0,1,2,1,4,121,Hibernating
17486,United Kingdom,2011-03-23 14:00:00,2011-03-23 14:00:00,261,261,1,24,191,24,396.87,0,0.0,0,396.87,396.87,0.0,2,1,2,5,212,Hibernating
17487,United Kingdom,2009-12-11 15:06:00,2009-12-11 15:06:00,728,728,1,8,37,8,160.55,0,0.0,0,160.55,160.55,0.0,1,1,1,3,111,Hibernating
17488,United Kingdom,2010-03-08 14:07:00,2010-03-08 14:07:00,641,641,1,18,136,18,336.5,0,0.0,0,336.5,336.5,0.0,1,1,2,4,112,Hibernating
17489,United Kingdom,2011-05-11 11:34:00,2011-10-12 08:56:00,58,212,2,29,428,28,376.64,0,0.0,0,376.64,188.32,0.0,4,2,2,8,422,Potential Loyalists
17490,United Kingdom,2010-05-19 12:40:00,2011-12-09 09:08:00,0,569,9,116,1531,93,2750.5,4,155.49,112,2595.01,305.6111111111111,5.65315397200509,5,4,4,13,544,Champions
17491,United Kingdom,2010-04-28 11:57:00,2011-12-08 16:18:00,1,590,17,177,3362,105,5653.67,1,16.95,1,5636.72,332.56882352941176,0.29980525923868917,5,5,5,15,555,Champions
17492,United Kingdom,2010-07-09 13:27:00,2011-04-05 15:21:00,248,518,3,39,450,32,1122.42,0,0.0,0,1122.42,374.14000000000004,0.0,2,3,3,8,233,At Risk
17493,United Kingdom,2010-11-19 16:57:00,2010-11-19 16:57:00,385,385,1,8,62,8,100.91,0,0.0,0,100.91,100.91,0.0,1,1,1,3,111,Hibernating
17494,United Kingdom,2010-07-26 10:06:00,2010-07-26 10:06:00,501,501,1,3,26,3,54.7,0,0.0,0,54.7,54.7,0.0,1,1,1,3,111,Hibernating
17495,United Kingdom,2010-11-14 11:50:00,2011-12-02 12:08:00,7,390,3,48,367,38,806.72,1,47.65,9,759.07,268.9066666666667,5.90663427211424,5,3,3,11,533,Potential Loyalists
17496,United Kingdom,2010-01-14 13:36:00,2010-12-16 08:39:00,358,694,4,72,675,54,1412.89,1,27.0,4,1385.89,353.2225,1.910976792248512,2,3,4,9,234,At Risk
17497,United Kingdom,2010-04-08 08:01:00,2010-11-14 14:17:00,390,610,2,7,59,7,287.25,0,0.0,0,287.25,143.625,0.0,1,2,2,5,122,Hibernating
17498,United Kingdom,2011-09-25 12:25:00,2011-09-25 12:25:00,75,75,1,17,394,17,272.21999999999997,0,0.0,0,272.21999999999997,272.21999999999997,0.0,4,1,2,7,412,Promising Customers
17499,United Kingdom,2010-05-27 09:59:00,2011-02-23 09:14:00,289,561,2,71,1086,66,1341.3899999999999,1,44.550000000000004,9,1296.84,670.6949999999999,3.321181759219914,2,2,4,8,224,At Risk
17500,United Kingdom,2011-11-10 09:08:00,2011-11-22 14:25:00,17,29,3,5,17,3,1138.0,0,0.0,0,1138.0,379.3333333333333,0.0,5,3,3,11,533,Potential Loyalists
17501,United Kingdom,2011-05-03 09:46:00,2011-05-03 09:47:00,220,220,2,18,160,18,288.6,0,0.0,0,288.6,144.3,0.0,2,2,2,6,222,Hibernating
17502,United Kingdom,2011-11-10 16:39:00,2011-11-30 13:13:00,9,29,4,28,376,25,689.1,0,0.0,0,689.1,172.275,0.0,5,3,3,11,533,Potential Loyalists
17503,United Kingdom,2011-11-01 11:12:00,2011-12-07 09:18:00,2,38,2,38,486,36,558.96,0,0.0,0,558.96,279.48,0.0,5,2,2,9,522,Potential Loyalists
17504,United Kingdom,2010-02-08 09:22:00,2011-05-17 12:59:00,206,669,18,342,5420,244,9490.17,1,251.75,208,9238.42,527.2316666666667,2.6527448928733626,2,5,5,12,255,At Risk
17505,United Kingdom,2010-04-13 16:33:00,2011-07-01 12:50:00,161,605,5,102,1242,83,2435.48,0,0.0,0,2435.48,487.096,0.0,3,4,4,11,344,Loyal Customers
17506,United Kingdom,2011-09-25 11:39:00,2011-09-25 11:39:00,75,75,1,14,139,14,302.2,1,7.91,3,294.28999999999996,302.2,2.6174718729318336,4,1,2,7,412,Promising Customers
17507,United Kingdom,2011-02-03 18:08:00,2011-03-23 11:48:00,261,309,2,88,359,79,605.58,0,0.0,0,605.58,302.79,0.0,2,2,3,7,223,Hibernating
17508,Greece,2009-12-07 11:46:00,2011-03-04 08:10:00,280,732,8,231,2891,199,4579.23,1,32.45,11,4546.78,572.40375,0.7086344210707916,2,4,5,11,245,At Risk
17509,United Kingdom,2011-10-07 13:14:00,2011-10-13 10:26:00,57,63,8,364,3512,75,6083.64,3,14.4,4,6069.240000000001,760.455,0.23670039647316407,4,4,5,13,445,Champions
17510,United Kingdom,2010-10-15 10:20:00,2011-11-15 10:00:00,24,420,2,35,422,28,514.56,0,0.0,0,514.56,257.28,0.0,5,2,2,9,522,Potential Loyalists
17511,United Kingdom,2009-12-02 10:52:00,2011-12-07 10:12:00,2,737,60,1868,117174,657,172132.87,24,3628.43,1723,168504.44,2868.8811666666666,2.1079239543266777,5,5,5,15,555,Champions
17512,United Kingdom,2009-12-10 19:35:00,2011-11-11 12:11:00,28,729,18,197,5434,102,5467.820000000001,2,35.550000000000004,13,5432.27,303.76777777777784,0.6501677085200317,5,5,5,15,555,Champions
17513,United Kingdom,2010-08-17 15:08:00,2011-09-28 16:42:00,72,479,3,18,440,18,1158.8,0,0.0,0,1158.8,386.26666666666665,0.0,4,3,3,10,433,Potential Loyalists
17514,United Kingdom,2010-02-08 14:00:00,2011-08-03 15:45:00,128,669,2,83,284,72,522.0,0,0.0,0,522.0,261.0,0.0,3,2,2,7,322,Need Attention
17515,United Kingdom,2010-06-07 13:29:00,2011-11-08 14:04:00,31,550,9,179,527,91,1602.51,0,0.0,0,1602.51,178.05666666666667,0.0,4,4,4,12,444,Champions
17516,United Kingdom,2010-11-26 12:50:00,2011-11-24 16:51:00,15,378,6,191,522,150,947.5,0,0.0,0,947.5,157.91666666666666,0.0,5,4,3,12,543,Loyal Customers
17517,United Kingdom,2011-02-04 11:48:00,2011-02-04 11:48:00,308,308,1,11,102,11,153.94,0,0.0,0,153.94,153.94,0.0,2,1,1,4,211,Hibernating
17518,United Kingdom,2010-03-28 13:31:00,2010-10-10 12:40:00,425,621,2,77,267,71,329.42,0,0.0,0,329.42,164.71,0.0,1,2,2,5,122,Hibernating
17519,United Kingdom,2009-12-01 09:57:00,2011-11-22 16:43:00,17,738,15,204,3230,142,4774.17,1,4.949999999999999,3,4769.22,318.278,0.10368294384154732,5,5,5,15,555,Champions
17520,United Kingdom,2011-10-17 12:04:00,2011-10-17 12:04:00,53,53,1,30,365,30,546.81,0,0.0,0,546.81,546.81,0.0,4,1,2,7,412,Promising Customers
17521,United Kingdom,2010-10-01 11:49:00,2011-11-10 11:22:00,29,434,5,78,806,65,1278.06,1,1.25,1,1276.81,255.612,0.09780448492246062,5,4,4,13,544,Champions
17522,United Kingdom,2011-05-05 16:31:00,2011-12-08 12:31:00,1,218,5,72,1022,58,1066.15,0,0.0,0,1066.15,213.23000000000002,0.0,5,4,3,12,543,Loyal Customers
17523,United Kingdom,2011-11-20 13:40:00,2011-11-28 13:20:00,11,19,4,33,872,25,652.74,0,0.0,0,652.74,163.185,0.0,5,3,3,11,533,Potential Loyalists
17524,United Kingdom,2010-09-27 16:20:00,2010-12-13 14:32:00,361,438,3,43,362,37,539.14,1,30.24,72,508.9,179.71333333333334,5.608932744741625,2,3,2,7,232,At Risk
17525,United Kingdom,2010-10-07 09:12:00,2010-12-15 12:05:00,359,428,3,26,338,19,1161.9,0,0.0,0,1161.9,387.3,0.0,2,3,3,8,233,At Risk
17526,United Kingdom,2009-12-17 16:18:00,2011-12-05 11:05:00,4,722,12,92,1442,67,3939.24,4,489.19999999999993,53,3450.04,328.27,12.418639128359784,5,5,5,15,555,Champions
17527,United Kingdom,2011-05-05 13:43:00,2011-10-17 12:32:00,53,218,4,47,488,45,939.37,2,50.510000000000005,25,888.86,234.8425,5.3770079947198655,4,3,3,10,433,Potential Loyalists
17528,United Kingdom,2011-09-29 13:04:00,2011-12-08 13:27:00,1,71,8,253,2138,183,3628.5,3,88.4,8,3540.1,453.5625,2.4362684304809155,5,4,5,14,545,Champions
17529,United Kingdom,2010-01-11 12:29:00,2010-04-08 17:51:00,610,697,2,82,790,78,1240.25,0,0.0,0,1240.25,620.125,0.0,1,2,4,7,124,At Risk
17530,United Kingdom,2009-12-06 16:17:00,2011-12-08 18:42:00,1,733,12,475,1738,358,2787.1,1,0.95,1,2786.15,232.25833333333333,0.03408560869721216,5,5,4,14,554,Champions
17531,United Kingdom,2010-03-31 12:57:00,2011-06-02 19:17:00,190,618,3,58,472,54,1266.82,5,72.35,11,1194.47,422.2733333333333,5.711150755434868,2,3,4,9,234,At Risk
17532,United Kingdom,2010-11-19 08:13:00,2010-11-19 08:13:00,385,385,1,4,30,4,65.34,0,0.0,0,65.34,65.34,0.0,1,1,1,3,111,Hibernating
17533,United Kingdom,2010-10-01 09:14:00,2010-10-01 09:14:00,434,434,1,1,24,1,34.8,0,0.0,0,34.8,34.8,0.0,1,1,1,3,111,Hibernating
17534,United Kingdom,2010-02-25 16:55:00,2011-10-17 12:47:00,53,652,5,92,860,76,1668.83,0,0.0,0,1668.83,333.76599999999996,0.0,4,4,4,12,444,Champions
17535,United Kingdom,2011-03-04 15:20:00,2011-03-04 15:20:00,280,280,1,13,136,13,164.4,0,0.0,0,164.4,164.4,0.0,2,1,1,4,211,Hibernating
17536,United Kingdom,2010-01-26 12:00:00,2011-06-15 13:23:00,177,682,3,16,201,16,364.83,0,0.0,0,364.83,121.61,0.0,3,3,2,8,332,Need Attention
17537,United Kingdom,2011-02-09 13:37:00,2011-11-10 10:56:00,29,303,2,74,699,74,887.6700000000001,0,0.0,0,887.6700000000001,443.83500000000004,0.0,5,2,3,10,523,Potential Loyalists
17538,United Kingdom,2011-11-14 12:12:00,2011-11-14 12:12:00,25,25,1,9,134,9,98.42,0,0.0,0,98.42,98.42,0.0,5,1,1,7,511,New Customers
17539,United Kingdom,2009-12-13 12:36:00,2010-03-21 15:23:00,628,726,3,143,707,131,1161.84,2,164.5,11,997.3399999999999,387.28,14.158576051779937,1,3,3,7,133,At Risk
17540,United Kingdom,2010-04-19 09:47:00,2011-11-15 11:56:00,24,599,6,64,588,41,1590.6000000000001,1,8.5,1,1582.1000000000001,265.1,0.5343895385389161,5,4,4,13,544,Champions
17541,United Kingdom,2010-07-18 11:36:00,2010-07-18 11:36:00,509,509,1,31,44,31,119.86,0,0.0,0,119.86,119.86,0.0,1,1,1,3,111,Hibernating
17542,United Kingdom,2010-03-08 12:08:00,2011-03-15 11:45:00,269,641,3,64,323,57,340.85,0,0.0,0,340.85,113.61666666666667,0.0,2,3,2,7,232,At Risk
17543,United Kingdom,2010-06-08 12:41:00,2010-06-08 12:41:00,549,549,1,13,62,13,120.05,0,0.0,0,120.05,120.05,0.0,1,1,1,3,111,Hibernating
17544,United Kingdom,2010-11-14 14:47:00,2010-11-14 15:08:00,390,390,3,88,410,80,944.82,0,0.0,0,944.82,314.94,0.0,1,3,3,7,133,At Risk
17545,United Kingdom,2010-05-11 10:04:00,2011-10-27 14:04:00,43,577,6,260,682,204,1409.8600000000001,0,0.0,0,1409.8600000000001,234.9766666666667,0.0,4,4,4,12,444,Champions
17547,United Kingdom,2010-02-12 14:34:00,2010-11-29 09:41:00,375,665,2,31,223,22,727.85,2,35.5,10,692.35,363.925,4.877378580751528,1,2,3,6,123,Hibernating
17548,United Kingdom,2010-11-08 16:19:00,2011-04-20 12:01:00,233,396,4,34,494,22,731.26,2,244.78,190,486.48,182.815,33.47373027377403,2,3,2,7,232,At Risk
17549,United Kingdom,2011-10-19 10:05:00,2011-11-16 09:59:00,23,51,2,6,210,5,148.86,0,0.0,0,148.86,74.43,0.0,5,2,1,8,521,Potential Loyalists
17550,United Kingdom,2010-02-07 15:07:00,2011-05-26 14:09:00,197,670,9,321,968,250,2506.64,1,341.1,60,2165.54,278.5155555555555,13.607857530399261,2,4,4,10,244,At Risk
17551,United Kingdom,2010-12-15 14:12:00,2010-12-15 14:12:00,359,359,1,39,142,39,290.34,0,0.0,0,290.34,290.34,0.0,2,1,2,5,212,Hibernating
17552,United Kingdom,2010-03-22 09:19:00,2011-10-10 17:00:00,60,627,12,143,1951,78,2786.77,3,42.14,22,2744.63,232.23083333333332,1.5121448845796388,4,5,4,13,454,Champions
17553,United Kingdom,2010-04-08 09:44:00,2011-08-02 10:00:00,129,610,4,6,2288,2,3757.6,0,0.0,0,3757.6,939.4,0.0,3,3,5,11,335,High-Value Active
17554,United Kingdom,2011-07-14 20:01:00,2011-12-08 14:15:00,1,148,5,88,1763,58,1952.45,0,0.0,0,1952.45,390.49,0.0,5,4,4,13,544,Champions
17555,United Kingdom,2010-05-02 16:02:00,2011-11-20 12:22:00,19,586,5,264,739,220,1045.74,0,0.0,0,1045.74,209.148,0.0,5,4,3,12,543,Loyal Customers
17556,United Kingdom,2010-11-25 17:00:00,2011-05-18 10:48:00,205,379,2,14,184,13,300.67,0,0.0,0,300.67,150.335,0.0,2,2,2,6,222,Hibernating
17557,United Kingdom,2009-12-07 10:15:00,2011-11-25 12:57:00,14,732,4,35,310,28,575.46,0,0.0,0,575.46,143.865,0.0,5,3,2,10,532,Potential Loyalists
17558,United Kingdom,2010-11-11 14:36:00,2010-11-11 14:36:00,393,393,1,28,54,28,259.17,0,0.0,0,259.17,259.17,0.0,1,1,1,3,111,Hibernating
17559,United Kingdom,2010-07-15 12:02:00,2010-07-15 12:02:00,512,512,1,12,270,12,167.62,0,0.0,0,167.62,167.62,0.0,1,1,1,3,111,Hibernating
17560,United Kingdom,2010-02-17 12:11:00,2011-09-06 09:18:00,94,660,8,55,1588,37,1895.8,0,0.0,0,1895.8,236.975,0.0,3,4,4,11,344,Loyal Customers
17561,United Kingdom,2009-12-06 13:29:00,2011-11-20 12:53:00,19,733,4,191,381,163,703.02,0,0.0,0,703.02,175.755,0.0,5,3,3,11,533,Potential Loyalists
17562,United Kingdom,2011-06-19 13:06:00,2011-11-25 14:21:00,14,173,7,63,817,48,1122.38,1,15.0,4,1107.38,160.34,1.336445767030774,5,4,3,12,543,Loyal Customers
17563,United Kingdom,2010-04-07 10:02:00,2010-05-10 14:54:00,578,611,2,29,256,27,392.38,2,78.60000000000001,28,313.78,196.19,20.0316020184515,1,2,2,5,122,Hibernating
17564,United Kingdom,2011-09-20 14:00:00,2011-11-15 13:27:00,24,80,3,49,146,38,454.01,0,0.0,0,454.01,151.33666666666667,0.0,5,3,2,10,532,Potential Loyalists
17565,United Kingdom,2010-05-02 11:54:00,2010-05-02 11:54:00,586,586,1,30,67,30,131.83,0,0.0,0,131.83,131.83,0.0,1,1,1,3,111,Hibernating
17566,United Kingdom,2011-11-14 13:42:00,2011-12-01 19:54:00,8,25,2,142,497,113,869.77,0,0.0,0,869.77,434.885,0.0,5,2,3,10,523,Potential Loyalists
17567,United Kingdom,2010-09-24 10:48:00,2011-12-02 15:48:00,7,441,9,196,2908,128,4838.08,2,318.92,204,4519.16,537.5644444444445,6.591871155499702,5,4,5,14,545,Champions
17568,United Kingdom,2010-03-16 16:45:00,2010-03-16 16:45:00,633,633,1,62,275,61,374.45,0,0.0,0,374.45,374.45,0.0,1,1,2,4,112,Hibernating
17569,United Kingdom,2011-01-11 14:15:00,2011-01-11 14:15:00,332,332,1,29,159,29,344.14,0,0.0,0,344.14,344.14,0.0,2,1,2,5,212,Hibernating
17571,United Kingdom,2010-06-15 12:50:00,2011-10-20 15:57:00,50,542,5,324,990,289,1629.66,0,0.0,0,1629.66,325.932,0.0,4,4,4,12,444,Champions
17572,United Kingdom,2009-12-15 10:00:00,2011-09-29 17:53:00,71,724,10,32,327,14,652.21,0,0.0,0,652.21,65.221,0.0,4,4,3,11,443,Loyal Customers
17573,United Kingdom,2011-09-07 10:36:00,2011-11-10 13:01:00,29,93,3,25,308,24,380.6,1,17.700000000000003,6,362.90000000000003,126.86666666666667,4.650551760378351,5,3,2,10,532,Potential Loyalists
17574,United Kingdom,2011-04-11 09:47:00,2011-04-11 09:47:00,242,242,1,8,77,8,185.65,0,0.0,0,185.65,185.65,0.0,2,1,1,4,211,Hibernating
17575,United Kingdom,2010-02-10 13:48:00,2010-02-10 13:48:00,667,667,1,5,72,5,171.7,0,0.0,0,171.7,171.7,0.0,1,1,1,3,111,Hibernating
17576,United Kingdom,2009-12-03 16:54:00,2011-12-01 17:56:00,8,736,41,887,4572,416,8705.6,4,171.15,45,8534.45,212.33170731707318,1.9659759235434664,5,5,5,15,555,Champions
17577,United Kingdom,2010-02-09 10:10:00,2010-03-04 13:01:00,645,668,2,21,179,20,348.75,0,0.0,0,348.75,174.375,0.0,1,2,2,5,122,Hibernating
17578,United Kingdom,2010-06-28 11:55:00,2011-05-05 18:38:00,218,529,7,65,529,57,1047.33,3,43.599999999999994,58,1003.7299999999999,149.6185714285714,4.162966782198542,2,4,3,9,243,At Risk
17579,United Kingdom,2010-05-10 14:28:00,2011-12-05 12:28:00,4,578,4,94,375,89,753.28,1,8.7,2,744.5799999999999,188.32,1.154949022939677,5,3,3,11,533,Potential Loyalists
17580,United Kingdom,2010-10-13 14:28:00,2011-04-01 12:41:00,252,422,5,93,222,77,538.07,0,0.0,0,538.07,107.614,0.0,2,4,2,8,242,At Risk
17581,United Kingdom,2009-12-03 12:34:00,2011-12-09 12:21:00,0,736,43,811,9519,387,17951.17,9,407.18,92,17543.989999999998,417.4690697674418,2.2682644083923225,5,5,5,15,555,Champions
17582,United Kingdom,2010-03-26 12:23:00,2011-04-17 13:18:00,236,623,5,122,603,92,1446.95,1,17.0,2,1429.95,289.39,1.174885103148001,2,4,4,10,244,At Risk
17583,United Kingdom,2010-05-28 14:24:00,2010-05-28 14:24:00,560,560,1,7,55,7,135.95,0,0.0,0,135.95,135.95,0.0,1,1,1,3,111,Hibernating
17584,United Kingdom,2010-01-25 08:17:00,2011-12-02 17:12:00,7,683,6,124,2464,85,5309.42,1,15.0,12,5294.42,884.9033333333333,0.2825167344079014,5,4,5,14,545,Champions
17585,United Kingdom,2010-08-18 16:39:00,2011-08-22 13:30:00,109,478,7,384,2510,295,2064.71,0,0.0,0,2064.71,294.9585714285714,0.0,3,4,4,11,344,Loyal Customers
17586,United Kingdom,2010-03-30 13:12:00,2010-03-30 13:12:00,619,619,1,8,68,8,167.4,0,0.0,0,167.4,167.4,0.0,1,1,1,3,111,Hibernating
17587,United Kingdom,2010-03-21 14:16:00,2010-03-21 14:16:00,628,628,1,41,66,41,173.76,0,0.0,0,173.76,173.76,0.0,1,1,1,3,111,Hibernating
17588,United Kingdom,2010-03-12 12:34:00,2011-08-31 13:37:00,100,637,7,71,1379,35,2939.55,2,37.9,12,2901.65,419.9357142857143,1.289312990083516,3,4,5,12,345,Loyal Customers
17589,United Kingdom,2010-03-07 13:48:00,2011-10-10 16:58:00,60,642,18,1299,8661,600,13806.27,3,145.05,52,13661.220000000001,767.015,1.0506096143274035,4,5,5,14,455,Champions
17590,United Kingdom,2011-10-30 14:05:00,2011-12-07 12:55:00,2,40,3,195,821,161,1466.77,0,0.0,0,1466.77,488.92333333333335,0.0,5,3,4,12,534,Potential Loyalists
17591,United Kingdom,2010-01-17 16:09:00,2011-09-27 13:42:00,73,691,8,176,1028,93,2339.32,1,10.95,1,2328.3700000000003,292.415,0.46808474257476523,4,4,4,12,444,Champions
17592,United Kingdom,2009-12-01 10:49:00,2009-12-01 10:49:00,738,738,1,13,38,13,148.3,1,148.3,38,0.0,148.3,100.0,1,1,1,3,111,Hibernating
17593,United Kingdom,2009-12-04 14:35:00,2011-12-06 10:30:00,3,735,11,408,5595,311,8092.32,4,51.800000000000004,20,8040.5199999999995,735.6654545454545,0.6401130948850269,5,5,5,15,555,Champions
17594,United Kingdom,2010-04-14 08:53:00,2011-09-15 16:34:00,85,604,4,104,1368,70,2497.88,0,0.0,0,2497.88,624.47,0.0,4,3,4,11,434,Potential Loyalists
17595,United Kingdom,2011-11-02 16:19:00,2011-11-27 16:08:00,12,37,2,82,228,68,386.69,0,0.0,0,386.69,193.345,0.0,5,2,2,9,522,Potential Loyalists
17596,United Kingdom,2009-12-15 13:21:00,2011-11-16 14:11:00,23,724,13,486,7010,274,4491.46,1,13.35,7,4478.11,345.49692307692305,0.29723074456858123,5,5,5,15,555,Champions
17597,United Kingdom,2010-05-05 15:33:00,2011-05-10 11:54:00,213,583,5,128,2215,109,3484.09,2,58.8,10,3425.29,696.818,1.6876716732346178,2,4,5,11,245,At Risk
17598,United Kingdom,2010-11-23 17:43:00,2010-11-23 17:43:00,381,381,1,10,126,10,409.98,0,0.0,0,409.98,409.98,0.0,1,1,2,4,112,Hibernating
17599,United Kingdom,2010-08-19 12:50:00,2010-08-19 12:50:00,477,477,1,3,11,3,52.05,2,7.5,2,44.55,52.05,14.409221902017292,1,1,1,3,111,Hibernating
17600,United Kingdom,2011-11-22 09:43:00,2011-11-22 09:43:00,17,17,1,13,144,13,161.67000000000002,0,0.0,0,161.67000000000002,161.67000000000002,0.0,5,1,1,7,511,New Customers
17601,United Kingdom,2010-11-24 14:29:00,2011-04-14 18:02:00,239,380,2,71,294,68,412.65999999999997,0,0.0,0,412.65999999999997,206.32999999999998,0.0,2,2,2,6,222,Hibernating
17602,United Kingdom,2010-03-30 17:25:00,2011-12-07 13:53:00,2,619,14,909,5880,450,7354.43,4,113.7,22,7240.7300000000005,525.3164285714286,1.546006964509826,5,5,5,15,555,Champions
17603,United Kingdom,2009-12-10 09:44:00,2011-09-22 14:18:00,78,729,4,106,638,104,1788.38,4,117.2,26,1671.18,447.095,6.553417059014303,4,3,4,11,434,Potential Loyalists
17604,United Kingdom,2010-01-27 12:19:00,2011-05-06 13:43:00,217,681,6,208,614,142,942.38,0,0.0,0,942.38,157.06333333333333,0.0,2,4,3,9,243,At Risk
17605,United Kingdom,2010-04-28 14:45:00,2010-04-28 14:45:00,590,590,1,13,71,13,160.75,0,0.0,0,160.75,160.75,0.0,1,1,1,3,111,Hibernating
17606,United Kingdom,2009-12-02 13:32:00,2009-12-02 13:32:00,737,737,1,6,42,6,87.30000000000001,0,0.0,0,87.30000000000001,87.30000000000001,0.0,1,1,1,3,111,Hibernating
17607,United Kingdom,2010-11-28 13:11:00,2010-11-28 13:11:00,376,376,1,22,269,22,333.81,0,0.0,0,333.81,333.81,0.0,1,1,2,4,112,Hibernating
17608,United Kingdom,2010-04-11 13:37:00,2011-11-06 13:06:00,33,607,4,159,528,134,488.06,0,0.0,0,488.06,122.015,0.0,4,3,2,9,432,Potential Loyalists
17609,United Kingdom,2010-04-09 16:54:00,2011-10-30 12:28:00,40,609,11,382,1282,316,1875.36,3,135.35,77,1740.01,170.4872727272727,7.217280948724511,4,5,4,13,454,Champions
17610,United Kingdom,2009-12-06 16:07:00,2010-06-17 16:34:00,540,733,5,154,893,114,1511.94,3,101.65,20,1410.29,302.38800000000003,6.723150389565724,1,4,4,9,144,At Risk
17611,United Kingdom,2009-12-01 13:29:00,2011-12-02 13:29:00,7,738,28,1111,5291,721,8287.53,6,137.6,23,8149.93,295.9832142857143,1.6603258148085134,5,5,5,15,555,Champions
17612,United Kingdom,2009-12-17 11:59:00,2011-10-17 14:59:00,53,722,18,340,3521,213,5394.86,13,226.57999999999998,57,5168.28,299.71444444444444,4.199923631011741,4,5,5,14,455,Champions
17613,United Kingdom,2011-02-07 11:20:00,2011-11-17 10:51:00,22,305,14,306,2490,211,4544.55,3,49.78,26,4494.77,324.6107142857143,1.0953779802180632,5,5,5,15,555,Champions
17614,United Kingdom,2011-10-13 16:01:00,2011-10-13 16:01:00,57,57,1,98,235,97,386.32,0,0.0,0,386.32,386.32,0.0,4,1,2,7,412,Promising Customers
17615,United Kingdom,2010-08-11 12:54:00,2011-08-01 14:06:00,130,485,6,56,378,47,721.8000000000001,1,7.5,6,714.3000000000001,120.30000000000001,1.0390689941812135,3,4,3,10,343,Loyal Customers
17616,United Kingdom,2010-09-14 10:43:00,2011-06-19 10:11:00,173,451,4,4,288,1,734.4,0,0.0,0,734.4,183.6,0.0,3,3,3,9,333,Need Attention
17617,United Kingdom,2010-05-30 12:48:00,2010-05-30 12:48:00,558,558,1,18,249,18,385.19,1,158.05,29,227.14,385.19,41.03169864222851,1,1,1,3,111,Hibernating
17618,United Kingdom,2010-01-24 11:03:00,2011-12-04 11:50:00,5,684,11,357,1798,202,4001.64,2,25.3,5,3976.3399999999997,363.7854545454545,0.6322407812796754,5,5,5,15,555,Champions
17619,United Kingdom,2011-01-31 14:18:00,2011-01-31 14:18:00,312,312,1,74,124,71,214.37,0,0.0,0,214.37,214.37,0.0,2,1,1,4,211,Hibernating
17620,United Kingdom,2011-10-11 12:08:00,2011-10-11 12:08:00,59,59,1,4,60,4,81.44,0,0.0,0,81.44,81.44,0.0,4,1,1,6,411,Promising Customers
17621,United Kingdom,2010-10-04 09:37:00,2011-11-18 17:11:00,21,431,6,66,1110,61,3175.12,2,145.8,16,3029.3199999999997,529.1866666666666,4.591952430144373,5,4,5,14,545,Champions
17622,United Kingdom,2010-04-20 13:38:00,2010-04-21 12:36:00,597,598,2,38,379,19,1130.21,1,5.04,12,1125.17,565.105,0.44593482627122394,1,2,3,6,123,Hibernating
17623,United Kingdom,2009-12-14 14:36:00,2011-11-07 11:32:00,32,725,7,194,799,130,2365.77,0,0.0,0,2365.77,337.96714285714285,0.0,4,4,4,12,444,Champions
17624,United Kingdom,2009-12-20 12:35:00,2011-11-25 10:52:00,14,719,4,97,958,91,1568.63,0,0.0,0,1568.63,392.1575,0.0,5,3,4,12,534,Potential Loyalists
17625,United Kingdom,2009-12-15 11:49:00,2011-11-21 13:36:00,18,724,8,683,3505,429,5978.9,0,0.0,0,5978.9,747.3625,0.0,5,4,5,14,545,Champions
17626,United Kingdom,2010-04-16 12:15:00,2010-04-16 12:15:00,602,602,1,18,202,18,254.0,0,0.0,0,254.0,254.0,0.0,1,1,1,3,111,Hibernating
17627,United Kingdom,2010-08-18 11:27:00,2010-08-18 11:27:00,478,478,1,10,676,10,296.36,1,11.25,3,285.11,296.36,3.79605884734782,1,1,2,4,112,Hibernating
17628,United Kingdom,2011-09-19 15:21:00,2011-09-19 15:21:00,81,81,1,5,79,5,75.75,0,0.0,0,75.75,75.75,0.0,4,1,1,6,411,Promising Customers
17629,United Kingdom,2010-10-14 13:35:00,2011-12-04 10:56:00,5,421,10,156,1903,129,2455.52,1,30.0,8,2425.52,245.552,1.22173714732521,5,4,4,13,544,Champions
17630,United Kingdom,2011-04-21 14:03:00,2011-06-23 11:58:00,169,232,2,26,158,24,503.6,0,0.0,0,503.6,251.8,0.0,3,2,2,7,322,Need Attention
17631,United Kingdom,2009-12-09 14:15:00,2011-12-08 09:47:00,1,730,7,69,591,66,998.49,0,0.0,0,998.49,142.64142857142858,0.0,5,4,3,12,543,Loyal Customers
17633,United Kingdom,2010-11-15 14:55:00,2011-11-08 13:25:00,31,389,7,101,899,84,2057.39,2,82.5,14,1974.8899999999999,293.91285714285715,4.009934917541156,4,4,4,12,444,Champions
17634,United Kingdom,2011-01-06 12:45:00,2011-11-03 13:09:00,36,337,9,296,838,209,2358.59,0,0.0,0,2358.59,262.0655555555556,0.0,4,4,4,12,444,Champions
17635,United Kingdom,2010-04-28 10:51:00,2010-10-11 15:12:00,424,590,3,74,770,60,1265.58,1,8.75,7,1256.83,421.85999999999996,0.6913826071840579,1,3,4,8,134,At Risk
17636,United Kingdom,2011-11-20 14:40:00,2011-11-20 14:40:00,19,19,1,20,182,20,285.56,1,19.630000000000003,6,265.93,285.56,6.8742120745202415,5,1,1,7,511,New Customers
17637,United Kingdom,2011-08-16 13:25:00,2011-11-08 12:51:00,31,115,2,35,280,35,547.0600000000001,0,0.0,0,547.0600000000001,273.53000000000003,0.0,4,2,2,8,422,Potential Loyalists
17638,United Kingdom,2009-12-18 09:58:00,2010-03-02 14:32:00,647,721,2,3,432,2,842.4000000000001,0,0.0,0,842.4000000000001,421.20000000000005,0.0,1,2,3,6,123,Hibernating
17639,United Kingdom,2010-08-13 11:59:00,2011-03-08 15:22:00,276,483,6,79,576,59,615.17,0,0.0,0,615.17,102.52833333333332,0.0,2,4,3,9,243,At Risk
17640,United Kingdom,2010-03-23 09:15:00,2011-09-14 09:13:00,86,626,6,66,1692,48,3168.94,2,61.35,21,3107.59,528.1566666666666,1.9359785922106445,4,4,5,13,445,Champions
17642,United Kingdom,2009-12-05 16:01:00,2011-08-12 09:11:00,119,734,5,108,1475,88,1824.49,0,0.0,0,1824.49,364.898,0.0,3,4,4,11,344,Loyal Customers
17643,United Kingdom,2010-07-22 13:07:00,2010-12-01 14:38:00,373,505,2,31,226,30,439.7,0,0.0,0,439.7,219.85,0.0,1,2,2,5,122,Hibernating
17644,United Kingdom,2010-02-16 08:44:00,2011-12-08 13:43:00,1,661,20,327,3469,160,6028.6,8,164.06,59,5864.54,301.43,2.721361510135023,5,5,5,15,555,Champions
17646,United Kingdom,2009-12-16 09:37:00,2011-05-04 13:17:00,219,723,12,196,1308,124,3898.79,4,55.63,9,3843.16,324.89916666666664,1.4268529466834583,2,5,5,12,255,At Risk
17647,United Kingdom,2010-02-08 14:39:00,2011-10-05 15:38:00,65,669,3,12,82,12,331.65999999999997,0,0.0,0,331.65999999999997,110.55333333333333,0.0,4,3,2,9,432,Potential Loyalists
17648,United Kingdom,2010-11-19 16:41:00,2011-10-10 09:41:00,60,385,5,125,954,114,2216.37,1,7.95,1,2208.42,443.274,0.3586946222877949,4,4,4,12,444,Champions
17649,United Kingdom,2010-08-24 13:01:00,2011-07-24 15:53:00,138,472,3,98,723,88,1578.89,2,36.45,7,1542.44,526.2966666666667,2.308583878547587,3,3,4,10,334,Need Attention
17650,United Kingdom,2011-11-18 14:52:00,2011-11-18 14:52:00,21,21,1,8,150,8,166.07999999999998,0,0.0,0,166.07999999999998,166.07999999999998,0.0,5,1,1,7,511,New Customers
17651,United Kingdom,2010-07-01 12:17:00,2011-11-28 10:29:00,11,526,16,332,4086,198,5703.52,5,68.47,18,5635.05,356.47,1.2004867169747804,5,5,5,15,555,Champions
17652,United Kingdom,2011-03-03 14:05:00,2011-11-14 12:55:00,25,281,12,259,2509,118,4867.72,6,130.59,30,4737.13,405.6433333333334,2.6827755088624654,5,5,5,15,555,Champions
17653,United Kingdom,2011-08-11 15:24:00,2011-11-03 12:46:00,36,120,4,44,1409,44,1207.56,1,31.68,8,1175.8799999999999,301.89,2.6234721256086653,4,3,3,10,433,Potential Loyalists
17654,United Kingdom,2011-03-07 13:17:00,2011-03-07 13:17:00,277,277,1,22,41,22,117.55,0,0.0,0,117.55,117.55,0.0,2,1,1,4,211,Hibernating
17655,United Kingdom,2010-10-19 10:20:00,2011-11-29 11:34:00,10,416,9,111,1268,75,2976.38,1,67.2,160,2909.1800000000003,330.7088888888889,2.257776224810004,5,4,5,14,545,Champions
17656,United Kingdom,2011-08-03 10:45:00,2011-09-27 13:04:00,73,128,5,82,1399,67,1674.69,0,0.0,0,1674.69,334.938,0.0,4,4,4,12,444,Champions
17657,United Kingdom,2010-10-05 14:52:00,2010-10-05 14:52:00,430,430,1,7,60,7,126.0,0,0.0,0,126.0,126.0,0.0,1,1,1,3,111,Hibernating
17658,United Kingdom,2011-05-12 15:23:00,2011-11-14 12:07:00,25,211,2,19,616,17,595.42,1,109.54,94,485.87999999999994,297.71,18.39709784689799,5,2,2,9,522,Potential Loyalists
17659,United Kingdom,2010-11-18 14:20:00,2011-11-22 13:29:00,17,386,14,192,1752,150,3586.9900000000002,3,50.66,40,3536.3300000000004,256.21357142857147,1.4123262122280795,5,5,5,15,555,Champions
17660,United Kingdom,2009-12-02 16:02:00,2011-07-21 13:37:00,141,737,2,82,259,75,342.22,0,0.0,0,342.22,171.11,0.0,3,2,2,7,322,Need Attention
17662,United Kingdom,2009-12-17 09:54:00,2010-02-16 09:38:00,661,722,2,15,184,14,412.92,0,0.0,0,412.92,206.46,0.0,1,2,2,5,122,Hibernating
17663,United Kingdom,2010-03-04 11:42:00,2011-11-14 08:56:00,25,645,17,238,2297,153,5175.83,6,94.79,29,5081.04,304.4605882352941,1.831397089935334,5,5,5,15,555,Champions
17664,United Kingdom,2010-03-29 17:17:00,2011-11-21 11:29:00,18,620,4,80,1058,68,1166.23,0,0.0,0,1166.23,291.5575,0.0,5,3,3,11,533,Potential Loyalists
17665,United Kingdom,2010-08-03 13:12:00,2010-08-03 13:12:00,493,493,1,19,690,19,563.1,0,0.0,0,563.1,563.1,0.0,1,1,2,4,112,Hibernating
17666,United Kingdom,2010-06-30 12:03:00,2011-12-06 09:06:00,3,527,5,44,1552,30,2047.8,0,0.0,0,2047.8,409.56,0.0,5,4,4,13,544,Champions
17667,United Kingdom,2010-02-23 09:57:00,2011-10-04 14:32:00,66,654,9,230,2192,140,3950.7,3,66.9,10,3883.7999999999997,438.96666666666664,1.693370795048979,4,4,5,13,445,Champions
17668,United Kingdom,2011-11-01 14:45:00,2011-12-08 13:25:00,1,38,2,15,93,14,347.75,0,0.0,0,347.75,173.875,0.0,5,2,2,9,522,Potential Loyalists
17669,United Kingdom,2010-04-01 18:48:00,2011-10-28 08:53:00,42,617,10,144,3505,85,6142.35,0,0.0,0,6142.35,614.235,0.0,4,4,5,13,445,Champions
17670,United Kingdom,2011-04-26 09:12:00,2011-04-26 09:12:00,227,227,1,11,110,11,205.7,0,0.0,0,205.7,205.7,0.0,2,1,1,4,211,Hibernating
17671,United Kingdom,2010-11-29 11:53:00,2011-11-24 12:21:00,15,375,5,75,987,54,2009.16,2,288.63,113,1720.5300000000002,401.832,14.365705070775848,5,4,4,13,544,Champions
17672,United Kingdom,2010-03-08 13:17:00,2011-10-20 14:18:00,50,641,6,205,2757,178,5663.74,2,71.55,18,5592.19,943.9566666666666,1.263299515867607,4,4,5,13,445,Champions
17673,United Kingdom,2010-03-19 14:02:00,2011-12-08 12:50:00,1,630,13,507,3284,195,4173.88,2,17.25,5,4156.63,321.0676923076923,0.4132845218357979,5,5,5,15,555,Champions
17674,United Kingdom,2010-12-06 10:20:00,2011-09-26 13:35:00,74,368,2,27,672,19,551.04,0,0.0,0,551.04,275.52,0.0,4,2,2,8,422,Potential Loyalists
17675,United Kingdom,2009-12-10 16:10:00,2011-12-08 18:03:00,1,729,70,1116,16180,345,37642.48,19,575.46,153,37067.020000000004,537.7497142857143,1.5287515594084131,5,5,5,15,555,Champions
17676,United Kingdom,2010-03-30 10:49:00,2011-12-05 15:16:00,4,619,10,148,1764,85,2448.64,2,38.91,65,2409.73,244.86399999999998,1.5890453476215367,5,4,4,13,544,Champions
17677,United Kingdom,2009-12-16 11:23:00,2011-12-08 09:56:00,1,723,54,685,20921,346,35058.46,36,825.11,189,34233.35,649.2307407407408,2.353526081864406,5,5,5,15,555,Champions
17678,United Kingdom,2010-04-15 13:54:00,2011-03-21 11:52:00,263,603,2,28,368,27,599.76,1,19.95,1,579.81,299.88,3.3263305322128853,2,2,2,6,222,Hibernating
17679,United Kingdom,2009-12-03 17:32:00,2011-10-18 07:43:00,52,736,7,81,1755,70,3577.61,4,411.05,341,3166.56,511.08714285714285,11.489513949256626,4,4,5,13,445,Champions
17680,United Kingdom,2010-07-16 16:07:00,2011-11-16 12:42:00,23,511,3,20,155,20,497.45000000000005,1,34.95,1,462.50000000000006,165.8166666666667,7.025831741883606,5,3,2,10,532,Potential Loyalists
17681,United Kingdom,2010-01-15 11:53:00,2010-04-21 17:22:00,597,693,5,14,450,12,731.2,1,201.6,96,529.6,146.24,27.571115973741794,1,4,2,7,142,At Risk
17682,United Kingdom,2010-03-08 09:49:00,2011-11-29 15:59:00,10,641,11,220,2281,85,4065.28,1,15.0,2,4050.28,369.5709090909091,0.3689782745591939,5,5,5,15,555,Champions
17683,United Kingdom,2010-06-03 17:15:00,2010-11-19 10:11:00,385,554,3,46,781,41,819.01,0,0.0,0,819.01,273.00333333333333,0.0,1,3,3,7,133,At Risk
17684,United Kingdom,2011-10-27 11:10:00,2011-10-27 11:10:00,43,43,1,15,145,15,239.41,0,0.0,0,239.41,239.41,0.0,4,1,1,6,411,Promising Customers
17685,United Kingdom,2010-02-11 13:44:00,2011-11-23 11:36:00,16,666,12,198,3474,124,5454.95,2,15.0,12,5439.95,454.57916666666665,0.27497960567924545,5,5,5,15,555,Champions
17686,United Kingdom,2010-06-24 09:49:00,2011-12-02 15:39:00,7,533,9,429,3583,283,8296.81,0,0.0,0,8296.81,921.8677777777777,0.0,5,4,5,14,545,Champions
17687,United Kingdom,2010-10-15 12:30:00,2010-10-15 12:30:00,420,420,1,26,210,26,432.68,0,0.0,0,432.68,432.68,0.0,1,1,2,4,112,Hibernating
17688,United Kingdom,2010-11-11 10:41:00,2010-11-11 10:41:00,393,393,1,19,114,19,304.2,1,17.700000000000003,6,286.5,304.2,5.81854043392505,1,1,2,4,112,Hibernating
17689,United Kingdom,2010-08-22 13:54:00,2010-11-16 13:22:00,388,474,2,22,300,17,317.08,0,0.0,0,317.08,158.54,0.0,1,2,2,5,122,Hibernating
17690,United Kingdom,2010-02-03 14:26:00,2011-11-09 15:17:00,30,674,20,360,2939,237,6963.8,1,9.5,6,6954.3,348.19,0.136419770814785,5,5,5,15,555,Champions
17691,United Kingdom,2010-06-11 11:50:00,2010-12-16 17:20:00,358,546,4,43,315,37,637.55,1,10.2,12,627.3499999999999,159.3875,1.599874519645518,2,3,3,8,233,At Risk
17692,United Kingdom,2010-06-17 11:14:00,2011-08-04 14:01:00,127,540,12,161,2290,89,2960.44,2,13.4,8,2947.04,246.70333333333335,0.452635419059329,3,5,5,13,355,Loyal Customers
17693,United Kingdom,2011-07-25 15:48:00,2011-07-25 15:48:00,137,137,1,16,231,16,200.47,2,13.45,2,187.02,200.47,6.709233301740909,3,1,1,5,311,Regular Customers
17694,United Kingdom,2010-05-26 08:27:00,2011-07-21 12:00:00,141,562,3,81,1493,54,1695.97,0,0.0,0,1695.97,565.3233333333334,0.0,3,3,4,10,334,Need Attention
17695,United Kingdom,2010-01-28 09:27:00,2011-07-31 10:40:00,131,680,5,61,1809,46,1746.04,1,25.5,6,1720.54,349.20799999999997,1.46044764152024,3,4,4,11,344,Loyal Customers
17696,United Kingdom,2009-12-10 17:09:00,2011-11-01 13:43:00,38,729,27,365,5891,191,7679.59,21,298.7,142,7380.89,284.42925925925925,3.8895305608762967,4,5,5,14,455,Champions
17697,United Kingdom,2011-04-17 15:40:00,2011-04-17 15:40:00,236,236,1,19,93,19,338.95,0,0.0,0,338.95,338.95,0.0,2,1,2,5,212,Hibernating
17698,United Kingdom,2011-03-24 11:34:00,2011-03-24 11:34:00,260,260,1,8,93,8,154.95,0,0.0,0,154.95,154.95,0.0,2,1,1,4,211,Hibernating
17699,United Kingdom,2010-05-27 11:53:00,2010-08-20 09:39:00,476,561,2,19,208,17,442.0,0,0.0,0,442.0,221.0,0.0,1,2,2,5,122,Hibernating
17700,United Kingdom,2009-12-01 11:37:00,2011-11-23 11:51:00,16,738,14,360,3469,259,6679.97,3,39.25,7,6640.72,477.1407142857143,0.58757748912046,5,5,5,15,555,Champions
17701,United Kingdom,2011-04-01 12:25:00,2011-04-01 12:25:00,252,252,1,24,109,24,417.95,0,0.0,0,417.95,417.95,0.0,2,1,2,5,212,Hibernating
17702,United Kingdom,2010-11-04 12:09:00,2011-11-09 16:03:00,30,400,6,153,2153,120,3144.04,3,144.1,38,2999.94,524.0066666666667,4.583275021946285,5,4,5,14,545,Champions
17703,United Kingdom,2010-10-17 16:16:00,2011-11-04 15:51:00,35,418,4,78,897,63,1094.84,0,0.0,0,1094.84,273.71,0.0,4,3,3,10,433,Potential Loyalists
17704,United Kingdom,2011-04-14 09:28:00,2011-06-24 09:40:00,168,239,2,31,343,27,885.19,0,0.0,0,885.19,442.595,0.0,3,2,3,8,323,Need Attention
17705,United Kingdom,2010-05-12 09:47:00,2011-12-06 13:45:00,3,576,11,120,1301,74,2083.9,1,42.4,6,2041.5,189.44545454545457,2.034646576131292,5,5,4,14,554,Champions
17706,United Kingdom,2010-01-19 12:13:00,2011-12-05 13:34:00,4,689,31,737,7824,408,20272.15,12,1206.08,197,19066.07,653.9403225806452,5.949442954989973,5,5,5,15,555,Champions
17707,United Kingdom,2009-12-07 12:19:00,2011-06-07 15:03:00,185,732,8,24,546,9,609.3,1,4.25,1,605.05,76.1625,0.6975217462662071,2,4,3,9,243,At Risk
17708,United Kingdom,2010-10-12 12:13:00,2011-06-05 10:12:00,187,423,4,73,387,57,884.1800000000001,0,0.0,0,884.1800000000001,221.04500000000002,0.0,2,3,3,8,233,At Risk
17709,United Kingdom,2010-04-15 14:48:00,2011-06-23 11:55:00,169,603,5,40,295,37,671.01,0,0.0,0,671.01,134.202,0.0,3,4,3,10,343,Loyal Customers
17710,United Kingdom,2010-10-12 07:49:00,2010-10-12 07:49:00,423,423,1,20,158,20,293.5,0,0.0,0,293.5,293.5,0.0,1,1,2,4,112,Hibernating
17711,United Kingdom,2011-02-23 11:32:00,2011-11-29 11:40:00,10,289,2,23,246,22,385.1,0,0.0,0,385.1,192.55,0.0,5,2,2,9,522,Potential Loyalists
17712,United Kingdom,2011-10-26 12:28:00,2011-10-26 12:28:00,44,44,1,29,215,29,522.91,0,0.0,0,522.91,522.91,0.0,4,1,2,7,412,Promising Customers
17713,United Kingdom,2010-06-09 09:33:00,2010-11-22 16:50:00,382,548,4,76,989,55,1198.09,0,0.0,0,1198.09,299.5225,0.0,1,3,4,8,134,At Risk
17714,United Kingdom,2010-07-14 10:41:00,2011-01-23 10:32:00,320,513,5,81,608,69,1410.18,4,33.6,18,1376.5800000000002,282.036,2.382674552184828,2,4,4,10,244,At Risk
17715,United Kingdom,2010-04-26 12:17:00,2011-05-23 12:32:00,200,592,2,2,576,1,489.59999999999997,0,0.0,0,489.59999999999997,244.79999999999998,0.0,2,2,2,6,222,Hibernating
17716,United Kingdom,2009-12-02 17:18:00,2011-11-17 12:00:00,22,737,24,601,8819,334,15956.970000000001,3,285.65,115,15671.320000000002,664.8737500000001,1.790126822322784,5,5,5,15,555,Champions
17717,United Kingdom,2010-10-14 12:54:00,2010-10-14 12:54:00,421,421,1,26,344,26,376.92,0,0.0,0,376.92,376.92,0.0,1,1,2,4,112,Hibernating
17718,United Kingdom,2010-03-05 08:01:00,2011-04-21 13:39:00,232,644,2,23,274,22,439.18,1,52.2,36,386.98,219.59,11.885787148777267,2,2,2,6,222,Hibernating
17719,United Kingdom,2011-03-29 11:29:00,2011-11-02 10:36:00,37,255,15,274,2466,111,5396.04,3,28.240000000000002,11,5367.8,359.736,0.523346750580055,4,5,5,14,455,Champions
17720,United Kingdom,2010-05-10 09:58:00,2011-11-13 15:04:00,26,578,10,132,1589,81,2666.91,2,53.849999999999994,5,2613.06,266.691,2.0191907488441676,5,4,4,13,544,Champions
17721,United Kingdom,2010-02-18 15:18:00,2010-02-18 15:18:00,659,659,1,11,107,11,307.21000000000004,0,0.0,0,307.21000000000004,307.21000000000004,0.0,1,1,2,4,112,Hibernating
17722,United Kingdom,2010-11-29 09:44:00,2011-09-04 15:22:00,96,375,5,174,2412,163,3520.2200000000003,2,43.4,23,3476.82,704.0440000000001,1.2328774906113822,3,4,5,12,345,Loyal Customers
17723,United Kingdom,2010-11-29 10:35:00,2011-08-04 18:37:00,127,375,7,12,912,6,3378.4000000000005,0,0.0,0,3378.4000000000005,482.6285714285715,0.0,3,4,5,12,345,Loyal Customers
17724,United Kingdom,2011-07-24 13:26:00,2011-09-29 15:26:00,71,138,3,40,300,38,1033.0,1,37.35,11,995.65,344.3333333333333,3.6156824782187806,4,3,3,10,433,Potential Loyalists
17725,United Kingdom,2011-03-17 19:47:00,2011-11-23 16:34:00,16,267,11,192,2162,115,3439.08,3,67.95,21,3371.13,312.64363636363635,1.9758191144143202,5,5,5,15,555,Champions
17726,United Kingdom,2010-01-26 14:58:00,2010-11-09 13:37:00,395,682,7,64,444,52,1092.06,1,2.5,2,1089.56,156.00857142857143,0.22892515063274912,1,4,3,8,143,At Risk
17727,United Kingdom,2011-11-24 17:06:00,2011-11-24 17:06:00,15,15,1,66,645,66,1060.25,1,17.700000000000003,6,1042.55,1060.25,1.6694175901909931,5,1,3,9,513,New Customers
17728,United Kingdom,2010-09-12 14:58:00,2011-12-06 08:52:00,3,453,5,244,2146,196,4238.76,2,32.6,8,4206.16,847.7520000000001,0.7690928479083505,5,4,5,14,545,Champions
17729,United Kingdom,2010-04-22 15:03:00,2010-04-22 15:03:00,596,596,1,23,247,23,438.65000000000003,0,0.0,0,438.65000000000003,438.65000000000003,0.0,1,1,2,4,112,Hibernating
17730,United Kingdom,2010-04-29 11:48:00,2011-12-06 15:43:00,3,589,20,314,5300,177,7773.8,3,16.45,17,7757.35,388.69,0.21160822249093109,5,5,5,15,555,Champions
17731,United Kingdom,2010-02-09 12:37:00,2011-09-21 15:02:00,79,668,6,99,707,82,1708.99,1,361.90999999999997,101,1347.08,284.83166666666665,21.176835440815918,4,4,4,12,444,Champions
17732,United Kingdom,2010-08-09 08:41:00,2010-12-02 09:29:00,372,487,8,122,1058,90,2166.42,2,22.25,6,2144.17,270.8025,1.0270400014770913,1,4,4,9,144,At Risk
17733,United Kingdom,2011-03-23 09:54:00,2011-11-01 08:16:00,38,261,2,35,463,33,692.19,0,0.0,0,692.19,346.095,0.0,4,2,3,9,423,Potential Loyalists
17734,United Kingdom,2010-03-07 13:55:00,2011-10-17 12:33:00,53,642,6,86,741,76,1442.32,0,0.0,0,1442.32,240.38666666666666,0.0,4,4,4,12,444,Champions
17735,United Kingdom,2010-07-30 13:25:00,2011-12-07 16:47:00,2,497,26,874,10683,391,16790.33,3,82.35,29,16707.980000000003,645.7819230769231,0.4904608783746358,5,5,5,15,555,Champions
17736,United Kingdom,2011-08-18 14:33:00,2011-11-30 15:36:00,9,113,3,25,238,24,377.44,1,39.95,1,337.49,125.81333333333333,10.584463755828741,5,3,2,10,532,Potential Loyalists
17737,United Kingdom,2011-10-12 14:42:00,2011-11-30 15:16:00,9,58,2,10,108,8,168.24,0,0.0,0,168.24,84.12,0.0,5,2,1,8,521,Potential Loyalists
17738,United Kingdom,2010-03-19 10:07:00,2011-11-20 15:05:00,19,630,13,230,2776,173,4183.56,2,38.2,8,4145.360000000001,321.81230769230774,0.9130979357293787,5,5,5,15,555,Champions
17739,United Kingdom,2009-12-07 10:48:00,2011-11-28 09:12:00,11,732,18,149,2335,56,7730.59,2,12.450000000000001,8,7718.14,429.4772222222222,0.16104850988087585,5,5,5,15,555,Champions
17740,United Kingdom,2010-01-11 13:11:00,2010-11-15 16:33:00,389,697,6,9,222,5,426.90000000000003,0,0.0,0,426.90000000000003,71.15,0.0,1,4,2,7,142,At Risk
17741,United Kingdom,2010-05-28 12:11:00,2010-10-29 11:59:00,406,560,2,6,114,6,101.1,0,0.0,0,101.1,50.55,0.0,1,2,1,4,121,Hibernating
17742,United Kingdom,2009-12-01 13:16:00,2011-08-18 15:28:00,113,738,11,85,653,52,2098.48,0,0.0,0,2098.48,190.7709090909091,0.0,3,5,4,12,354,Loyal Customers
17743,United Kingdom,2010-09-17 14:54:00,2010-09-17 14:54:00,448,448,1,3,96,3,229.2,1,20.349999999999998,13,208.85,229.2,8.87870855148342,1,1,1,3,111,Hibernating
17744,United Kingdom,2010-11-24 09:34:00,2011-12-06 12:11:00,3,380,7,151,3826,121,2649.14,0,0.0,0,2649.14,378.4485714285714,0.0,5,4,4,13,544,Champions
17745,United Kingdom,2010-06-02 09:03:00,2010-08-19 12:30:00,477,555,2,28,164,27,600.34,0,0.0,0,600.34,300.17,0.0,1,2,3,6,123,Hibernating
17746,United Kingdom,2010-04-08 12:54:00,2011-04-13 14:31:00,240,610,4,36,688,32,904.1800000000001,3,30.75,29,873.4300000000001,226.04500000000002,3.400871507885598,2,3,3,8,233,At Risk
17747,United Kingdom,2011-08-19 08:13:00,2011-08-19 08:13:00,112,112,1,1,12,1,71.4,1,6.75,1,64.65,71.4,9.453781512605042,3,1,1,5,311,Regular Customers
17748,United Kingdom,2010-06-30 13:49:00,2010-06-30 13:49:00,527,527,1,17,111,17,358.15,0,0.0,0,358.15,358.15,0.0,1,1,2,4,112,Hibernating
17749,United Kingdom,2010-06-11 14:56:00,2011-06-14 15:45:00,178,546,3,57,446,52,1026.18,0,0.0,0,1026.18,342.06,0.0,3,3,3,9,333,Need Attention
17750,United Kingdom,2011-06-28 15:44:00,2011-12-04 14:09:00,5,164,9,182,3696,100,1694.16,0,0.0,0,1694.16,188.24,0.0,5,4,4,13,544,Champions
17751,United Kingdom,2010-10-14 13:57:00,2010-10-14 13:57:00,421,421,1,32,147,31,157.85999999999999,0,0.0,0,157.85999999999999,157.85999999999999,0.0,1,1,1,3,111,Hibernating
17752,United Kingdom,2010-12-15 16:19:00,2010-12-15 16:19:00,359,359,1,1,192,1,80.64,0,0.0,0,80.64,80.64,0.0,2,1,1,4,211,Hibernating
17753,United Kingdom,2010-01-06 14:20:00,2010-09-01 15:49:00,464,702,4,69,124,63,382.06,1,2.5,2,379.56,95.515,0.6543474846882689,1,3,2,6,132,At Risk
17754,United Kingdom,2009-12-11 15:52:00,2011-12-09 11:20:00,0,728,13,223,4366,185,4451.22,3,68.14,67,4383.08,342.4015384615385,1.530816270595477,5,5,5,15,555,Champions
17756,United Kingdom,2010-11-10 12:54:00,2010-11-29 12:20:00,375,394,3,84,399,54,728.75,0,0.0,0,728.75,242.91666666666666,0.0,1,3,3,7,133,At Risk
17757,United Kingdom,2010-01-13 15:56:00,2011-12-08 15:31:00,1,695,56,1256,5010,361,9070.1,4,79.61,59,8990.49,161.96607142857144,0.8777190990176514,5,5,5,15,555,Champions
17758,United Kingdom,2010-05-20 13:18:00,2011-11-20 14:45:00,19,568,12,528,3199,403,4964.03,0,0.0,0,4964.03,413.6691666666666,0.0,5,5,5,15,555,Champions
17759,United Kingdom,2010-05-05 11:40:00,2011-11-22 16:02:00,17,583,5,132,964,113,1260.63,0,0.0,0,1260.63,252.12600000000003,0.0,5,4,4,13,544,Champions
17760,United Kingdom,2010-02-28 12:15:00,2011-11-18 10:56:00,21,649,6,67,531,58,746.39,1,7.25,1,739.14,124.39833333333333,0.9713420597810796,5,4,3,12,543,Loyal Customers
17761,United Kingdom,2011-11-07 10:23:00,2011-11-07 10:23:00,32,32,1,19,398,19,712.78,0,0.0,0,712.78,712.78,0.0,4,1,3,8,413,Promising Customers
17762,United Kingdom,2010-09-09 17:40:00,2010-09-09 17:40:00,456,456,1,17,129,16,129.75,0,0.0,0,129.75,129.75,0.0,1,1,1,3,111,Hibernating
17763,United Kingdom,2010-02-18 14:32:00,2011-03-21 14:25:00,263,659,4,14,41,11,86.15,1,35.0,14,51.150000000000006,21.5375,40.62681369704004,2,3,1,6,231,At Risk
17764,United Kingdom,2009-12-03 14:28:00,2011-10-20 11:03:00,50,736,5,149,674,126,1513.57,0,0.0,0,1513.57,302.714,0.0,4,4,4,12,444,Champions
17765,United Kingdom,2010-09-17 12:45:00,2011-07-04 12:41:00,158,448,4,81,195,71,524.0,0,0.0,0,524.0,131.0,0.0,3,3,2,8,332,Need Attention
17766,United Kingdom,2010-11-23 14:17:00,2010-11-23 14:29:00,381,381,2,22,155,21,299.61,0,0.0,0,299.61,149.805,0.0,1,2,2,5,122,Hibernating
17767,United Kingdom,2010-10-25 16:22:00,2011-11-24 14:42:00,15,410,2,39,198,35,413.05,0,0.0,0,413.05,206.525,0.0,5,2,2,9,522,Potential Loyalists
17768,United Kingdom,2009-12-02 12:26:00,2011-12-01 13:22:00,8,737,7,182,2339,134,3292.73,1,4.95,1,3287.78,470.39,0.15033118415418212,5,4,5,14,545,Champions
17769,United Kingdom,2010-01-19 11:33:00,2011-11-27 11:18:00,12,689,17,583,3157,330,7053.38,4,108.42,49,6944.96,414.90470588235297,1.53713538757305,5,5,5,15,555,Champions
17770,United Kingdom,2011-03-02 13:35:00,2011-05-25 12:34:00,198,282,5,38,365,33,1143.27,0,0.0,0,1143.27,228.654,0.0,2,4,3,9,243,At Risk
17771,United Kingdom,2010-04-29 13:21:00,2011-10-14 11:43:00,56,589,4,68,369,62,386.93,0,0.0,0,386.93,96.7325,0.0,4,3,2,9,432,Potential Loyalists
17772,United Kingdom,2010-11-12 11:31:00,2011-11-29 11:05:00,10,392,3,96,113,94,360.75,0,0.0,0,360.75,120.25,0.0,5,3,2,10,532,Potential Loyalists
17773,United Kingdom,2010-01-18 14:32:00,2010-07-13 14:07:00,514,690,2,55,254,48,575.37,0,0.0,0,575.37,287.685,0.0,1,2,2,5,122,Hibernating
17774,United Kingdom,2010-02-08 16:06:00,2011-09-04 12:49:00,96,669,9,396,1583,285,3272.83,2,13.44,2,3259.39,363.6477777777778,0.41065377670089803,3,4,5,12,345,Loyal Customers
17775,United Kingdom,2011-03-30 10:50:00,2011-03-30 10:50:00,254,254,1,3,72,3,56.4,0,0.0,0,56.4,56.4,0.0,2,1,1,4,211,Hibernating
17776,United Kingdom,2009-12-16 14:59:00,2010-11-18 12:14:00,386,723,2,79,270,73,329.3,1,6.75,1,322.55,164.65,2.0498026116003643,1,2,2,5,122,Hibernating
17777,United Kingdom,2011-08-31 14:35:00,2011-11-15 12:02:00,24,100,3,190,501,141,647.56,0,0.0,0,647.56,215.85333333333332,0.0,5,3,3,11,533,Potential Loyalists
17778,United Kingdom,2010-02-16 12:44:00,2010-02-16 12:44:00,661,661,1,10,214,10,197.70000000000002,0,0.0,0,197.70000000000002,197.70000000000002,0.0,1,1,1,3,111,Hibernating
17779,United Kingdom,2011-07-19 12:19:00,2011-11-18 14:15:00,21,143,3,81,396,73,650.32,2,16.4,3,633.9200000000001,216.77333333333334,2.5218354041087463,5,3,3,11,533,Potential Loyalists
17780,United Kingdom,2010-01-24 11:21:00,2010-02-10 13:43:00,667,684,3,79,156,76,346.56,0,0.0,0,346.56,115.52,0.0,1,3,2,6,132,At Risk
17781,United Kingdom,2011-03-31 19:54:00,2011-07-03 16:00:00,159,253,2,12,34,12,188.02,0,0.0,0,188.02,94.01,0.0,3,2,1,6,321,Need Attention
17782,United Kingdom,2010-11-22 10:03:00,2010-11-22 11:15:00,382,382,2,29,538,29,679.02,0,0.0,0,679.02,339.51,0.0,1,2,3,6,123,Hibernating
17783,United Kingdom,2010-07-15 12:50:00,2011-09-28 16:07:00,72,512,3,91,438,91,376.96,0,0.0,0,376.96,125.65333333333332,0.0,4,3,2,9,432,Potential Loyalists
17784,United Kingdom,2010-06-07 16:08:00,2010-06-07 16:08:00,550,550,1,23,72,19,112.86,0,0.0,0,112.86,112.86,0.0,1,1,1,3,111,Hibernating
17785,United Kingdom,2010-05-23 13:01:00,2011-10-17 13:43:00,53,565,3,51,227,48,403.38,0,0.0,0,403.38,134.46,0.0,4,3,2,9,432,Potential Loyalists
17786,United Kingdom,2011-01-26 14:35:00,2011-09-15 12:51:00,85,317,2,68,195,57,266.85,0,0.0,0,266.85,133.425,0.0,4,2,1,7,421,Potential Loyalists
17787,United Kingdom,2010-12-03 13:43:00,2011-07-10 11:24:00,152,371,4,128,896,94,1817.54,0,0.0,0,1817.54,454.385,0.0,3,3,4,10,334,Need Attention
17788,United Kingdom,2011-08-02 10:38:00,2011-09-27 10:09:00,73,129,2,4,210,2,1112.95,0,0.0,0,1112.95,556.475,0.0,4,2,3,9,423,Potential Loyalists
17789,United Kingdom,2010-02-16 13:16:00,2011-03-03 13:14:00,281,661,2,29,199,27,397.15,0,0.0,0,397.15,198.575,0.0,2,2,2,6,222,Hibernating
17790,United Kingdom,2010-06-13 13:30:00,2011-11-13 11:30:00,26,544,20,302,1387,188,2779.41,0,0.0,0,2779.41,138.9705,0.0,5,5,4,14,554,Champions
17791,United Kingdom,2011-11-10 12:09:00,2011-11-10 12:09:00,29,29,1,10,46,10,106.1,0,0.0,0,106.1,106.1,0.0,5,1,1,7,511,New Customers
17792,United Kingdom,2010-08-18 13:08:00,2010-08-29 14:30:00,467,478,2,52,149,45,368.35,0,0.0,0,368.35,184.175,0.0,1,2,2,5,122,Hibernating
17793,United Kingdom,2011-11-14 14:24:00,2011-11-14 14:24:00,25,25,1,52,226,49,300.34,0,0.0,0,300.34,300.34,0.0,5,1,2,8,512,New Customers
17794,United Kingdom,2010-01-20 12:17:00,2010-01-22 10:18:00,686,688,2,7,46,7,147.3,0,0.0,0,147.3,73.65,0.0,1,2,1,4,121,Hibernating
17795,United Kingdom,2011-03-20 12:02:00,2011-06-13 12:36:00,179,264,2,45,305,43,342.83,0,0.0,0,342.83,171.415,0.0,3,2,2,7,322,Need Attention
17796,United Kingdom,2010-10-14 13:37:00,2011-10-30 15:38:00,40,421,7,203,347,149,1236.39,0,0.0,0,1236.39,176.62714285714287,0.0,4,4,4,12,444,Champions
17797,United Kingdom,2009-12-15 14:30:00,2011-11-17 13:21:00,22,724,8,271,1086,222,1971.8700000000001,0,0.0,0,1971.8700000000001,246.48375000000001,0.0,5,4,4,13,544,Champions
17798,United Kingdom,2010-05-07 11:42:00,2010-05-07 11:42:00,581,581,1,44,136,42,172.17,0,0.0,0,172.17,172.17,0.0,1,1,1,3,111,Hibernating
17799,United Kingdom,2009-12-13 16:03:00,2011-11-17 15:16:00,22,726,20,904,3674,478,6246.93,3,125.14999999999999,15,6121.780000000001,312.3465,2.003384062251378,5,5,5,15,555,Champions
17800,United Kingdom,2011-01-09 13:50:00,2011-11-02 12:57:00,37,334,9,102,731,50,1186.21,0,0.0,0,1186.21,131.8011111111111,0.0,4,4,4,12,444,Champions
17801,United Kingdom,2010-01-17 11:31:00,2010-09-14 14:32:00,451,691,3,81,820,66,770.03,1,2.55,3,767.48,256.6766666666667,0.33115592898977964,1,3,3,7,133,At Risk
17802,United Kingdom,2009-12-13 13:39:00,2011-09-18 14:56:00,82,726,10,524,2705,283,4946.22,6,137.28,31,4808.9400000000005,494.622,2.7754527699940557,4,4,5,13,445,Champions
17803,United Kingdom,2010-11-12 13:53:00,2010-11-12 13:53:00,392,392,1,27,98,27,184.66,0,0.0,0,184.66,184.66,0.0,1,1,1,3,111,Hibernating
17804,United Kingdom,2009-12-01 12:22:00,2010-11-28 14:01:00,376,738,3,91,194,82,383.78000000000003,0,0.0,0,383.78000000000003,127.92666666666668,0.0,1,3,2,6,132,At Risk
17805,United Kingdom,2010-04-08 14:36:00,2011-09-27 11:49:00,73,610,2,11,1126,10,927.03,0,0.0,0,927.03,463.515,0.0,4,2,3,9,423,Potential Loyalists
17806,United Kingdom,2011-11-28 14:12:00,2011-11-28 14:12:00,11,11,1,43,727,43,546.04,0,0.0,0,546.04,546.04,0.0,5,1,2,8,512,New Customers
17807,United Kingdom,2010-01-04 14:00:00,2010-11-09 16:21:00,395,704,3,89,262,88,437.87,0,0.0,0,437.87,145.95666666666668,0.0,1,3,2,6,132,At Risk
17808,United Kingdom,2010-05-07 16:26:00,2010-06-09 10:44:00,548,581,4,33,143,29,262.64,0,0.0,0,262.64,65.66,0.0,1,3,1,5,131,At Risk
17809,United Kingdom,2009-12-02 14:52:00,2011-11-23 12:59:00,16,737,20,97,2995,59,10085.89,3,71.31,42,10014.58,504.29449999999997,0.7070273421582033,5,5,5,15,555,Champions
17810,United Kingdom,2010-01-25 10:26:00,2010-02-09 10:47:00,668,683,2,54,117,50,343.21,0,0.0,0,343.21,171.605,0.0,1,2,2,5,122,Hibernating
17811,United Kingdom,2010-09-20 11:24:00,2011-12-05 13:46:00,4,445,47,1151,5277,537,9513.1,13,161.27,50,9351.83,202.4063829787234,1.695241298840546,5,5,5,15,555,Champions
17812,United Kingdom,2010-06-27 13:34:00,2011-11-27 11:47:00,12,530,7,189,444,162,911.99,0,0.0,0,911.99,130.28428571428572,0.0,5,4,3,12,543,Loyal Customers
17813,United Kingdom,2011-09-29 15:57:00,2011-11-25 16:13:00,14,71,5,348,752,297,1698.07,2,56.28,13,1641.79,339.614,3.314350998486517,5,4,4,13,544,Champions
17814,United Kingdom,2010-10-13 14:03:00,2010-11-29 14:21:00,375,422,2,143,1435,112,1609.37,0,0.0,0,1609.37,804.685,0.0,1,2,4,7,124,At Risk
17815,United Kingdom,2010-11-11 14:39:00,2010-11-11 14:39:00,393,393,1,13,612,13,591.96,0,0.0,0,591.96,591.96,0.0,1,1,3,5,113,Hibernating
17816,United Kingdom,2009-12-15 15:27:00,2011-11-03 11:34:00,36,724,6,45,80,41,96.11,0,0.0,0,96.11,16.018333333333334,0.0,4,4,1,9,441,Loyal Customers
17817,United Kingdom,2010-10-13 15:07:00,2011-12-05 14:39:00,4,422,6,134,353,115,788.15,1,6.7,2,781.4499999999999,131.35833333333332,0.8500919875658187,5,4,3,12,543,Loyal Customers
17818,United Kingdom,2009-12-02 11:34:00,2009-12-02 11:34:00,737,737,1,42,86,42,124.78,0,0.0,0,124.78,124.78,0.0,1,1,1,3,111,Hibernating
17819,United Kingdom,2009-12-13 15:24:00,2011-09-29 10:52:00,71,726,12,89,1610,66,6021.05,1,43.8,4,5977.25,501.75416666666666,0.7274478703880551,4,5,5,14,455,Champions
17820,United Kingdom,2010-11-30 17:43:00,2010-11-30 17:43:00,374,374,1,41,111,39,180.60999999999999,2,24.05,5,156.55999999999997,180.60999999999999,13.31598471845413,1,1,1,3,111,Hibernating
17821,United Kingdom,2010-10-29 13:20:00,2010-10-29 13:20:00,406,406,1,6,162,6,334.62,0,0.0,0,334.62,334.62,0.0,1,1,2,4,112,Hibernating
17822,United Kingdom,2010-05-28 12:15:00,2010-10-15 13:47:00,420,560,5,168,1372,151,2154.08,0,0.0,0,2154.08,430.816,0.0,1,4,4,9,144,At Risk
17823,United Kingdom,2010-10-14 16:14:00,2010-10-14 16:24:00,421,421,2,100,252,88,449.25,0,0.0,0,449.25,224.625,0.0,1,2,2,5,122,Hibernating
17824,United Kingdom,2011-10-19 14:14:00,2011-10-19 14:14:00,51,51,1,13,408,13,298.4,0,0.0,0,298.4,298.4,0.0,4,1,2,7,412,Promising Customers
17825,United Kingdom,2009-12-14 12:09:00,2010-04-20 12:01:00,598,725,4,27,516,24,701.96,0,0.0,0,701.96,175.49,0.0,1,3,3,7,133,At Risk
17826,United Kingdom,2010-11-30 13:23:00,2010-11-30 13:23:00,374,374,1,33,84,33,133.34,0,0.0,0,133.34,133.34,0.0,1,1,1,3,111,Hibernating
17827,United Kingdom,2010-03-28 12:20:00,2011-12-04 15:00:00,5,621,6,281,1582,240,2376.17,1,6.75,1,2369.42,396.02833333333336,0.2840705841753746,5,4,4,13,544,Champions
17828,Malta,2011-06-08 08:31:00,2011-11-17 08:41:00,22,184,4,64,655,53,1165.09,4,90.12,24,1074.9699999999998,291.2725,7.735024762035551,5,3,3,11,533,Potential Loyalists
17829,United Arab Emirates,2010-02-22 15:39:00,2011-02-14 12:46:00,298,655,5,171,3009,121,4756.74,1,76.32000000000001,72,4680.42,951.348,1.6044601975302415,2,4,5,11,245,At Risk
17830,United Kingdom,2011-02-24 10:15:00,2011-12-08 12:28:00,1,288,3,23,92,18,398.7,0,0.0,0,398.7,132.9,0.0,5,3,2,10,532,Potential Loyalists
17831,United Kingdom,2011-11-06 15:09:00,2011-11-06 15:09:00,33,33,1,2,12,2,35.400000000000006,0,0.0,0,35.400000000000006,35.400000000000006,0.0,4,1,1,6,411,Promising Customers
17832,United Kingdom,2011-10-21 11:43:00,2011-10-21 11:43:00,49,49,1,61,208,61,155.37,0,0.0,0,155.37,155.37,0.0,4,1,1,6,411,Promising Customers
17833,United Kingdom,2009-12-16 13:40:00,2009-12-16 13:40:00,723,723,1,31,143,28,338.46000000000004,0,0.0,0,338.46000000000004,338.46000000000004,0.0,1,1,2,4,112,Hibernating
17834,United Kingdom,2010-09-20 15:32:00,2010-10-21 12:09:00,414,445,2,58,639,54,689.6700000000001,0,0.0,0,689.6700000000001,344.83500000000004,0.0,1,2,3,6,123,Hibernating
17835,United Kingdom,2011-11-16 16:30:00,2011-12-07 11:48:00,2,23,3,59,344,45,342.24,0,0.0,0,342.24,114.08,0.0,5,3,2,10,532,Potential Loyalists
17836,United Kingdom,2011-10-23 16:13:00,2011-10-23 16:13:00,47,47,1,23,87,22,109.83,0,0.0,0,109.83,109.83,0.0,4,1,1,6,411,Promising Customers
17837,United Kingdom,2011-06-29 16:44:00,2011-10-28 16:13:00,42,163,8,161,508,109,1535.33,2,32.85,3,1502.48,191.91625,2.1396051663160365,4,4,4,12,444,Champions
17838,United Kingdom,2010-03-19 09:53:00,2011-11-13 11:20:00,26,630,13,254,3491,141,5604.64,2,470.15,439,5134.490000000001,431.1261538461539,8.388585172285818,5,5,5,15,555,Champions
17839,United Kingdom,2011-10-28 17:27:00,2011-10-28 17:27:00,42,42,1,52,257,50,318.15,0,0.0,0,318.15,318.15,0.0,4,1,2,7,412,Promising Customers
17840,United Kingdom,2010-09-22 12:24:00,2010-09-22 12:24:00,443,443,1,50,128,44,175.9,0,0.0,0,175.9,175.9,0.0,1,1,1,3,111,Hibernating
17841,United Kingdom,2009-12-02 15:41:00,2011-12-08 12:07:00,1,737,211,12425,36565,2115,68519.95,76,1232.89,428,67287.06,324.73909952606635,1.7993153818705359,5,5,5,15,555,Champions
17842,United Kingdom,2010-04-16 14:23:00,2010-04-16 14:23:00,602,602,1,18,89,18,430.69,0,0.0,0,430.69,430.69,0.0,1,1,2,4,112,Hibernating
17843,United Kingdom,2010-10-24 10:56:00,2011-02-09 15:33:00,303,411,2,60,226,57,312.65,0,0.0,0,312.65,156.325,0.0,2,2,2,6,222,Hibernating
17844,Canada,2011-08-25 11:27:00,2011-08-25 11:27:00,106,106,1,5,52,5,51.559999999999995,0,0.0,0,51.559999999999995,51.559999999999995,0.0,3,1,1,5,311,Regular Customers
17845,United Kingdom,2010-05-12 13:04:00,2010-06-02 15:20:00,555,576,4,47,195,42,596.09,0,0.0,0,596.09,149.0225,0.0,1,3,3,7,133,At Risk
17847,United Kingdom,2010-03-04 12:57:00,2010-07-12 10:00:00,515,645,2,8,28,8,125.74000000000001,0,0.0,0,125.74000000000001,62.870000000000005,0.0,1,2,1,4,121,Hibernating
17848,United Kingdom,2009-12-06 13:19:00,2011-09-19 16:49:00,81,733,30,162,1372,104,3538.46,1,12.75,1,3525.71,117.94866666666667,0.3603262436201059,4,5,5,14,455,Champions
17849,United Kingdom,2010-03-14 15:17:00,2011-05-05 13:46:00,218,635,8,50,224,24,1063.76,0,0.0,0,1063.76,132.97,0.0,2,4,3,9,243,At Risk
17850,United Kingdom,2009-12-05 12:28:00,2010-12-02 15:27:00,372,734,155,2499,21052,100,51208.87,4,801.1,176,50407.770000000004,330.3798064516129,1.5643774213334527,1,5,5,11,155,At Risk
17851,United Kingdom,2009-12-03 17:46:00,2010-10-13 15:13:00,422,736,6,232,933,185,1552.35,0,0.0,0,1552.35,258.72499999999997,0.0,1,4,4,9,144,At Risk
17852,United Kingdom,2009-12-08 12:51:00,2011-11-28 12:36:00,11,731,5,108,372,82,657.8100000000001,0,0.0,0,657.8100000000001,131.562,0.0,5,4,3,12,543,Loyal Customers
17853,United Kingdom,2009-12-03 15:09:00,2010-10-28 15:29:00,407,736,3,105,625,84,1596.29,0,0.0,0,1596.29,532.0966666666667,0.0,1,3,4,8,134,At Risk
17854,United Kingdom,2009-12-08 11:13:00,2011-06-07 16:21:00,185,731,6,118,607,113,1068.5,0,0.0,0,1068.5,178.08333333333334,0.0,2,4,3,9,243,At Risk
17855,United Kingdom,2010-12-02 09:44:00,2010-12-02 09:44:00,372,372,1,17,197,17,208.97,0,0.0,0,208.97,208.97,0.0,1,1,1,3,111,Hibernating
17856,United Kingdom,2011-03-03 11:40:00,2011-12-08 09:40:00,1,281,4,15,842,12,1418.03,2,24.24,16,1393.79,354.5075,1.7094137641657792,5,3,4,12,534,Potential Loyalists
17857,United Kingdom,2010-03-08 12:09:00,2011-12-05 13:13:00,4,641,23,50,15472,20,25769.54,2,115.7,170,25653.84,1120.4147826086958,0.4489796868706232,5,5,5,15,555,Champions
17858,United Kingdom,2009-12-06 15:41:00,2011-12-04 11:56:00,5,733,30,373,5383,173,12518.65,1,60.0,2,12458.65,417.2883333333333,0.47928490691887704,5,5,5,15,555,Champions
17859,United Kingdom,2011-02-08 10:32:00,2011-02-08 10:32:00,304,304,1,23,102,23,141.92,0,0.0,0,141.92,141.92,0.0,2,1,1,4,211,Hibernating
17860,United Kingdom,2009-12-11 16:48:00,2010-12-06 12:41:00,368,728,4,162,696,127,717.39,0,0.0,0,717.39,179.3475,0.0,1,3,3,7,133,At Risk
17861,United Kingdom,2009-12-10 11:27:00,2011-12-06 16:21:00,3,729,18,558,4541,329,5088.29,4,63.1,24,5025.19,282.6827777777778,1.240102274044915,5,5,5,15,555,Champions
17862,United Kingdom,2010-05-25 17:22:00,2011-01-20 12:23:00,323,563,4,99,440,90,1254.89,0,0.0,0,1254.89,313.7225,0.0,2,3,4,9,234,At Risk
17863,United Kingdom,2010-02-25 12:01:00,2011-10-11 13:45:00,59,652,12,255,4676,154,5360.4800000000005,0,0.0,0,5360.4800000000005,446.7066666666667,0.0,4,5,5,14,455,Champions
17864,United Kingdom,2010-10-08 11:49:00,2011-11-27 11:15:00,12,427,5,132,1015,93,876.57,0,0.0,0,876.57,175.31400000000002,0.0,5,4,3,12,543,Loyal Customers
17865,United Kingdom,2009-12-01 10:49:00,2011-11-09 12:08:00,30,738,46,1009,12949,390,26310.09,16,725.3399999999999,158,25584.75,571.9584782608696,2.7568890870384704,5,5,5,15,555,Champions
17866,United Kingdom,2009-12-14 16:01:00,2011-07-20 11:07:00,142,725,3,26,535,20,1134.95,1,3.95,1,1131.0,378.31666666666666,0.34803295299352394,3,3,3,9,333,Need Attention
17867,United Kingdom,2009-12-02 13:39:00,2011-11-09 14:15:00,30,737,14,128,636,117,1560.72,5,725.5,320,835.22,111.48,46.48495566148957,5,5,3,13,553,Loyal Customers
17868,United Kingdom,2010-11-18 18:55:00,2010-11-18 18:55:00,386,386,1,18,85,18,227.15,0,0.0,0,227.15,227.15,0.0,1,1,1,3,111,Hibernating
17869,United Kingdom,2010-06-10 13:47:00,2011-08-24 16:16:00,107,547,7,80,491,72,813.64,0,0.0,0,813.64,116.23428571428572,0.0,3,4,3,10,343,Loyal Customers
17870,United Kingdom,2010-11-23 11:39:00,2011-12-07 15:07:00,2,381,13,272,1699,215,2753.29,1,4.95,1,2748.34,211.79153846153847,0.179784911869073,5,5,4,14,554,Champions
17871,United Kingdom,2010-01-15 14:48:00,2011-05-19 11:32:00,204,693,5,83,665,64,1068.95,0,0.0,0,1068.95,213.79000000000002,0.0,2,4,3,9,243,At Risk
17872,United Kingdom,2010-11-23 12:02:00,2010-11-23 12:02:00,381,381,1,15,176,15,235.87,0,0.0,0,235.87,235.87,0.0,1,1,1,3,111,Hibernating
17873,United Kingdom,2009-12-16 15:11:00,2011-09-20 16:41:00,80,723,18,167,4158,64,6135.950000000001,2,286.32,552,5849.630000000001,340.8861111111112,4.666270096725038,4,5,5,14,455,Champions
17874,United Kingdom,2011-03-29 11:25:00,2011-06-07 12:54:00,185,255,6,46,221,37,683.46,1,25.200000000000003,12,658.26,113.91000000000001,3.6871214116407693,2,4,3,9,243,At Risk
17875,United Kingdom,2010-01-20 15:30:00,2010-01-20 15:30:00,688,688,1,26,98,25,167.1,0,0.0,0,167.1,167.1,0.0,1,1,1,3,111,Hibernating
17876,United Kingdom,2010-02-02 13:00:00,2010-11-05 10:52:00,399,675,3,4,1958,3,3424.02,0,0.0,0,3424.02,1141.34,0.0,1,3,5,9,135,At Risk
17877,United Kingdom,2011-06-22 13:00:00,2011-06-22 13:00:00,170,170,1,12,98,12,237.61,0,0.0,0,237.61,237.61,0.0,3,1,1,5,311,Regular Customers
17878,United Kingdom,2010-11-09 13:50:00,2011-10-27 11:24:00,43,395,3,82,1014,82,1378.93,0,0.0,0,1378.93,459.6433333333334,0.0,4,3,4,11,434,Potential Loyalists
17879,United Kingdom,2011-06-19 12:36:00,2011-06-19 12:36:00,173,173,1,6,45,6,178.52,0,0.0,0,178.52,178.52,0.0,3,1,1,5,311,Regular Customers
17880,United Kingdom,2009-12-09 16:13:00,2010-12-10 10:21:00,364,730,3,45,466,43,824.9200000000001,0,0.0,0,824.9200000000001,274.97333333333336,0.0,2,3,3,8,233,At Risk
17881,United Kingdom,2011-02-08 17:16:00,2011-02-08 17:16:00,304,304,1,8,32,8,133.35,0,0.0,0,133.35,133.35,0.0,2,1,1,4,211,Hibernating
17882,United Kingdom,2010-11-25 14:35:00,2010-11-25 14:40:00,379,379,2,53,130,47,291.56,0,0.0,0,291.56,145.78,0.0,1,2,2,5,122,Hibernating
17883,United Kingdom,2010-02-25 20:07:00,2011-12-06 17:49:00,3,652,7,173,476,155,988.42,1,15.9,2,972.52,141.20285714285714,1.6086279112118331,5,4,3,12,543,Loyal Customers
17884,United Kingdom,2009-12-04 16:23:00,2011-12-06 11:33:00,3,735,20,405,2748,304,2693.47,3,44.0,13,2649.47,134.6735,1.633580474258113,5,5,4,14,554,Champions
17885,United Kingdom,2011-11-27 14:40:00,2011-11-27 14:40:00,12,12,1,53,110,50,156.34,0,0.0,0,156.34,156.34,0.0,5,1,1,7,511,New Customers
17886,United Kingdom,2010-04-29 11:10:00,2011-11-08 10:09:00,31,589,6,166,711,138,1572.55,1,9.95,1,1562.6,262.09166666666664,0.6327302788464596,4,4,4,12,444,Champions
17887,United Kingdom,2011-08-02 17:29:00,2011-08-02 17:29:00,129,129,1,10,30,10,111.35,0,0.0,0,111.35,111.35,0.0,3,1,1,5,311,Regular Customers
17888,United Kingdom,2009-12-21 16:34:00,2011-11-18 13:45:00,21,718,25,160,1536,145,1807.44,5,495.13,691,1312.31,72.2976,27.393993714867438,5,5,4,14,554,Champions
17889,United Kingdom,2010-03-31 10:54:00,2011-05-11 16:26:00,212,618,7,116,403,97,746.42,0,0.0,0,746.42,106.63142857142857,0.0,2,4,3,9,243,At Risk
17890,United Kingdom,2010-12-13 15:12:00,2011-01-21 11:19:00,322,361,2,91,402,88,586.89,0,0.0,0,586.89,293.445,0.0,2,2,2,6,222,Hibernating
17891,United Kingdom,2011-06-30 20:08:00,2011-06-30 20:08:00,162,162,1,34,393,34,203.85999999999999,0,0.0,0,203.85999999999999,203.85999999999999,0.0,3,1,1,5,311,Regular Customers
17892,United Kingdom,2011-07-07 12:56:00,2011-10-14 16:49:00,56,155,3,28,109,27,244.1,0,0.0,0,244.1,81.36666666666666,0.0,4,3,1,8,431,Potential Loyalists
17893,United Kingdom,2011-04-28 13:50:00,2011-04-28 13:50:00,225,225,1,15,149,15,107.21,0,0.0,0,107.21,107.21,0.0,2,1,1,4,211,Hibernating
17894,United Kingdom,2010-08-27 14:13:00,2011-09-29 09:23:00,71,469,18,401,936,214,2304.16,2,55.72,44,2248.44,128.0088888888889,2.4182348448024444,4,5,4,13,454,Champions
17895,United Kingdom,2011-10-26 17:00:00,2011-10-26 17:00:00,44,44,1,15,127,15,95.45,0,0.0,0,95.45,95.45,0.0,4,1,1,6,411,Promising Customers
17896,United Kingdom,2011-11-16 13:59:00,2011-11-16 13:59:00,23,23,1,2,288,2,256.32,0,0.0,0,256.32,256.32,0.0,5,1,1,7,511,New Customers
17897,United Kingdom,2010-05-12 16:03:00,2011-06-20 11:23:00,172,576,9,259,856,210,2053.04,1,25.5,6,2027.54,228.11555555555555,1.242060554105132,3,4,4,11,344,Loyal Customers
17898,United Kingdom,2010-05-21 17:22:00,2011-09-15 14:56:00,85,567,4,50,251,48,299.18,0,0.0,0,299.18,74.795,0.0,4,3,2,9,432,Potential Loyalists
17899,United Kingdom,2011-07-03 14:58:00,2011-07-03 14:58:00,159,159,1,31,170,29,154.55,0,0.0,0,154.55,154.55,0.0,3,1,1,5,311,Regular Customers
17900,United Kingdom,2011-06-02 14:28:00,2011-06-02 14:38:00,190,190,2,6,73,4,112.19999999999999,2,97.19999999999999,72,15.0,56.099999999999994,86.63101604278076,2,2,1,5,221,Hibernating
17901,United Kingdom,2010-07-06 10:54:00,2011-11-10 17:29:00,29,521,3,22,38,22,260.08,0,0.0,0,260.08,86.69333333333333,0.0,5,3,1,9,531,Potential Loyalists
17902,United Kingdom,2010-06-11 12:25:00,2010-06-11 12:25:00,546,546,1,24,526,24,216.4,0,0.0,0,216.4,216.4,0.0,1,1,1,3,111,Hibernating
17903,United Kingdom,2010-11-10 15:39:00,2010-11-10 15:39:00,394,394,1,45,142,44,381.09000000000003,0,0.0,0,381.09000000000003,381.09000000000003,0.0,1,1,2,4,112,Hibernating
17904,United Kingdom,2011-11-18 12:57:00,2011-11-18 12:57:00,21,21,1,34,59,33,181.07,1,12.75,1,168.32,181.07,7.041475672391893,5,1,1,7,511,New Customers
17905,United Kingdom,2010-01-28 17:54:00,2011-09-29 17:33:00,71,680,13,145,1274,128,2168.37,1,9.3,2,2159.0699999999997,166.7976923076923,0.42889359288313345,4,5,4,13,454,Champions
17906,United Kingdom,2011-04-06 17:25:00,2011-04-06 17:25:00,247,247,1,12,26,12,72.9,0,0.0,0,72.9,72.9,0.0,2,1,1,4,211,Hibernating
17907,United Kingdom,2010-03-09 12:33:00,2010-03-09 12:33:00,640,640,1,13,1046,13,291.76,0,0.0,0,291.76,291.76,0.0,1,1,2,4,112,Hibernating
17908,United Kingdom,2009-12-14 12:24:00,2010-12-01 11:45:00,373,725,5,208,670,178,1142.47,2,53.65,27,1088.82,228.494,4.695965758400658,1,4,3,8,143,At Risk
17909,United Kingdom,2009-12-02 13:10:00,2009-12-02 13:10:00,737,737,1,8,35,8,110.05,0,0.0,0,110.05,110.05,0.0,1,1,1,3,111,Hibernating
17910,United Kingdom,2009-12-13 16:04:00,2009-12-13 16:04:00,726,726,1,26,121,25,261.7,0,0.0,0,261.7,261.7,0.0,1,1,1,3,111,Hibernating
17911,United Kingdom,2011-11-30 14:52:00,2011-11-30 14:52:00,9,9,1,39,223,39,366.23,0,0.0,0,366.23,366.23,0.0,5,1,2,8,512,New Customers
17912,United Kingdom,2010-11-29 13:53:00,2011-02-02 14:25:00,310,375,6,49,210,47,371.6,1,15.399999999999999,2,356.20000000000005,61.93333333333334,4.144241119483315,2,4,2,8,242,At Risk
17913,United Kingdom,2009-12-03 13:02:00,2011-10-12 10:45:00,58,736,14,465,1715,223,3425.09,0,0.0,0,3425.09,244.64928571428572,0.0,4,5,5,14,455,Champions
17914,United Kingdom,2011-12-06 11:58:00,2011-12-06 11:58:00,3,3,1,75,457,72,329.36,0,0.0,0,329.36,329.36,0.0,5,1,2,8,512,New Customers
17915,United Kingdom,2010-06-06 13:22:00,2010-06-06 13:22:00,551,551,1,29,184,27,225.78,0,0.0,0,225.78,225.78,0.0,1,1,1,3,111,Hibernating
17916,United Kingdom,2009-12-06 14:10:00,2010-03-21 12:26:00,628,733,2,19,90,15,43.87,0,0.0,0,43.87,21.935,0.0,1,2,1,4,121,Hibernating
17917,United Kingdom,2010-12-12 12:08:00,2011-10-25 13:20:00,45,362,3,92,184,77,335.03,0,0.0,0,335.03,111.67666666666666,0.0,4,3,2,9,432,Potential Loyalists
17918,United Kingdom,2010-07-22 14:20:00,2010-07-27 11:51:00,500,505,3,39,351,33,388.44,0,0.0,0,388.44,129.48,0.0,1,3,2,6,132,At Risk
17919,United Kingdom,2010-09-27 10:40:00,2011-09-12 13:41:00,88,438,2,40,1452,37,1840.3200000000002,0,0.0,0,1840.3200000000002,920.1600000000001,0.0,4,2,4,10,424,Potential Loyalists
17920,United Kingdom,2009-12-06 10:37:00,2011-12-05 14:29:00,4,733,54,1639,12263,714,23569.88,2,6.55,3,23563.33,436.47925925925927,0.02778970448725237,5,5,5,15,555,Champions
17921,United Kingdom,2010-07-15 20:05:00,2011-10-06 18:56:00,64,512,10,360,991,230,2394.36,2,40.15,13,2354.21,239.436,1.6768572812776692,4,4,4,12,444,Champions
17922,United Kingdom,2010-06-14 16:32:00,2010-06-14 16:32:00,543,543,1,8,49,8,170.4,0,0.0,0,170.4,170.4,0.0,1,1,1,3,111,Hibernating
17923,United Kingdom,2010-06-13 13:58:00,2011-03-02 15:15:00,282,544,3,3,140,2,497.0,0,0.0,0,497.0,165.66666666666666,0.0,2,3,2,7,232,At Risk
17924,United Kingdom,2010-10-21 12:17:00,2011-11-28 09:11:00,11,414,8,33,1208,27,3257.7000000000003,6,68.17,19,3189.53,407.21250000000003,2.092580655063388,5,4,5,14,545,Champions
17925,United Kingdom,2010-12-02 10:10:00,2010-12-02 10:10:00,372,372,1,1,72,1,244.08,0,0.0,0,244.08,244.08,0.0,1,1,1,3,111,Hibernating
17926,United Kingdom,2010-05-09 14:07:00,2011-07-29 14:39:00,133,579,5,44,572,27,1035.49,0,0.0,0,1035.49,207.098,0.0,3,4,3,10,343,Loyal Customers
17927,United Kingdom,2009-12-18 11:03:00,2009-12-18 11:03:00,721,721,1,10,108,10,294.0,0,0.0,0,294.0,294.0,0.0,1,1,2,4,112,Hibernating
17928,United Kingdom,2010-05-17 15:30:00,2011-10-25 13:52:00,45,571,3,26,150,26,313.16,0,0.0,0,313.16,104.38666666666667,0.0,4,3,2,9,432,Potential Loyalists
17929,United Kingdom,2009-12-09 11:40:00,2011-11-28 16:01:00,11,730,12,15,434,6,3082.1,1,8.5,1,3073.6,256.84166666666664,0.27578599007170435,5,5,5,15,555,Champions
17930,United Kingdom,2010-03-04 10:41:00,2011-11-04 10:23:00,35,645,13,87,3795,39,4275.22,2,32.3,25,4242.92,328.86307692307696,0.7555166751652546,4,5,5,14,455,Champions
17931,United Kingdom,2010-02-16 15:47:00,2011-07-28 18:33:00,134,661,14,351,1919,274,3402.2400000000002,4,131.32999999999998,117,3270.9100000000003,243.0171428571429,3.8601039315274637,3,5,5,13,355,Loyal Customers
17932,United Kingdom,2011-05-12 13:58:00,2011-11-10 19:49:00,29,211,3,90,789,84,1331.57,0,0.0,0,1331.57,443.8566666666666,0.0,5,3,4,12,534,Potential Loyalists
17933,United Kingdom,2010-03-17 15:11:00,2010-03-17 15:11:00,632,632,1,13,57,11,105.99,0,0.0,0,105.99,105.99,0.0,1,1,1,3,111,Hibernating
17934,United Kingdom,2010-10-29 12:23:00,2011-10-19 11:16:00,51,406,3,41,628,36,1049.15,0,0.0,0,1049.15,349.7166666666667,0.0,4,3,3,10,433,Potential Loyalists
17935,United Kingdom,2009-12-04 14:33:00,2011-07-24 13:18:00,138,735,7,63,243,59,683.24,1,30.6,12,652.64,97.60571428571428,4.478660499970728,3,4,3,10,343,Loyal Customers
17936,United Kingdom,2011-12-04 13:32:00,2011-12-04 13:32:00,5,5,1,72,257,68,380.13,0,0.0,0,380.13,380.13,0.0,5,1,2,8,512,New Customers
17937,United Kingdom,2010-12-12 14:43:00,2011-12-01 11:45:00,8,362,7,43,1754,19,4301.22,0,0.0,0,4301.22,614.46,0.0,5,4,5,14,545,Champions
17938,United Kingdom,2010-10-15 14:27:00,2010-10-15 14:27:00,420,420,1,29,53,29,144.29,0,0.0,0,144.29,144.29,0.0,1,1,1,3,111,Hibernating
17939,United Kingdom,2011-07-03 12:27:00,2011-07-03 12:27:00,159,159,1,12,40,12,99.14,0,0.0,0,99.14,99.14,0.0,3,1,1,5,311,Regular Customers
17940,United Kingdom,2009-12-03 12:31:00,2011-10-21 13:27:00,49,736,14,33,85146,9,28389.58,0,0.0,0,28389.58,2027.827142857143,0.0,4,5,5,14,455,Champions
17941,United Kingdom,2010-01-06 15:37:00,2011-08-01 08:30:00,130,702,4,7,1108,5,1433.28,0,0.0,0,1433.28,358.32,0.0,3,3,4,10,334,Need Attention
17942,United Kingdom,2011-12-02 10:45:00,2011-12-02 10:45:00,7,7,1,2,38,2,77.50000000000001,0,0.0,0,77.50000000000001,77.50000000000001,0.0,5,1,1,7,511,New Customers
17944,United Kingdom,2010-10-12 16:25:00,2010-10-12 16:25:00,423,423,1,25,84,24,74.99,0,0.0,0,74.99,74.99,0.0,1,1,1,3,111,Hibernating
17945,United Kingdom,2010-01-12 11:33:00,2010-01-12 11:40:00,696,696,3,71,243,65,359.5,0,0.0,0,359.5,119.83333333333333,0.0,1,3,2,6,132,At Risk
17946,United Kingdom,2011-03-25 14:34:00,2011-04-20 17:00:00,233,259,2,20,75,18,149.57999999999998,0,0.0,0,149.57999999999998,74.78999999999999,0.0,2,2,1,5,221,Hibernating
17947,United Kingdom,2011-11-02 13:05:00,2011-11-02 13:05:00,37,37,1,9,168,9,176.68,0,0.0,0,176.68,176.68,0.0,4,1,1,6,411,Promising Customers
17948,United Kingdom,2011-07-15 12:58:00,2011-07-15 12:58:00,147,147,1,1,144,1,358.56000000000006,0,0.0,0,358.56000000000006,358.56000000000006,0.0,3,1,2,6,312,Regular Customers
17949,United Kingdom,2009-12-02 11:07:00,2011-12-08 18:46:00,1,737,116,153,60440,56,107833.48,12,9364.42,6078,98469.06,929.5989655172414,8.684148930369307,5,5,5,15,555,Champions
17950,United Kingdom,2010-01-04 17:39:00,2011-09-28 15:18:00,72,704,7,165,659,133,1166.29,1,10.08,24,1156.21,166.61285714285714,0.8642790386610535,4,4,3,11,443,Loyal Customers
17951,United Kingdom,2010-10-31 15:15:00,2011-10-31 12:30:00,39,404,4,28,780,24,1340.5800000000002,1,17.700000000000003,6,1322.88,335.14500000000004,1.3203240388488566,4,3,4,11,434,Potential Loyalists
17952,United Kingdom,2010-06-16 11:54:00,2010-11-26 13:54:00,378,541,4,98,477,85,788.46,0,0.0,0,788.46,197.115,0.0,1,3,3,7,133,At Risk
17953,United Kingdom,2010-06-17 15:08:00,2010-06-17 15:08:00,540,540,1,19,73,19,148.67000000000002,0,0.0,0,148.67000000000002,148.67000000000002,0.0,1,1,1,3,111,Hibernating
17954,United Kingdom,2009-12-09 13:22:00,2011-12-04 14:15:00,5,730,19,742,3177,478,3801.83,7,104.64,52,3697.19,200.0963157894737,2.7523587325051357,5,5,5,15,555,Champions
17955,United Kingdom,2010-02-12 16:27:00,2011-05-25 12:00:00,198,665,6,22,681,16,949.9,0,0.0,0,949.9,158.31666666666666,0.0,2,4,3,9,243,At Risk
17956,United Kingdom,2011-04-04 13:47:00,2011-04-04 13:47:00,249,249,1,1,1,1,12.75,0,0.0,0,12.75,12.75,0.0,2,1,1,4,211,Hibernating
17957,United Kingdom,2011-10-04 14:58:00,2011-10-04 14:58:00,66,66,1,30,275,30,110.72,0,0.0,0,110.72,110.72,0.0,4,1,1,6,411,Promising Customers
17958,United Kingdom,2009-12-11 15:37:00,2011-08-15 12:19:00,116,728,2,36,284,35,973.88,0,0.0,0,973.88,486.94,0.0,3,2,3,8,323,Need Attention
17959,United Kingdom,2010-04-26 14:12:00,2010-04-26 14:12:00,592,592,1,2,49,2,140.75,0,0.0,0,140.75,140.75,0.0,1,1,1,3,111,Hibernating
17960,United Kingdom,2010-03-08 12:22:00,2011-06-21 14:15:00,171,641,3,37,60,37,135.08,0,0.0,0,135.08,45.02666666666667,0.0,3,3,1,7,331,Need Attention
17961,United Kingdom,2009-12-01 14:48:00,2011-11-18 16:55:00,21,738,100,630,1491,486,2866.74,2,16.45,3,2850.29,28.667399999999997,0.5738225301213224,5,5,5,15,555,Champions
17962,United Kingdom,2010-01-13 15:24:00,2011-07-20 14:16:00,142,695,4,182,632,145,665.91,1,14.4,2,651.51,166.4775,2.162454385727801,3,3,3,9,333,Need Attention
17963,United Kingdom,2010-01-19 17:25:00,2010-08-25 15:58:00,471,689,4,109,341,98,643.16,0,0.0,0,643.16,160.79,0.0,1,3,3,7,133,At Risk
17964,United Kingdom,2010-12-02 13:32:00,2011-11-08 10:44:00,31,372,2,98,294,84,463.21,0,0.0,0,463.21,231.605,0.0,4,2,2,8,422,Potential Loyalists
17965,United Kingdom,2009-12-14 13:19:00,2011-11-02 09:31:00,37,725,29,816,4380,587,7002.9,4,123.2,26,6879.7,241.47931034482758,1.7592711590912338,4,5,5,14,455,Champions
17966,United Kingdom,2010-01-18 13:24:00,2011-11-02 10:26:00,37,690,10,113,3918,82,1963.92,0,0.0,0,1963.92,196.392,0.0,4,4,4,12,444,Champions
17967,United Kingdom,2010-10-19 13:19:00,2010-12-03 11:19:00,371,416,2,61,111,59,223.42,0,0.0,0,223.42,111.71,0.0,1,2,1,4,121,Hibernating
17968,United Kingdom,2010-07-15 15:01:00,2010-12-01 12:23:00,373,512,4,128,352,106,590.44,0,0.0,0,590.44,147.61,0.0,1,3,2,6,132,At Risk
17969,United Kingdom,2009-12-06 13:53:00,2011-06-26 13:00:00,166,733,20,204,1014,113,2354.29,7,118.75,31,2235.54,117.7145,5.043983536437737,3,5,4,12,354,Loyal Customers
17970,United Kingdom,2011-05-12 20:03:00,2011-05-12 20:03:00,211,211,1,29,513,27,562.79,0,0.0,0,562.79,562.79,0.0,2,1,2,5,212,Hibernating
17971,United Kingdom,2010-06-09 14:04:00,2010-06-09 14:04:00,548,548,1,21,62,21,161.94,0,0.0,0,161.94,161.94,0.0,1,1,1,3,111,Hibernating
17972,United Kingdom,2011-04-12 12:16:00,2011-04-12 12:16:00,241,241,1,30,36,30,135.19,0,0.0,0,135.19,135.19,0.0,2,1,1,4,211,Hibernating
17973,United Kingdom,2011-10-19 10:34:00,2011-10-19 10:34:00,51,51,1,15,176,15,337.04,0,0.0,0,337.04,337.04,0.0,4,1,2,7,412,Promising Customers
17974,United Kingdom,2010-10-28 20:03:00,2011-11-15 11:37:00,24,407,6,361,1189,279,1739.09,0,0.0,0,1739.09,289.8483333333333,0.0,5,4,4,13,544,Champions
17975,United Kingdom,2010-08-06 11:24:00,2011-11-24 13:27:00,15,490,24,465,2177,242,6693.03,2,101.15,17,6591.88,278.87624999999997,1.5112736682787917,5,5,5,15,555,Champions
17976,United Kingdom,2010-12-02 13:49:00,2010-12-02 13:49:00,372,372,1,57,93,56,321.79,0,0.0,0,321.79,321.79,0.0,1,1,2,4,112,Hibernating
17977,United Kingdom,2010-11-04 14:26:00,2011-11-10 13:28:00,29,400,2,104,1948,94,1511.45,1,57.900000000000006,30,1453.55,755.725,3.830758543120844,5,2,4,11,524,Potential Loyalists
17978,United Kingdom,2009-12-08 13:27:00,2010-12-09 14:05:00,365,731,4,67,1297,62,1159.99,0,0.0,0,1159.99,289.9975,0.0,2,3,3,8,233,At Risk
17979,United Kingdom,2011-03-25 11:34:00,2011-11-04 12:05:00,35,259,4,137,379,115,729.01,1,19.9,2,709.11,182.2525,2.7297293589937035,4,3,3,10,433,Potential Loyalists
17980,United Kingdom,2010-11-11 14:42:00,2011-06-27 12:01:00,165,393,4,61,771,41,1012.72,0,0.0,0,1012.72,253.18,0.0,3,3,3,9,333,Need Attention
17981,United Kingdom,2010-10-25 10:40:00,2010-10-25 10:40:00,410,410,1,17,260,17,239.12,0,0.0,0,239.12,239.12,0.0,1,1,1,3,111,Hibernating
17982,United Kingdom,2010-01-28 09:38:00,2010-01-28 09:38:00,680,680,1,13,117,13,138.18,0,0.0,0,138.18,138.18,0.0,1,1,1,3,111,Hibernating
17983,United Kingdom,2010-11-09 13:23:00,2010-11-09 13:24:00,395,395,1,24,108,23,171.71,0,0.0,0,171.71,171.71,0.0,1,1,1,3,111,Hibernating
17984,United Kingdom,2009-12-01 11:51:00,2011-07-17 15:59:00,145,738,5,241,938,208,1148.69,0,0.0,0,1148.69,229.738,0.0,3,4,3,10,343,Loyal Customers
17985,United Kingdom,2011-11-17 14:24:00,2011-11-17 14:24:00,22,22,1,21,171,20,631.35,0,0.0,0,631.35,631.35,0.0,5,1,3,9,513,New Customers
17986,United Kingdom,2011-10-14 14:22:00,2011-10-14 14:22:00,56,56,1,1,10,1,20.8,0,0.0,0,20.8,20.8,0.0,4,1,1,6,411,Promising Customers
17987,United Kingdom,2010-06-07 11:23:00,2011-06-07 14:22:00,185,550,5,164,981,139,965.4399999999999,1,75.52,136,889.92,193.088,7.82234007292012,2,4,3,9,243,At Risk
17988,United Kingdom,2009-12-07 13:35:00,2011-11-28 11:00:00,11,732,13,121,179,114,485.69,1,9.95,1,475.74,37.36076923076923,2.0486318433568735,5,5,2,12,552,Loyal Customers
17989,United Kingdom,2010-11-25 13:49:00,2010-11-25 13:49:00,379,379,1,29,300,26,207.33,0,0.0,0,207.33,207.33,0.0,1,1,1,3,111,Hibernating
17990,United Kingdom,2009-12-07 15:19:00,2011-04-17 11:44:00,236,732,6,57,777,40,1527.6100000000001,1,5.04,12,1522.5700000000002,254.6016666666667,0.329927141089676,2,4,4,10,244,At Risk
17991,United Kingdom,2010-04-27 12:46:00,2011-04-28 15:58:00,225,591,3,37,92,36,298.65,0,0.0,0,298.65,99.55,0.0,2,3,2,7,232,At Risk
17992,United Kingdom,2010-11-15 13:04:00,2010-11-15 13:04:00,389,389,1,52,130,49,252.88,0,0.0,0,252.88,252.88,0.0,1,1,1,3,111,Hibernating
17993,United Kingdom,2010-04-01 14:23:00,2010-04-01 14:23:00,617,617,1,60,108,60,225.99,0,0.0,0,225.99,225.99,0.0,1,1,1,3,111,Hibernating
17994,United Kingdom,2010-03-29 10:37:00,2011-08-10 11:41:00,121,620,11,304,2178,226,2264.0299999999997,3,50.45,25,2213.58,205.82090909090905,2.2283273631533156,3,5,4,12,354,Loyal Customers
17995,United Kingdom,2010-11-17 17:01:00,2011-03-03 12:30:00,281,387,3,29,263,28,495.48,0,0.0,0,495.48,165.16,0.0,2,3,2,7,232,At Risk
17996,United Kingdom,2010-06-11 11:48:00,2010-11-25 11:00:00,379,546,3,66,527,62,469.73,0,0.0,0,469.73,156.57666666666668,0.0,1,3,2,6,132,At Risk
17997,United Kingdom,2011-06-28 17:28:00,2011-09-26 16:13:00,74,164,8,164,2273,133,1962.46,4,441.99,198,1520.47,245.3075,22.522242491566708,4,4,4,12,444,Champions
17998,United Kingdom,2009-12-01 13:07:00,2010-11-24 15:31:00,380,738,3,58,561,57,639.24,1,37.5,30,601.74,213.08,5.866341280270321,1,3,3,7,133,At Risk
17999,United Kingdom,2010-11-26 13:16:00,2011-11-02 15:56:00,37,378,3,134,286,125,528.46,0,0.0,0,528.46,176.15333333333334,0.0,4,3,2,9,432,Potential Loyalists
18000,United Kingdom,2010-05-24 17:34:00,2010-05-24 17:34:00,564,564,1,6,109,6,124.25,0,0.0,0,124.25,124.25,0.0,1,1,1,3,111,Hibernating
18001,United Kingdom,2009-12-02 15:38:00,2011-11-27 16:02:00,12,737,6,132,874,120,924.14,0,0.0,0,924.14,154.02333333333334,0.0,5,4,3,12,543,Loyal Customers
18002,United Kingdom,2009-12-08 11:07:00,2010-11-29 10:57:00,375,731,4,52,70,51,237.62,0,0.0,0,237.62,59.405,0.0,1,3,1,5,131,At Risk
18003,United Kingdom,2010-11-28 15:09:00,2010-11-28 15:09:00,376,376,1,23,297,23,353.51,0,0.0,0,353.51,353.51,0.0,1,1,2,4,112,Hibernating
18004,United Kingdom,2010-12-12 13:47:00,2010-12-12 13:47:00,362,362,1,37,75,32,157.92,0,0.0,0,157.92,157.92,0.0,2,1,1,4,211,Hibernating
18005,United Kingdom,2011-10-23 14:40:00,2011-12-06 11:51:00,3,47,2,53,86,52,226.47,0,0.0,0,226.47,113.235,0.0,5,2,1,8,521,Potential Loyalists
18006,United Kingdom,2009-12-17 12:27:00,2011-11-16 16:52:00,23,722,4,63,395,57,969.51,0,0.0,0,969.51,242.3775,0.0,5,3,3,11,533,Potential Loyalists
18007,United Kingdom,2010-11-12 11:08:00,2010-11-12 11:08:00,392,392,1,50,246,46,215.22,0,0.0,0,215.22,215.22,0.0,1,1,1,3,111,Hibernating
18008,United Kingdom,2010-01-06 12:35:00,2011-09-30 15:17:00,70,702,23,97,7825,77,19759.079999999998,0,0.0,0,19759.079999999998,859.0904347826087,0.0,4,5,5,14,455,Champions
18009,United Kingdom,2010-02-25 11:49:00,2011-04-18 13:36:00,235,652,8,179,651,145,2144.23,6,78.75,16,2065.48,268.02875,3.672647057451859,2,4,4,10,244,At Risk
18010,United Kingdom,2011-03-28 12:27:00,2011-03-28 12:27:00,256,256,1,14,60,14,174.8,0,0.0,0,174.8,174.8,0.0,2,1,1,4,211,Hibernating
18011,United Kingdom,2010-05-21 13:28:00,2010-12-01 17:35:00,373,567,2,63,125,63,410.79,0,0.0,0,410.79,205.395,0.0,1,2,2,5,122,Hibernating
18012,United Kingdom,2009-12-16 13:16:00,2009-12-16 13:16:00,723,723,1,13,63,13,115.3,0,0.0,0,115.3,115.3,0.0,1,1,1,3,111,Hibernating
18013,United Kingdom,2011-07-07 14:08:00,2011-07-07 14:11:00,155,155,2,31,285,31,187.29,0,0.0,0,187.29,93.645,0.0,3,2,1,6,321,Need Attention
18014,United Kingdom,2011-11-11 15:28:00,2011-11-11 15:28:00,28,28,1,29,65,28,154.26999999999998,0,0.0,0,154.26999999999998,154.26999999999998,0.0,5,1,1,7,511,New Customers
18015,United Kingdom,2011-12-05 14:49:00,2011-12-05 14:49:00,4,4,1,46,157,46,120.03,0,0.0,0,120.03,120.03,0.0,5,1,1,7,511,New Customers
18016,United Kingdom,2010-01-27 16:00:00,2011-11-07 13:25:00,32,681,7,169,1207,115,1954.56,0,0.0,0,1954.56,279.22285714285715,0.0,4,4,4,12,444,Champions
18017,United Kingdom,2010-10-04 15:11:00,2011-09-19 16:15:00,81,431,4,4,400,1,688.0,0,0.0,0,688.0,172.0,0.0,4,3,3,10,433,Potential Loyalists
18018,United Kingdom,2010-10-15 11:05:00,2011-08-23 17:37:00,108,420,4,44,186,43,297.99,1,141.3,120,156.69,74.4975,47.41769858048928,3,3,1,7,331,Need Attention
18019,United Kingdom,2011-10-19 12:10:00,2011-10-19 12:10:00,51,51,1,5,7,5,38.45,0,0.0,0,38.45,38.45,0.0,4,1,1,6,411,Promising Customers
18020,United Kingdom,2010-06-14 12:31:00,2010-06-14 12:31:00,543,543,1,12,67,12,190.48000000000002,1,61.2,24,129.28000000000003,190.48000000000002,32.12935741285174,1,1,1,3,111,Hibernating
18021,United Kingdom,2010-07-15 18:47:00,2010-07-18 10:52:00,509,512,2,32,168,32,216.41,0,0.0,0,216.41,108.205,0.0,1,2,1,4,121,Hibernating
18022,United Kingdom,2010-06-11 13:59:00,2011-11-04 12:45:00,35,546,5,424,1308,305,1506.6200000000001,0,0.0,0,1506.6200000000001,301.324,0.0,4,4,4,12,444,Champions
18024,United Kingdom,2011-07-10 12:28:00,2011-07-10 12:40:00,152,152,2,21,184,21,389.78,1,153.0,36,236.77999999999997,194.89,39.25291189901996,3,2,1,6,321,Need Attention
18025,United Kingdom,2010-03-30 17:33:00,2010-11-25 12:37:00,379,619,6,112,1053,83,1177.72,0,0.0,0,1177.72,196.28666666666666,0.0,1,4,4,9,144,At Risk
18026,United Kingdom,2010-07-22 16:21:00,2010-07-27 10:37:00,500,505,2,17,530,12,2074.07,0,0.0,0,2074.07,1037.035,0.0,1,2,4,7,124,At Risk
18027,United Kingdom,2011-09-02 10:38:00,2011-09-02 10:38:00,98,98,1,21,78,21,115.31,0,0.0,0,115.31,115.31,0.0,3,1,1,5,311,Regular Customers
18028,United Kingdom,2010-05-05 13:28:00,2010-05-05 13:28:00,583,583,1,4,133,4,192.05,0,0.0,0,192.05,192.05,0.0,1,1,1,3,111,Hibernating
18029,United Kingdom,2010-03-07 15:30:00,2010-03-07 15:30:00,642,642,1,18,253,18,433.77,0,0.0,0,433.77,433.77,0.0,1,1,2,4,112,Hibernating
18030,United Kingdom,2011-10-28 13:55:00,2011-12-05 16:37:00,4,42,2,9,67,8,230.64999999999998,1,9.95,1,220.7,115.32499999999999,4.313895512681552,5,2,1,8,521,Potential Loyalists
18031,United Kingdom,2010-11-26 11:00:00,2010-11-26 11:00:00,378,378,1,63,298,49,451.3,0,0.0,0,451.3,451.3,0.0,1,1,2,4,112,Hibernating
18032,United Kingdom,2011-01-09 15:32:00,2011-01-09 15:32:00,334,334,1,5,42,5,73.5,0,0.0,0,73.5,73.5,0.0,2,1,1,4,211,Hibernating
18033,United Kingdom,2011-10-05 17:28:00,2011-10-05 17:28:00,65,65,1,33,252,32,93.82,0,0.0,0,93.82,93.82,0.0,4,1,1,6,411,Promising Customers
18034,United Kingdom,2010-11-29 12:36:00,2011-11-18 12:22:00,21,375,3,213,950,181,753.35,0,0.0,0,753.35,251.11666666666667,0.0,5,3,3,11,533,Potential Loyalists
18035,United Kingdom,2010-11-19 13:42:00,2011-11-04 12:39:00,35,385,5,57,1134,52,1260.23,0,0.0,0,1260.23,252.046,0.0,4,4,4,12,444,Champions
18036,United Kingdom,2009-12-18 12:04:00,2011-11-07 14:40:00,32,721,11,326,741,221,1545.49,0,0.0,0,1545.49,140.4990909090909,0.0,4,5,4,13,454,Champions
18037,United Kingdom,2009-12-01 13:48:00,2011-07-08 13:39:00,154,738,15,33,37,31,167.42,0,0.0,0,167.42,11.161333333333333,0.0,3,5,1,9,351,Loyal Customers
18038,United Kingdom,2010-06-01 15:59:00,2010-06-01 15:59:00,556,556,1,27,80,25,141.48,0,0.0,0,141.48,141.48,0.0,1,1,1,3,111,Hibernating
18039,United Kingdom,2010-03-09 11:19:00,2010-11-30 13:07:00,374,640,4,158,555,137,548.22,0,0.0,0,548.22,137.055,0.0,1,3,2,6,132,At Risk
18040,United Kingdom,2011-04-08 08:27:00,2011-11-20 14:20:00,19,245,2,19,148,18,357.20000000000005,0,0.0,0,357.20000000000005,178.60000000000002,0.0,5,2,2,9,522,Potential Loyalists
18041,United Kingdom,2010-01-14 10:04:00,2011-11-28 11:39:00,11,694,38,832,7316,464,8018.7699999999995,2,82.72999999999999,297,7936.04,211.02026315789473,1.031704363636817,5,5,5,15,555,Champions
18042,United Kingdom,2010-06-16 10:53:00,2011-10-17 11:49:00,53,541,2,16,69,13,281.15,0,0.0,0,281.15,140.575,0.0,4,2,2,8,422,Potential Loyalists
18043,United Kingdom,2010-12-08 12:35:00,2011-11-15 12:48:00,24,366,3,115,265,106,529.29,0,0.0,0,529.29,176.42999999999998,0.0,5,3,2,10,532,Potential Loyalists
18044,United Kingdom,2010-05-28 15:31:00,2011-12-05 14:26:00,4,560,18,200,1598,128,3505.61,1,2.95,1,3502.6600000000003,194.75611111111112,0.08415083252272787,5,5,5,15,555,Champions
18045,United Kingdom,2011-10-25 13:07:00,2011-10-25 13:07:00,45,45,1,43,138,43,178.34,0,0.0,0,178.34,178.34,0.0,4,1,1,6,411,Promising Customers
18046,United Kingdom,2010-02-28 11:36:00,2010-02-28 11:36:00,649,649,1,26,44,26,189.63,0,0.0,0,189.63,189.63,0.0,1,1,1,3,111,Hibernating
18047,United Kingdom,2010-11-23 12:57:00,2010-11-23 13:11:00,381,381,2,83,130,74,326.09,0,0.0,0,326.09,163.045,0.0,1,2,2,5,122,Hibernating
18048,United Kingdom,2010-08-03 13:03:00,2011-05-20 14:58:00,203,493,3,59,256,56,394.93,0,0.0,0,394.93,131.64333333333335,0.0,2,3,2,7,232,At Risk
18049,United Kingdom,2010-04-28 13:24:00,2010-09-28 14:26:00,437,590,2,86,400,81,500.5,0,0.0,0,500.5,250.25,0.0,1,2,2,5,122,Hibernating
18050,United Kingdom,2010-11-11 15:51:00,2010-12-15 14:25:00,359,393,2,23,250,22,412.06,0,0.0,0,412.06,206.03,0.0,2,2,2,6,222,Hibernating
18051,United Kingdom,2009-12-09 12:17:00,2010-03-15 13:58:00,634,730,7,55,1661,41,2282.28,1,6.3,4,2275.98,326.04,0.2760397497239602,1,4,4,9,144,At Risk
18052,United Kingdom,2010-05-24 11:11:00,2010-05-24 11:11:00,564,564,1,16,17766,16,10877.18,0,0.0,0,10877.18,10877.18,0.0,1,1,5,7,115,At Risk
18053,United Kingdom,2010-06-30 12:36:00,2011-09-30 09:05:00,70,527,3,32,409,29,571.07,3,43.300000000000004,7,527.7700000000001,190.35666666666668,7.582257866811425,4,3,2,9,432,Potential Loyalists
18054,United Kingdom,2010-11-12 08:18:00,2010-11-12 08:18:00,392,392,1,11,96,11,176.5,0,0.0,0,176.5,176.5,0.0,1,1,1,3,111,Hibernating
18055,United Kingdom,2010-10-22 13:27:00,2011-12-02 14:25:00,7,413,14,533,3534,320,10142.64,1,32.050000000000004,5,10110.59,724.4742857142857,0.31599268040667916,5,5,5,15,555,Champions
18056,United Kingdom,2010-03-31 12:29:00,2011-02-24 14:27:00,288,618,2,30,334,28,554.6,1,14.85,3,539.75,277.3,2.677605481428056,2,2,2,6,222,Hibernating
18057,United Kingdom,2010-01-18 12:42:00,2010-11-11 16:55:00,393,690,3,131,930,120,1168.14,0,0.0,0,1168.14,389.38000000000005,0.0,1,3,3,7,133,At Risk
18058,United Kingdom,2010-02-10 09:38:00,2011-11-30 08:38:00,9,667,3,16,394,12,774.06,0,0.0,0,774.06,258.02,0.0,5,3,3,11,533,Potential Loyalists
18059,United Kingdom,2011-10-03 09:30:00,2011-11-16 16:49:00,23,67,3,18,258,17,306.46,1,9.75,5,296.71,102.15333333333332,3.1814918749592116,5,3,2,10,532,Potential Loyalists
18060,United Kingdom,2010-05-24 08:34:00,2010-10-27 16:41:00,408,564,2,75,902,74,1185.46,0,0.0,0,1185.46,592.73,0.0,1,2,4,7,124,At Risk
18061,United Kingdom,2009-12-04 11:36:00,2011-11-18 11:20:00,21,735,28,122,3359,30,6083.81,1,8.5,1,6075.31,217.2789285714286,0.13971507985949594,5,5,5,15,555,Champions
18062,United Kingdom,2010-04-21 08:55:00,2011-06-19 14:47:00,173,597,6,54,831,46,1632.67,3,109.3,14,1523.3700000000001,272.1116666666667,6.6945555439862305,3,4,4,11,344,Loyal Customers
18063,United Kingdom,2010-03-16 13:05:00,2010-11-14 10:46:00,390,633,2,3,48,2,186.60000000000002,0,0.0,0,186.60000000000002,93.30000000000001,0.0,1,2,1,4,121,Hibernating
18064,United Kingdom,2010-02-01 15:01:00,2011-07-29 16:39:00,133,676,11,64,2685,53,4481.83,4,53.849999999999994,50,4427.98,407.4390909090909,1.201518129871057,3,5,5,13,355,Loyal Customers
18065,United Kingdom,2009-12-09 16:00:00,2011-12-04 10:30:00,5,730,28,309,2264,192,5846.63,3,29.75,7,5816.88,208.80821428571429,0.5088401352574047,5,5,5,15,555,Champions
18066,United Kingdom,2010-10-20 11:42:00,2011-09-25 15:30:00,75,415,3,53,535,37,1440.4,0,0.0,0,1440.4,480.1333333333334,0.0,4,3,4,11,434,Potential Loyalists
18067,United Kingdom,2011-10-30 15:58:00,2011-10-30 15:58:00,40,40,1,37,189,36,396.33,0,0.0,0,396.33,396.33,0.0,4,1,2,7,412,Promising Customers
18068,United Kingdom,2011-02-23 14:50:00,2011-02-23 14:50:00,289,289,1,1,6,1,101.7,0,0.0,0,101.7,101.7,0.0,2,1,1,4,211,Hibernating
18069,United Kingdom,2010-02-28 16:14:00,2011-11-13 16:03:00,26,649,11,969,3166,601,4449.02,2,14.850000000000001,3,4434.17,404.4563636363637,0.33378137207744624,5,5,5,15,555,Champions
18070,United Kingdom,2010-02-08 13:28:00,2010-02-08 13:28:00,669,669,1,9,86,9,314.1,1,6.35,1,307.75,314.1,2.021649156319643,1,1,2,4,112,Hibernating
18071,United Kingdom,2009-12-05 10:31:00,2011-03-27 11:59:00,257,734,6,71,678,52,1169.68,0,0.0,0,1169.68,194.9466666666667,0.0,2,4,3,9,243,At Risk
18072,United Kingdom,2011-06-07 10:44:00,2011-06-07 10:44:00,185,185,1,18,288,18,247.44,1,235.2,240,12.240000000000009,247.44,95.05334626576139,2,1,1,4,211,Hibernating
18073,United Kingdom,2011-05-26 19:38:00,2011-08-17 14:02:00,114,197,12,72,3102,23,3859.82,1,13.08,10,3846.7400000000002,321.6516666666667,0.3388759061303377,3,5,5,13,355,Loyal Customers
18074,United Kingdom,2010-07-22 10:31:00,2010-12-01 09:53:00,373,505,2,43,361,37,1019.44,0,0.0,0,1019.44,509.72,0.0,1,2,3,6,123,Hibernating
18075,United Kingdom,2010-07-29 11:47:00,2011-11-16 15:21:00,23,498,20,323,3281,180,5783.29,11,203.38,62,5579.91,289.1645,3.5166834103079734,5,5,5,15,555,Champions
18076,United Kingdom,2010-11-24 14:02:00,2010-11-24 14:02:00,380,380,1,8,164,8,151.49,0,0.0,0,151.49,151.49,0.0,1,1,1,3,111,Hibernating
18077,United Kingdom,2009-12-07 11:40:00,2011-12-01 13:32:00,8,732,18,353,3020,141,4078.79,0,0.0,0,4078.79,226.59944444444443,0.0,5,5,5,15,555,Champions
18078,United Kingdom,2010-03-21 15:50:00,2011-05-06 14:32:00,217,628,4,73,370,65,725.53,0,0.0,0,725.53,181.3825,0.0,2,3,3,8,233,At Risk
18079,United Kingdom,2010-08-05 12:19:00,2011-10-25 15:27:00,45,491,5,136,8730,107,4203.93,0,0.0,0,4203.93,840.7860000000001,0.0,4,4,5,13,445,Champions
18080,United Kingdom,2011-04-11 10:10:00,2011-11-21 08:02:00,18,242,2,2,642,2,1231.5,0,0.0,0,1231.5,615.75,0.0,5,2,4,11,524,Potential Loyalists
18081,United Kingdom,2011-07-29 11:56:00,2011-11-03 16:30:00,36,133,3,17,195,14,343.45,0,0.0,0,343.45,114.48333333333333,0.0,4,3,2,9,432,Potential Loyalists
18082,United Kingdom,2011-11-14 12:45:00,2011-11-14 12:45:00,25,25,1,70,608,62,680.84,0,0.0,0,680.84,680.84,0.0,5,1,3,9,513,New Customers
18083,United Kingdom,2010-11-07 11:44:00,2010-11-07 11:44:00,397,397,1,40,268,36,463.53,0,0.0,0,463.53,463.53,0.0,1,1,2,4,112,Hibernating
18084,United Kingdom,2010-11-16 08:09:00,2011-11-23 13:57:00,16,388,3,7,755,7,795.23,2,619.2,426,176.02999999999997,265.07666666666665,77.8642656841417,5,3,1,9,531,Potential Loyalists
18085,United Kingdom,2010-03-21 11:57:00,2011-01-13 15:17:00,330,628,4,62,507,42,1341.8500000000001,0,0.0,0,1341.8500000000001,335.46250000000003,0.0,2,3,4,9,234,At Risk
18086,United Kingdom,2011-03-10 13:34:00,2011-03-10 13:34:00,274,274,1,7,106,7,101.34,0,0.0,0,101.34,101.34,0.0,2,1,1,4,211,Hibernating
18087,United Kingdom,2009-12-01 09:43:00,2011-02-22 10:43:00,290,738,16,87,7774,43,13908.720000000001,3,345.09999999999997,346,13563.62,869.2950000000001,2.4811772758384665,2,5,5,12,255,At Risk
18088,United Kingdom,2011-10-09 13:41:00,2011-10-09 13:41:00,61,61,1,37,107,35,166.03,0,0.0,0,166.03,166.03,0.0,4,1,1,6,411,Promising Customers
18089,United Kingdom,2010-09-19 11:57:00,2010-09-19 11:57:00,446,446,1,10,95,9,428.45,0,0.0,0,428.45,428.45,0.0,1,1,2,4,112,Hibernating
18090,United Kingdom,2010-10-14 12:32:00,2010-10-14 12:32:00,421,421,1,54,307,47,321.9,0,0.0,0,321.9,321.9,0.0,1,1,2,4,112,Hibernating
18091,United Kingdom,2010-04-25 13:18:00,2010-04-25 13:18:00,593,593,1,25,539,25,360.85,0,0.0,0,360.85,360.85,0.0,1,1,2,4,112,Hibernating
18092,United Kingdom,2009-12-04 12:37:00,2011-12-07 13:14:00,2,735,18,140,8298,42,14693.720000000001,2,6.25,3,14687.470000000001,816.3177777777778,0.04253517829385615,5,5,5,15,555,Champions
18093,United Kingdom,2010-03-31 10:27:00,2011-09-07 15:43:00,93,618,8,61,3429,43,4452.71,1,23.1,11,4429.61,556.58875,0.518785189244303,3,4,5,12,345,Loyal Customers
18094,United Kingdom,2010-01-07 11:16:00,2011-09-19 09:28:00,81,701,13,126,4164,55,6391.52,2,68.9,36,6322.620000000001,491.65538461538466,1.0779908378601648,4,5,5,14,455,Champions
18095,United Kingdom,2010-04-19 14:09:00,2011-01-31 12:50:00,312,599,5,48,1623,37,2303.09,0,0.0,0,2303.09,460.61800000000005,0.0,2,4,4,10,244,At Risk
18096,United Kingdom,2010-07-14 14:30:00,2011-11-28 12:44:00,11,513,6,389,1380,298,1638.16,0,0.0,0,1638.16,273.0266666666667,0.0,5,4,4,13,544,Champions
18097,United Kingdom,2009-12-17 11:06:00,2011-12-02 11:16:00,7,722,11,156,2716,86,4627.92,3,11.149999999999999,5,4616.77,420.72,0.24092897025013393,5,5,5,15,555,Champions
18098,United Kingdom,2010-11-08 16:31:00,2010-11-08 16:31:00,396,396,1,86,215,85,527.9399999999999,0,0.0,0,527.9399999999999,527.9399999999999,0.0,1,1,2,4,112,Hibernating
18099,United Kingdom,2011-08-04 15:52:00,2011-08-04 15:52:00,127,127,1,19,149,19,168.31,0,0.0,0,168.31,168.31,0.0,3,1,1,5,311,Regular Customers
18100,United Kingdom,2010-06-07 14:19:00,2010-06-07 14:19:00,550,550,1,30,440,30,451.56,0,0.0,0,451.56,451.56,0.0,1,1,2,4,112,Hibernating
18101,United Kingdom,2010-02-03 13:52:00,2011-11-28 13:37:00,11,674,5,109,247,89,622.01,0,0.0,0,622.01,124.402,0.0,5,4,3,12,543,Loyal Customers
18102,United Kingdom,2009-12-01 09:24:00,2011-12-09 11:50:00,0,738,145,1040,181645,382,580987.04,2,2578.4,712,578408.64,4006.8071724137935,0.44379647435853303,5,5,5,15,555,Champions
18103,United Kingdom,2010-06-08 13:36:00,2010-06-08 13:36:00,549,549,1,10,23,10,105.8,0,0.0,0,105.8,105.8,0.0,1,1,1,3,111,Hibernating
18104,United Kingdom,2011-11-02 14:07:00,2011-11-02 14:07:00,37,37,1,38,362,38,754.64,0,0.0,0,754.64,754.64,0.0,4,1,3,8,413,Promising Customers
18105,United Kingdom,2011-11-02 12:04:00,2011-11-02 12:04:00,37,37,1,18,46,18,113.48000000000002,0,0.0,0,113.48000000000002,113.48000000000002,0.0,4,1,1,6,411,Promising Customers
18106,United Kingdom,2010-01-15 11:36:00,2011-01-14 12:23:00,329,693,6,191,506,126,1441.06,0,0.0,0,1441.06,240.17666666666665,0.0,2,4,4,10,244,At Risk
18107,United Kingdom,2010-09-23 13:03:00,2010-09-23 13:03:00,442,442,1,38,65,38,165.88,0,0.0,0,165.88,165.88,0.0,1,1,1,3,111,Hibernating
18108,United Kingdom,2009-12-02 12:47:00,2011-03-30 13:56:00,254,737,3,47,261,43,848.8100000000001,1,6.35,2,842.46,282.93666666666667,0.7481061721704503,2,3,3,8,233,At Risk
18109,United Kingdom,2010-07-01 12:13:00,2011-12-08 11:36:00,1,526,38,654,4822,203,9555.71,7,139.3,23,9416.41,251.46605263157892,1.4577671360893123,5,5,5,15,555,Champions
18110,United Kingdom,2010-10-24 14:21:00,2011-11-20 12:34:00,19,411,2,72,169,58,392.28000000000003,1,30.25,7,362.03000000000003,196.14000000000001,7.7113286428061585,5,2,2,9,522,Potential Loyalists
18111,United Kingdom,2010-04-29 12:58:00,2010-04-29 12:58:00,589,589,1,27,232,27,405.85,1,6.95,4,398.90000000000003,405.85,1.7124553406430945,1,1,2,4,112,Hibernating
18112,United Kingdom,2010-06-06 12:40:00,2011-11-27 14:43:00,12,551,4,62,443,59,773.36,0,0.0,0,773.36,193.34,0.0,5,3,3,11,533,Potential Loyalists
18113,United Kingdom,2010-12-06 12:31:00,2010-12-06 12:31:00,368,368,1,1,72,1,76.32000000000001,0,0.0,0,76.32000000000001,76.32000000000001,0.0,1,1,1,3,111,Hibernating
18114,United Kingdom,2011-02-22 13:20:00,2011-02-22 13:20:00,290,290,1,28,55,28,220.1,0,0.0,0,220.1,220.1,0.0,2,1,1,4,211,Hibernating
18115,United Kingdom,2010-01-11 11:57:00,2010-01-11 11:57:00,697,697,1,3,3,3,9.700000000000001,0,0.0,0,9.700000000000001,9.700000000000001,0.0,1,1,1,3,111,Hibernating
18116,United Kingdom,2010-10-24 15:29:00,2011-10-03 11:00:00,67,411,13,563,1249,310,2130.89,0,0.0,0,2130.89,163.9146153846154,0.0,4,5,4,13,454,Champions
18117,United Kingdom,2011-11-14 12:47:00,2011-11-14 12:47:00,25,25,1,71,604,67,314.4,0,0.0,0,314.4,314.4,0.0,5,1,2,8,512,New Customers
18118,United Kingdom,2010-11-23 13:36:00,2011-11-29 11:32:00,10,381,29,1429,3172,443,6218.62,6,63.15,7,6155.47,214.4351724137931,1.0154986154484436,5,5,5,15,555,Champions
18119,United Kingdom,2010-12-07 11:59:00,2010-12-07 11:59:00,367,367,1,29,124,29,180.7,0,0.0,0,180.7,180.7,0.0,1,1,1,3,111,Hibernating
18120,United Kingdom,2011-05-09 13:45:00,2011-05-09 13:45:00,214,214,1,17,31,17,111.15,0,0.0,0,111.15,111.15,0.0,2,1,1,4,211,Hibernating
18121,United Kingdom,2011-07-08 12:14:00,2011-07-13 12:53:00,149,154,2,31,438,28,653.3000000000001,0,0.0,0,653.3000000000001,326.65000000000003,0.0,3,2,3,8,323,Need Attention
18122,United Kingdom,2011-07-12 11:37:00,2011-12-01 13:08:00,8,150,6,355,1215,238,1791.84,0,0.0,0,1791.84,298.64,0.0,5,4,4,13,544,Champions
18123,United Kingdom,2010-07-14 12:47:00,2011-11-15 14:23:00,24,513,3,56,616,53,666.64,0,0.0,0,666.64,222.21333333333334,0.0,5,3,3,11,533,Potential Loyalists
18124,United Kingdom,2010-08-24 17:21:00,2010-08-24 17:21:00,472,472,1,20,47,20,102.65,0,0.0,0,102.65,102.65,0.0,1,1,1,3,111,Hibernating
18125,United Kingdom,2011-01-27 15:02:00,2011-11-10 12:29:00,29,316,4,192,800,164,1131.75,1,1.65,1,1130.1,282.9375,0.145791915175613,5,3,3,11,533,Potential Loyalists
18126,United Kingdom,2011-10-10 12:19:00,2011-10-10 12:19:00,60,60,1,51,129,51,198.58,0,0.0,0,198.58,198.58,0.0,4,1,1,6,411,Promising Customers
18127,United Kingdom,2010-11-01 13:56:00,2011-11-20 14:05:00,19,403,4,67,250,56,556.13,0,0.0,0,556.13,139.0325,0.0,5,3,2,10,532,Potential Loyalists
18128,United Kingdom,2010-06-20 13:19:00,2010-06-20 13:19:00,537,537,1,42,216,42,399.29,0,0.0,0,399.29,399.29,0.0,1,1,2,4,112,Hibernating
18129,United Kingdom,2011-04-10 14:16:00,2011-04-10 14:16:00,243,243,1,14,48,13,112.55000000000001,0,0.0,0,112.55000000000001,112.55000000000001,0.0,2,1,1,4,211,Hibernating
18130,United Kingdom,2011-10-13 15:58:00,2011-11-24 14:40:00,15,57,3,70,824,58,1059.39,1,13.65,7,1045.74,353.13000000000005,1.288477331294424,5,3,3,11,533,Potential Loyalists
18131,United Kingdom,2010-03-18 08:48:00,2010-03-18 08:48:00,631,631,1,4,552,4,222.95999999999998,0,0.0,0,222.95999999999998,222.95999999999998,0.0,1,1,1,3,111,Hibernating
18132,United Kingdom,2010-07-23 16:54:00,2010-07-23 16:54:00,504,504,1,62,212,60,220.13,0,0.0,0,220.13,220.13,0.0,1,1,1,3,111,Hibernating
18133,United Kingdom,2011-05-11 14:14:00,2011-05-11 14:14:00,212,212,1,1,1350,1,931.5,0,0.0,0,931.5,931.5,0.0,2,1,3,6,213,Hibernating
18134,United Kingdom,2010-01-14 11:59:00,2010-04-20 14:02:00,598,694,2,28,128,27,445.0,0,0.0,0,445.0,222.5,0.0,1,2,2,5,122,Hibernating
18135,United Kingdom,2010-03-15 13:55:00,2011-11-10 19:32:00,29,634,10,37,753,23,1249.6200000000001,3,20.4,4,1229.22,124.96200000000002,1.632496278868776,5,4,4,13,544,Champions
18136,United Kingdom,2010-09-14 15:50:00,2011-10-07 15:40:00,63,451,5,88,860,77,1631.3600000000001,4,99.65,23,1531.71,326.27200000000005,6.108400353079639,4,4,4,12,444,Champions
18137,United Kingdom,2010-06-06 13:45:00,2010-06-06 14:18:00,551,551,2,29,59,26,145.99,0,0.0,0,145.99,72.995,0.0,1,2,1,4,121,Hibernating
18138,United Kingdom,2011-02-17 14:51:00,2011-02-17 14:51:00,295,295,1,8,38,8,152.65,0,0.0,0,152.65,152.65,0.0,2,1,1,4,211,Hibernating
18139,United Kingdom,2011-11-21 14:06:00,2011-11-22 10:44:00,17,18,6,159,5557,35,8438.34,0,0.0,0,8438.34,1406.39,0.0,5,4,5,14,545,Champions
18140,West Indies,2010-08-23 11:58:00,2010-08-23 11:58:00,473,473,1,54,395,49,536.41,0,0.0,0,536.41,536.41,0.0,1,1,2,4,112,Hibernating
18141,United Kingdom,2010-04-29 15:32:00,2010-11-03 11:44:00,401,589,2,42,433,38,882.47,2,43.900000000000006,13,838.57,441.235,4.974673360000907,1,2,3,6,123,Hibernating
18142,United Kingdom,2011-05-08 12:31:00,2011-07-05 13:19:00,157,215,2,15,1276,9,1019.52,2,4.62,3,1014.9,509.76,0.45315442561205277,3,2,3,8,323,Need Attention
18143,United Kingdom,2011-07-21 10:44:00,2011-08-15 12:07:00,116,141,2,61,570,59,1000.16,0,0.0,0,1000.16,500.08,0.0,3,2,3,8,323,Need Attention
18144,United Kingdom,2009-12-16 15:57:00,2011-12-02 12:46:00,7,723,19,84,2144,51,4892.95,0,0.0,0,4892.95,257.5236842105263,0.0,5,5,5,15,555,Champions
18145,United Kingdom,2009-12-08 12:30:00,2011-11-27 11:22:00,12,731,11,402,5104,250,5609.74,1,17.700000000000003,6,5592.04,509.9763636363636,0.3155226445432409,5,5,5,15,555,Champions
18146,United Kingdom,2011-05-03 16:35:00,2011-07-22 12:08:00,140,220,2,10,153,10,160.35,0,0.0,0,160.35,80.175,0.0,3,2,1,6,321,Need Attention
18147,United Kingdom,2011-08-23 12:22:00,2011-10-25 11:46:00,45,108,2,7,203,7,179.34,0,0.0,0,179.34,89.67,0.0,4,2,1,7,421,Potential Loyalists
18148,United Kingdom,2010-03-03 11:40:00,2010-03-03 11:40:00,646,646,1,10,63,9,112.85000000000001,0,0.0,0,112.85000000000001,112.85000000000001,0.0,1,1,1,3,111,Hibernating
18149,United Kingdom,2010-03-14 12:41:00,2011-10-20 12:04:00,50,635,7,91,869,54,1553.96,0,0.0,0,1553.96,221.99428571428572,0.0,4,4,4,12,444,Champions
18150,United Kingdom,2011-05-22 10:47:00,2011-11-07 16:49:00,32,201,3,37,332,29,566.58,0,0.0,0,566.58,188.86,0.0,4,3,2,9,432,Potential Loyalists
18151,United Kingdom,2010-03-04 10:47:00,2011-07-28 11:35:00,134,645,6,106,986,99,1879.44,1,25.5,6,1853.94,313.24,1.356787128080705,3,4,4,11,344,Loyal Customers
18152,United Kingdom,2010-03-03 15:26:00,2010-03-03 15:26:00,646,646,1,10,75,10,426.69,0,0.0,0,426.69,426.69,0.0,1,1,2,4,112,Hibernating
18153,United Kingdom,2010-02-18 15:50:00,2010-02-18 15:50:00,659,659,1,17,200,17,246.22,0,0.0,0,246.22,246.22,0.0,1,1,1,3,111,Hibernating
18154,United Kingdom,2010-08-06 09:18:00,2011-12-06 16:41:00,3,490,5,47,626,34,932.6,0,0.0,0,932.6,186.52,0.0,5,4,3,12,543,Loyal Customers
18155,United Kingdom,2011-02-21 10:36:00,2011-09-25 13:32:00,75,291,3,25,266,19,371.62,1,23.8,8,347.82,123.87333333333333,6.404391582799635,4,3,2,9,432,Potential Loyalists
18156,United Kingdom,2010-12-05 12:29:00,2011-11-27 12:24:00,12,369,2,122,283,100,675.64,0,0.0,0,675.64,337.82,0.0,5,2,3,10,523,Potential Loyalists
18157,United Kingdom,2010-05-17 14:09:00,2010-05-17 14:09:00,571,571,1,25,145,25,213.9,0,0.0,0,213.9,213.9,0.0,1,1,1,3,111,Hibernating
18158,United Kingdom,2011-09-12 09:03:00,2011-11-30 16:19:00,9,88,2,34,354,24,453.4,1,1.65,1,451.75,226.7,0.3639170710189678,5,2,2,9,522,Potential Loyalists
18159,United Kingdom,2011-02-11 14:26:00,2011-02-11 14:26:00,301,301,1,23,139,23,530.15,0,0.0,0,530.15,530.15,0.0,2,1,2,5,212,Hibernating
18160,United Kingdom,2010-11-18 16:33:00,2011-10-13 15:50:00,57,386,3,65,519,56,1003.88,0,0.0,0,1003.88,334.62666666666667,0.0,4,3,3,10,433,Potential Loyalists
18161,United Kingdom,2010-11-25 15:55:00,2011-11-24 16:40:00,15,379,6,93,965,57,1803.1000000000001,1,5.9,2,1797.2,300.5166666666667,0.32721424213853917,5,4,4,13,544,Champions
18162,United Kingdom,2009-12-07 13:24:00,2009-12-07 13:24:00,732,732,1,46,332,45,371.51,0,0.0,0,371.51,371.51,0.0,1,1,2,4,112,Hibernating
18163,United Kingdom,2010-05-04 14:51:00,2010-05-04 14:51:00,584,584,1,33,452,33,728.84,1,89.5,22,639.34,728.84,12.279787058888097,1,1,3,5,113,Hibernating
18164,United Kingdom,2011-11-02 12:56:00,2011-11-02 12:56:00,37,37,1,24,184,24,399.65,1,4.95,1,394.7,399.65,1.238583760790692,4,1,2,7,412,Promising Customers
18165,United Kingdom,2011-06-15 13:23:00,2011-06-15 13:23:00,177,177,1,10,254,10,302.46,0,0.0,0,302.46,302.46,0.0,3,1,2,6,312,Regular Customers
18166,United Kingdom,2010-03-26 12:26:00,2010-03-26 12:26:00,623,623,1,10,90,10,175.5,0,0.0,0,175.5,175.5,0.0,1,1,1,3,111,Hibernating
18167,United Kingdom,2011-08-26 11:40:00,2011-11-16 15:56:00,23,105,3,37,382,24,1384.8600000000001,2,23.35,22,1361.5100000000002,461.62000000000006,1.6860910128099589,5,3,4,12,534,Potential Loyalists
18168,United Kingdom,2009-12-03 17:29:00,2011-06-16 19:21:00,176,736,16,363,1995,209,3435.5,6,83.2,27,3352.3,214.71875,2.4217726677339546,3,5,5,13,355,Loyal Customers
18169,United Kingdom,2011-10-10 12:18:00,2011-10-10 12:18:00,60,60,1,9,61,9,202.65,0,0.0,0,202.65,202.65,0.0,4,1,1,6,411,Promising Customers
18170,United Kingdom,2010-01-08 14:10:00,2011-11-06 14:35:00,33,700,9,126,1184,59,2878.0,0,0.0,0,2878.0,319.77777777777777,0.0,4,4,5,13,445,Champions
18171,United Kingdom,2010-01-05 10:46:00,2011-10-12 09:13:00,58,703,9,92,991,76,2437.31,2,22.8,4,2414.5099999999998,270.8122222222222,0.935457533100016,4,4,4,12,444,Champions
18172,United Kingdom,2009-12-11 09:58:00,2011-11-25 11:12:00,14,728,52,475,7407,176,17467.24,11,178.01,30,17289.230000000003,335.90846153846155,1.0191077697449624,5,5,5,15,555,Champions
18173,United Kingdom,2010-04-06 10:43:00,2011-09-14 11:26:00,86,612,5,45,1730,34,2696.36,0,0.0,0,2696.36,539.272,0.0,4,4,4,12,444,Champions
18174,United Kingdom,2010-04-15 12:17:00,2011-12-02 16:56:00,7,603,2,2,80,1,162.5,0,0.0,0,162.5,81.25,0.0,5,2,1,8,521,Potential Loyalists
18175,United Kingdom,2010-02-02 10:25:00,2010-02-02 10:25:00,675,675,1,7,70,7,176.10000000000002,0,0.0,0,176.10000000000002,176.10000000000002,0.0,1,1,1,3,111,Hibernating
18176,United Kingdom,2010-12-16 15:45:00,2010-12-16 15:45:00,358,358,1,30,283,30,476.35,1,27.7,4,448.65000000000003,476.35,5.815051957594205,2,1,2,5,212,Hibernating
18177,United Kingdom,2009-12-15 18:57:00,2011-11-08 14:44:00,31,724,9,99,1238,66,2216.32,1,27.25,5,2189.07,246.2577777777778,1.229515593416113,4,4,4,12,444,Champions
18178,United Kingdom,2010-02-18 14:25:00,2011-08-03 09:30:00,128,659,11,350,3850,204,6103.74,4,49.25,9,6054.49,554.8854545454545,0.8068823377142539,3,5,5,13,355,Loyal Customers
18179,United Kingdom,2010-02-14 15:51:00,2011-11-30 16:23:00,9,663,8,109,1811,101,2547.55,0,0.0,0,2547.55,318.44375,0.0,5,4,4,13,544,Champions
18180,United Kingdom,2011-07-20 08:59:00,2011-12-05 08:39:00,4,142,6,119,1721,108,1843.75,0,0.0,0,1843.75,307.2916666666667,0.0,5,4,4,13,544,Champions
18181,United Kingdom,2009-12-04 15:30:00,2011-11-15 15:08:00,24,735,5,178,510,139,1188.34,2,21.73,3,1166.61,237.66799999999998,1.8286012420687683,5,4,3,12,543,Loyal Customers
18182,United Kingdom,2010-09-02 14:25:00,2010-09-02 14:25:00,463,463,1,10,167,10,291.13,0,0.0,0,291.13,291.13,0.0,1,1,2,4,112,Hibernating
18183,United Kingdom,2011-03-10 10:08:00,2011-04-26 15:26:00,227,274,2,37,371,36,632.07,4,31.55,9,600.5200000000001,316.035,4.99153574762289,2,2,3,7,223,Hibernating
18184,United Kingdom,2011-11-24 15:28:00,2011-11-24 15:28:00,15,15,1,1,60,1,49.8,0,0.0,0,49.8,49.8,0.0,5,1,1,7,511,New Customers
18185,United Kingdom,2011-04-04 13:42:00,2011-04-04 13:42:00,249,249,1,17,183,17,304.25,0,0.0,0,304.25,304.25,0.0,2,1,2,5,212,Hibernating
18186,United Kingdom,2009-12-17 10:22:00,2009-12-17 10:22:00,722,722,1,11,338,11,329.58000000000004,0,0.0,0,329.58000000000004,329.58000000000004,0.0,1,1,2,4,112,Hibernating
18187,United Kingdom,2010-03-18 09:49:00,2010-03-18 09:49:00,631,631,1,48,310,48,724.89,2,42.7,6,682.1899999999999,724.89,5.890548910869236,1,1,3,5,113,Hibernating
18188,United Kingdom,2010-03-26 11:37:00,2011-11-24 16:46:00,15,623,6,133,1888,95,3280.59,2,17.4,4,3263.19,546.765,0.5303923989282415,5,4,5,14,545,Champions
18189,United Kingdom,2010-03-24 09:57:00,2011-09-23 12:40:00,77,625,3,86,836,79,1403.73,2,7.15,3,1396.58,467.91,0.5093572125693687,4,3,4,11,434,Potential Loyalists
18190,United Kingdom,2009-12-22 12:05:00,2011-05-31 14:48:00,192,717,5,42,490,34,745.62,1,9.95,1,735.67,149.124,1.3344599125559937,2,4,3,9,243,At Risk
18191,United Kingdom,2010-08-19 17:42:00,2011-03-23 12:08:00,261,477,2,15,332,15,529.4,0,0.0,0,529.4,264.7,0.0,2,2,2,6,222,Hibernating
18192,United Kingdom,2011-09-29 09:53:00,2011-09-29 09:53:00,71,71,1,45,339,45,957.97,0,0.0,0,957.97,957.97,0.0,4,1,3,8,413,Promising Customers
18193,United Kingdom,2010-09-23 13:33:00,2011-06-27 13:58:00,165,442,3,70,926,66,1207.3500000000001,2,30.8,4,1176.5500000000002,402.45000000000005,2.5510415372510042,3,3,3,9,333,Need Attention
18194,United Kingdom,2010-01-28 15:30:00,2011-09-18 13:29:00,82,680,6,28,1774,23,4162.04,1,77.84,184,4084.2,693.6733333333333,1.8702367108437208,4,4,5,13,445,Champions
18195,United Kingdom,2010-11-17 15:03:00,2010-11-17 15:03:00,387,387,1,5,60,5,101.16,0,0.0,0,101.16,101.16,0.0,1,1,1,3,111,Hibernating
18196,United Kingdom,2010-03-17 14:55:00,2011-09-05 16:22:00,95,632,4,275,1032,209,1455.27,0,0.0,0,1455.27,363.8175,0.0,3,3,4,10,334,Need Attention
18197,United Kingdom,2010-05-13 10:46:00,2010-05-13 10:46:00,575,575,1,9,166,9,230.1,1,8.7,4,221.4,230.1,3.78096479791395,1,1,1,3,111,Hibernating
18198,United Kingdom,2011-01-07 13:39:00,2011-12-05 14:49:00,4,336,17,159,4074,81,5425.56,4,342.5,235,5083.06,319.15058823529415,6.312712420469039,5,5,5,15,555,Champions
18199,United Kingdom,2010-01-25 11:32:00,2010-01-25 11:32:00,683,683,1,20,99,20,344.75,1,2.55,1,342.2,344.75,0.7396664249456127,1,1,2,4,112,Hibernating
18200,United Kingdom,2011-08-25 18:45:00,2011-08-25 18:45:00,106,106,1,30,104,29,150.35,0,0.0,0,150.35,150.35,0.0,3,1,1,5,311,Regular Customers
18201,United Kingdom,2009-12-17 08:55:00,2009-12-17 08:55:00,722,722,1,27,191,27,447.53000000000003,0,0.0,0,447.53000000000003,447.53000000000003,0.0,1,1,2,4,112,Hibernating
18202,United Kingdom,2011-02-01 13:36:00,2011-05-24 12:12:00,199,311,3,68,581,55,1396.99,0,0.0,0,1396.99,465.66333333333336,0.0,2,3,4,9,234,At Risk
18203,United Kingdom,2009-12-08 13:19:00,2011-07-05 13:07:00,157,731,4,58,109,39,482.52,0,0.0,0,482.52,120.63,0.0,3,3,2,8,332,Need Attention
18204,United Kingdom,2011-05-31 15:26:00,2011-09-29 16:44:00,71,192,3,192,1190,159,1975.3500000000001,1,14.4,2,1960.95,658.45,0.7289847368820714,4,3,4,11,434,Potential Loyalists
18205,United Kingdom,2011-09-26 12:02:00,2011-11-03 13:22:00,36,74,2,32,192,30,517.36,0,0.0,0,517.36,258.68,0.0,4,2,2,8,422,Potential Loyalists
18206,United Kingdom,2010-06-04 13:47:00,2010-06-04 13:47:00,553,553,1,19,246,19,314.65999999999997,0,0.0,0,314.65999999999997,314.65999999999997,0.0,1,1,2,4,112,Hibernating
18207,United Kingdom,2010-07-28 14:26:00,2010-07-28 14:26:00,499,499,1,31,325,31,544.47,2,39.349999999999994,25,505.12,544.47,7.227211783936671,1,1,2,4,112,Hibernating
18208,United Kingdom,2010-05-23 11:54:00,2010-05-23 11:54:00,565,565,1,17,82,17,360.08,0,0.0,0,360.08,360.08,0.0,1,1,2,4,112,Hibernating
18209,United Kingdom,2011-11-11 12:07:00,2011-11-11 12:07:00,28,28,1,8,58,8,139.10000000000002,0,0.0,0,139.10000000000002,139.10000000000002,0.0,5,1,1,7,511,New Customers
18210,United Kingdom,2010-11-22 09:39:00,2011-12-08 11:02:00,1,382,7,144,1499,116,2768.83,0,0.0,0,2768.83,395.54714285714283,0.0,5,4,4,13,544,Champions
18211,United Kingdom,2011-03-06 12:09:00,2011-11-14 08:10:00,25,278,5,42,359,37,600.07,0,0.0,0,600.07,120.01400000000001,0.0,5,4,3,12,543,Loyal Customers
18212,United Kingdom,2010-01-31 14:42:00,2011-01-17 16:14:00,326,677,2,46,158,40,514.37,0,0.0,0,514.37,257.185,0.0,2,2,2,6,222,Hibernating
18213,United Kingdom,2011-04-17 10:21:00,2011-04-17 10:21:00,236,236,1,15,232,15,232.48000000000002,0,0.0,0,232.48000000000002,232.48000000000002,0.0,2,1,1,4,211,Hibernating
18214,United Kingdom,2010-06-03 19:47:00,2010-06-27 11:21:00,530,554,4,58,989,38,1780.34,1,299.34999999999997,199,1480.99,445.085,16.814204028444006,1,3,4,8,134,At Risk
18215,United Kingdom,2010-03-26 13:03:00,2011-09-11 16:05:00,89,623,5,89,1131,53,2232.4900000000002,1,8.5,1,2223.9900000000002,446.49800000000005,0.38074078719277576,4,4,4,12,444,Champions
18216,United Kingdom,2011-11-08 16:55:00,2011-11-08 16:55:00,31,31,1,26,200,26,481.75,0,0.0,0,481.75,481.75,0.0,4,1,2,7,412,Promising Customers
18217,United Kingdom,2010-07-01 15:39:00,2011-11-10 13:18:00,29,526,4,40,740,33,945.04,2,42.24,30,902.8,236.26,4.469652078218911,5,3,3,11,533,Potential Loyalists
18218,United Kingdom,2010-02-17 15:11:00,2011-05-12 12:53:00,211,660,4,38,1028,25,1121.84,2,35.7,38,1086.1399999999999,280.46,3.182271981744278,2,3,3,8,233,At Risk
18219,United Kingdom,2009-12-07 13:17:00,2011-12-07 11:43:00,2,732,17,190,1586,87,3352.7000000000003,2,55.5,4,3297.2000000000003,197.21764705882356,1.6553822292480684,5,5,5,15,555,Champions
18220,United Kingdom,2009-12-15 11:42:00,2011-04-27 09:03:00,226,724,6,25,1352,17,1921.76,5,150.06,94,1771.7,320.29333333333335,7.808467238364833,2,4,4,10,244,At Risk
18221,United Kingdom,2010-11-14 15:46:00,2011-11-17 14:40:00,22,390,6,84,1000,71,1424.94,2,54.60000000000001,16,1370.3400000000001,237.49,3.8317402838014236,5,4,4,13,544,Champions
18222,United Kingdom,2011-09-08 10:45:00,2011-09-08 10:45:00,92,92,1,19,335,19,443.0,0,0.0,0,443.0,443.0,0.0,3,1,2,6,312,Regular Customers
18223,United Kingdom,2009-12-04 12:20:00,2011-12-05 09:11:00,4,735,26,576,6644,192,14000.85,25,496.18,182,13504.67,538.4942307692307,3.543927690104529,5,5,5,15,555,Champions
18224,United Kingdom,2011-03-21 10:30:00,2011-03-21 10:30:00,263,263,1,10,69,10,158.95000000000002,0,0.0,0,158.95000000000002,158.95000000000002,0.0,2,1,1,4,211,Hibernating
18225,United Kingdom,2009-12-04 16:52:00,2011-12-06 13:27:00,3,735,26,572,7282,266,13014.8,8,371.55,65,12643.25,500.5692307692307,2.854826812551864,5,5,5,15,555,Champions
18226,United Kingdom,2010-03-05 10:05:00,2011-10-26 13:36:00,44,644,26,528,7883,299,11878.88,12,129.3,52,11749.58,456.88,1.0884864566356427,4,5,5,14,455,Champions
18227,United Kingdom,2010-08-12 16:45:00,2011-05-06 12:23:00,217,484,2,6,22,6,388.75,1,295.0,1,93.75,194.375,75.88424437299035,2,2,1,5,221,Hibernating
18228,United Kingdom,2011-09-21 10:48:00,2011-10-14 09:21:00,56,79,2,30,238,23,779.9,1,10.7,2,769.1999999999999,389.95,1.3719707654827542,4,2,3,9,423,Potential Loyalists
18229,United Kingdom,2009-12-03 14:42:00,2011-11-28 09:48:00,11,736,28,201,3071,73,10150.51,0,0.0,0,10150.51,362.5182142857143,0.0,5,5,5,15,555,Champions
18230,United Kingdom,2010-07-02 10:01:00,2011-11-30 13:22:00,9,525,9,140,1996,42,4291.06,3,93.6,18,4197.46,476.7844444444445,2.181279217722427,5,4,5,14,545,Champions
18231,United Kingdom,2010-01-10 12:13:00,2011-05-31 14:18:00,192,698,28,382,2913,217,6848.27,2,32.8,15,6815.47,244.58107142857145,0.478953078660742,2,5,5,12,255,At Risk
18232,United Kingdom,2011-05-26 16:30:00,2011-09-19 11:49:00,81,197,4,37,302,31,592.97,1,10.5,3,582.47,148.2425,1.7707472553417543,4,3,2,9,432,Potential Loyalists
18233,United Kingdom,2011-01-18 08:44:00,2011-01-18 08:44:00,325,325,1,1,4,1,440.0,0,0.0,0,440.0,440.0,0.0,2,1,2,5,212,Hibernating
18234,United Kingdom,2010-06-06 11:22:00,2010-06-06 11:22:00,551,551,1,30,80,30,179.6,0,0.0,0,179.6,179.6,0.0,1,1,1,3,111,Hibernating
18235,United Kingdom,2011-05-06 13:35:00,2011-09-29 08:27:00,71,217,3,104,1578,100,1796.48,0,0.0,0,1796.48,598.8266666666667,0.0,4,3,4,11,434,Potential Loyalists
18236,United Kingdom,2010-04-15 13:39:00,2011-11-10 08:06:00,29,603,12,98,696,80,1795.3500000000001,0,0.0,0,1795.3500000000001,149.6125,0.0,5,5,4,14,554,Champions
18237,United Kingdom,2011-07-28 13:05:00,2011-12-07 12:49:00,2,134,5,61,622,40,987.1,0,0.0,0,987.1,197.42000000000002,0.0,5,4,3,12,543,Loyal Customers
18238,United Kingdom,2010-07-12 12:51:00,2010-07-12 12:51:00,515,515,1,14,114,14,270.92,0,0.0,0,270.92,270.92,0.0,1,1,1,3,111,Hibernating
18239,United Kingdom,2010-10-13 10:11:00,2011-05-05 12:38:00,218,422,6,96,844,85,1712.26,0,0.0,0,1712.26,285.37666666666667,0.0,2,4,4,10,244,At Risk
18240,United Kingdom,2011-10-24 13:06:00,2011-10-24 13:06:00,46,46,1,6,126,6,422.58,0,0.0,0,422.58,422.58,0.0,4,1,2,7,412,Promising Customers
18241,United Kingdom,2010-04-01 11:55:00,2011-11-30 12:10:00,9,617,21,159,1471,101,2986.9900000000002,2,32.9,6,2954.09,142.23761904761906,1.1014432589329055,5,5,5,15,555,Champions
18242,United Kingdom,2010-01-11 08:49:00,2011-09-28 13:43:00,72,697,8,140,2021,113,3605.21,0,0.0,0,3605.21,450.65125,0.0,4,4,5,13,445,Champions
18243,United Kingdom,2010-10-21 14:29:00,2010-10-21 14:29:00,414,414,1,26,221,26,515.78,0,0.0,0,515.78,515.78,0.0,1,1,2,4,112,Hibernating
18244,United Kingdom,2010-07-25 10:30:00,2010-10-05 11:15:00,430,502,2,19,856,19,568.64,0,0.0,0,568.64,284.32,0.0,1,2,2,5,122,Hibernating
18245,United Kingdom,2010-03-08 15:26:00,2011-12-02 14:48:00,7,641,20,458,5098,336,6324.9800000000005,3,88.75,20,6236.2300000000005,316.249,1.4031664922260623,5,5,5,15,555,Champions
18246,United Kingdom,2010-04-09 10:19:00,2011-11-16 11:49:00,23,609,3,5,214,3,758.8199999999999,0,0.0,0,758.8199999999999,252.93999999999997,0.0,5,3,3,11,533,Potential Loyalists
18247,United Kingdom,2010-03-18 15:52:00,2010-10-21 09:49:00,414,631,3,37,335,28,839.73,3,118.30000000000001,30,721.4300000000001,279.91,14.087861574553726,1,3,3,7,133,At Risk
18248,United Kingdom,2011-06-06 13:18:00,2011-08-09 10:19:00,122,186,2,47,511,39,804.02,2,21.0,10,783.02,402.01,2.611875326484416,3,2,3,8,323,Need Attention
18249,United Kingdom,2011-11-22 15:07:00,2011-11-22 15:07:00,17,17,1,8,128,8,95.34,0,0.0,0,95.34,95.34,0.0,5,1,1,7,511,New Customers
18250,United Kingdom,2011-02-02 13:16:00,2011-02-02 13:16:00,310,310,1,21,199,21,349.27,1,6.35,1,342.91999999999996,349.27,1.8180777049274202,2,1,2,5,212,Hibernating
18251,United Kingdom,2009-12-22 12:01:00,2011-09-13 15:03:00,87,717,9,108,39639,87,26278.86,0,0.0,0,26278.86,2919.8733333333334,0.0,4,4,5,13,445,Champions
18252,United Kingdom,2009-12-18 16:13:00,2011-10-20 12:43:00,50,721,7,134,932,125,1533.69,1,76.5,6,1457.19,219.09857142857143,4.9879701895428665,4,4,4,12,444,Champions
18253,United Kingdom,2010-03-07 12:38:00,2010-03-07 12:38:00,642,642,1,7,128,7,317.88,0,0.0,0,317.88,317.88,0.0,1,1,2,4,112,Hibernating
18254,United Kingdom,2010-05-07 14:37:00,2010-05-07 14:37:00,581,581,1,16,188,16,267.9,0,0.0,0,267.9,267.9,0.0,1,1,1,3,111,Hibernating
18255,United Kingdom,2010-09-09 16:31:00,2011-09-11 13:16:00,89,456,2,19,201,16,303.15,0,0.0,0,303.15,151.575,0.0,4,2,2,8,422,Potential Loyalists
18256,United Kingdom,2010-11-17 08:53:00,2010-11-17 08:53:00,387,387,1,10,180,10,110.69999999999999,1,50.099999999999994,70,60.599999999999994,110.69999999999999,45.25745257452575,1,1,1,3,111,Hibernating
18257,United Kingdom,2010-02-18 16:20:00,2011-10-31 14:48:00,39,659,12,275,2368,218,4585.15,5,94.7,39,4490.45,382.0958333333333,2.065363183320066,4,5,5,14,455,Champions
18258,United Kingdom,2010-05-16 11:35:00,2010-09-01 14:20:00,464,572,6,50,1981,30,2059.67,2,18.7,8,2040.97,343.27833333333336,0.9079124325741502,1,4,4,9,144,At Risk
18259,United Kingdom,2009-12-08 08:38:00,2011-11-15 12:34:00,24,731,7,85,1274,51,3941.9,0,0.0,0,3941.9,563.1285714285715,0.0,5,4,5,14,545,Champions
18260,United Kingdom,2009-12-15 13:50:00,2011-06-20 12:37:00,172,724,23,410,5244,212,9947.26,9,210.16,36,9737.1,432.4895652173913,2.112742604496112,3,5,5,13,355,Loyal Customers
18261,United Kingdom,2011-09-05 09:34:00,2011-10-27 15:36:00,43,95,2,21,146,19,324.24,0,0.0,0,324.24,162.12,0.0,4,2,2,8,422,Potential Loyalists
18262,United Kingdom,2010-04-16 09:05:00,2011-07-22 16:04:00,140,602,3,42,552,40,577.54,0,0.0,0,577.54,192.51333333333332,0.0,3,3,2,8,332,Need Attention
18263,United Kingdom,2011-04-01 11:48:00,2011-11-14 09:00:00,25,252,3,61,1468,59,1213.16,1,2.08,1,1211.0800000000002,404.3866666666667,0.17145306472353192,5,3,4,12,534,Potential Loyalists
18264,United Kingdom,2010-07-29 10:02:00,2010-07-29 10:02:00,498,498,1,36,241,36,603.25,0,0.0,0,603.25,603.25,0.0,1,1,3,5,113,Hibernating
18265,United Kingdom,2011-07-04 15:26:00,2011-09-28 14:10:00,72,158,2,46,311,44,801.51,0,0.0,0,801.51,400.755,0.0,4,2,3,9,423,Potential Loyalists
18266,United Kingdom,2010-10-01 15:33:00,2010-10-01 15:33:00,434,434,1,14,138,14,251.1,0,0.0,0,251.1,251.1,0.0,1,1,1,3,111,Hibernating
18267,United Kingdom,2010-02-05 08:43:00,2010-02-05 08:43:00,672,672,1,17,135,17,269.37,1,16.5,4,252.87,269.37,6.125403719790622,1,1,1,3,111,Hibernating
18268,United Kingdom,2009-12-11 10:27:00,2011-07-28 19:13:00,134,728,6,67,711,36,1490.23,2,39.01,9,1451.22,248.37166666666667,2.617716728290264,3,4,4,11,344,Loyal Customers
18269,United Kingdom,2010-12-08 13:53:00,2010-12-08 13:53:00,366,366,1,7,76,7,168.60000000000002,1,29.700000000000003,6,138.90000000000003,168.60000000000002,17.615658362989322,1,1,1,3,111,Hibernating
18270,United Kingdom,2010-10-03 10:49:00,2011-11-01 13:57:00,38,432,3,17,209,17,444.55,1,38.25,3,406.3,148.18333333333334,8.604206500956023,4,3,2,9,432,Potential Loyalists
18271,United Kingdom,2009-12-08 11:27:00,2010-04-09 09:26:00,609,731,2,21,319,19,680.85,0,0.0,0,680.85,340.425,0.0,1,2,3,6,123,Hibernating
18272,United Kingdom,2010-03-04 12:53:00,2011-12-07 12:43:00,2,645,9,226,2880,145,4385.9800000000005,2,38.65,9,4347.330000000001,487.33111111111117,0.8812169686136277,5,4,5,14,545,Champions
18273,United Kingdom,2010-04-28 12:24:00,2011-12-07 13:16:00,2,590,4,4,140,1,357.0,0,0.0,0,357.0,89.25,0.0,5,3,2,10,532,Potential Loyalists
18274,United Kingdom,2011-11-09 17:03:00,2011-11-09 17:03:00,30,30,1,11,88,11,175.92,1,175.92,88,0.0,175.92,100.0,5,1,1,7,511,New Customers
18275,United Kingdom,2009-12-08 16:23:00,2010-05-10 15:46:00,578,731,2,19,417,19,741.85,0,0.0,0,741.85,370.925,0.0,1,2,3,6,123,Hibernating
18276,United Kingdom,2009-12-10 17:14:00,2011-10-27 10:54:00,43,729,6,94,1246,81,1656.52,4,35.85,7,1620.67,276.08666666666664,2.16417550044672,4,4,4,12,444,Champions
18277,United Kingdom,2010-08-02 10:26:00,2011-10-12 15:22:00,58,494,5,64,449,53,1180.05,2,20.7,4,1159.35,236.01,1.7541629591966441,4,4,3,11,443,Loyal Customers
18278,United Kingdom,2010-10-31 12:13:00,2011-09-27 11:58:00,73,404,2,24,140,22,414.20000000000005,0,0.0,0,414.20000000000005,207.10000000000002,0.0,4,2,2,8,422,Potential Loyalists
18279,United Kingdom,2010-07-08 14:48:00,2010-07-08 14:48:00,519,519,1,13,630,13,231.34,0,0.0,0,231.34,231.34,0.0,1,1,1,3,111,Hibernating
18280,United Kingdom,2010-11-10 15:51:00,2011-03-07 09:52:00,277,394,2,30,194,28,488.15000000000003,1,15.7,2,472.45000000000005,244.07500000000002,3.2162245211512848,2,2,2,6,222,Hibernating
18281,United Kingdom,2010-05-11 10:49:00,2011-06-12 10:53:00,180,577,2,17,146,17,201.14,0,0.0,0,201.14,100.57,0.0,3,2,1,6,321,Need Attention
18282,United Kingdom,2011-08-05 13:35:00,2011-12-02 11:43:00,7,126,2,12,103,12,178.05,1,1.45,5,176.60000000000002,89.025,0.8143779837124403,5,2,1,8,521,Potential Loyalists
18283,United Kingdom,2010-02-19 17:16:00,2011-12-06 12:02:00,3,658,22,936,1677,351,2658.95,0,0.0,0,2658.95,120.86136363636363,0.0,5,5,4,14,554,Champions
18284,United Kingdom,2010-10-04 11:33:00,2010-10-04 11:33:00,431,431,1,27,493,27,411.68,0,0.0,0,411.68,411.68,0.0,1,1,2,4,112,Hibernating
18285,United Kingdom,2010-02-17 10:24:00,2010-02-17 10:24:00,660,660,1,11,144,11,377.0,0,0.0,0,377.0,377.0,0.0,1,1,2,4,112,Hibernating
18286,United Kingdom,2009-12-16 10:45:00,2010-08-20 11:57:00,476,723,2,66,607,66,1246.43,1,108.0,16,1138.43,623.215,8.664746516049838,1,2,3,6,123,Hibernating
18287,United Kingdom,2010-05-17 11:55:00,2011-10-28 09:29:00,42,571,7,154,3012,119,4132.99,1,5.1,2,4127.889999999999,590.4271428571428,0.12339734671509003,4,4,5,13,445,Champions
