customer_id,first_purchase_date,last_purchase_date,sales_invoices,active_purchase_months,gross_sales,units_purchased,customer_lifetime_days,average_order_value,customer_status
12346,2010-03-02 13:08:00,2011-01-18 10:01:00,3,3,77352.96,74239,321,25784.320000000003,Repeat Customer
12347,2010-10-31 14:20:00,2011-12-07 15:52:00,8,8,4921.53,2967,402,615.19125,Repeat Customer
12348,2010-09-27 14:59:00,2011-09-25 13:13:00,5,5,1658.3999999999999,2704,362,331.67999999999995,Repeat Customer
12349,2010-04-29 13:20:00,2011-11-21 09:51:00,3,3,3678.69,1621,570,1226.23,Repeat Customer
12350,2011-02-02 16:01:00,2011-02-02 16:01:00,1,1,294.40000000000003,196,0,294.40000000000003,One-Time Customer
12351,2010-11-29 15:23:00,2010-11-29 15:23:00,1,1,300.93,261,0,300.93,One-Time Customer
12352,2010-11-12 10:20:00,2011-11-03 14:37:00,9,5,1729.54,714,356,192.17111111111112,Repeat Customer
12353,2010-10-27 12:44:00,2011-05-19 17:47:00,2,2,406.76,212,204,203.38,Repeat Customer
12354,2011-04-21 13:11:00,2011-04-21 13:11:00,1,1,1079.4,530,0,1079.4,One-Time Customer
12355,2010-05-21 11:59:00,2011-05-09 13:49:00,2,2,947.61,543,353,473.805,Repeat Customer
12356,2010-10-11 09:42:00,2011-11-17 08:40:00,6,5,5611.7300000000005,3376,401,935.2883333333334,Repeat Customer
12357,2010-11-16 10:05:00,2011-11-06 16:07:00,2,2,17437.66,6586,355,8718.83,Repeat Customer
12358,2009-12-08 07:59:00,2011-12-08 10:26:00,5,5,3447.07,1068,730,689.414,Repeat Customer
12359,2009-12-05 13:32:00,2011-10-13 12:47:00,10,8,8873.39,2739,676,887.3389999999999,Repeat Customer
12360,2010-02-22 09:32:00,2011-10-18 15:22:00,6,6,3612.89,2443,603,602.1483333333333,Repeat Customer
12361,2010-01-26 14:37:00,2011-02-25 13:51:00,4,4,451.25,231,394,112.8125,Repeat Customer
12362,2011-02-17 10:30:00,2011-12-06 15:40:00,10,8,4737.2300000000005,2197,292,473.72300000000007,Repeat Customer
12363,2011-04-11 13:29:00,2011-08-22 10:18:00,2,2,552.0,408,132,276.0,Repeat Customer
12364,2011-08-19 15:24:00,2011-12-02 10:22:00,4,4,1208.1,1499,104,302.025,Repeat Customer
12365,2011-02-21 13:51:00,2011-02-21 13:51:00,1,1,320.69,173,0,320.69,One-Time Customer
12366,2010-03-16 10:28:00,2010-03-16 10:28:00,1,1,500.24,296,0,500.24,One-Time Customer
12367,2011-12-05 16:48:00,2011-12-05 16:48:00,1,1,150.9,172,0,150.9,One-Time Customer
12368,2010-03-21 15:56:00,2010-03-21 15:56:00,1,1,917.7,330,0,917.7,One-Time Customer
12369,2010-03-08 08:09:00,2010-10-22 13:13:00,3,3,1511.15,1234,228,503.7166666666667,Repeat Customer
12370,2010-02-09 09:41:00,2011-10-19 14:51:00,7,5,3956.56,2595,617,565.2228571428572,Repeat Customer
12371,2010-03-04 18:23:00,2011-10-11 10:43:00,4,3,3347.38,1418,585,836.845,Repeat Customer
12372,2011-02-16 12:46:00,2011-09-29 12:12:00,3,3,1196.04,788,224,398.68,Repeat Customer
12373,2010-02-04 12:08:00,2011-02-01 13:10:00,3,3,927.6500000000001,511,362,309.2166666666667,Repeat Customer
12374,2010-04-30 14:01:00,2011-11-14 15:37:00,3,3,2669.2200000000003,1354,563,889.7400000000001,Repeat Customer
12375,2011-09-02 14:23:00,2011-11-29 10:36:00,2,2,377.5,176,87,188.75,Repeat Customer
12376,2010-10-18 08:42:00,2010-11-15 12:15:00,2,2,383.15,237,28,191.575,Repeat Customer
12377,2010-04-29 15:34:00,2011-01-28 15:45:00,4,4,3266.32,2101,274,816.58,Repeat Customer
12378,2010-05-26 14:07:00,2011-08-02 10:34:00,2,2,5416.32,3316,432,2708.16,Repeat Customer
12379,2010-06-23 12:49:00,2011-09-19 10:09:00,4,4,1470.22,805,452,367.555,Repeat Customer
12380,2010-02-15 12:05:00,2011-11-18 11:27:00,8,7,7210.650000000001,3314,640,901.3312500000001,Repeat Customer
12381,2011-08-12 09:57:00,2011-12-05 12:44:00,3,3,1474.81,797,115,491.6033333333333,Repeat Customer
12383,2010-12-22 14:28:00,2011-06-08 08:02:00,5,5,1628.56,1518,167,325.712,Repeat Customer
12384,2011-08-10 11:23:00,2011-11-11 08:39:00,2,2,425.27000000000004,122,92,212.63500000000002,Repeat Customer
12385,2010-11-25 15:14:00,2010-11-25 15:14:00,1,1,1668.4,594,0,1668.4,One-Time Customer
12386,2010-12-08 09:53:00,2011-01-06 12:37:00,2,2,401.9,354,29,200.95,Repeat Customer
12387,2010-10-20 16:27:00,2010-10-20 16:27:00,1,1,143.94,134,0,143.94,One-Time Customer
12388,2010-05-06 12:54:00,2011-11-24 12:30:00,8,8,3901.11,2001,566,487.63875,Repeat Customer
12389,2010-02-22 10:15:00,2010-11-02 11:52:00,3,3,1433.33,614,253,477.77666666666664,Repeat Customer
12390,2011-09-21 09:33:00,2011-09-21 09:33:00,1,1,504.84000000000003,350,0,504.84000000000003,One-Time Customer
12391,2010-02-15 10:12:00,2011-11-18 12:07:00,6,4,2724.84,1204,641,454.14000000000004,Repeat Customer
12392,2010-04-27 14:04:00,2010-04-27 14:04:00,1,1,234.75000000000003,73,0,234.75000000000003,One-Time Customer
12393,2010-10-07 13:49:00,2011-09-28 15:41:00,6,5,2399.45,1311,356,399.9083333333333,Repeat Customer
12394,2011-05-06 14:01:00,2011-10-07 08:08:00,2,2,1080.48,808,153,540.24,Repeat Customer
12395,2010-04-16 10:16:00,2011-11-20 15:21:00,15,11,4241.17,3175,583,282.74466666666666,Repeat Customer
12396,2010-02-03 13:22:00,2010-02-03 13:22:00,1,1,931.4300000000001,591,0,931.4300000000001,One-Time Customer
12397,2011-07-27 14:21:00,2011-11-04 09:52:00,2,2,2214.9,1250,99,1107.45,Repeat Customer
12398,2011-10-25 10:27:00,2011-10-25 10:27:00,1,1,1435.66,1389,0,1435.66,One-Time Customer
12399,2010-03-05 08:45:00,2011-08-12 13:15:00,7,7,1842.3,2190,525,263.18571428571425,Repeat Customer
12400,2010-10-21 13:45:00,2010-10-21 13:45:00,1,1,205.25,91,0,205.25,One-Time Customer
12401,2011-02-09 13:50:00,2011-02-09 13:50:00,1,1,69.3,10,0,69.3,One-Time Customer
12402,2010-02-07 12:41:00,2011-01-20 13:49:00,6,6,1136.9,576,347,189.48333333333335,Repeat Customer
12403,2010-07-06 11:39:00,2011-10-21 10:51:00,2,2,947.36,256,471,473.68,Repeat Customer
12405,2011-07-14 08:52:00,2011-07-14 08:52:00,1,1,1390.39,849,0,1390.39,One-Time Customer
12406,2010-01-11 14:04:00,2011-11-17 19:22:00,5,5,6390.36,3416,675,1278.072,Repeat Customer
12407,2011-03-20 13:21:00,2011-10-21 10:11:00,5,4,1507.12,1403,214,301.424,Repeat Customer
12408,2010-07-29 13:27:00,2011-11-07 12:27:00,8,7,3905.77,2200,465,488.22125,Repeat Customer
12409,2010-05-23 15:21:00,2011-09-22 10:38:00,7,6,23419.29,13143,486,3345.612857142857,Repeat Customer
12410,2010-07-25 13:26:00,2011-02-04 10:39:00,3,2,773.71,335,193,257.90333333333336,Repeat Customer
12411,2010-10-26 09:25:00,2010-10-26 09:25:00,1,1,346.9,138,0,346.9,One-Time Customer
12412,2010-06-18 13:22:00,2011-09-26 10:16:00,6,6,2404.93,1986,464,400.82166666666666,Repeat Customer
12413,2010-11-02 13:26:00,2011-10-04 09:00:00,4,4,871.45,313,335,217.8625,Repeat Customer
12414,2010-09-02 12:22:00,2011-05-06 14:51:00,4,4,532.41,489,246,133.1025,Repeat Customer
12415,2010-06-30 08:30:00,2011-11-15 14:22:00,24,14,144033.37,91443,503,6001.390416666666,Repeat Customer
12416,2010-02-21 10:19:00,2010-02-21 10:19:00,1,1,202.56,132,0,202.56,One-Time Customer
12417,2009-12-06 10:30:00,2011-12-06 14:52:00,20,16,5998.41,2835,730,299.9205,Repeat Customer
12418,2010-03-19 14:47:00,2011-08-19 11:08:00,4,4,2021.2,1088,517,505.3,Repeat Customer
12419,2010-10-22 10:40:00,2010-11-19 10:04:00,2,2,391.01,227,27,195.505,Repeat Customer
12420,2011-10-07 08:55:00,2011-10-07 08:55:00,1,1,600.39,345,0,600.39,One-Time Customer
12421,2010-07-22 13:57:00,2011-11-24 09:07:00,6,6,874.6,644,489,145.76666666666668,Repeat Customer
12422,2009-12-18 12:44:00,2011-09-05 09:48:00,12,11,3639.35,2579,625,303.27916666666664,Repeat Customer
12423,2010-08-31 09:31:00,2011-12-09 10:10:00,10,10,2301.39,1772,465,230.13899999999998,Repeat Customer
12424,2010-06-09 15:15:00,2011-06-30 12:06:00,4,3,3340.0299999999997,2025,385,835.0074999999999,Repeat Customer
12425,2010-09-17 14:10:00,2011-09-22 17:31:00,2,2,1741.41,1147,370,870.705,Repeat Customer
12426,2010-02-15 08:41:00,2011-05-29 12:26:00,2,2,1201.21,576,468,600.605,Repeat Customer
12427,2010-12-03 10:44:00,2011-11-18 08:56:00,3,3,699.8000000000001,526,349,233.26666666666668,Repeat Customer
12428,2011-03-01 09:33:00,2011-11-14 08:22:00,8,5,6405.26,3509,257,800.6575,Repeat Customer
12429,2010-06-11 13:28:00,2011-11-30 17:22:00,8,6,5842.41,2871,537,730.30125,Repeat Customer
12430,2011-10-27 15:09:00,2011-10-27 15:09:00,1,1,216.4,116,0,216.4,One-Time Customer
12431,2010-01-15 09:04:00,2011-11-04 11:55:00,25,16,10102.220000000001,4578,658,404.08880000000005,Repeat Customer
12432,2011-06-20 13:27:00,2011-10-28 11:43:00,4,2,4359.32,1800,129,1089.83,Repeat Customer
12433,2010-08-20 09:23:00,2011-12-09 10:02:00,10,8,16794.14,13534,476,1679.414,Repeat Customer
12434,2010-11-23 13:38:00,2011-09-16 12:38:00,3,3,1103.43,532,296,367.81,Repeat Customer
12435,2009-12-02 13:58:00,2011-09-21 09:06:00,6,6,13925.93,4958,657,2320.9883333333332,Repeat Customer
12436,2011-09-01 12:09:00,2011-09-01 12:09:00,1,1,429.01,209,0,429.01,One-Time Customer
12437,2009-12-02 16:24:00,2011-12-08 11:35:00,38,20,11282.4,7922,735,296.90526315789475,Repeat Customer
12438,2011-07-22 13:29:00,2011-11-25 13:28:00,2,2,2466.85,1169,125,1233.425,Repeat Customer
12439,2009-12-14 08:40:00,2010-01-26 12:11:00,2,2,1142.88,478,43,571.44,Repeat Customer
12440,2009-12-22 12:03:00,2010-09-03 13:11:00,2,2,739.2,328,255,369.6,Repeat Customer
12441,2010-12-08 10:45:00,2010-12-08 10:45:00,1,1,155.55,120,0,155.55,One-Time Customer
12442,2011-12-06 14:22:00,2011-12-06 14:22:00,1,1,144.06,181,0,144.06,One-Time Customer
12443,2009-12-07 15:42:00,2009-12-07 15:42:00,1,1,365.31,179,0,365.31,One-Time Customer
12444,2011-06-21 14:00:00,2011-11-18 13:23:00,5,5,4085.46,1130,149,817.092,Repeat Customer
12445,2010-10-15 12:28:00,2011-11-17 18:43:00,2,2,378.98,204,398,189.49,Repeat Customer
12446,2011-10-13 12:50:00,2011-10-13 12:50:00,1,1,1002.3100000000001,351,0,1002.3100000000001,One-Time Customer
12447,2011-04-10 13:25:00,2011-04-10 13:25:00,1,1,431.49,187,0,431.49,One-Time Customer
12448,2011-10-26 13:46:00,2011-10-26 13:46:00,1,1,365.45,240,0,365.45,One-Time Customer
12449,2010-09-27 09:37:00,2011-11-17 13:46:00,5,5,4274.89,2247,416,854.9780000000001,Repeat Customer
12450,2010-08-22 13:11:00,2011-07-06 14:41:00,5,5,688.2,442,318,137.64000000000001,Repeat Customer
12451,2010-06-28 12:58:00,2011-11-29 08:40:00,8,6,12629.88,9358,518,1578.735,Repeat Customer
12452,2011-11-23 08:05:00,2011-11-23 08:05:00,1,1,348.57,181,0,348.57,One-Time Customer
12453,2011-07-28 14:08:00,2011-07-28 14:08:00,1,1,707.09,473,0,707.09,One-Time Customer
12454,2010-10-14 17:33:00,2011-10-14 17:13:00,4,3,16459.78,7702,364,4114.945,Repeat Customer
12455,2009-12-18 12:33:00,2011-09-27 15:31:00,9,9,5722.95,3295,648,635.8833333333333,Repeat Customer
12456,2011-03-30 09:12:00,2011-10-26 14:41:00,3,3,2581.04,1618,210,860.3466666666667,Repeat Customer
12457,2010-09-30 17:59:00,2011-10-04 13:13:00,7,4,2555.91,1083,368,365.13,Repeat Customer
12458,2010-08-09 10:33:00,2011-09-29 15:25:00,4,4,1502.49,979,416,375.6225,Repeat Customer
12459,2010-04-13 14:53:00,2010-04-13 14:53:00,1,1,398.36,256,0,398.36,One-Time Customer
12460,2010-09-09 13:51:00,2010-09-09 13:51:00,1,1,296.65,168,0,296.65,One-Time Customer
12461,2011-07-08 10:23:00,2011-07-08 10:23:00,1,1,626.88,282,0,626.88,One-Time Customer
12462,2011-02-09 14:44:00,2011-11-21 09:11:00,2,2,937.59,527,284,468.795,Repeat Customer
12463,2011-04-12 12:47:00,2011-10-17 13:44:00,4,4,1200.78,768,188,300.195,Repeat Customer
12464,2011-02-03 13:30:00,2011-11-29 13:33:00,8,5,957.05,95,299,119.63125,Repeat Customer
12465,2011-06-23 13:37:00,2011-11-22 16:34:00,2,2,682.19,475,152,341.095,Repeat Customer
12467,2010-10-12 15:41:00,2010-10-12 15:41:00,1,1,132.8,129,0,132.8,One-Time Customer
12468,2010-01-26 10:09:00,2011-06-05 11:36:00,5,5,3238.7400000000002,2177,495,647.748,Repeat Customer
12469,2010-06-21 10:30:00,2010-07-05 12:40:00,2,2,3070.54,2552,14,1535.27,Repeat Customer
12470,2010-01-19 11:01:00,2010-01-19 11:01:00,1,1,211.95,95,0,211.95,One-Time Customer
12471,2009-12-07 10:41:00,2011-12-07 15:43:00,71,23,35099.9,16612,730,494.3647887323944,Repeat Customer
12472,2009-12-14 10:49:00,2011-11-07 14:01:00,19,16,14971.29,10307,693,787.9626315789474,Repeat Customer
12473,2011-06-01 10:15:00,2011-10-17 11:27:00,3,3,2585.73,2394,138,861.91,Repeat Customer
12474,2010-02-11 09:41:00,2011-11-22 14:39:00,29,17,11310.75,7881,649,390.0258620689655,Repeat Customer
12475,2010-10-26 08:49:00,2011-10-17 10:10:00,2,2,1065.64,766,356,532.82,Repeat Customer
12476,2010-07-26 09:04:00,2011-11-24 12:40:00,18,13,12319.91,5533,486,684.4394444444445,Repeat Customer
12477,2010-03-26 14:01:00,2011-11-17 09:51:00,9,8,20276.37,6119,600,2252.93,Repeat Customer
12478,2011-12-06 09:56:00,2011-12-06 09:56:00,1,1,545.99,233,0,545.99,One-Time Customer
12479,2011-11-28 13:26:00,2011-11-28 13:26:00,1,1,473.2,382,0,473.2,One-Time Customer
12480,2010-07-20 13:21:00,2011-11-11 14:52:00,7,7,4834.85,2917,479,690.6928571428572,Repeat Customer
12481,2010-04-11 13:10:00,2011-11-17 08:29:00,14,11,11033.51,7110,584,788.1078571428571,Repeat Customer
12482,2010-02-24 10:24:00,2010-05-12 16:51:00,27,3,21941.72,27040,77,812.6562962962963,Repeat Customer
12483,2010-01-31 13:28:00,2011-11-22 17:02:00,19,14,4069.1800000000003,2131,660,214.16736842105266,Repeat Customer
12484,2010-01-27 16:41:00,2011-11-04 15:18:00,9,8,5557.1,3237,645,617.4555555555556,Repeat Customer
12485,2010-06-28 15:22:00,2010-06-28 15:22:00,1,1,708.1,414,0,708.1,One-Time Customer
12486,2010-10-04 12:14:00,2010-10-04 12:14:00,1,1,917.28,520,0,917.28,One-Time Customer
12487,2009-12-09 11:36:00,2009-12-09 11:36:00,1,1,285.3,174,0,285.3,One-Time Customer
12488,2011-09-25 10:34:00,2011-11-30 08:50:00,3,3,1244.66,526,65,414.8866666666667,Repeat Customer
12489,2011-01-07 13:13:00,2011-01-07 13:13:00,1,1,298.93,103,0,298.93,One-Time Customer
12490,2009-12-01 12:52:00,2011-12-04 16:07:00,20,17,8764.64,5849,733,438.23199999999997,Repeat Customer
12491,2011-11-01 12:18:00,2011-11-01 12:18:00,1,1,424.40000000000003,258,0,424.40000000000003,One-Time Customer
12492,2010-11-01 14:58:00,2011-10-07 15:15:00,3,3,607.21,438,340,202.40333333333334,Repeat Customer
12493,2011-05-26 14:53:00,2011-06-27 10:17:00,2,2,379.74,204,31,189.87,Repeat Customer
12494,2010-05-12 13:52:00,2011-11-24 09:34:00,9,8,1563.27,965,560,173.69666666666666,Repeat Customer
12495,2010-03-09 10:53:00,2010-03-09 10:53:00,1,1,277.4,128,0,277.4,One-Time Customer
12496,2010-03-29 13:57:00,2010-03-29 14:06:00,2,1,45.34,30,0,22.67,Repeat Customer
12497,2010-03-05 09:39:00,2011-09-19 12:29:00,3,3,5996.5,5671,563,1998.8333333333333,Repeat Customer
12498,2011-10-13 09:30:00,2011-11-18 12:53:00,3,2,349.70000000000005,156,36,116.56666666666668,Repeat Customer
12499,2010-05-28 15:12:00,2010-05-28 15:12:00,1,1,357.72,300,0,357.72,One-Time Customer
12500,2010-02-04 15:05:00,2011-11-16 16:20:00,18,12,5559.21,3355,650,308.845,Repeat Customer
12501,2011-01-07 12:28:00,2011-01-07 12:28:00,1,1,2025.39,1775,0,2025.39,One-Time Customer
12502,2011-02-03 10:41:00,2011-09-05 11:52:00,5,5,2995.87,794,214,599.174,Repeat Customer
12503,2010-05-04 13:59:00,2010-05-04 13:59:00,1,1,896.0,560,0,896.0,One-Time Customer
12504,2010-04-22 10:24:00,2011-11-21 16:02:00,4,3,689.05,453,578,172.2625,Repeat Customer
12505,2010-10-27 09:18:00,2010-10-27 09:18:00,1,1,787.2,318,0,787.2,One-Time Customer
12506,2011-04-21 08:54:00,2011-04-21 08:54:00,1,1,73.5,23,0,73.5,One-Time Customer
12507,2010-05-04 09:23:00,2011-07-28 17:09:00,4,3,1508.06,1244,450,377.015,Repeat Customer
12508,2011-11-10 16:27:00,2011-11-13 15:37:00,2,1,397.88,271,2,198.94,Repeat Customer
12509,2011-02-28 14:45:00,2011-02-28 14:45:00,1,1,158.5,54,0,158.5,One-Time Customer
12510,2009-12-04 13:47:00,2011-07-20 10:15:00,7,7,3039.03,2021,592,434.1471428571429,Repeat Customer
12511,2010-10-07 10:39:00,2010-10-07 10:39:00,1,1,3084.02,1753,0,3084.02,One-Time Customer
12512,2011-10-04 14:53:00,2011-10-04 14:55:00,2,1,132.18,96,0,66.09,Repeat Customer
12513,2011-08-19 10:51:00,2011-08-19 10:51:00,1,1,558.29,459,0,558.29,One-Time Customer
12514,2010-03-08 12:18:00,2011-03-17 16:38:00,2,2,1597.76,840,374,798.88,Repeat Customer
12515,2010-12-21 15:43:00,2010-12-21 15:43:00,1,1,278.7,128,0,278.7,One-Time Customer
12516,2010-04-19 14:14:00,2011-09-23 09:13:00,4,4,2288.62,1932,521,572.155,Repeat Customer
12517,2011-06-02 15:13:00,2011-11-11 13:57:00,4,4,2301.6,1351,161,575.4,Repeat Customer
12518,2011-08-21 13:18:00,2011-12-09 10:13:00,5,5,1840.89,1306,109,368.178,Repeat Customer
12519,2010-08-20 08:21:00,2011-10-07 09:26:00,2,2,626.54,382,413,313.27,Repeat Customer
12520,2011-03-11 11:35:00,2011-09-21 15:23:00,5,4,2346.26,1423,194,469.25200000000007,Repeat Customer
12521,2011-07-20 10:51:00,2011-07-20 10:51:00,1,1,545.68,306,0,545.68,One-Time Customer
12522,2011-10-19 14:41:00,2011-10-31 15:30:00,2,1,156.72,192,12,78.36,Repeat Customer
12523,2009-12-07 13:46:00,2011-11-20 12:55:00,23,18,4010.35,2244,712,174.36304347826086,Repeat Customer
12524,2010-02-08 14:41:00,2011-11-30 15:31:00,17,13,9794.11,7104,660,576.1241176470588,Repeat Customer
12525,2010-03-02 14:01:00,2010-07-29 16:08:00,3,3,883.73,504,149,294.57666666666665,Repeat Customer
12526,2011-09-06 14:19:00,2011-12-09 12:09:00,3,3,1172.66,624,93,390.8866666666667,Repeat Customer
12527,2010-06-28 15:37:00,2011-09-19 11:55:00,5,5,717.51,525,447,143.502,Repeat Customer
12528,2011-01-31 09:05:00,2011-11-30 14:40:00,6,6,1645.48,740,303,274.24666666666667,Repeat Customer
12529,2010-06-29 13:10:00,2010-06-29 13:10:00,1,1,316.48,192,0,316.48,One-Time Customer
12530,2010-03-07 14:37:00,2011-10-11 12:34:00,9,9,3381.26,2692,582,375.6955555555556,Repeat Customer
12531,2010-01-22 14:17:00,2011-11-25 11:12:00,2,2,1771.2,1110,671,885.6,Repeat Customer
12532,2011-11-09 13:47:00,2011-11-09 13:47:00,1,1,313.83000000000004,151,0,313.83000000000004,One-Time Customer
12533,2009-12-01 11:50:00,2010-03-22 10:56:00,2,2,1223.89,696,110,611.945,Repeat Customer
12534,2011-08-01 10:26:00,2011-08-01 10:26:00,1,1,981.18,645,0,981.18,One-Time Customer
12535,2011-06-06 12:47:00,2011-09-09 08:48:00,2,2,716.35,219,94,358.175,Repeat Customer
12536,2011-10-11 14:52:00,2011-10-11 14:52:00,1,1,4279.71,2801,0,4279.71,One-Time Customer
12537,2010-10-27 08:36:00,2010-10-27 08:36:00,1,1,612.94,446,0,612.94,One-Time Customer
12538,2010-11-26 13:02:00,2011-11-10 17:16:00,2,2,640.45,336,349,320.225,Repeat Customer
12539,2009-12-23 13:00:00,2011-11-17 13:30:00,7,5,11186.75,4534,694,1598.107142857143,Repeat Customer
12540,2009-12-07 16:56:00,2011-11-20 11:31:00,32,22,19250.49,10911,712,601.5778125,Repeat Customer
12541,2011-03-04 09:32:00,2011-11-10 10:40:00,3,3,841.18,675,251,280.3933333333333,Repeat Customer
12542,2010-03-09 16:26:00,2010-08-12 19:12:00,2,2,481.88,522,156,240.94,Repeat Customer
12543,2010-09-17 15:51:00,2010-09-17 15:51:00,1,1,840.25,683,0,840.25,One-Time Customer
12544,2011-11-03 16:15:00,2011-11-03 16:15:00,1,1,316.7,134,0,316.7,One-Time Customer
12545,2011-03-25 12:04:00,2011-09-25 13:39:00,2,2,832.39,517,184,416.195,Repeat Customer
12546,2011-09-23 09:44:00,2011-10-24 12:09:00,2,2,1021.5,628,31,510.75,Repeat Customer
12547,2010-07-27 13:55:00,2011-05-26 12:38:00,3,3,299.58,306,302,99.86,Repeat Customer
12548,2011-06-26 15:35:00,2011-06-26 15:35:00,1,1,67.19999999999999,48,0,67.19999999999999,One-Time Customer
12549,2010-01-11 12:29:00,2010-05-13 12:05:00,5,2,1570.68,1365,121,314.136,Repeat Customer
12550,2011-09-21 14:35:00,2011-09-21 14:35:00,1,1,824.83,564,0,824.83,One-Time Customer
12551,2010-12-17 11:23:00,2010-12-17 11:23:00,1,1,168.0,100,0,168.0,One-Time Customer
12552,2011-10-31 12:11:00,2011-10-31 12:11:00,1,1,317.82,85,0,317.82,One-Time Customer
12553,2010-10-12 13:35:00,2011-12-01 16:38:00,12,11,4104.75,2297,415,342.0625,Repeat Customer
12554,2010-09-17 12:29:00,2010-09-17 12:29:00,1,1,384.5,237,0,384.5,One-Time Customer
12556,2011-07-11 13:35:00,2011-10-20 13:06:00,2,2,599.56,355,100,299.78,Repeat Customer
12557,2009-12-17 10:39:00,2011-11-23 16:59:00,8,8,18096.14,6382,706,2262.0175,Repeat Customer
12558,2011-12-02 10:41:00,2011-12-02 10:41:00,1,1,269.96,196,0,269.96,One-Time Customer
12559,2011-01-24 10:12:00,2011-02-02 09:49:00,2,2,525.71,281,8,262.855,Repeat Customer
12560,2011-07-19 15:55:00,2011-12-04 13:54:00,2,2,1918.01,1098,137,959.005,Repeat Customer
12561,2011-02-10 11:39:00,2011-02-10 11:39:00,1,1,238.85,177,0,238.85,One-Time Customer
12562,2010-09-30 13:13:00,2011-12-01 17:20:00,9,9,4426.92,2297,427,491.88,Repeat Customer
12563,2010-10-27 09:52:00,2010-10-27 09:52:00,1,1,221.24,112,0,221.24,One-Time Customer
12564,2011-03-23 14:55:00,2011-03-23 14:55:00,1,1,402.90000000000003,130,0,402.90000000000003,One-Time Customer
12565,2011-02-24 10:34:00,2011-02-24 10:34:00,1,1,145.92000000000002,80,0,145.92000000000002,One-Time Customer
12566,2011-09-14 14:30:00,2011-09-14 14:30:00,1,1,297.65,262,0,297.65,One-Time Customer
12567,2010-02-11 10:30:00,2011-11-17 11:02:00,15,12,10741.48,5251,644,716.0986666666666,Repeat Customer
12568,2010-03-05 09:15:00,2010-03-05 09:15:00,1,1,52.0,47,0,52.0,One-Time Customer
12569,2011-04-01 13:47:00,2011-12-07 16:24:00,32,9,3152.69,1747,250,98.5215625,Repeat Customer
12571,2011-08-10 12:35:00,2011-10-31 10:19:00,2,2,519.61,523,81,259.805,Repeat Customer
12572,2011-10-19 08:20:00,2011-12-01 09:20:00,2,2,912.4200000000001,446,43,456.21000000000004,Repeat Customer
12573,2010-08-31 17:25:00,2011-04-26 15:52:00,5,4,717.41,479,237,143.482,Repeat Customer
12574,2011-01-28 09:20:00,2011-01-28 09:20:00,1,1,182.45000000000002,59,0,182.45000000000002,One-Time Customer
12575,2010-07-01 09:15:00,2010-09-08 13:09:00,2,2,568.82,312,69,284.41,Repeat Customer
12576,2010-07-01 13:46:00,2011-11-04 10:11:00,8,8,2062.7200000000003,1492,490,257.84000000000003,Repeat Customer
12577,2009-12-03 19:31:00,2011-11-04 13:24:00,8,5,1613.15,1190,700,201.64375,Repeat Customer
12578,2010-09-22 11:19:00,2011-11-18 13:30:00,4,4,4026.4500000000003,2358,422,1006.6125000000001,Repeat Customer
12579,2011-09-22 17:15:00,2011-09-22 17:15:00,1,1,386.42,282,0,386.42,One-Time Customer
12580,2010-05-12 11:45:00,2011-04-07 10:24:00,2,2,962.9,564,329,481.45,Repeat Customer
12581,2011-10-31 08:56:00,2011-10-31 08:56:00,1,1,179.71,160,0,179.71,One-Time Customer
12582,2010-05-11 09:55:00,2011-04-15 08:45:00,4,4,1820.4,981,338,455.1,Repeat Customer
12583,2009-12-06 11:57:00,2011-12-07 08:07:00,27,22,12493.58,8474,730,462.7251851851852,Repeat Customer
12584,2011-03-04 15:15:00,2011-12-06 09:35:00,9,8,2254.15,413,276,250.4611111111111,Repeat Customer
12585,2010-12-23 12:58:00,2011-04-19 13:39:00,2,2,1824.1,1267,117,912.05,Repeat Customer
12586,2009-12-16 13:15:00,2011-11-22 16:24:00,4,4,2062.67,687,706,515.6675,Repeat Customer
12587,2011-12-02 12:47:00,2011-12-02 12:47:00,1,1,104.0,50,0,104.0,One-Time Customer
12588,2010-04-21 12:22:00,2011-10-31 15:01:00,3,3,718.78,432,558,239.59333333333333,Repeat Customer
12589,2010-01-19 12:26:00,2011-11-11 10:19:00,6,5,3294.91,1741,660,549.1516666666666,Repeat Customer
12590,2011-05-12 14:46:00,2011-05-12 14:46:00,1,1,9341.26,4282,0,9341.26,One-Time Customer
12591,2010-10-27 10:42:00,2011-01-26 14:35:00,3,3,1114.95,645,91,371.65000000000003,Repeat Customer
12592,2010-07-08 14:06:00,2011-09-08 15:04:00,4,3,1723.64,1866,427,430.91,Repeat Customer
12593,2011-05-05 09:29:00,2011-08-23 12:43:00,3,2,382.1,204,110,127.36666666666667,Repeat Customer
12594,2010-03-03 13:51:00,2011-11-02 12:20:00,14,14,4890.110000000001,2761,608,349.29357142857145,Repeat Customer
12595,2010-07-23 09:10:00,2010-07-23 09:10:00,1,1,281.02,270,0,281.02,One-Time Customer
12596,2011-04-11 13:22:00,2011-10-19 13:02:00,2,2,450.27,468,190,225.135,Repeat Customer
12597,2011-03-16 14:00:00,2011-11-20 13:33:00,4,4,3195.22,2214,248,798.805,Repeat Customer
12598,2010-03-01 09:58:00,2011-11-30 12:18:00,10,7,4192.09,2887,639,419.209,Repeat Customer
12599,2010-05-11 10:42:00,2011-11-10 13:34:00,13,11,2026.72,2174,548,155.90153846153845,Repeat Customer
12600,2009-12-07 13:37:00,2011-11-11 10:29:00,20,17,4385.85,1349,703,219.29250000000002,Repeat Customer
12601,2010-10-31 10:57:00,2011-06-03 10:17:00,6,6,573.26,284,214,95.54333333333334,Repeat Customer
12602,2011-10-12 11:22:00,2011-10-12 11:22:00,1,1,153.12,162,0,153.12,One-Time Customer
12603,2011-11-18 10:42:00,2011-11-18 10:42:00,1,1,613.1999999999999,56,0,613.1999999999999,One-Time Customer
12604,2011-03-23 12:06:00,2011-09-21 14:08:00,2,2,236.18,200,182,118.09,Repeat Customer
12605,2010-09-07 14:21:00,2010-11-28 14:18:00,3,3,1124.95,921,81,374.98333333333335,Repeat Customer
12607,2011-10-10 16:06:00,2011-10-10 16:06:00,1,1,1579.51,1228,0,1579.51,One-Time Customer
12608,2010-10-31 10:49:00,2010-10-31 10:49:00,1,1,415.79,323,0,415.79,One-Time Customer
12609,2009-12-20 13:30:00,2011-09-22 16:34:00,9,9,3021.86,1530,641,335.76222222222225,Repeat Customer
12610,2011-08-05 13:52:00,2011-11-17 09:34:00,4,3,1747.54,1039,103,436.885,Repeat Customer
12611,2011-10-18 13:12:00,2011-10-18 13:12:00,1,1,1193.32,846,0,1193.32,One-Time Customer
12612,2011-09-26 15:35:00,2011-09-26 15:35:00,1,1,668.04,260,0,668.04,One-Time Customer
12613,2009-12-14 13:10:00,2011-10-13 14:59:00,9,8,6277.37,4127,668,697.4855555555555,Repeat Customer
12614,2011-03-07 10:22:00,2011-03-07 10:22:00,1,1,315.6,76,0,315.6,One-Time Customer
12615,2010-03-18 14:09:00,2011-12-07 15:02:00,8,7,5362.9800000000005,3296,629,670.3725000000001,Repeat Customer
12616,2010-11-16 11:38:00,2011-09-05 15:17:00,3,3,1023.1,492,293,341.03333333333336,Repeat Customer
12617,2011-11-10 14:39:00,2011-11-10 14:39:00,1,1,352.98,210,0,352.98,One-Time Customer
12618,2011-11-18 11:10:00,2011-11-18 11:10:00,1,1,137.31,95,0,137.31,One-Time Customer
12619,2010-05-28 12:52:00,2011-11-23 14:52:00,9,7,3085.7,3500,544,342.85555555555555,Repeat Customer
12620,2011-05-19 12:10:00,2011-11-25 10:20:00,3,3,1303.41,1179,189,434.47,Repeat Customer
12621,2010-02-09 12:01:00,2011-12-08 11:25:00,35,21,22097.2,13583,666,631.3485714285714,Repeat Customer
12622,2011-04-21 16:39:00,2011-04-21 16:39:00,1,1,162.1,68,0,162.1,One-Time Customer
12623,2010-01-12 11:45:00,2011-03-08 13:50:00,7,7,3315.84,1947,420,473.6914285714286,Repeat Customer
12624,2011-06-15 12:34:00,2011-08-25 15:04:00,2,2,569.13,351,71,284.565,Repeat Customer
12625,2010-04-22 11:33:00,2011-05-12 09:54:00,4,4,4678.88,3282,384,1169.72,Repeat Customer
12626,2011-01-17 11:01:00,2011-11-16 16:06:00,9,6,5954.4800000000005,3416,303,661.6088888888889,Repeat Customer
12627,2011-07-22 13:59:00,2011-11-29 12:07:00,6,5,4082.53,2730,129,680.4216666666667,Repeat Customer
12628,2011-10-06 09:28:00,2011-12-05 13:15:00,3,3,732.46,445,60,244.15333333333334,Repeat Customer
12629,2010-10-12 16:40:00,2010-11-19 09:18:00,2,2,1198.22,713,37,599.11,Repeat Customer
12630,2011-10-27 10:41:00,2011-11-30 10:48:00,2,2,1030.88,542,34,515.44,Repeat Customer
12631,2010-01-15 14:50:00,2011-10-13 13:53:00,6,5,3321.57,1603,635,553.595,Repeat Customer
12632,2010-05-24 09:07:00,2010-07-07 09:39:00,2,2,714.88,689,44,357.44,Repeat Customer
12633,2010-07-02 11:44:00,2011-10-12 11:40:00,7,7,5156.16,3209,466,736.5942857142857,Repeat Customer
12634,2010-06-09 15:41:00,2010-06-09 15:41:00,1,1,360.0,336,0,360.0,One-Time Customer
12635,2010-09-09 10:50:00,2011-09-11 11:04:00,4,4,2624.41,1932,367,656.1025,Repeat Customer
12637,2010-06-14 13:36:00,2011-10-03 13:46:00,12,9,8085.81,4246,476,673.8175,Repeat Customer
12638,2010-03-10 10:30:00,2011-11-06 13:11:00,2,2,681.49,657,606,340.745,Repeat Customer
12639,2010-03-22 09:05:00,2011-04-15 12:48:00,3,3,1072.3700000000001,625,389,357.4566666666667,Repeat Customer
12640,2011-09-19 12:01:00,2011-11-16 11:52:00,3,2,994.58,301,57,331.5266666666667,Repeat Customer
12641,2011-08-16 13:26:00,2011-08-16 13:26:00,1,1,145.9,71,0,145.9,One-Time Customer
12642,2011-08-24 09:23:00,2011-11-14 15:03:00,3,3,905.26,546,82,301.75333333333333,Repeat Customer
12643,2010-04-07 14:16:00,2011-08-03 12:56:00,11,9,7803.82,4642,482,709.4381818181818,Repeat Customer
12644,2010-01-14 13:02:00,2011-08-02 10:33:00,4,4,1900.49,1031,564,475.1225,Repeat Customer
12645,2010-02-09 10:49:00,2011-11-06 12:38:00,8,8,3215.3,2107,635,401.9125,Repeat Customer
12646,2011-10-21 12:52:00,2011-12-05 10:14:00,2,2,1346.97,897,44,673.485,Repeat Customer
12647,2010-01-13 15:06:00,2011-11-17 12:56:00,35,19,14109.55,6490,672,403.13,Repeat Customer
12648,2010-01-07 18:38:00,2011-07-08 11:55:00,4,4,1039.0,513,546,259.75,Repeat Customer
12649,2010-01-12 17:24:00,2011-08-24 14:41:00,8,6,2096.65,1948,588,262.08125,Repeat Customer
12650,2011-12-06 16:34:00,2011-12-06 16:34:00,1,1,242.44,250,0,242.44,One-Time Customer
12651,2010-08-31 15:21:00,2011-01-09 12:46:00,4,4,377.75,265,130,94.4375,Repeat Customer
12652,2010-10-01 15:16:00,2011-01-12 15:00:00,2,2,891.0300000000001,529,102,445.51500000000004,Repeat Customer
12653,2010-07-01 09:56:00,2011-07-14 10:41:00,3,3,4160.83,1681,378,1386.9433333333334,Repeat Customer
12654,2011-02-17 13:16:00,2011-11-29 10:10:00,5,3,529.98,260,284,105.99600000000001,Repeat Customer
12655,2010-10-12 09:17:00,2010-10-12 09:17:00,1,1,243.35000000000002,79,0,243.35000000000002,One-Time Customer
12656,2010-05-26 09:00:00,2011-11-22 13:42:00,8,8,5723.83,2822,545,715.47875,Repeat Customer
12657,2011-09-22 11:40:00,2011-11-28 15:47:00,4,3,1427.18,1032,67,356.795,Repeat Customer
12658,2011-11-21 10:22:00,2011-11-21 10:22:00,1,1,632.05,317,0,632.05,One-Time Customer
12659,2011-11-10 11:53:00,2011-11-10 11:53:00,1,1,73.67999999999999,104,0,73.67999999999999,One-Time Customer
12660,2011-11-28 13:26:00,2011-11-28 13:26:00,1,1,227.10000000000002,126,0,227.10000000000002,One-Time Customer
12661,2010-09-29 16:46:00,2010-09-29 16:46:00,1,1,162.0,216,0,162.0,One-Time Customer
12662,2010-04-01 09:50:00,2011-12-09 11:59:00,20,17,6130.54,3389,617,306.527,Repeat Customer
12663,2010-02-09 14:28:00,2010-03-25 09:40:00,2,2,185.4,178,43,92.7,Repeat Customer
12664,2009-12-13 10:28:00,2011-12-01 17:07:00,11,9,5420.04,1476,718,492.7309090909091,Repeat Customer
12665,2010-02-08 15:11:00,2011-01-19 08:34:00,3,3,259.6,162,344,86.53333333333335,Repeat Customer
12666,2010-11-10 16:40:00,2010-11-10 16:40:00,1,1,1248.42,370,0,1248.42,One-Time Customer
12667,2011-10-12 17:00:00,2011-10-12 17:00:00,1,1,460.13,391,0,460.13,One-Time Customer
12668,2010-01-31 15:45:00,2011-11-28 10:56:00,9,9,9906.03,4974,665,1100.67,Repeat Customer
12669,2011-03-28 10:15:00,2011-07-12 09:54:00,2,2,1427.73,1104,105,713.865,Repeat Customer
12670,2010-02-11 10:13:00,2011-11-29 15:23:00,7,6,3436.29,1609,656,490.8985714285714,Repeat Customer
12671,2010-04-12 16:30:00,2010-04-12 16:30:00,1,1,2622.481,1460,0,2622.481,One-Time Customer
12672,2010-04-23 09:57:00,2011-01-14 09:20:00,2,2,407.05,136,265,203.525,Repeat Customer
12673,2010-11-03 10:46:00,2011-12-04 13:55:00,3,3,1140.02,695,396,380.00666666666666,Repeat Customer
12674,2011-05-16 09:10:00,2011-11-01 12:12:00,4,4,1844.6,1126,169,461.15,Repeat Customer
12675,2010-05-10 16:44:00,2010-06-04 09:49:00,2,2,873.25,333,24,436.625,Repeat Customer
12676,2010-08-13 13:29:00,2011-11-15 12:25:00,10,8,2333.09,1854,458,233.30900000000003,Repeat Customer
12677,2010-02-11 13:55:00,2010-06-02 14:30:00,2,2,359.1,174,111,179.55,Repeat Customer
12678,2010-01-07 16:46:00,2011-10-28 13:04:00,15,14,32595.18,22346,658,2173.012,Repeat Customer
12679,2011-03-01 12:26:00,2011-10-12 12:30:00,4,4,951.02,545,225,237.755,Repeat Customer
12680,2011-08-18 15:44:00,2011-12-09 12:50:00,4,3,790.81,439,112,197.7025,Repeat Customer
12681,2009-12-13 13:31:00,2011-11-25 11:33:00,44,21,26936.760000000002,16848,711,612.199090909091,Repeat Customer
12682,2009-12-01 09:28:00,2011-12-06 10:00:00,51,25,20736.22,10399,735,406.5925490196079,Repeat Customer
12683,2009-12-13 15:01:00,2011-12-05 16:28:00,20,13,10445.7,6948,722,522.2850000000001,Repeat Customer
12684,2011-05-10 12:55:00,2011-12-02 09:53:00,6,5,2073.63,1973,205,345.605,Repeat Customer
12685,2011-09-07 10:28:00,2011-11-11 13:46:00,6,3,2575.08,1507,65,429.18,Repeat Customer
12686,2010-12-03 09:51:00,2010-12-03 09:51:00,1,1,71.14,106,0,71.14,One-Time Customer
12687,2010-08-16 12:12:00,2010-08-16 12:12:00,1,1,1858.91,1402,0,1858.91,One-Time Customer
12688,2011-08-18 08:49:00,2011-08-18 08:49:00,1,1,4873.81,3028,0,4873.81,One-Time Customer
12689,2011-08-04 10:04:00,2011-11-14 08:31:00,2,2,1139.6100000000001,622,101,569.8050000000001,Repeat Customer
12690,2011-05-18 09:09:00,2011-05-18 09:09:00,1,1,335.01,103,0,335.01,One-Time Customer
12691,2010-10-15 12:00:00,2011-11-11 16:49:00,6,6,1044.4,438,392,174.0666666666667,Repeat Customer
12692,2010-03-12 14:02:00,2010-03-12 14:02:00,1,1,110.95,36,0,110.95,One-Time Customer
12693,2010-07-05 13:56:00,2011-08-04 17:51:00,7,7,1415.02,520,395,202.1457142857143,Repeat Customer
12694,2010-10-14 19:39:00,2011-09-30 13:06:00,3,3,1663.35,1345,350,554.4499999999999,Repeat Customer
12695,2010-02-12 13:22:00,2011-12-02 13:22:00,7,7,1371.1200000000001,452,658,195.87428571428572,Repeat Customer
12696,2010-07-19 10:02:00,2010-10-01 10:43:00,2,2,731.91,561,74,365.955,Repeat Customer
12697,2011-06-23 15:44:00,2011-11-11 08:47:00,3,3,757.59,503,140,252.53,Repeat Customer
12698,2010-04-28 15:51:00,2010-04-28 15:51:00,1,1,285.75,108,0,285.75,One-Time Customer
12699,2010-10-18 12:07:00,2010-10-18 12:07:00,1,1,566.11,369,0,566.11,One-Time Customer
12700,2011-05-08 16:10:00,2011-12-02 10:47:00,4,4,4525.99,2944,207,1131.4975,Repeat Customer
12701,2010-03-16 13:23:00,2011-09-21 10:47:00,6,4,2248.41,1716,553,374.73499999999996,Repeat Customer
12702,2011-11-20 10:36:00,2011-11-20 10:36:00,1,1,201.0,52,0,201.0,One-Time Customer
12703,2010-01-24 12:05:00,2011-09-29 17:52:00,4,3,898.53,589,613,224.6325,Repeat Customer
12704,2011-06-23 10:20:00,2011-12-02 13:15:00,8,5,1740.84,991,162,217.605,Repeat Customer
12705,2010-06-24 09:51:00,2011-11-24 13:17:00,13,11,11114.1,7152,518,854.9307692307692,Repeat Customer
12707,2011-02-21 08:38:00,2011-02-21 08:38:00,1,1,603.42,256,0,603.42,One-Time Customer
12708,2009-12-18 10:25:00,2011-11-10 09:52:00,18,16,4559.66,2401,691,253.31444444444443,Repeat Customer
12709,2009-12-09 13:49:00,2011-11-24 15:38:00,32,20,29487.18,13742,715,921.474375,Repeat Customer
12710,2011-05-22 14:05:00,2011-09-04 12:00:00,3,3,1023.02,844,104,341.00666666666666,Repeat Customer
12711,2010-02-01 11:30:00,2010-04-07 11:59:00,2,2,1213.05,763,65,606.525,Repeat Customer
12712,2009-12-09 10:46:00,2011-11-11 08:19:00,21,18,5985.03,2164,701,285.00142857142856,Repeat Customer
12713,2011-12-09 12:16:00,2011-12-09 12:16:00,1,1,794.55,505,0,794.55,One-Time Customer
12714,2009-12-04 10:00:00,2011-11-30 15:43:00,12,12,12815.710000000001,8703,726,1067.9758333333334,Repeat Customer
12715,2011-08-25 15:22:00,2011-08-25 15:22:00,1,1,263.36,190,0,263.36,One-Time Customer
12716,2011-07-29 13:28:00,2011-12-06 08:55:00,2,2,963.49,703,129,481.745,Repeat Customer
12717,2010-04-28 14:34:00,2011-07-11 14:47:00,3,3,1058.91,595,439,352.97,Repeat Customer
12718,2011-09-29 16:38:00,2011-09-29 16:38:00,1,1,202.25,201,0,202.25,One-Time Customer
12719,2011-10-05 14:50:00,2011-12-04 13:45:00,2,2,572.95,370,59,286.475,Repeat Customer
12720,2010-07-21 09:46:00,2011-12-07 08:03:00,29,16,6905.28,5969,503,238.11310344827587,Repeat Customer
12721,2010-08-25 11:07:00,2011-11-08 12:13:00,8,8,3635.08,2634,440,454.385,Repeat Customer
12722,2011-07-12 11:55:00,2011-09-15 14:50:00,4,3,979.63,565,65,244.9075,Repeat Customer
12723,2011-10-05 15:52:00,2011-12-06 10:19:00,5,3,707.07,433,61,141.41400000000002,Repeat Customer
12724,2010-06-22 14:00:00,2011-12-04 16:02:00,7,7,2083.52,1366,530,297.6457142857143,Repeat Customer
12725,2010-05-04 13:59:00,2010-12-03 15:45:00,3,3,1906.76,1136,213,635.5866666666667,Repeat Customer
12726,2010-03-25 16:25:00,2011-11-11 13:35:00,11,11,3690.6,4600,595,335.5090909090909,Repeat Customer
12727,2010-02-23 09:54:00,2011-11-29 11:46:00,10,9,4905.53,2789,644,490.553,Repeat Customer
12728,2010-11-21 11:34:00,2011-09-29 15:31:00,5,5,926.17,535,312,185.23399999999998,Repeat Customer
12729,2011-08-18 11:40:00,2011-08-18 11:40:00,1,1,417.01,231,0,417.01,One-Time Customer
12730,2010-07-06 12:19:00,2010-07-06 12:19:00,1,1,703.25,227,0,703.25,One-Time Customer
12731,2010-03-02 09:23:00,2011-11-16 11:59:00,17,15,25631.71,11633,624,1507.7476470588235,Repeat Customer
12732,2011-06-13 11:33:00,2011-06-13 11:33:00,1,1,218.26000000000002,110,0,218.26000000000002,One-Time Customer
12733,2010-01-19 13:23:00,2011-04-19 16:19:00,4,4,2424.02,895,455,606.005,Repeat Customer
12734,2010-11-12 13:26:00,2010-12-22 12:47:00,3,2,603.65,263,39,201.21666666666667,Repeat Customer
12735,2011-01-06 14:26:00,2011-01-28 13:37:00,2,1,689.5699999999999,363,21,344.78499999999997,Repeat Customer
12736,2011-01-11 07:57:00,2011-01-11 07:57:00,1,1,144.0,168,0,144.0,One-Time Customer
12738,2010-12-02 18:27:00,2010-12-02 18:27:00,1,1,137.35,147,0,137.35,One-Time Customer
12739,2010-11-10 14:27:00,2011-09-01 17:45:00,2,2,2421.23,948,295,1210.615,Repeat Customer
12740,2011-10-07 10:44:00,2011-10-07 10:44:00,1,1,427.6,342,0,427.6,One-Time Customer
12741,2010-06-24 16:24:00,2010-06-24 16:24:00,1,1,236.07,213,0,236.07,One-Time Customer
12742,2010-03-24 12:43:00,2010-03-24 12:43:00,1,1,1201.52,1359,0,1201.52,One-Time Customer
12743,2011-07-28 16:06:00,2011-07-28 16:21:00,2,1,540.13,315,0,270.065,Repeat Customer
12744,2010-04-27 16:19:00,2011-10-14 14:54:00,8,6,13158.16,6987,534,1644.77,Repeat Customer
12745,2010-05-14 16:50:00,2010-08-10 10:14:00,2,2,723.85,467,87,361.925,Repeat Customer
12746,2010-06-17 10:41:00,2010-06-17 10:41:00,1,1,254.55,97,0,254.55,One-Time Customer
12747,2009-12-07 13:23:00,2011-12-07 14:34:00,26,18,8898.48,2640,730,342.24923076923073,Repeat Customer
12748,2009-12-04 17:31:00,2011-12-09 12:20:00,322,25,49176.74,36853,734,152.72279503105588,Repeat Customer
12749,2010-07-06 15:05:00,2011-12-06 09:56:00,9,7,6847.36,2359,517,760.8177777777778,Repeat Customer
12750,2011-08-03 09:13:00,2011-08-03 09:13:00,1,1,275.88,137,0,275.88,One-Time Customer
12751,2010-09-21 12:49:00,2010-09-21 12:49:00,1,1,268.27,189,0,268.27,One-Time Customer
12752,2011-09-19 13:32:00,2011-09-19 13:32:00,1,1,4366.78,2262,0,4366.78,One-Time Customer
12753,2010-12-12 11:44:00,2011-11-17 10:52:00,6,6,21429.39,11421,339,3571.565,Repeat Customer
12754,2011-02-04 10:31:00,2011-04-18 09:00:00,3,3,3010.74,6481,72,1003.5799999999999,Repeat Customer
12755,2010-01-15 11:57:00,2011-03-04 12:42:00,11,7,5236.26,2293,413,476.0236363636364,Repeat Customer
12756,2011-09-14 09:31:00,2011-09-14 09:31:00,1,1,112.08,144,0,112.08,One-Time Customer
12757,2011-05-12 19:01:00,2011-11-24 12:30:00,9,5,4176.75,2387,195,464.0833333333333,Repeat Customer
12758,2009-12-01 14:40:00,2011-08-15 10:22:00,7,7,9903.24,6155,621,1414.7485714285715,Repeat Customer
12759,2009-12-04 10:47:00,2011-10-18 14:49:00,8,8,4618.74,3177,683,577.3425,Repeat Customer
12760,2010-09-10 08:50:00,2010-09-10 08:50:00,1,1,317.8,196,0,317.8,One-Time Customer
12761,2010-09-01 10:47:00,2010-09-01 10:47:00,1,1,712.95,277,0,712.95,One-Time Customer
12762,2011-11-14 14:23:00,2011-12-02 10:23:00,2,2,1702.52,1220,17,851.26,Repeat Customer
12763,2010-12-05 15:46:00,2011-07-24 14:12:00,2,2,494.08,316,230,247.04,Repeat Customer
12764,2011-01-27 10:19:00,2011-01-27 10:19:00,1,1,1693.88,386,0,1693.88,One-Time Customer
12765,2010-03-08 09:43:00,2010-08-24 13:51:00,6,5,1299.58,1002,169,216.59666666666666,Repeat Customer
12766,2010-10-28 09:29:00,2011-12-06 08:46:00,9,9,8134.99,4994,403,903.8877777777777,Repeat Customer
12767,2010-11-29 09:38:00,2010-11-29 09:38:00,1,1,949.82,598,0,949.82,One-Time Customer
12768,2010-09-15 12:08:00,2010-09-15 12:08:00,1,1,168.69,102,0,168.69,One-Time Customer
12769,2011-04-15 10:25:00,2011-04-15 10:25:00,1,1,1143.6,356,0,1143.6,One-Time Customer
12770,2010-09-09 11:43:00,2011-05-13 09:33:00,2,2,3246.45,1843,245,1623.225,Repeat Customer
12771,2010-08-11 11:51:00,2010-08-11 11:51:00,1,1,226.29999999999998,102,0,226.29999999999998,One-Time Customer
12772,2011-10-11 09:19:00,2011-10-11 09:19:00,1,1,752.47,551,0,752.47,One-Time Customer
12773,2010-05-24 17:30:00,2010-05-24 17:30:00,1,1,124.25,109,0,124.25,One-Time Customer
12774,2010-06-22 10:38:00,2010-06-22 10:38:00,1,1,83.7,52,0,83.7,One-Time Customer
12775,2010-10-26 14:24:00,2011-11-22 16:33:00,7,7,1551.1200000000001,1074,392,221.58857142857144,Repeat Customer
12776,2010-02-10 12:11:00,2010-02-10 12:11:00,1,1,27.5,45,0,27.5,One-Time Customer
12777,2010-09-08 11:35:00,2010-09-08 11:35:00,1,1,519.45,458,0,519.45,One-Time Customer
12778,2010-04-16 09:57:00,2011-11-20 11:30:00,9,8,1541.68,1720,583,171.29777777777778,Repeat Customer
12779,2009-12-03 07:25:00,2011-11-02 11:43:00,14,14,6474.11,3501,699,462.43642857142856,Repeat Customer
12780,2010-04-20 09:40:00,2010-04-20 09:40:00,1,1,322.4,284,0,322.4,One-Time Customer
12781,2011-02-28 08:43:00,2011-10-07 10:37:00,2,2,786.74,670,221,393.37,Repeat Customer
12782,2010-07-08 13:31:00,2011-12-05 09:16:00,11,9,3862.2400000000002,1990,514,351.1127272727273,Repeat Customer
12783,2011-09-25 15:35:00,2011-12-07 15:56:00,4,4,1295.8700000000001,611,73,323.96750000000003,Repeat Customer
12784,2010-06-28 13:06:00,2011-11-24 12:53:00,2,2,1511.15,853,513,755.575,Repeat Customer
12785,2009-12-08 13:56:00,2010-12-10 13:48:00,3,3,904.4,446,366,301.46666666666664,Repeat Customer
12786,2010-04-09 12:12:00,2010-04-09 12:12:00,1,1,668.5000000000001,320,0,668.5000000000001,One-Time Customer
12787,2010-10-22 14:57:00,2011-11-30 08:44:00,4,4,799.1800000000001,506,403,199.79500000000002,Repeat Customer
12788,2010-06-29 13:05:00,2010-09-02 14:21:00,4,3,384.90000000000003,190,65,96.22500000000001,Repeat Customer
12789,2010-01-15 12:06:00,2011-10-05 13:34:00,3,3,225.35,33,628,75.11666666666666,Repeat Customer
12790,2010-10-25 13:04:00,2011-05-31 14:14:00,2,2,546.85,303,218,273.425,Repeat Customer
12791,2010-03-25 17:29:00,2010-12-01 11:27:00,5,4,656.83,347,250,131.366,Repeat Customer
12792,2010-06-23 10:49:00,2011-03-28 11:36:00,2,2,715.01,390,278,357.505,Repeat Customer
12793,2010-11-03 13:05:00,2011-01-09 12:12:00,3,3,745.53,456,66,248.51,Repeat Customer
12794,2011-09-02 12:01:00,2011-10-17 14:54:00,2,2,860.41,592,45,430.205,Repeat Customer
12795,2011-11-21 10:27:00,2011-11-21 10:27:00,1,1,318.48,64,0,318.48,One-Time Customer
12796,2010-03-21 15:49:00,2010-03-21 15:49:00,1,1,351.0,180,0,351.0,One-Time Customer
12797,2010-10-11 12:53:00,2010-12-09 10:55:00,2,2,468.08000000000004,212,58,234.04000000000002,Repeat Customer
12798,2010-10-14 12:27:00,2011-11-29 15:52:00,4,4,8510.93,8455,411,2127.7325,Repeat Customer
12799,2010-06-28 15:57:00,2010-06-28 15:57:00,1,1,219.35,137,0,219.35,One-Time Customer
12800,2010-02-01 11:02:00,2010-08-26 14:11:00,2,2,500.25,281,206,250.125,Repeat Customer
12801,2010-07-27 09:38:00,2010-07-27 09:38:00,1,1,871.82,500,0,871.82,One-Time Customer
12802,2010-05-25 09:34:00,2011-06-06 09:36:00,5,5,2186.42,1956,377,437.284,Repeat Customer
12803,2010-11-11 14:57:00,2010-11-11 14:57:00,1,1,1017.81,867,0,1017.81,One-Time Customer
12804,2010-07-27 13:52:00,2010-08-31 11:58:00,2,2,325.37,270,34,162.685,Repeat Customer
12805,2010-02-03 09:06:00,2010-11-23 12:27:00,4,4,1230.95,581,293,307.7375,Repeat Customer
12806,2010-04-30 10:44:00,2010-05-16 13:49:00,2,2,2558.96,2084,16,1279.48,Repeat Customer
12807,2010-11-21 14:21:00,2010-11-21 14:21:00,1,1,250.35,143,0,250.35,One-Time Customer
12808,2010-09-03 10:24:00,2011-11-03 10:05:00,5,4,748.7,321,425,149.74,Repeat Customer
12809,2010-03-02 14:19:00,2011-06-15 10:51:00,3,3,1384.3400000000001,508,469,461.4466666666667,Repeat Customer
12810,2010-02-01 09:52:00,2010-06-23 10:53:00,2,2,534.99,389,142,267.495,Repeat Customer
12811,2010-10-08 12:20:00,2011-03-23 10:55:00,4,4,893.9,429,165,223.475,Repeat Customer
12812,2011-10-26 09:54:00,2011-10-26 09:54:00,1,1,229.64000000000001,164,0,229.64000000000001,One-Time Customer
12813,2010-01-15 16:52:00,2010-07-26 09:50:00,3,3,1621.8,1134,191,540.6,Repeat Customer
12814,2011-08-30 12:11:00,2011-08-30 12:11:00,1,1,85.92,48,0,85.92,One-Time Customer
12815,2011-05-25 13:34:00,2011-07-15 10:21:00,2,2,863.46,374,50,431.73,Repeat Customer
12816,2011-06-16 13:24:00,2011-09-05 12:41:00,2,2,452.2,125,80,226.1,Repeat Customer
12817,2010-10-01 08:57:00,2011-03-03 16:28:00,3,3,570.98,216,153,190.32666666666668,Repeat Customer
12818,2011-03-23 12:06:00,2011-03-23 12:06:00,1,1,1182.0800000000002,920,0,1182.0800000000002,One-Time Customer
12819,2010-09-07 15:20:00,2010-09-07 15:20:00,1,1,540.52,344,0,540.52,One-Time Customer
12820,2009-12-05 13:37:00,2011-12-06 15:12:00,11,11,2689.52,1964,731,244.50181818181818,Repeat Customer
12821,2010-04-07 15:14:00,2011-05-09 15:51:00,2,2,220.8,162,397,110.4,Repeat Customer
12822,2011-09-13 13:46:00,2011-09-30 10:04:00,2,1,948.88,550,16,474.44,Repeat Customer
12823,2010-01-29 12:52:00,2011-09-26 07:35:00,18,12,6501.5,930,604,361.19444444444446,Repeat Customer
12824,2011-10-11 12:49:00,2011-10-11 12:49:00,1,1,397.12,232,0,397.12,One-Time Customer
12825,2010-03-08 10:17:00,2010-07-06 13:56:00,2,2,518.63,139,120,259.315,Repeat Customer
12826,2009-12-18 10:43:00,2011-12-07 10:25:00,12,10,2800.75,1915,718,233.39583333333334,Repeat Customer
12827,2011-10-26 15:44:00,2011-12-04 12:17:00,3,3,430.15,197,38,143.38333333333333,Repeat Customer
12828,2011-08-01 16:16:00,2011-12-07 08:45:00,6,4,1018.71,494,127,169.785,Repeat Customer
12829,2010-06-07 15:04:00,2011-01-07 11:13:00,3,3,385.3,550,213,128.43333333333334,Repeat Customer
12830,2011-06-21 10:53:00,2011-11-02 11:54:00,6,4,6814.64,9848,134,1135.7733333333333,Repeat Customer
12831,2010-09-02 15:58:00,2011-03-22 13:02:00,3,2,451.11,303,200,150.37,Repeat Customer
12832,2011-09-02 13:48:00,2011-11-07 13:30:00,2,2,383.03000000000003,195,65,191.51500000000001,Repeat Customer
12833,2011-07-17 13:46:00,2011-07-17 13:46:00,1,1,417.38,156,0,417.38,One-Time Customer
12834,2011-03-02 09:49:00,2011-03-02 09:49:00,1,1,312.38,110,0,312.38,One-Time Customer
12835,2009-12-03 12:13:00,2010-10-08 10:59:00,41,11,5996.83,2349,308,146.2641463414634,Repeat Customer
12836,2009-12-01 14:19:00,2011-10-11 15:10:00,15,14,6559.7300000000005,2231,679,437.31533333333334,Repeat Customer
12837,2010-05-19 15:10:00,2011-06-19 16:07:00,2,2,662.66,194,396,331.33,Repeat Customer
12838,2010-04-26 09:59:00,2011-11-06 12:20:00,10,8,2975.91,1606,559,297.591,Repeat Customer
12839,2009-12-07 09:18:00,2011-12-07 12:33:00,26,19,9669.12,6578,730,371.8892307692308,Repeat Customer
12840,2010-02-03 14:51:00,2011-07-19 09:29:00,7,7,4041.9700000000003,2258,530,577.4242857142857,Repeat Customer
12841,2010-07-08 15:38:00,2011-12-05 11:13:00,40,18,6958.2,5008,514,173.95499999999998,Repeat Customer
12842,2009-12-02 08:15:00,2011-09-30 15:33:00,4,4,1917.99,887,667,479.4975,Repeat Customer
12843,2009-12-13 11:41:00,2011-10-05 12:09:00,28,14,6461.87,3025,661,230.78107142857144,Repeat Customer
12844,2010-04-25 11:51:00,2011-11-10 13:31:00,4,4,648.6,223,564,162.15,Repeat Customer
12845,2011-02-22 14:10:00,2011-03-17 13:34:00,4,2,354.09000000000003,204,22,88.52250000000001,Repeat Customer
12847,2010-11-17 12:44:00,2011-11-17 13:16:00,2,2,1609.0,1497,365,804.5,Repeat Customer
12848,2010-02-02 12:45:00,2010-02-02 12:45:00,1,1,208.0,58,0,208.0,One-Time Customer
12849,2010-04-27 13:44:00,2011-11-08 13:41:00,6,5,3015.98,1834,559,502.66333333333336,Repeat Customer
12850,2010-09-20 12:26:00,2010-09-20 12:26:00,1,1,330.0,200,0,330.0,One-Time Customer
12851,2010-08-19 15:13:00,2011-09-04 12:41:00,2,2,280.76,157,380,140.38,Repeat Customer
12852,2011-02-18 08:47:00,2011-02-18 08:47:00,1,1,311.55,149,0,311.55,One-Time Customer
12853,2010-02-05 11:57:00,2011-07-28 11:29:00,11,7,3907.5,1668,537,355.22727272727275,Repeat Customer
12854,2009-12-11 12:55:00,2011-09-22 12:15:00,7,6,2970.9700000000003,1630,649,424.42428571428576,Repeat Customer
12855,2010-11-02 18:16:00,2010-12-02 09:37:00,4,2,612.84,240,29,153.21,Repeat Customer
12856,2011-10-07 12:38:00,2011-12-02 10:52:00,6,3,2170.78,1076,55,361.7966666666667,Repeat Customer
12857,2010-01-25 15:37:00,2011-05-13 10:20:00,6,6,3688.0,1420,472,614.6666666666666,Repeat Customer
12858,2010-11-21 12:55:00,2010-11-21 12:55:00,1,1,147.27,51,0,147.27,One-Time Customer
12859,2010-09-07 12:20:00,2010-09-07 12:20:00,1,1,575.1,292,0,575.1,One-Time Customer
12860,2010-01-15 15:22:00,2010-01-15 15:22:00,1,1,54.22,26,0,54.22,One-Time Customer
12861,2010-03-30 11:39:00,2010-03-30 11:39:00,1,1,68.25,27,0,68.25,One-Time Customer
12862,2010-08-01 15:20:00,2010-10-10 11:47:00,2,2,984.62,611,69,492.31,Repeat Customer
12863,2010-04-29 13:54:00,2011-10-18 14:15:00,6,6,2792.55,895,537,465.425,Repeat Customer
12864,2010-07-19 17:22:00,2011-07-24 13:03:00,2,2,299.57,447,369,149.785,Repeat Customer
12865,2010-08-20 12:20:00,2011-11-13 14:31:00,4,4,3323.4700000000003,1973,450,830.8675000000001,Repeat Customer
12866,2010-07-25 11:37:00,2011-03-01 14:11:00,3,3,1092.35,544,219,364.1166666666666,Repeat Customer
12867,2009-12-16 16:25:00,2011-11-13 15:30:00,13,13,7829.26,7876,696,602.2507692307693,Repeat Customer
12868,2010-11-12 10:05:00,2011-06-07 10:42:00,8,6,2043.76,1170,207,255.47,Repeat Customer
12869,2010-01-27 12:10:00,2010-01-27 12:10:00,1,1,337.66999999999996,144,0,337.66999999999996,One-Time Customer
12870,2010-03-25 14:32:00,2010-11-29 13:42:00,3,3,1676.95,906,248,558.9833333333333,Repeat Customer
12871,2010-09-26 10:34:00,2011-09-16 15:07:00,3,3,744.02,484,355,248.00666666666666,Repeat Customer
12872,2009-12-03 20:03:00,2011-01-17 10:52:00,12,12,3283.96,1642,409,273.66333333333336,Repeat Customer
12873,2010-01-27 09:50:00,2011-03-02 14:58:00,3,3,2027.3,786,399,675.7666666666667,Repeat Customer
12874,2010-06-03 12:51:00,2010-11-19 15:23:00,2,2,873.42,618,169,436.71,Repeat Customer
12875,2010-01-11 12:37:00,2011-07-19 15:30:00,5,5,1356.9900000000002,5187,554,271.398,Repeat Customer
12876,2010-04-28 13:26:00,2011-10-13 12:26:00,4,4,3751.79,3025,532,937.9475,Repeat Customer
12877,2010-01-18 10:23:00,2011-12-06 10:30:00,20,18,2942.14,2237,687,147.107,Repeat Customer
12878,2011-03-18 14:02:00,2011-04-17 13:07:00,2,2,854.99,547,29,427.495,Repeat Customer
12879,2011-09-09 12:11:00,2011-10-26 12:24:00,3,2,573.22,370,47,191.07333333333335,Repeat Customer
12880,2010-05-14 11:57:00,2010-11-23 10:50:00,2,2,640.13,279,192,320.065,Repeat Customer
12881,2011-03-09 11:44:00,2011-03-09 11:44:00,1,1,298.0,21,0,298.0,One-Time Customer
12882,2011-11-06 11:22:00,2011-11-30 16:18:00,2,1,1463.04,246,24,731.52,Repeat Customer
12883,2011-09-11 15:18:00,2011-11-15 09:32:00,4,2,703.47,196,64,175.8675,Repeat Customer
12884,2011-09-12 13:10:00,2011-09-12 13:10:00,1,1,309.05,43,0,309.05,One-Time Customer
12885,2011-08-08 11:45:00,2011-10-07 13:40:00,3,2,1175.22,655,60,391.74,Repeat Customer
12886,2011-05-04 11:21:00,2011-10-03 10:09:00,2,2,1378.4,770,151,689.2,Repeat Customer
12887,2010-11-21 11:18:00,2010-11-21 11:18:00,1,1,222.4,100,0,222.4,One-Time Customer
12888,2011-03-29 14:31:00,2011-05-09 16:02:00,2,2,354.12,76,41,177.06,Repeat Customer
12889,2010-07-25 14:32:00,2010-11-23 16:08:00,4,4,385.46000000000004,124,121,96.36500000000001,Repeat Customer
12890,2010-11-17 14:05:00,2011-11-15 17:26:00,2,2,706.02,457,363,353.01,Repeat Customer
12891,2010-02-18 14:32:00,2011-06-07 12:31:00,11,9,840.5,2325,473,76.4090909090909,Repeat Customer
12892,2010-11-08 09:51:00,2010-11-08 09:51:00,1,1,263.38,140,0,263.38,One-Time Customer
12893,2011-11-09 12:34:00,2011-11-09 12:34:00,1,1,176.55,90,0,176.55,One-Time Customer
12894,2010-05-13 14:47:00,2010-05-13 14:47:00,1,1,157.35,33,0,157.35,One-Time Customer
12895,2011-09-14 08:35:00,2011-10-28 13:51:00,2,2,372.8,210,44,186.4,Repeat Customer
12897,2010-06-14 11:58:00,2011-05-19 12:13:00,4,4,514.25,249,339,128.5625,Repeat Customer
12898,2010-02-18 12:36:00,2010-09-02 08:08:00,2,2,296.21,235,195,148.105,Repeat Customer
12899,2010-10-22 09:53:00,2010-10-22 09:53:00,1,1,366.4,108,0,366.4,One-Time Customer
12900,2010-10-13 15:17:00,2010-10-13 15:17:00,1,1,340.33000000000004,139,0,340.33000000000004,One-Time Customer
12901,2011-03-14 10:41:00,2011-12-01 10:07:00,28,10,17654.54,23075,261,630.5192857142857,Repeat Customer
12902,2011-03-20 12:06:00,2011-03-20 12:06:00,1,1,138.68,66,0,138.68,One-Time Customer
12903,2010-10-07 12:39:00,2010-10-07 12:39:00,1,1,833.5300000000001,493,0,833.5300000000001,One-Time Customer
12904,2011-06-20 13:18:00,2011-11-21 14:34:00,2,2,496.06,294,154,248.03,Repeat Customer
12905,2010-01-26 14:06:00,2010-05-12 10:05:00,2,2,1018.42,532,105,509.21,Repeat Customer
12906,2011-09-22 15:03:00,2011-11-28 09:55:00,5,2,2919.81,1749,66,583.962,Repeat Customer
12907,2010-08-02 14:33:00,2010-11-09 12:08:00,2,2,508.91,177,98,254.455,Repeat Customer
12908,2010-03-19 15:59:00,2011-06-16 15:39:00,5,5,1776.0,3000,453,355.2,Repeat Customer
12909,2010-02-24 12:14:00,2011-10-31 12:43:00,8,7,3103.19,1948,614,387.89875,Repeat Customer
12910,2010-03-28 13:10:00,2011-11-16 14:28:00,13,10,5796.52,3632,598,445.8861538461539,Repeat Customer
12911,2010-06-06 12:13:00,2010-06-06 12:13:00,1,1,1651.72,807,0,1651.72,One-Time Customer
12912,2011-10-30 11:35:00,2011-12-07 08:55:00,5,3,1662.3,670,37,332.46,Repeat Customer
12913,2009-12-01 12:18:00,2011-12-05 12:11:00,13,11,6283.24,3086,733,483.32615384615383,Repeat Customer
12914,2010-11-04 12:28:00,2010-11-04 12:28:00,1,1,223.98,336,0,223.98,One-Time Customer
12915,2010-04-29 19:36:00,2011-07-14 11:34:00,4,4,975.1,411,440,243.775,Repeat Customer
12916,2010-01-24 11:26:00,2011-07-24 10:35:00,7,7,4479.73,1681,545,639.9614285714285,Repeat Customer
12917,2009-12-09 14:22:00,2011-08-03 16:42:00,6,5,4359.2,1104,602,726.5333333333333,Repeat Customer
12919,2011-06-23 09:22:00,2011-12-01 13:47:00,6,5,1335.19,673,161,222.53166666666667,Repeat Customer
12920,2009-12-14 15:58:00,2011-11-22 15:05:00,4,3,486.64,420,707,121.66,Repeat Customer
12921,2009-12-01 13:43:00,2011-11-30 16:22:00,74,23,35233.24,21328,729,476.12486486486483,Repeat Customer
12922,2011-07-01 15:35:00,2011-07-01 15:35:00,1,1,405.38,370,0,405.38,One-Time Customer
12923,2010-05-13 14:55:00,2011-10-06 16:20:00,3,3,769.17,229,511,256.39,Repeat Customer
12924,2009-12-09 12:40:00,2011-09-12 13:55:00,12,10,2461.45,1422,642,205.1208333333333,Repeat Customer
12925,2010-04-26 10:32:00,2011-12-05 11:11:00,3,3,729.33,649,588,243.11,Repeat Customer
12926,2009-12-14 14:35:00,2010-10-24 15:57:00,4,3,1523.59,752,314,380.8975,Repeat Customer
12927,2010-11-10 10:02:00,2010-11-10 10:02:00,1,1,197.31,145,0,197.31,One-Time Customer
12928,2010-06-08 10:16:00,2011-11-04 14:24:00,12,9,4304.89,2899,514,358.74083333333334,Repeat Customer
12929,2011-02-01 12:08:00,2011-02-01 12:08:00,1,1,117.85,37,0,117.85,One-Time Customer
12930,2011-06-21 13:25:00,2011-09-22 15:18:00,2,2,415.8,252,93,207.9,Repeat Customer
12931,2009-12-01 11:46:00,2011-11-18 12:39:00,57,19,92347.34,62906,717,1620.1287719298246,Repeat Customer
12932,2010-02-10 08:46:00,2010-06-18 14:22:00,8,5,1698.56,1609,128,212.32,Repeat Customer
12933,2009-12-10 16:39:00,2011-11-15 16:38:00,8,6,1636.63,949,704,204.57875,Repeat Customer
12934,2009-12-03 10:51:00,2009-12-03 10:51:00,1,1,181.65,31,0,181.65,One-Time Customer
12935,2010-04-11 15:59:00,2011-12-07 17:25:00,15,12,4243.86,3201,605,282.924,Repeat Customer
12936,2011-09-22 13:51:00,2011-11-22 17:32:00,4,2,1063.9,559,61,265.975,Repeat Customer
12937,2009-12-03 15:43:00,2011-11-24 15:05:00,9,8,3097.61,1983,720,344.1788888888889,Repeat Customer
12938,2011-11-14 11:21:00,2011-11-14 11:21:00,1,1,114.14,140,0,114.14,One-Time Customer
12939,2010-01-12 11:27:00,2011-10-06 14:33:00,20,14,25264.8,10328,632,1263.24,Repeat Customer
12940,2011-09-13 10:16:00,2011-10-16 12:09:00,2,2,899.69,404,33,449.845,Repeat Customer
12941,2009-12-15 13:12:00,2009-12-15 13:12:00,1,1,377.49,381,0,377.49,One-Time Customer
12942,2010-12-09 09:34:00,2011-07-31 14:39:00,3,3,675.6,198,234,225.20000000000002,Repeat Customer
12943,2010-04-13 11:03:00,2010-05-30 13:52:00,2,2,496.5,222,47,248.25,Repeat Customer
12944,2010-12-20 10:41:00,2011-11-04 11:04:00,2,2,604.51,289,319,302.255,Repeat Customer
12945,2010-02-21 15:18:00,2011-02-24 14:15:00,2,2,900.11,446,367,450.055,Repeat Customer
12946,2010-09-29 10:14:00,2010-09-29 10:14:00,1,1,324.45,149,0,324.45,One-Time Customer
12947,2010-12-01 16:21:00,2011-07-19 10:06:00,6,5,1603.99,1165,229,267.33166666666665,Repeat Customer
12948,2009-12-02 12:28:00,2011-11-23 17:10:00,9,6,2317.43,1304,721,257.4922222222222,Repeat Customer
12949,2009-12-03 15:56:00,2011-11-09 11:25:00,22,13,15526.7,8233,705,705.7590909090909,Repeat Customer
12950,2011-11-15 13:48:00,2011-12-07 13:17:00,3,2,1843.0,1380,21,614.3333333333334,Repeat Customer
12951,2010-01-10 12:43:00,2011-12-01 12:14:00,15,13,3213.7200000000003,1662,689,214.24800000000002,Repeat Customer
12952,2011-09-22 16:37:00,2011-12-04 10:35:00,4,3,1387.79,653,72,346.9475,Repeat Customer
12953,2010-07-05 13:37:00,2011-11-30 09:24:00,2,2,828.8100000000001,364,512,414.40500000000003,Repeat Customer
12954,2010-03-11 10:16:00,2010-03-11 10:16:00,1,1,162.45,83,0,162.45,One-Time Customer
12955,2011-03-17 09:03:00,2011-12-08 16:29:00,11,8,4757.16,3664,266,432.4690909090909,Repeat Customer
12956,2009-12-15 19:03:00,2011-02-06 16:08:00,4,3,521.89,340,417,130.4725,Repeat Customer
12957,2009-12-11 12:01:00,2011-11-30 09:53:00,13,10,8706.97,4686,718,669.766923076923,Repeat Customer
12958,2010-05-05 16:22:00,2010-11-04 16:16:00,2,2,467.34,118,182,233.67,Repeat Customer
12959,2010-08-12 17:20:00,2010-08-12 17:20:00,1,1,150.95,109,0,150.95,One-Time Customer
12960,2010-02-16 13:32:00,2010-10-22 09:31:00,4,4,1322.0700000000002,1379,247,330.51750000000004,Repeat Customer
12961,2010-11-25 16:44:00,2010-11-25 16:44:00,1,1,211.99,180,0,211.99,One-Time Customer
12962,2011-08-18 13:38:00,2011-12-02 15:55:00,2,2,266.39,129,106,133.195,Repeat Customer
12963,2010-07-08 14:45:00,2011-12-01 12:55:00,12,8,3235.79,1637,510,269.64916666666664,Repeat Customer
12964,2010-09-28 17:47:00,2010-09-28 17:47:00,1,1,132.24,56,0,132.24,One-Time Customer
12965,2011-09-11 15:31:00,2011-09-11 15:31:00,1,1,769.8100000000001,282,0,769.8100000000001,One-Time Customer
12966,2011-11-30 12:38:00,2011-11-30 12:38:00,1,1,160.18,75,0,160.18,One-Time Customer
12967,2010-11-21 11:03:00,2010-12-16 19:10:00,3,2,2938.52,912,25,979.5066666666667,Repeat Customer
12968,2011-08-19 15:44:00,2011-08-19 15:44:00,1,1,135.95,73,0,135.95,One-Time Customer
12969,2010-04-16 10:50:00,2010-04-16 10:50:00,1,1,122.45,55,0,122.45,One-Time Customer
12970,2009-12-04 14:19:00,2011-12-02 14:30:00,10,4,1452.54,952,728,145.254,Repeat Customer
12971,2009-12-15 19:04:00,2011-12-06 12:20:00,116,24,15704.6,14306,720,135.3844827586207,Repeat Customer
12972,2010-02-16 14:30:00,2010-10-22 08:41:00,4,4,1161.2,844,247,290.3,Repeat Customer
12973,2010-10-22 10:14:00,2010-10-22 10:14:00,1,1,385.55,31,0,385.55,One-Time Customer
12974,2010-05-23 11:45:00,2011-05-26 09:33:00,2,2,408.95,104,367,204.475,Repeat Customer
12975,2009-12-06 10:38:00,2010-09-29 09:46:00,6,3,2100.09,911,296,350.01500000000004,Repeat Customer
12976,2010-02-12 15:46:00,2011-05-12 09:55:00,8,7,3156.38,2684,453,394.5475,Repeat Customer
12977,2010-07-16 16:25:00,2011-07-06 16:40:00,4,2,513.88,128,355,128.47,Repeat Customer
12978,2009-12-10 12:10:00,2010-11-19 14:29:00,5,4,2502.82,1394,344,500.564,Repeat Customer
12979,2009-12-10 15:45:00,2009-12-10 15:45:00,1,1,517.7,520,0,517.7,One-Time Customer
12980,2009-12-02 11:26:00,2011-07-05 09:34:00,21,18,16245.78,1910,579,773.6085714285715,Repeat Customer
12981,2011-07-29 14:14:00,2011-11-10 12:00:00,2,2,372.21999999999997,242,103,186.10999999999999,Repeat Customer
12982,2010-04-12 13:50:00,2011-04-11 11:51:00,8,7,2744.81,1729,363,343.10125,Repeat Customer
12983,2010-04-20 12:58:00,2010-04-20 12:58:00,1,1,490.08,638,0,490.08,One-Time Customer
12984,2011-11-21 12:37:00,2011-11-21 12:37:00,1,1,97.5,26,0,97.5,One-Time Customer
12985,2011-11-11 12:44:00,2011-12-09 10:46:00,2,2,1239.38,1533,27,619.69,Repeat Customer
12986,2010-01-21 10:45:00,2010-10-07 11:57:00,10,6,2729.84,1164,259,272.98400000000004,Repeat Customer
12987,2010-01-20 09:57:00,2011-09-27 12:03:00,5,5,1312.21,585,615,262.442,Repeat Customer
12988,2011-02-20 14:31:00,2011-02-20 14:31:00,1,1,505.82,126,0,505.82,One-Time Customer
12989,2009-12-10 13:27:00,2011-12-06 15:28:00,33,20,13551.75,6935,726,410.65909090909093,Repeat Customer
12990,2010-03-30 11:36:00,2011-11-08 13:01:00,7,7,955.5,480,588,136.5,Repeat Customer
12991,2010-11-15 13:43:00,2011-11-16 15:34:00,3,3,764.82,483,366,254.94000000000003,Repeat Customer
12992,2009-12-14 16:46:00,2009-12-14 16:46:00,1,1,93.35,21,0,93.35,One-Time Customer
12993,2010-02-18 10:35:00,2011-11-16 15:49:00,8,7,1259.63,751,636,157.45375,Repeat Customer
12994,2011-03-16 08:31:00,2011-12-05 15:43:00,3,3,974.42,459,264,324.8066666666667,Repeat Customer
12995,2011-09-15 15:44:00,2011-09-15 15:44:00,1,1,211.32,108,0,211.32,One-Time Customer
12996,2010-11-29 09:27:00,2010-11-29 09:27:00,1,1,355.5,122,0,355.5,One-Time Customer
12997,2010-04-06 11:06:00,2011-11-17 15:47:00,8,8,2110.91,1186,590,263.86375,Repeat Customer
12998,2010-02-24 11:55:00,2010-08-04 08:05:00,3,3,920.08,1124,160,306.6933333333333,Repeat Customer
12999,2011-04-08 10:26:00,2011-05-27 13:24:00,3,2,455.88,342,49,151.96,Repeat Customer
13000,2009-12-14 17:03:00,2011-08-25 10:43:00,4,4,1032.5,548,618,258.125,Repeat Customer
13001,2009-12-03 16:21:00,2011-12-05 14:51:00,33,20,24042.65,13448,731,728.5651515151516,Repeat Customer
13002,2010-10-01 11:58:00,2011-01-25 15:18:00,3,2,414.13,201,116,138.04333333333332,Repeat Customer
13003,2011-05-09 08:23:00,2011-08-26 10:50:00,3,3,149.05,103,109,49.68333333333334,Repeat Customer
13004,2009-12-15 09:44:00,2011-11-28 11:27:00,36,22,11650.85,8768,713,323.63472222222225,Repeat Customer
13005,2010-09-08 12:52:00,2011-06-19 10:53:00,4,4,999.68,462,283,249.92,Repeat Customer
13006,2011-10-14 13:49:00,2011-10-14 13:49:00,1,1,81.57,55,0,81.57,One-Time Customer
13007,2010-05-09 10:38:00,2010-05-09 10:38:00,1,1,175.25,59,0,175.25,One-Time Customer
13008,2009-12-16 16:07:00,2011-01-20 14:24:00,3,3,612.13,379,399,204.04333333333332,Repeat Customer
13009,2010-02-05 12:22:00,2010-02-05 12:22:00,1,1,234.0,120,0,234.0,One-Time Customer
13010,2010-03-01 11:28:00,2010-11-30 15:09:00,2,2,330.12,323,274,165.06,Repeat Customer
13011,2010-12-02 17:22:00,2010-12-02 17:22:00,1,1,50.550000000000004,13,0,50.550000000000004,One-Time Customer
13012,2010-04-26 14:14:00,2011-11-30 13:05:00,11,8,2957.83,1559,582,268.89363636363635,Repeat Customer
13013,2009-12-14 10:34:00,2011-12-08 15:01:00,29,18,11097.43,5661,724,382.67,Repeat Customer
13014,2010-10-03 11:35:00,2011-11-29 12:27:00,11,7,5381.08,1979,422,489.1890909090909,Repeat Customer
13015,2010-04-15 16:35:00,2011-10-17 13:19:00,11,6,6579.78,3527,549,598.1618181818181,Repeat Customer
13016,2011-08-08 15:00:00,2011-09-27 14:08:00,3,2,789.89,527,49,263.2966666666667,Repeat Customer
13017,2011-12-02 15:53:00,2011-12-02 15:53:00,1,1,204.0,48,0,204.0,One-Time Customer
13018,2010-03-01 12:34:00,2011-11-23 13:28:00,35,14,9763.16,6746,632,278.9474285714286,Repeat Customer
13019,2009-12-06 15:40:00,2010-11-25 14:56:00,6,5,1229.95,397,353,204.99166666666667,Repeat Customer
13020,2010-02-18 10:35:00,2010-05-26 11:12:00,2,2,618.96,278,97,309.48,Repeat Customer
13021,2009-12-05 12:02:00,2011-12-05 16:37:00,17,13,4887.24,2546,730,287.48470588235296,Repeat Customer
13022,2010-10-06 10:50:00,2010-10-06 10:50:00,1,1,50.3,34,0,50.3,One-Time Customer
13023,2010-06-29 09:51:00,2011-10-06 16:27:00,3,3,1251.03,573,464,417.01,Repeat Customer
13024,2010-05-06 14:25:00,2010-08-26 09:42:00,2,2,555.87,181,111,277.935,Repeat Customer
13025,2009-12-08 10:02:00,2009-12-08 10:02:00,1,1,323.39,241,0,323.39,One-Time Customer
13026,2009-12-13 11:34:00,2011-12-08 16:58:00,9,9,1733.08,2466,725,192.56444444444443,Repeat Customer
13027,2010-01-20 10:41:00,2011-08-18 09:39:00,19,14,17239.2,42840,574,907.3263157894737,Repeat Customer
13028,2011-10-25 14:09:00,2011-11-17 11:10:00,2,2,661.3199999999999,798,22,330.65999999999997,Repeat Customer
13029,2010-07-04 13:46:00,2011-11-09 09:13:00,5,5,1927.3,194,492,385.46,Repeat Customer
13030,2010-12-06 14:31:00,2011-11-28 14:30:00,2,2,752.44,348,356,376.22,Repeat Customer
13031,2010-06-03 14:57:00,2010-10-28 15:34:00,5,5,3292.84,2309,147,658.568,Repeat Customer
13032,2010-09-05 14:01:00,2011-10-18 15:54:00,9,5,2815.96,1274,408,312.88444444444445,Repeat Customer
13033,2010-10-06 09:37:00,2010-12-17 14:23:00,2,2,220.55,98,72,110.275,Repeat Customer
13034,2010-11-03 15:22:00,2011-10-16 12:21:00,3,3,756.82,406,346,252.27333333333334,Repeat Customer
13035,2010-10-04 15:41:00,2011-09-27 08:57:00,3,3,1364.2,926,357,454.73333333333335,Repeat Customer
13036,2010-01-24 11:35:00,2010-01-24 11:35:00,1,1,307.1,38,0,307.1,One-Time Customer
13037,2009-12-03 17:04:00,2011-07-24 15:46:00,12,11,3914.9500000000003,2130,597,326.24583333333334,Repeat Customer
13038,2011-02-22 11:43:00,2011-09-20 14:37:00,3,3,908.46,360,210,302.82,Repeat Customer
13039,2009-12-17 16:43:00,2010-05-04 16:45:00,4,4,1010.73,290,138,252.6825,Repeat Customer
13040,2011-11-06 13:53:00,2011-12-01 10:38:00,2,2,676.99,355,24,338.495,Repeat Customer
13041,2010-04-29 08:43:00,2010-09-15 11:44:00,4,3,799.13,335,139,199.7825,Repeat Customer
13042,2009-12-07 15:42:00,2010-04-20 13:43:00,3,3,1488.59,812,133,496.19666666666666,Repeat Customer
13043,2011-03-11 14:52:00,2011-03-11 14:52:00,1,1,516.42,254,0,516.42,One-Time Customer
13044,2010-01-08 14:46:00,2011-02-21 15:20:00,11,8,4848.05,2548,409,440.7318181818182,Repeat Customer
13045,2010-08-10 13:02:00,2011-09-01 15:04:00,3,3,808.9200000000001,405,387,269.64000000000004,Repeat Customer
13046,2010-09-09 13:09:00,2011-11-09 08:36:00,3,3,949.25,505,425,316.4166666666667,Repeat Customer
13047,2009-12-16 11:43:00,2011-10-14 11:15:00,23,16,8423.58,3327,666,366.24260869565217,Repeat Customer
13048,2010-01-27 12:55:00,2011-11-25 13:23:00,9,9,4049.13,2661,667,449.90333333333336,Repeat Customer
13049,2010-11-03 15:39:00,2011-10-06 15:31:00,4,3,1408.24,620,336,352.06,Repeat Customer
13050,2009-12-15 15:06:00,2011-11-25 09:18:00,34,21,11877.29,6987,709,349.33205882352945,Repeat Customer
13051,2010-03-30 11:11:00,2010-05-10 09:14:00,2,2,155.8,72,40,77.9,Repeat Customer
13052,2010-02-23 12:31:00,2011-05-11 14:12:00,7,6,3118.48,1423,442,445.4971428571429,Repeat Customer
13053,2010-03-28 11:28:00,2010-03-28 11:28:00,1,1,127.65,47,0,127.65,One-Time Customer
13055,2010-10-06 08:17:00,2011-09-22 14:26:00,4,3,2321.11,1821,351,580.2775,Repeat Customer
13056,2010-06-06 14:10:00,2010-06-06 14:10:00,1,1,209.48,158,0,209.48,One-Time Customer
13057,2010-03-18 12:14:00,2010-06-27 15:44:00,3,2,709.59,456,101,236.53,Repeat Customer
13058,2011-07-11 12:01:00,2011-11-15 12:43:00,3,3,271.40000000000003,52,127,90.46666666666668,Repeat Customer
13059,2010-03-31 12:23:00,2011-04-04 10:40:00,10,6,2291.77,860,368,229.177,Repeat Customer
13060,2011-03-31 11:37:00,2011-03-31 11:37:00,1,1,307.53000000000003,123,0,307.53000000000003,One-Time Customer
13061,2011-09-28 16:04:00,2011-09-28 16:04:00,1,1,248.61,107,0,248.61,One-Time Customer
13062,2011-06-01 15:12:00,2011-06-01 15:12:00,1,1,346.98,343,0,346.98,One-Time Customer
13063,2010-08-16 12:27:00,2010-08-16 12:27:00,1,1,188.4,116,0,188.4,One-Time Customer
13064,2010-04-27 10:08:00,2011-11-27 12:31:00,6,6,1666.84,668,579,277.8066666666667,Repeat Customer
13065,2010-06-10 11:44:00,2010-12-01 16:52:00,5,5,1055.05,381,174,211.01,Repeat Customer
13066,2011-11-07 17:06:00,2011-11-15 12:57:00,2,1,470.8,322,7,235.4,Repeat Customer
13067,2010-09-19 13:43:00,2011-09-18 13:38:00,3,3,508.51,131,363,169.50333333333333,Repeat Customer
13068,2011-01-24 08:20:00,2011-11-29 15:00:00,2,2,344.0,200,309,172.0,Repeat Customer
13069,2010-06-14 14:27:00,2011-12-09 08:39:00,38,19,9284.45,15171,542,244.32763157894738,Repeat Customer
13070,2009-12-07 14:44:00,2011-05-31 13:45:00,4,4,751.7,372,539,187.925,Repeat Customer
13071,2010-04-06 13:37:00,2010-04-06 13:37:00,1,1,129.22,30,0,129.22,One-Time Customer
13072,2011-03-18 08:12:00,2011-03-18 08:12:00,1,1,177.15,69,0,177.15,One-Time Customer
13073,2010-09-28 09:27:00,2010-10-24 14:06:00,2,2,418.08,261,26,209.04,Repeat Customer
13074,2009-12-16 11:46:00,2010-07-16 16:53:00,4,4,1378.74,826,212,344.685,Repeat Customer
13075,2011-08-02 10:19:00,2011-08-02 10:19:00,1,1,919.61,485,0,919.61,One-Time Customer
13076,2010-09-08 10:27:00,2010-09-08 10:27:00,1,1,135.4,44,0,135.4,One-Time Customer
13077,2009-12-11 11:17:00,2011-12-08 19:24:00,11,9,2740.65,2468,727,249.15,Repeat Customer
13078,2009-12-01 09:06:00,2011-12-06 15:36:00,57,25,29018.06,12032,735,509.0887719298246,Repeat Customer
13079,2010-10-18 14:15:00,2011-12-05 16:53:00,6,5,419.18,158,413,69.86333333333333,Repeat Customer
13080,2010-04-09 13:07:00,2011-06-13 14:59:00,4,4,280.73,193,430,70.1825,Repeat Customer
13081,2009-12-08 13:58:00,2011-11-28 10:54:00,28,17,56838.37,40077,719,2029.9417857142857,Repeat Customer
13082,2009-12-22 15:37:00,2011-08-05 16:16:00,21,14,7335.75,8466,591,349.32142857142856,Repeat Customer
13083,2010-10-10 13:38:00,2011-12-05 15:01:00,3,3,395.43,307,421,131.81,Repeat Customer
13084,2010-08-05 08:49:00,2010-08-05 08:49:00,1,1,122.39999999999999,144,0,122.39999999999999,One-Time Customer
13085,2009-12-01 07:45:00,2011-07-05 12:11:00,8,4,2433.28,944,581,304.16,Repeat Customer
13086,2010-11-22 10:28:00,2010-11-22 10:28:00,1,1,439.33000000000004,155,0,439.33000000000004,One-Time Customer
13087,2009-12-13 15:16:00,2009-12-13 15:16:00,1,1,313.64,86,0,313.64,One-Time Customer
13088,2010-10-18 15:35:00,2010-10-18 15:35:00,1,1,236.11,76,0,236.11,One-Time Customer
13089,2009-12-02 15:44:00,2011-12-07 09:02:00,203,25,113416.91,58932,734,558.7039901477833,Repeat Customer
13090,2010-08-02 13:58:00,2011-12-01 12:39:00,23,13,13076.74,3246,485,568.5539130434782,Repeat Customer
13091,2009-12-10 12:44:00,2011-11-11 15:54:00,2,2,1108.8,1338,701,554.4,Repeat Customer
13092,2010-02-10 08:44:00,2011-09-30 11:18:00,12,12,2140.28,664,597,178.35666666666668,Repeat Customer
13093,2009-12-04 10:32:00,2011-03-09 12:14:00,55,16,54144.25,25971,460,984.4409090909091,Repeat Customer
13094,2010-11-15 14:15:00,2011-11-18 14:07:00,13,11,2209.44,1896,367,169.9569230769231,Repeat Customer
13095,2011-09-30 12:03:00,2011-09-30 12:03:00,1,1,74.39999999999999,144,0,74.39999999999999,One-Time Customer
13096,2010-11-10 14:08:00,2010-11-10 14:08:00,1,1,419.7000000000001,6,0,419.7000000000001,One-Time Customer
13097,2009-12-01 13:31:00,2011-11-07 10:43:00,27,18,13015.36,5344,705,482.0503703703704,Repeat Customer
13098,2011-01-26 13:46:00,2011-12-08 14:14:00,28,12,28882.44,15968,316,1031.5157142857142,Repeat Customer
13099,2011-09-01 17:40:00,2011-09-01 17:40:00,1,1,207.36,288,0,207.36,One-Time Customer
13101,2010-01-27 15:49:00,2011-04-19 14:37:00,4,4,695.4,478,446,173.85,Repeat Customer
13102,2010-05-06 13:12:00,2011-12-08 12:52:00,37,19,11380.1,6366,580,307.57027027027027,Repeat Customer
13103,2010-05-11 14:41:00,2011-10-31 09:38:00,3,3,709.64,426,537,236.54666666666665,Repeat Customer
13104,2010-02-24 15:06:00,2011-12-06 13:10:00,9,9,1709.1,834,649,189.89999999999998,Repeat Customer
13105,2010-09-29 13:41:00,2010-09-29 13:41:00,1,1,72.0,100,0,72.0,One-Time Customer
13106,2010-10-22 13:10:00,2011-07-29 15:12:00,2,2,603.46,231,280,301.73,Repeat Customer
13107,2010-02-04 10:50:00,2011-10-26 14:52:00,9,9,5253.07,4316,629,583.6744444444444,Repeat Customer
13108,2010-09-30 17:09:00,2010-12-02 10:35:00,2,2,748.46,745,62,374.23,Repeat Customer
13109,2010-06-06 12:59:00,2011-10-11 10:16:00,3,3,1134.03,757,491,378.01,Repeat Customer
13110,2009-12-01 14:14:00,2011-11-08 14:30:00,12,10,2957.4700000000003,763,707,246.45583333333335,Repeat Customer
13111,2009-12-21 09:00:00,2009-12-21 09:00:00,1,1,321.88000000000005,180,0,321.88000000000005,One-Time Customer
13112,2010-06-16 17:03:00,2010-06-16 17:03:00,1,1,20.599999999999998,11,0,20.599999999999998,One-Time Customer
13113,2010-03-28 16:13:00,2011-12-09 12:49:00,37,18,18230.07,4435,620,492.7045945945946,Repeat Customer
13114,2009-12-09 09:56:00,2009-12-09 09:56:00,1,1,234.38,74,0,234.38,One-Time Customer
13115,2010-04-19 13:29:00,2011-11-28 12:38:00,10,8,5494.7,3934,587,549.47,Repeat Customer
13116,2011-07-24 14:33:00,2011-07-24 14:33:00,1,1,501.14,291,0,501.14,One-Time Customer
13117,2010-03-26 13:50:00,2011-11-18 12:02:00,18,16,2255.66,1852,601,125.31444444444443,Repeat Customer
13118,2010-09-26 15:46:00,2011-11-20 12:46:00,9,7,2415.41,834,419,268.37888888888887,Repeat Customer
13119,2010-02-09 08:38:00,2010-02-09 08:38:00,1,1,134.9,110,0,134.9,One-Time Customer
13120,2011-04-15 10:19:00,2011-04-15 10:19:00,1,1,30.6,12,0,30.6,One-Time Customer
13121,2011-03-15 16:47:00,2011-03-15 16:47:00,1,1,283.73,252,0,283.73,One-Time Customer
13122,2011-04-13 14:12:00,2011-09-06 15:53:00,2,2,922.39,585,146,461.195,Repeat Customer
13123,2010-06-28 12:43:00,2010-08-24 10:18:00,2,2,506.75,268,56,253.375,Repeat Customer
13124,2010-11-19 15:50:00,2011-09-11 12:45:00,4,4,4641.66,2738,295,1160.415,Repeat Customer
13125,2010-07-04 11:58:00,2010-07-04 11:58:00,1,1,148.62,53,0,148.62,One-Time Customer
13126,2010-03-02 12:24:00,2011-12-05 10:00:00,13,11,3774.81,3289,642,290.37,Repeat Customer
13127,2011-09-23 10:26:00,2011-09-23 10:26:00,1,1,259.17,127,0,259.17,One-Time Customer
13128,2010-03-18 15:08:00,2010-03-18 15:08:00,1,1,263.5,31,0,263.5,One-Time Customer
13129,2010-06-28 11:54:00,2010-09-13 13:47:00,2,2,233.25,296,77,116.625,Repeat Customer
13130,2011-09-06 15:30:00,2011-09-06 15:30:00,1,1,64.0,32,0,64.0,One-Time Customer
13131,2010-02-09 09:47:00,2011-11-16 13:21:00,7,6,3313.77,1523,645,473.3957142857143,Repeat Customer
13132,2011-03-23 12:44:00,2011-03-23 12:44:00,1,1,77.3,20,0,77.3,One-Time Customer
13133,2010-09-06 15:30:00,2011-03-11 10:31:00,3,3,200.45,55,185,66.81666666666666,Repeat Customer
13134,2010-10-19 13:21:00,2011-09-15 10:35:00,6,5,2475.23,1364,330,412.53833333333336,Repeat Customer
13135,2010-08-05 17:28:00,2011-05-27 10:52:00,2,2,3371.45,4423,294,1685.725,Repeat Customer
13136,2009-12-08 18:30:00,2011-10-14 13:41:00,13,9,6274.56,3109,674,482.65846153846155,Repeat Customer
13137,2010-07-25 15:40:00,2011-11-29 12:09:00,16,11,7586.94,4238,491,474.18375,Repeat Customer
13138,2010-11-08 11:45:00,2011-11-17 16:51:00,7,7,1274.01,593,374,182.00142857142856,Repeat Customer
13139,2010-09-28 09:12:00,2011-11-23 13:54:00,8,6,8202.98,4614,421,1025.3725,Repeat Customer
13140,2010-08-05 19:05:00,2011-08-23 15:33:00,5,4,1054.92,572,382,210.984,Repeat Customer
13141,2009-12-09 13:34:00,2011-09-16 09:54:00,17,12,7656.08,5159,645,450.35764705882355,Repeat Customer
13142,2011-11-20 16:07:00,2011-11-20 16:07:00,1,1,307.09000000000003,258,0,307.09000000000003,One-Time Customer
13143,2010-05-04 12:22:00,2010-05-04 12:22:00,1,1,405.1,198,0,405.1,One-Time Customer
13144,2010-10-04 14:14:00,2011-01-11 11:15:00,2,2,135.35,29,98,67.675,Repeat Customer
13145,2010-04-19 11:11:00,2011-10-31 12:45:00,7,7,1128.52,265,560,161.21714285714285,Repeat Customer
13146,2011-11-13 15:29:00,2011-11-13 15:29:00,1,1,228.91,154,0,228.91,One-Time Customer
13147,2011-09-01 12:28:00,2011-11-29 13:59:00,4,3,712.8,144,89,178.2,Repeat Customer
13148,2009-12-07 15:26:00,2011-11-10 15:23:00,26,15,8488.32,4481,702,326.4738461538461,Repeat Customer
13149,2011-02-23 13:57:00,2011-11-25 13:09:00,4,4,1676.06,1280,274,419.015,Repeat Customer
13150,2010-03-19 09:03:00,2010-08-12 12:59:00,3,2,449.96999999999997,171,146,149.98999999999998,Repeat Customer
13151,2010-03-22 10:26:00,2011-02-17 12:29:00,3,2,2454.71,788,332,818.2366666666667,Repeat Customer
13152,2010-01-14 10:01:00,2010-10-18 13:44:00,7,7,2146.38,977,277,306.6257142857143,Repeat Customer
13153,2011-12-04 12:14:00,2011-12-04 12:14:00,1,1,486.22,418,0,486.22,One-Time Customer
13154,2009-12-04 08:46:00,2010-11-05 16:00:00,3,3,1624.84,976,336,541.6133333333333,Repeat Customer
13155,2010-08-05 09:30:00,2011-11-06 15:41:00,6,6,1370.48,741,458,228.41333333333333,Repeat Customer
13156,2010-02-01 13:45:00,2010-11-19 13:09:00,3,2,1586.54,914,290,528.8466666666667,Repeat Customer
13157,2010-03-08 11:59:00,2011-10-21 13:50:00,9,8,5687.36,4762,592,631.9288888888889,Repeat Customer
13158,2010-11-16 17:12:00,2011-09-06 11:58:00,5,5,1508.18,992,293,301.636,Repeat Customer
13159,2011-08-16 11:44:00,2011-12-01 11:20:00,4,3,1429.35,1058,106,357.3375,Repeat Customer
13160,2011-11-17 13:07:00,2011-11-17 13:07:00,1,1,91.8,56,0,91.8,One-Time Customer
13161,2010-07-27 12:44:00,2011-01-30 14:03:00,2,2,472.13,105,187,236.065,Repeat Customer
13162,2009-12-04 13:59:00,2011-08-09 15:59:00,16,13,9275.49,5755,613,579.718125,Repeat Customer
13163,2010-04-08 16:21:00,2010-04-08 16:21:00,1,1,17.65,3,0,17.65,One-Time Customer
13164,2010-02-10 11:52:00,2010-05-19 13:52:00,2,2,372.2,120,98,186.1,Repeat Customer
13165,2010-10-22 17:04:00,2011-10-24 15:05:00,3,3,1451.1599999999999,1736,366,483.71999999999997,Repeat Customer
13166,2010-10-21 14:29:00,2011-03-01 15:16:00,2,2,875.93,522,131,437.965,Repeat Customer
13167,2010-11-14 12:58:00,2011-11-21 12:24:00,5,5,1113.15,995,371,222.63000000000002,Repeat Customer
13168,2010-06-15 15:00:00,2011-11-03 12:56:00,5,5,1840.73,898,505,368.146,Repeat Customer
13169,2010-05-26 15:58:00,2011-10-07 12:11:00,3,3,840.08,296,498,280.0266666666667,Repeat Customer
13170,2011-11-13 12:19:00,2011-11-13 12:19:00,1,1,108.81,141,0,108.81,One-Time Customer
13171,2011-02-13 14:16:00,2011-11-18 10:27:00,3,3,468.41,229,277,156.13666666666668,Repeat Customer
13172,2010-11-04 15:10:00,2010-11-04 15:10:00,1,1,69.6,48,0,69.6,One-Time Customer
13173,2009-12-10 12:52:00,2011-12-05 15:51:00,11,9,2389.82,1479,725,217.25636363636366,Repeat Customer
13174,2009-12-04 15:40:00,2011-11-23 14:35:00,11,10,7972.46,3790,718,724.7690909090909,Repeat Customer
13175,2009-12-04 12:11:00,2010-05-06 13:13:00,2,2,831.45,423,153,415.725,Repeat Customer
13176,2011-10-24 15:43:00,2011-10-24 15:43:00,1,1,481.49,448,0,481.49,One-Time Customer
13177,2010-10-05 10:35:00,2011-10-06 09:56:00,2,2,512.2,180,365,256.1,Repeat Customer
13178,2009-12-16 14:00:00,2011-11-13 16:14:00,21,18,14059.19,8778,697,669.4852380952382,Repeat Customer
13179,2010-03-31 11:40:00,2010-03-31 11:40:00,1,1,572.3100000000001,368,0,572.3100000000001,One-Time Customer
13180,2010-04-11 13:37:00,2010-04-11 13:37:00,1,1,86.10000000000001,42,0,86.10000000000001,One-Time Customer
13181,2010-11-23 15:05:00,2010-11-23 15:05:00,1,1,359.69,171,0,359.69,One-Time Customer
13182,2011-10-25 13:46:00,2011-10-25 13:46:00,1,1,121.18,201,0,121.18,One-Time Customer
13183,2010-03-14 12:32:00,2011-12-02 10:30:00,15,14,7036.18,4027,627,469.07866666666666,Repeat Customer
13184,2011-02-22 17:25:00,2011-11-25 12:02:00,10,6,1667.95,1661,275,166.79500000000002,Repeat Customer
13185,2011-03-17 11:56:00,2011-03-17 11:56:00,1,1,71.4,12,0,71.4,One-Time Customer
13186,2011-08-03 09:09:00,2011-10-31 11:40:00,3,3,1575.89,820,89,525.2966666666667,Repeat Customer
13187,2010-03-25 17:18:00,2011-01-06 18:57:00,4,2,328.36,283,287,82.09,Repeat Customer
13188,2011-11-28 15:28:00,2011-11-28 15:28:00,1,1,114.6,25,0,114.6,One-Time Customer
13189,2011-08-16 13:12:00,2011-11-21 10:39:00,2,2,260.68,842,96,130.34,Repeat Customer
13190,2009-12-07 12:13:00,2010-06-13 15:47:00,3,3,570.66,308,188,190.22,Repeat Customer
13191,2010-02-19 17:02:00,2010-02-19 17:02:00,1,1,159.21,111,0,159.21,One-Time Customer
13192,2010-01-22 08:37:00,2011-09-05 14:13:00,6,5,2558.58,1629,591,426.43,Repeat Customer
13193,2011-10-09 14:30:00,2011-10-09 14:30:00,1,1,112.08,46,0,112.08,One-Time Customer
13194,2010-10-14 11:54:00,2011-07-27 09:01:00,2,2,472.78,326,285,236.39,Repeat Customer
13195,2010-10-21 13:07:00,2010-10-21 13:07:00,1,1,136.73,70,0,136.73,One-Time Customer
13196,2010-04-01 12:54:00,2011-11-28 13:54:00,7,6,3068.84,2006,606,438.4057142857143,Repeat Customer
13197,2010-04-09 09:14:00,2010-04-09 09:14:00,1,1,373.01000000000005,204,0,373.01000000000005,One-Time Customer
13198,2010-10-01 13:27:00,2011-11-29 15:17:00,8,8,4974.2300000000005,3449,424,621.7787500000001,Repeat Customer
13199,2009-12-05 10:11:00,2011-12-06 12:30:00,66,25,15949.210000000001,11566,731,241.65469696969697,Repeat Customer
13200,2011-08-05 14:50:00,2011-11-20 15:35:00,4,3,870.09,516,107,217.5225,Repeat Customer
13201,2010-03-07 11:01:00,2010-07-25 14:30:00,4,3,1233.06,1036,140,308.265,Repeat Customer
13202,2009-12-09 10:48:00,2010-11-10 16:24:00,7,7,1580.3,572,336,225.75714285714284,Repeat Customer
13203,2009-12-17 14:15:00,2011-11-30 10:45:00,10,10,2648.25,2413,712,264.825,Repeat Customer
13204,2009-12-08 14:56:00,2009-12-08 14:56:00,1,1,966.6600000000001,428,0,966.6600000000001,One-Time Customer
13205,2010-09-22 16:26:00,2010-09-22 16:26:00,1,1,2803.2,256,0,2803.2,One-Time Customer
13206,2009-12-07 13:48:00,2010-11-04 16:50:00,13,7,8308.19,7086,332,639.0915384615384,Repeat Customer
13207,2010-04-06 16:37:00,2011-11-24 14:52:00,4,4,535.86,178,596,133.965,Repeat Customer
13208,2009-12-03 13:25:00,2011-10-11 16:25:00,8,8,1951.82,1307,677,243.9775,Repeat Customer
13209,2010-01-24 14:30:00,2011-11-09 13:54:00,13,10,8509.51,5781,653,654.5776923076924,Repeat Customer
13210,2011-09-07 08:18:00,2011-09-07 08:18:00,1,1,353.48,316,0,353.48,One-Time Customer
13211,2009-12-06 15:24:00,2011-11-29 14:43:00,10,8,2618.77,1845,722,261.877,Repeat Customer
13212,2011-10-09 14:48:00,2011-11-20 12:40:00,3,2,786.83,309,41,262.2766666666667,Repeat Customer
13213,2010-05-20 14:50:00,2011-10-14 11:42:00,11,8,3851.52,2962,511,350.1381818181818,Repeat Customer
13214,2010-03-03 14:10:00,2010-10-18 10:00:00,7,6,3264.23,2966,228,466.31857142857143,Repeat Customer
13215,2010-11-02 18:26:00,2010-11-02 18:26:00,1,1,81.6,96,0,81.6,One-Time Customer
13216,2011-03-17 12:18:00,2011-03-17 12:18:00,1,1,333.74,297,0,333.74,One-Time Customer
13217,2010-02-22 12:49:00,2011-08-09 15:32:00,4,3,666.48,512,533,166.62,Repeat Customer
13218,2011-08-04 16:59:00,2011-08-04 16:59:00,1,1,62.64,88,0,62.64,One-Time Customer
13219,2010-03-31 14:18:00,2010-03-31 14:18:00,1,1,76.23,11,0,76.23,One-Time Customer
13220,2010-05-13 10:35:00,2011-09-22 13:38:00,5,5,1336.0900000000001,396,497,267.218,Repeat Customer
13221,2010-12-15 13:24:00,2011-04-13 16:58:00,2,2,844.86,243,119,422.43,Repeat Customer
13222,2010-05-11 13:54:00,2010-05-11 13:54:00,1,1,88.5,30,0,88.5,One-Time Customer
13223,2010-02-12 13:27:00,2011-05-23 13:03:00,6,6,969.12,568,464,161.52,Repeat Customer
13224,2011-07-11 14:10:00,2011-10-10 14:55:00,2,2,2152.95,1515,91,1076.475,Repeat Customer
13225,2009-12-17 09:09:00,2011-12-06 13:29:00,16,14,16260.07,7401,719,1016.254375,Repeat Customer
13226,2010-11-11 13:46:00,2011-03-11 14:35:00,2,2,312.46,179,120,156.23,Repeat Customer
13227,2011-05-22 11:47:00,2011-05-22 11:47:00,1,1,257.7,99,0,257.7,One-Time Customer
13228,2011-09-19 14:28:00,2011-09-19 14:28:00,1,1,358.0,200,0,358.0,One-Time Customer
13229,2011-04-28 12:07:00,2011-04-28 12:07:00,1,1,160.95,63,0,160.95,One-Time Customer
13230,2010-03-18 20:02:00,2011-12-05 16:03:00,30,18,6109.51,3495,626,203.65033333333335,Repeat Customer
13232,2011-04-10 13:48:00,2011-11-27 10:39:00,7,5,1327.75,771,230,189.67857142857142,Repeat Customer
13233,2010-01-14 14:10:00,2011-09-26 13:25:00,4,4,1176.46,1604,619,294.115,Repeat Customer
13234,2009-12-07 12:32:00,2010-02-05 11:41:00,2,2,346.5,159,59,173.25,Repeat Customer
13235,2011-05-11 17:13:00,2011-05-11 17:13:00,1,1,1031.07,441,0,1031.07,One-Time Customer
13236,2011-08-25 08:58:00,2011-11-15 12:50:00,2,2,744.85,416,82,372.425,Repeat Customer
13237,2010-11-17 10:07:00,2010-11-17 10:07:00,1,1,643.0,128,0,643.0,One-Time Customer
13238,2010-04-28 15:02:00,2011-11-22 15:37:00,6,5,1006.63,442,573,167.77166666666668,Repeat Customer
13239,2010-07-25 13:34:00,2011-03-23 10:25:00,5,4,1594.69,1151,240,318.938,Repeat Customer
13240,2010-02-25 13:17:00,2011-09-04 14:08:00,8,7,1455.39,707,556,181.92375,Repeat Customer
13241,2010-10-24 11:17:00,2010-10-24 11:17:00,1,1,112.53,46,0,112.53,One-Time Customer
13242,2010-02-09 13:12:00,2011-08-19 12:53:00,7,6,699.4,350,555,99.91428571428571,Repeat Customer
13243,2010-03-18 13:10:00,2011-05-20 13:14:00,5,3,1220.38,554,428,244.07600000000002,Repeat Customer
13244,2011-09-08 11:46:00,2011-09-08 11:46:00,1,1,121.74000000000001,38,0,121.74000000000001,One-Time Customer
13245,2010-10-03 14:03:00,2011-10-20 11:40:00,2,2,989.22,371,381,494.61,Repeat Customer
13246,2010-07-02 13:36:00,2011-11-21 16:50:00,11,9,3351.75,2796,507,304.70454545454544,Repeat Customer
13247,2011-09-18 11:31:00,2011-11-22 10:59:00,4,3,501.12,328,64,125.28,Repeat Customer
13248,2011-06-03 13:05:00,2011-08-07 12:40:00,2,2,465.68,305,64,232.84,Repeat Customer
13249,2010-01-24 12:11:00,2011-09-08 13:26:00,9,8,1608.9299999999998,1246,592,178.76999999999998,Repeat Customer
13250,2010-07-25 14:01:00,2010-09-05 11:33:00,2,2,253.09,107,41,126.545,Repeat Customer
13251,2010-11-02 13:20:00,2010-11-02 13:20:00,1,1,252.68,215,0,252.68,One-Time Customer
13252,2010-03-24 10:30:00,2010-11-10 16:00:00,2,2,399.3,134,231,199.65,Repeat Customer
13253,2010-01-05 12:13:00,2011-07-06 10:09:00,4,4,2951.11,3015,546,737.7775,Repeat Customer
13254,2010-11-28 15:42:00,2010-11-28 15:42:00,1,1,51.41,43,0,51.41,One-Time Customer
13255,2010-07-15 13:20:00,2011-11-30 13:14:00,3,3,678.76,407,502,226.25333333333333,Repeat Customer
13257,2010-09-29 14:58:00,2010-09-29 14:58:00,1,1,149.75,33,0,149.75,One-Time Customer
13258,2010-11-04 12:45:00,2011-11-28 09:31:00,5,3,1009.43,446,388,201.886,Repeat Customer
13259,2010-01-10 10:26:00,2011-10-09 10:48:00,9,6,1398.79,502,637,155.42111111111112,Repeat Customer
13260,2011-10-09 13:21:00,2011-10-09 13:21:00,1,1,557.62,142,0,557.62,One-Time Customer
13261,2011-02-27 10:41:00,2011-03-16 12:22:00,2,2,944.1,210,17,472.05,Repeat Customer
13262,2010-04-18 12:14:00,2011-03-21 15:06:00,3,3,573.45,247,337,191.15,Repeat Customer
13263,2010-10-22 17:07:00,2011-12-08 13:59:00,38,13,8650.98,5365,411,227.6573684210526,Repeat Customer
13264,2010-09-23 12:42:00,2010-09-23 12:42:00,1,1,722.5600000000001,375,0,722.5600000000001,One-Time Customer
13265,2011-03-11 09:54:00,2011-10-17 15:02:00,5,5,2092.66,1740,220,418.532,Repeat Customer
13266,2009-12-17 10:52:00,2011-11-28 14:39:00,19,15,6135.04,6837,711,322.89684210526315,Repeat Customer
13267,2009-12-07 16:56:00,2011-12-07 11:12:00,36,19,9429.81,3959,729,261.93916666666667,Repeat Customer
13268,2011-03-17 13:20:00,2011-11-22 11:34:00,10,6,3152.71,3548,249,315.271,Repeat Customer
13269,2009-12-02 11:47:00,2011-12-08 14:53:00,28,17,8537.32,6366,736,304.9042857142857,Repeat Customer
13270,2010-12-08 14:53:00,2010-12-08 14:53:00,1,1,590.0,200,0,590.0,One-Time Customer
13271,2011-11-02 14:31:00,2011-11-02 14:31:00,1,1,211.49,240,0,211.49,One-Time Customer
13272,2011-09-11 12:06:00,2011-11-08 14:00:00,2,2,276.56,96,58,138.28,Repeat Customer
13273,2011-08-18 14:02:00,2011-08-18 14:02:00,1,1,138.98,153,0,138.98,One-Time Customer
13274,2010-10-26 13:48:00,2010-10-26 13:48:00,1,1,360.85,199,0,360.85,One-Time Customer
13275,2010-03-17 14:05:00,2010-11-21 12:09:00,2,2,238.86,138,248,119.43,Repeat Customer
13276,2010-03-07 14:05:00,2011-10-07 12:44:00,5,5,1891.91,840,578,378.382,Repeat Customer
13277,2010-06-18 08:45:00,2011-11-24 09:21:00,7,6,523.3,382,524,74.75714285714285,Repeat Customer
13278,2010-04-08 11:59:00,2011-10-30 11:49:00,4,4,1425.35,1333,569,356.3375,Repeat Customer
13279,2011-09-22 17:24:00,2011-09-22 17:24:00,1,1,137.75,73,0,137.75,One-Time Customer
13280,2010-03-05 09:07:00,2011-08-09 13:14:00,7,5,2293.33,1489,522,327.61857142857144,Repeat Customer
13281,2010-09-26 16:03:00,2010-09-26 16:03:00,1,1,350.85,201,0,350.85,One-Time Customer
13282,2010-10-29 14:11:00,2011-11-21 15:33:00,4,4,1313.19,410,388,328.2975,Repeat Customer
13283,2010-03-09 14:36:00,2011-10-11 09:50:00,4,4,373.36,204,580,93.34,Repeat Customer
13284,2011-01-13 09:23:00,2011-01-13 09:23:00,1,1,201.19,91,0,201.19,One-Time Customer
13285,2010-03-25 14:26:00,2011-11-16 13:19:00,6,6,3364.59,2457,600,560.765,Repeat Customer
13286,2010-04-18 15:35:00,2010-04-18 15:35:00,1,1,734.91,274,0,734.91,One-Time Customer
13287,2010-01-04 10:43:00,2010-04-15 15:26:00,3,3,781.59,429,101,260.53000000000003,Repeat Customer
13288,2010-02-11 14:59:00,2010-09-22 16:32:00,5,3,927.61,379,223,185.522,Repeat Customer
13289,2009-12-16 11:53:00,2009-12-16 11:53:00,1,1,307.95,119,0,307.95,One-Time Customer
13291,2010-02-11 18:36:00,2011-07-07 10:36:00,11,9,3270.79,1600,510,297.3445454545454,Repeat Customer
13292,2010-07-01 14:36:00,2011-11-01 10:04:00,5,5,994.51,530,487,198.902,Repeat Customer
13293,2010-02-09 12:05:00,2010-11-12 13:28:00,6,5,1192.94,555,276,198.82333333333335,Repeat Customer
13294,2010-03-03 12:54:00,2011-06-03 08:54:00,3,3,1689.53,996,456,563.1766666666666,Repeat Customer
13295,2010-05-12 09:13:00,2010-12-15 11:21:00,4,4,1101.97,733,217,275.4925,Repeat Customer
13296,2010-05-11 14:29:00,2011-07-25 13:46:00,6,6,792.51,653,439,132.085,Repeat Customer
13297,2010-06-15 12:35:00,2011-12-02 09:32:00,7,6,4368.62,2694,534,624.0885714285714,Repeat Customer
13298,2011-12-08 13:11:00,2011-12-08 13:11:00,1,1,360.0,96,0,360.0,One-Time Customer
13299,2010-06-29 11:30:00,2011-03-16 12:55:00,3,3,1218.7,416,260,406.23333333333335,Repeat Customer
13300,2010-05-14 15:56:00,2011-06-23 13:09:00,3,3,1285.51,455,404,428.50333333333333,Repeat Customer
13301,2011-02-20 13:13:00,2011-08-28 11:25:00,4,4,600.1899999999999,343,188,150.04749999999999,Repeat Customer
13302,2010-07-01 12:32:00,2011-07-07 17:56:00,2,2,159.2,12,371,79.6,Repeat Customer
13303,2010-11-04 14:55:00,2010-11-04 14:55:00,1,1,61.72,26,0,61.72,One-Time Customer
13304,2010-02-08 12:42:00,2010-12-23 14:35:00,4,4,1217.99,716,318,304.4975,Repeat Customer
13305,2010-03-10 14:49:00,2011-12-05 15:15:00,16,14,3616.41,2228,635,226.025625,Repeat Customer
13306,2010-10-05 14:55:00,2010-10-05 14:55:00,1,1,53.65,74,0,53.65,One-Time Customer
13307,2010-04-26 13:28:00,2011-08-11 17:14:00,3,3,273.34,140,472,91.11333333333333,Repeat Customer
13308,2010-04-22 09:22:00,2011-11-17 09:31:00,4,4,1670.3700000000001,1073,574,417.59250000000003,Repeat Customer
13309,2010-11-12 12:10:00,2011-12-02 16:34:00,6,6,1706.3700000000001,1914,385,284.39500000000004,Repeat Customer
13310,2010-11-02 17:03:00,2011-11-11 17:23:00,5,4,1541.2,816,374,308.24,Repeat Customer
13311,2011-07-12 14:26:00,2011-12-05 12:55:00,2,2,598.57,305,145,299.285,Repeat Customer
13312,2010-09-14 14:36:00,2010-09-14 14:36:00,1,1,124.75,41,0,124.75,One-Time Customer
13313,2009-12-02 16:18:00,2011-11-17 16:48:00,12,10,3445.32,2308,715,287.11,Repeat Customer
13314,2011-09-27 10:20:00,2011-12-08 12:29:00,3,3,775.94,560,72,258.6466666666667,Repeat Customer
13315,2010-01-19 15:34:00,2010-01-19 15:34:00,1,1,310.26000000000005,232,0,310.26000000000005,One-Time Customer
13316,2010-03-10 10:01:00,2011-11-02 13:40:00,10,9,12940.82,19931,602,1294.0819999999999,Repeat Customer
13317,2009-12-13 11:11:00,2011-10-04 13:35:00,19,13,6486.091,3149,660,341.3732105263158,Repeat Customer
13318,2011-11-02 13:26:00,2011-12-08 18:51:00,3,2,640.76,304,36,213.58666666666667,Repeat Customer
13319,2009-12-06 14:46:00,2011-12-04 13:34:00,58,24,21323.22,8974,727,367.6417241379311,Repeat Customer
13320,2010-08-18 10:29:00,2011-09-22 18:07:00,6,5,2211.6,1509,400,368.59999999999997,Repeat Customer
13321,2011-09-14 15:18:00,2011-09-28 15:24:00,2,1,567.36,372,14,283.68,Repeat Customer
13322,2011-11-22 14:21:00,2011-11-22 14:21:00,1,1,199.48000000000002,117,0,199.48000000000002,One-Time Customer
13323,2011-09-16 13:23:00,2011-12-06 17:12:00,5,3,787.85,175,81,157.57,Repeat Customer
13324,2010-05-25 10:23:00,2011-11-03 16:28:00,18,11,10513.47,8448,527,584.0816666666666,Repeat Customer
13325,2011-09-19 10:36:00,2011-09-19 10:36:00,1,1,675.3,240,0,675.3,One-Time Customer
13326,2010-10-03 16:00:00,2010-10-03 16:00:00,1,1,281.76,140,0,281.76,One-Time Customer
13327,2009-12-18 15:35:00,2011-11-01 10:21:00,19,18,9052.87,4202,682,476.4668421052632,Repeat Customer
13328,2011-01-27 15:22:00,2011-01-27 15:22:00,1,1,1308.48,680,0,1308.48,One-Time Customer
13329,2009-12-04 15:41:00,2011-11-08 10:29:00,8,6,4808.7699999999995,3311,703,601.0962499999999,Repeat Customer
13330,2010-02-23 10:12:00,2011-09-08 12:27:00,6,6,2796.1,1951,562,466.01666666666665,Repeat Customer
13331,2010-11-03 08:04:00,2010-11-03 08:04:00,1,1,262.4,54,0,262.4,One-Time Customer
13332,2011-11-25 13:30:00,2011-11-25 13:30:00,1,1,350.90000000000003,179,0,350.90000000000003,One-Time Customer
13333,2010-02-19 09:26:00,2010-10-24 13:24:00,3,3,1015.74,685,247,338.58,Repeat Customer
13334,2010-02-25 12:21:00,2011-09-18 15:21:00,5,5,6201.8,3198,570,1240.3600000000001,Repeat Customer
13336,2011-09-23 14:05:00,2011-09-23 14:05:00,1,1,795.12,559,0,795.12,One-Time Customer
13337,2010-06-11 13:27:00,2010-06-11 13:27:00,1,1,1575.26,980,0,1575.26,One-Time Customer
13338,2010-01-05 12:25:00,2011-07-05 09:06:00,4,4,2345.62,1149,545,586.405,Repeat Customer
13339,2011-05-23 08:31:00,2011-05-23 08:31:00,1,1,860.12,326,0,860.12,One-Time Customer
13340,2010-02-22 14:54:00,2011-10-25 13:15:00,12,8,22100.56,9636,609,1841.7133333333334,Repeat Customer
13341,2011-03-24 09:50:00,2011-03-24 09:50:00,1,1,775.85,301,0,775.85,One-Time Customer
13343,2011-06-15 12:24:00,2011-06-15 12:24:00,1,1,303.43,134,0,303.43,One-Time Customer
13344,2011-03-07 10:28:00,2011-10-03 09:45:00,3,2,2511.69,952,209,837.23,Repeat Customer
13345,2011-02-25 09:01:00,2011-02-25 09:01:00,1,1,339.5,140,0,339.5,One-Time Customer
13346,2010-04-22 12:34:00,2010-09-03 11:41:00,6,5,299.4,180,133,49.9,Repeat Customer
13347,2011-09-30 13:28:00,2011-09-30 13:28:00,1,1,291.36,204,0,291.36,One-Time Customer
13348,2011-10-06 17:28:00,2011-10-06 17:28:00,1,1,233.76000000000002,136,0,233.76000000000002,One-Time Customer
13349,2011-11-29 08:07:00,2011-11-29 08:07:00,1,1,197.32,224,0,197.32,One-Time Customer
13350,2011-09-21 13:33:00,2011-11-23 16:33:00,2,2,879.12,285,63,439.56,Repeat Customer
13351,2011-10-04 12:55:00,2011-10-04 12:55:00,1,1,323.94,116,0,323.94,One-Time Customer
13352,2011-10-10 13:55:00,2011-10-10 13:55:00,1,1,347.98,320,0,347.98,One-Time Customer
13354,2011-09-29 13:17:00,2011-09-29 13:17:00,1,1,743.53,604,0,743.53,One-Time Customer
13355,2011-08-09 14:48:00,2011-08-09 14:48:00,1,1,674.7,314,0,674.7,One-Time Customer
13356,2011-09-20 14:33:00,2011-09-20 14:33:00,1,1,768.24,325,0,768.24,One-Time Customer
13357,2010-03-22 14:30:00,2011-03-27 13:56:00,5,4,3795.01,2087,369,759.0020000000001,Repeat Customer
13358,2011-03-16 11:52:00,2011-03-16 11:52:00,1,1,389.03000000000003,284,0,389.03000000000003,One-Time Customer
13359,2010-11-01 15:05:00,2011-10-07 09:30:00,2,2,943.3100000000001,379,339,471.65500000000003,Repeat Customer
13360,2010-01-08 11:16:00,2010-10-04 12:37:00,4,3,1503.65,941,269,375.9125,Repeat Customer
13361,2010-04-01 07:49:00,2010-08-24 14:56:00,2,2,1450.5,324,145,725.25,Repeat Customer
13362,2010-10-10 15:27:00,2011-11-30 14:41:00,7,6,5394.07,2481,415,770.5814285714285,Repeat Customer
13363,2010-10-26 11:07:00,2011-11-22 12:40:00,3,3,1623.8600000000001,1144,392,541.2866666666667,Repeat Customer
13364,2011-09-29 18:13:00,2011-09-29 18:13:00,1,1,134.96,71,0,134.96,One-Time Customer
13365,2011-05-06 12:00:00,2011-11-06 12:36:00,2,2,2225.37,1247,184,1112.685,Repeat Customer
13366,2011-10-20 13:37:00,2011-10-20 13:37:00,1,1,56.16,144,0,56.16,One-Time Customer
13367,2010-10-04 10:00:00,2010-10-04 10:00:00,1,1,460.2,252,0,460.2,One-Time Customer
13368,2010-10-12 10:43:00,2011-03-28 09:59:00,4,3,1021.5,604,166,255.375,Repeat Customer
13369,2010-12-09 11:30:00,2010-12-09 11:30:00,1,1,258.28000000000003,148,0,258.28000000000003,One-Time Customer
13370,2010-12-03 10:26:00,2010-12-03 10:26:00,1,1,754.87,343,0,754.87,One-Time Customer
13371,2010-03-17 15:29:00,2010-07-22 17:33:00,2,2,2297.66,1019,127,1148.83,Repeat Customer
13372,2011-09-11 12:46:00,2011-09-11 12:46:00,1,1,328.64,158,0,328.64,One-Time Customer
13373,2009-12-06 12:34:00,2011-10-10 10:51:00,6,6,7587.1900000000005,4263,672,1264.5316666666668,Repeat Customer
13374,2010-09-16 10:29:00,2010-10-21 10:04:00,2,2,372.8,134,34,186.4,Repeat Customer
13375,2010-09-21 08:12:00,2011-09-12 10:19:00,2,2,1792.23,1124,356,896.115,Repeat Customer
13376,2011-04-19 13:03:00,2011-09-01 16:16:00,3,3,869.76,490,135,289.92,Repeat Customer
13377,2010-03-04 10:06:00,2010-11-08 12:20:00,2,2,1452.88,746,249,726.44,Repeat Customer
13379,2011-07-26 12:26:00,2011-11-13 13:45:00,3,3,572.56,601,110,190.85333333333332,Repeat Customer
13380,2010-10-03 10:18:00,2010-10-03 10:18:00,1,1,62.4,48,0,62.4,One-Time Customer
13381,2009-12-01 15:19:00,2011-11-08 11:58:00,12,12,8224.37,5125,706,685.3641666666667,Repeat Customer
13382,2009-12-08 09:56:00,2011-03-04 10:03:00,5,4,1387.58,863,451,277.51599999999996,Repeat Customer
13383,2010-06-14 11:45:00,2010-06-14 11:45:00,1,1,305.28000000000003,288,0,305.28000000000003,One-Time Customer
13384,2010-07-27 12:22:00,2011-11-09 11:04:00,11,8,6680.83,4142,469,607.3481818181818,Repeat Customer
13385,2011-01-14 09:52:00,2011-01-14 09:52:00,1,1,534.57,281,0,534.57,One-Time Customer
13386,2010-09-28 13:09:00,2010-10-21 12:52:00,2,2,835.46,514,22,417.73,Repeat Customer
13387,2010-10-18 14:07:00,2010-10-18 14:07:00,1,1,181.84,117,0,181.84,One-Time Customer
13388,2010-04-15 10:18:00,2011-07-31 12:52:00,3,2,1185.65,701,472,395.2166666666667,Repeat Customer
13389,2011-04-21 12:12:00,2011-11-28 14:01:00,3,3,797.96,429,221,265.9866666666667,Repeat Customer
13390,2011-09-26 08:38:00,2011-09-26 08:38:00,1,1,544.08,224,0,544.08,One-Time Customer
13391,2011-05-20 10:50:00,2011-05-20 10:50:00,1,1,59.8,4,0,59.8,One-Time Customer
13392,2010-01-31 13:34:00,2010-01-31 13:34:00,1,1,91.14,82,0,91.14,One-Time Customer
13393,2009-12-07 18:12:00,2010-05-05 09:34:00,4,3,1131.45,662,148,282.8625,Repeat Customer
13394,2009-12-01 11:58:00,2011-12-08 11:36:00,19,18,6621.7,5354,736,348.5105263157895,Repeat Customer
13395,2010-10-14 13:00:00,2011-06-07 15:04:00,3,3,1180.23,1660,236,393.41,Repeat Customer
13396,2011-01-24 13:37:00,2011-11-10 16:59:00,2,2,1360.99,600,290,680.495,Repeat Customer
13397,2010-01-20 09:50:00,2011-09-28 10:56:00,10,10,3191.87,1336,616,319.187,Repeat Customer
13398,2010-09-17 09:34:00,2011-05-31 13:17:00,2,2,670.34,341,256,335.17,Repeat Customer
13399,2010-07-08 17:47:00,2010-09-01 13:59:00,3,2,275.4,120,54,91.8,Repeat Customer
13400,2010-05-06 09:00:00,2010-05-06 09:00:00,1,1,310.83,284,0,310.83,One-Time Customer
13402,2010-05-24 10:56:00,2011-08-04 15:51:00,4,4,1226.8500000000001,917,437,306.71250000000003,Repeat Customer
13403,2009-12-16 13:23:00,2011-11-22 08:28:00,3,3,229.5,114,705,76.5,Repeat Customer
13404,2011-05-11 11:57:00,2011-12-08 15:37:00,2,2,252.49,111,211,126.245,Repeat Customer
13405,2009-12-15 14:13:00,2011-05-19 16:31:00,5,5,1198.81,853,520,239.762,Repeat Customer
13406,2010-03-18 07:29:00,2010-10-08 14:44:00,2,2,568.92,292,204,284.46,Repeat Customer
13407,2010-02-16 11:13:00,2010-05-10 12:41:00,3,3,2244.7,1690,83,748.2333333333332,Repeat Customer
13408,2009-12-04 09:31:00,2011-12-08 09:05:00,106,25,50174.782,28675,733,473.347,Repeat Customer
13410,2009-12-08 13:43:00,2011-11-15 15:33:00,9,9,2201.96,1244,707,244.66222222222223,Repeat Customer
13411,2011-08-24 13:57:00,2011-08-24 13:57:00,1,1,213.55,72,0,213.55,One-Time Customer
13412,2010-03-29 16:28:00,2010-03-29 16:28:00,1,1,487.35,176,0,487.35,One-Time Customer
13413,2010-01-21 17:43:00,2010-03-10 12:17:00,6,3,429.44,455,47,71.57333333333334,Repeat Customer
13414,2010-04-15 17:00:00,2011-07-29 11:45:00,6,5,2494.14,2702,469,415.69,Repeat Customer
13415,2009-12-11 14:20:00,2010-08-24 11:38:00,4,3,784.17,496,255,196.0425,Repeat Customer
13416,2009-12-03 13:02:00,2011-10-27 08:56:00,3,3,940.8000000000001,208,692,313.6,Repeat Customer
13417,2010-02-08 12:39:00,2011-12-05 08:49:00,6,5,1669.49,532,664,278.24833333333333,Repeat Customer
13418,2009-12-11 12:51:00,2011-11-28 10:23:00,31,17,11559.66,7354,716,372.8922580645161,Repeat Customer
13419,2011-10-07 12:49:00,2011-10-07 12:49:00,1,1,221.06,275,0,221.06,One-Time Customer
13420,2011-06-22 11:35:00,2011-07-13 08:48:00,2,2,159.85,101,20,79.925,Repeat Customer
13421,2010-02-14 14:45:00,2011-10-30 14:21:00,8,6,4048.25,2326,622,506.03125,Repeat Customer
13422,2011-10-06 13:42:00,2011-10-06 13:42:00,1,1,2626.3,1326,0,2626.3,One-Time Customer
13423,2010-10-07 09:02:00,2010-10-07 09:02:00,1,1,217.03,141,0,217.03,One-Time Customer
13424,2010-09-16 10:49:00,2010-09-16 10:49:00,1,1,572.77,529,0,572.77,One-Time Customer
13425,2010-05-09 14:35:00,2011-08-23 17:13:00,5,5,3390.4300000000003,2358,471,678.086,Repeat Customer
13426,2009-12-09 15:16:00,2011-12-09 08:59:00,22,18,8167.38,4868,729,371.24454545454546,Repeat Customer
13427,2009-12-17 13:44:00,2011-11-20 13:02:00,6,6,1006.53,880,702,167.755,Repeat Customer
13428,2010-07-13 13:20:00,2011-11-29 14:20:00,3,2,478.54,356,504,159.51333333333335,Repeat Customer
13429,2011-09-25 15:59:00,2011-11-29 09:10:00,4,3,1006.8,1390,64,251.7,Repeat Customer
13430,2011-09-14 14:26:00,2011-11-21 08:19:00,2,2,679.45,751,67,339.725,Repeat Customer
13431,2010-02-18 11:53:00,2011-10-03 13:49:00,8,7,3316.2400000000002,1570,592,414.53000000000003,Repeat Customer
13432,2010-04-06 14:42:00,2010-05-17 13:18:00,2,2,436.55,214,40,218.275,Repeat Customer
13433,2010-01-12 08:59:00,2010-07-26 16:55:00,4,3,658.32,190,195,164.58,Repeat Customer
13434,2010-02-22 09:54:00,2011-09-26 14:30:00,5,4,1666.8600000000001,864,581,333.372,Repeat Customer
13435,2010-07-27 16:56:00,2011-12-04 14:45:00,9,8,4447.33,2754,494,494.1477777777778,Repeat Customer
13436,2011-12-08 10:33:00,2011-12-08 10:33:00,1,1,196.89,76,0,196.89,One-Time Customer
13437,2011-06-02 14:30:00,2011-11-25 14:00:00,7,4,3408.06,1283,175,486.86571428571426,Repeat Customer
13438,2010-06-10 18:46:00,2010-06-10 18:46:00,1,1,46.5,10,0,46.5,One-Time Customer
13439,2010-07-01 14:36:00,2011-03-29 14:20:00,3,3,986.61,952,270,328.87,Repeat Customer
13440,2010-09-14 10:34:00,2010-10-12 13:11:00,7,2,1295.25,573,28,185.03571428571428,Repeat Customer
13441,2010-10-04 10:38:00,2011-09-09 09:38:00,2,2,720.9,520,339,360.45,Repeat Customer
13442,2009-12-01 14:59:00,2010-02-10 14:03:00,3,3,419.87,115,70,139.95666666666668,Repeat Customer
13443,2010-01-31 13:30:00,2010-09-17 12:31:00,6,4,1269.3700000000001,802,228,211.5616666666667,Repeat Customer
13444,2010-07-21 14:34:00,2010-11-30 13:02:00,2,2,619.08,331,131,309.54,Repeat Customer
13445,2010-03-23 15:34:00,2010-03-23 15:34:00,1,1,241.89999999999998,198,0,241.89999999999998,One-Time Customer
13446,2010-02-14 11:52:00,2010-10-05 18:51:00,11,7,3881.89,2403,233,352.8990909090909,Repeat Customer
13447,2011-11-04 10:10:00,2011-11-16 13:38:00,3,1,1129.14,584,12,376.38000000000005,Repeat Customer
13448,2009-12-06 12:14:00,2011-11-23 12:33:00,12,9,8386.22,4194,717,698.8516666666666,Repeat Customer
13449,2011-11-16 08:28:00,2011-11-16 08:28:00,1,1,291.88,222,0,291.88,One-Time Customer
13450,2010-04-15 19:15:00,2011-11-13 11:54:00,13,11,4120.04,4318,576,316.92615384615385,Repeat Customer
13451,2010-03-21 16:13:00,2011-11-13 15:58:00,11,11,7088.92,5226,601,644.4472727272728,Repeat Customer
13452,2010-08-24 09:53:00,2011-03-25 14:19:00,3,2,729.8,6,213,243.26666666666665,Repeat Customer
13453,2010-11-02 13:23:00,2011-06-27 09:34:00,3,3,781.69,341,236,260.56333333333333,Repeat Customer
13454,2010-03-08 14:40:00,2010-03-08 14:40:00,1,1,219.87,198,0,219.87,One-Time Customer
13455,2009-12-09 08:58:00,2011-11-15 11:21:00,6,5,2212.9900000000002,795,706,368.8316666666667,Repeat Customer
13456,2011-05-16 15:34:00,2011-11-22 09:18:00,6,5,1766.72,765,189,294.4533333333333,Repeat Customer
13457,2009-12-02 12:46:00,2010-01-20 08:48:00,2,2,148.22,96,48,74.11,Repeat Customer
13458,2010-11-16 14:01:00,2011-12-02 15:29:00,16,12,11959.27,6760,381,747.454375,Repeat Customer
13459,2010-01-26 13:35:00,2010-03-25 10:24:00,2,2,1160.41,986,57,580.205,Repeat Customer
13460,2011-10-21 09:50:00,2011-11-10 17:17:00,2,2,183.44,286,20,91.72,Repeat Customer
13461,2010-04-21 16:01:00,2011-11-01 09:01:00,6,6,4160.0,3132,558,693.3333333333334,Repeat Customer
13462,2009-12-14 09:48:00,2011-04-01 11:20:00,5,5,1153.8500000000001,697,473,230.77000000000004,Repeat Customer
13464,2010-03-31 15:22:00,2011-10-12 15:01:00,6,5,3097.64,1440,559,516.2733333333333,Repeat Customer
13465,2010-05-02 15:30:00,2010-09-19 15:13:00,2,2,931.12,584,139,465.56,Repeat Customer
13466,2010-03-21 13:50:00,2011-06-08 16:39:00,5,4,1013.35,660,444,202.67000000000002,Repeat Customer
13467,2011-11-03 16:56:00,2011-11-29 10:01:00,2,1,1071.91,580,25,535.955,Repeat Customer
13468,2009-12-03 13:32:00,2011-12-08 10:39:00,72,25,12793.28,5617,734,177.68444444444447,Repeat Customer
13469,2010-02-24 15:03:00,2010-02-24 15:03:00,1,1,82.4,52,0,82.4,One-Time Customer
13470,2011-08-16 17:06:00,2011-09-01 14:57:00,2,2,165.0,100,15,82.5,Repeat Customer
13471,2011-10-23 13:10:00,2011-12-08 15:44:00,4,3,2501.84,1583,46,625.46,Repeat Customer
13472,2010-06-02 09:48:00,2010-09-02 09:41:00,2,2,592.24,310,91,296.12,Repeat Customer
13473,2009-12-15 19:02:00,2011-10-10 11:20:00,8,6,2657.76,1000,663,332.22,Repeat Customer
13474,2010-08-01 14:40:00,2011-04-17 13:53:00,3,3,646.59,318,258,215.53,Repeat Customer
13475,2011-02-14 12:36:00,2011-06-01 13:52:00,4,4,1431.78,1012,107,357.945,Repeat Customer
13476,2010-03-05 09:39:00,2011-06-14 12:00:00,5,5,2061.4700000000003,713,466,412.29400000000004,Repeat Customer
13477,2010-01-25 11:52:00,2011-11-02 12:04:00,11,10,2819.17,2091,646,256.28818181818184,Repeat Customer
13478,2010-01-31 15:51:00,2010-08-27 13:23:00,5,4,2215.78,1189,207,443.15600000000006,Repeat Customer
13479,2010-08-19 16:18:00,2011-05-23 10:45:00,4,4,851.37,716,276,212.8425,Repeat Customer
13480,2010-01-29 12:35:00,2010-10-19 11:53:00,2,2,627.82,362,262,313.91,Repeat Customer
13481,2009-12-04 12:37:00,2011-10-25 09:07:00,11,9,3830.84,2055,689,348.2581818181818,Repeat Customer
13482,2010-03-22 10:31:00,2011-04-21 17:03:00,2,2,336.09,187,395,168.045,Repeat Customer
13483,2011-10-05 11:53:00,2011-10-05 11:53:00,1,1,140.34,160,0,140.34,One-Time Customer
13484,2010-03-10 11:46:00,2011-04-12 16:30:00,3,3,790.72,224,398,263.5733333333333,Repeat Customer
13485,2009-12-03 13:46:00,2011-04-20 13:58:00,11,7,3015.2200000000003,1797,503,274.1109090909091,Repeat Customer
13486,2011-07-07 17:19:00,2011-09-22 13:13:00,3,3,1122.41,669,76,374.1366666666667,Repeat Customer
13487,2009-12-05 10:25:00,2011-10-13 12:07:00,5,5,846.87,362,677,169.374,Repeat Customer
13488,2010-01-25 10:13:00,2011-11-22 14:41:00,23,16,14205.960000000001,7375,666,617.6504347826087,Repeat Customer
13489,2011-02-18 10:42:00,2011-08-26 13:16:00,4,3,449.52,560,189,112.38,Repeat Customer
13490,2010-02-23 14:48:00,2010-02-23 14:48:00,1,1,154.25,25,0,154.25,One-Time Customer
13491,2009-12-07 08:24:00,2011-10-19 08:32:00,27,19,4467.66,2349,681,165.46888888888887,Repeat Customer
13492,2011-05-09 10:06:00,2011-07-26 14:25:00,3,2,1269.84,408,78,423.28,Repeat Customer
13493,2011-02-25 16:42:00,2011-03-09 15:35:00,2,2,498.63,377,11,249.315,Repeat Customer
13494,2011-02-01 11:58:00,2011-02-01 11:58:00,1,1,316.26000000000005,162,0,316.26000000000005,One-Time Customer
13495,2009-12-07 12:12:00,2011-12-02 11:21:00,10,8,4863.31,2465,724,486.331,Repeat Customer
13496,2010-12-15 10:17:00,2011-11-29 10:58:00,2,2,653.33,341,349,326.665,Repeat Customer
13497,2010-02-08 10:27:00,2011-03-02 09:04:00,6,5,1166.8300000000002,525,386,194.4716666666667,Repeat Customer
13498,2009-12-09 15:26:00,2009-12-09 15:26:00,1,1,327.38,362,0,327.38,One-Time Customer
13499,2011-03-15 08:52:00,2011-11-22 11:21:00,5,4,1159.1100000000001,1365,252,231.82200000000003,Repeat Customer
13500,2010-11-03 13:16:00,2011-11-16 15:35:00,4,3,1466.3,838,378,366.575,Repeat Customer
13501,2010-05-18 13:24:00,2011-02-24 18:59:00,3,3,2885.11,1253,282,961.7033333333334,Repeat Customer
13502,2010-06-09 10:52:00,2011-11-23 10:39:00,5,5,780.5,490,531,156.1,Repeat Customer
13503,2010-02-16 13:49:00,2011-09-29 13:23:00,5,4,1778.04,1101,589,355.608,Repeat Customer
13504,2011-10-06 13:20:00,2011-10-06 13:20:00,1,1,295.93,178,0,295.93,One-Time Customer
13505,2011-04-21 12:07:00,2011-09-28 11:56:00,4,4,3633.63,2467,159,908.4075,Repeat Customer
13506,2010-09-05 12:33:00,2011-01-27 13:53:00,5,5,1338.08,942,144,267.616,Repeat Customer
13507,2011-07-17 11:50:00,2011-12-06 13:13:00,4,4,2479.16,1597,142,619.79,Repeat Customer
13508,2010-03-07 11:58:00,2011-04-10 11:58:00,2,2,287.05,180,399,143.525,Repeat Customer
13509,2010-07-20 12:10:00,2011-12-01 10:10:00,7,6,1099.72,1213,498,157.10285714285715,Repeat Customer
13510,2009-12-21 11:53:00,2011-12-08 13:46:00,11,10,4558.29,3044,717,414.39,Repeat Customer
13511,2010-02-01 12:10:00,2010-02-01 12:10:00,1,1,282.76,60,0,282.76,One-Time Customer
13512,2010-05-05 13:22:00,2011-03-24 10:03:00,4,4,713.39,419,322,178.3475,Repeat Customer
13513,2010-02-22 16:36:00,2011-08-05 11:50:00,3,3,824.59,364,528,274.86333333333334,Repeat Customer
13514,2010-01-26 15:11:00,2011-09-27 09:39:00,4,4,815.9000000000001,288,608,203.97500000000002,Repeat Customer
13515,2010-03-05 11:58:00,2011-09-28 11:26:00,6,6,1265.82,819,571,210.97,Repeat Customer
13516,2010-10-18 08:52:00,2011-11-18 13:15:00,4,4,1685.26,1114,396,421.315,Repeat Customer
13517,2011-06-13 08:44:00,2011-10-11 11:43:00,3,3,2128.42,1369,120,709.4733333333334,Repeat Customer
13518,2011-09-15 10:29:00,2011-09-15 10:29:00,1,1,627.16,382,0,627.16,One-Time Customer
13519,2010-09-23 11:45:00,2011-09-22 18:24:00,2,2,343.21,133,364,171.605,Repeat Customer
13520,2009-12-17 11:11:00,2011-10-12 10:20:00,11,11,5446.0,3150,663,495.09090909090907,Repeat Customer
13521,2011-11-29 15:09:00,2011-12-08 13:50:00,3,2,1070.47,715,8,356.8233333333333,Repeat Customer
13522,2011-11-09 15:11:00,2011-11-09 15:11:00,1,1,125.80000000000001,44,0,125.80000000000001,One-Time Customer
13523,2010-11-02 14:55:00,2011-11-06 15:11:00,6,5,4534.57,1989,369,755.7616666666667,Repeat Customer
13524,2011-05-04 12:26:00,2011-10-30 12:34:00,5,5,680.1800000000001,324,179,136.036,Repeat Customer
13525,2011-04-05 15:36:00,2011-11-25 12:01:00,2,2,628.78,394,233,314.39,Repeat Customer
13526,2009-12-01 12:56:00,2009-12-01 13:13:00,2,1,1182.0,1911,0,591.0,Repeat Customer
13527,2010-01-21 12:37:00,2011-11-06 12:04:00,12,9,4541.29,2736,653,378.44083333333333,Repeat Customer
13529,2011-05-19 11:50:00,2011-09-22 09:15:00,2,2,307.76,74,125,153.88,Repeat Customer
13530,2010-03-15 14:10:00,2010-03-15 14:10:00,1,1,402.98,272,0,402.98,One-Time Customer
13531,2009-12-03 15:20:00,2011-05-18 16:56:00,6,5,1433.07,497,531,238.845,Repeat Customer
13532,2011-11-06 12:25:00,2011-11-06 12:25:00,1,1,210.31,129,0,210.31,One-Time Customer
13533,2011-03-17 12:47:00,2011-06-10 11:54:00,3,2,269.09,202,84,89.69666666666666,Repeat Customer
13534,2010-07-07 15:00:00,2011-12-07 14:52:00,35,17,7720.900000000001,3869,517,220.59714285714287,Repeat Customer
13535,2010-11-02 11:49:00,2010-11-02 11:49:00,1,1,89.5,10,0,89.5,One-Time Customer
13536,2011-09-25 13:30:00,2011-12-08 16:38:00,7,4,3444.39,2126,74,492.05571428571426,Repeat Customer
13537,2010-09-14 10:41:00,2010-10-10 12:45:00,2,2,717.85,337,26,358.925,Repeat Customer
13538,2010-02-02 12:47:00,2011-10-27 16:34:00,12,11,3103.13,959,632,258.5941666666667,Repeat Customer
13539,2010-04-28 12:04:00,2011-09-15 10:18:00,7,7,1569.36,710,504,224.1942857142857,Repeat Customer
13540,2010-02-22 09:22:00,2010-08-29 14:20:00,3,2,632.39,189,188,210.79666666666665,Repeat Customer
13541,2010-05-18 16:15:00,2010-10-08 16:37:00,2,2,785.25,279,143,392.625,Repeat Customer
13542,2009-12-10 19:53:00,2010-11-28 11:24:00,17,12,3959.4900000000002,804,352,232.91117647058826,Repeat Customer
13543,2010-01-21 14:30:00,2010-03-15 13:34:00,2,2,1439.61,329,52,719.805,Repeat Customer
13544,2010-03-05 11:31:00,2011-10-31 11:57:00,6,5,790.2,331,605,131.70000000000002,Repeat Customer
13545,2010-06-13 11:49:00,2010-11-14 11:27:00,2,2,364.93,252,153,182.465,Repeat Customer
13546,2010-10-11 17:23:00,2011-11-27 14:50:00,5,5,1086.24,587,411,217.248,Repeat Customer
13547,2010-10-27 14:14:00,2010-10-27 14:14:00,1,1,164.53,78,0,164.53,One-Time Customer
13548,2010-08-25 13:44:00,2011-09-04 14:50:00,3,3,901.44,558,375,300.48,Repeat Customer
13549,2010-11-17 12:17:00,2011-11-14 09:20:00,8,6,1005.8000000000001,554,361,125.72500000000001,Repeat Customer
13550,2010-11-21 15:24:00,2010-11-21 15:24:00,1,1,342.55,430,0,342.55,One-Time Customer
13551,2010-02-11 15:01:00,2011-01-24 14:46:00,2,2,244.2,36,346,122.1,Repeat Customer
13552,2010-02-19 13:28:00,2011-10-04 15:19:00,22,13,6948.92,2630,592,315.86,Repeat Customer
13553,2010-02-03 12:21:00,2010-02-03 12:21:00,1,1,499.6,201,0,499.6,One-Time Customer
13554,2010-09-19 12:39:00,2010-11-24 15:05:00,7,3,1629.35,578,66,232.7642857142857,Repeat Customer
13555,2010-01-19 13:20:00,2011-09-27 12:36:00,13,9,8891.84,4762,615,683.9876923076923,Repeat Customer
13556,2010-09-30 09:01:00,2010-10-06 16:44:00,2,2,200.82,134,6,100.41,Repeat Customer
13557,2009-12-08 17:41:00,2011-11-11 15:24:00,13,8,3032.26,2398,702,233.25076923076924,Repeat Customer
13558,2011-10-02 13:01:00,2011-12-04 11:24:00,4,3,594.52,338,62,148.63,Repeat Customer
13559,2010-06-14 11:52:00,2010-07-15 09:52:00,2,2,990.0,360,30,495.0,Repeat Customer
13560,2011-12-02 13:11:00,2011-12-02 13:11:00,1,1,171.42000000000002,63,0,171.42000000000002,One-Time Customer
13561,2010-02-28 13:42:00,2011-05-08 12:39:00,11,9,1803.4,1125,433,163.94545454545457,Repeat Customer
13562,2010-01-14 16:33:00,2011-09-19 10:51:00,8,7,4838.18,1603,612,604.7725,Repeat Customer
13563,2011-07-22 17:21:00,2011-09-16 14:45:00,2,2,777.53,209,55,388.765,Repeat Customer
13564,2009-12-02 11:55:00,2010-12-20 16:50:00,36,13,15880.22,8833,383,441.1172222222222,Repeat Customer
13565,2010-10-24 15:51:00,2011-11-20 14:33:00,3,3,414.8,260,391,138.26666666666668,Repeat Customer
13566,2010-03-10 12:22:00,2011-10-30 11:59:00,5,5,1684.75,1250,598,336.95,Repeat Customer
13567,2010-06-16 12:48:00,2010-10-07 12:51:00,4,3,1079.29,643,113,269.8225,Repeat Customer
13568,2011-06-19 14:42:00,2011-06-19 14:42:00,1,1,187.05,66,0,187.05,One-Time Customer
13569,2010-10-07 13:05:00,2011-11-22 13:07:00,4,4,725.04,344,411,181.26,Repeat Customer
13570,2011-04-10 13:36:00,2011-04-10 13:36:00,1,1,239.49,161,0,239.49,One-Time Customer
13571,2009-12-08 13:02:00,2011-11-27 10:47:00,26,19,4537.26,3191,718,174.51000000000002,Repeat Customer
13572,2011-05-18 11:59:00,2011-05-18 11:59:00,1,1,1384.25,534,0,1384.25,One-Time Customer
13573,2010-03-12 16:06:00,2011-10-20 14:33:00,6,5,903.07,646,586,150.51166666666668,Repeat Customer
13574,2010-10-24 13:28:00,2010-10-24 13:28:00,1,1,404.45,304,0,404.45,One-Time Customer
13575,2011-06-16 14:24:00,2011-11-16 13:14:00,5,5,732.07,449,152,146.41400000000002,Repeat Customer
13576,2009-12-08 15:12:00,2011-11-29 15:34:00,28,21,11202.59,4506,721,400.09250000000003,Repeat Customer
13577,2009-12-14 16:10:00,2011-11-14 15:19:00,11,9,3484.28,1660,699,316.75272727272727,Repeat Customer
13578,2010-10-26 13:44:00,2010-10-26 13:44:00,1,1,147.66,127,0,147.66,One-Time Customer
13579,2010-02-18 13:53:00,2011-11-25 08:41:00,5,5,1374.3400000000001,718,644,274.86800000000005,Repeat Customer
13580,2010-10-29 15:01:00,2010-10-29 15:01:00,1,1,107.75,45,0,107.75,One-Time Customer
13581,2010-10-21 16:30:00,2011-02-03 14:41:00,2,2,280.53000000000003,119,104,140.26500000000001,Repeat Customer
13582,2010-04-01 11:38:00,2010-11-15 11:34:00,2,2,241.68,106,227,120.84,Repeat Customer
13583,2010-01-29 13:53:00,2011-07-07 10:40:00,2,2,1445.031,1097,523,722.5155,Repeat Customer
13584,2010-02-02 08:40:00,2011-02-06 12:49:00,3,3,385.7,360,369,128.56666666666666,Repeat Customer
13585,2009-12-01 14:56:00,2010-06-27 12:33:00,3,3,684.54,1386,207,228.17999999999998,Repeat Customer
13586,2010-06-16 13:47:00,2010-06-16 13:47:00,1,1,127.28,38,0,127.28,One-Time Customer
13587,2010-02-14 13:17:00,2011-10-07 12:31:00,4,3,1673.5,664,599,418.375,Repeat Customer
13588,2011-03-29 15:53:00,2011-11-24 10:42:00,9,6,2478.95,2606,239,275.43888888888887,Repeat Customer
13589,2009-12-06 10:26:00,2011-11-25 12:10:00,6,6,1120.74,293,719,186.79,Repeat Customer
13590,2009-12-01 13:37:00,2011-11-28 12:54:00,18,14,6336.04,5271,726,352.0022222222222,Repeat Customer
13591,2009-12-14 15:44:00,2011-10-06 12:26:00,7,7,2093.94,850,660,299.13428571428574,Repeat Customer
13592,2011-03-20 14:01:00,2011-11-04 09:49:00,4,3,247.95999999999998,84,228,61.989999999999995,Repeat Customer
13593,2010-03-02 16:36:00,2011-08-23 13:35:00,14,11,5493.29,2170,538,392.3778571428571,Repeat Customer
13594,2010-08-11 10:23:00,2011-10-18 10:19:00,2,2,533.32,396,432,266.66,Repeat Customer
13595,2010-03-03 14:42:00,2010-07-11 12:36:00,3,3,784.48,341,129,261.49333333333334,Repeat Customer
13596,2011-11-27 11:57:00,2011-12-04 12:01:00,2,2,664.11,384,7,332.055,Repeat Customer
13597,2010-11-02 09:30:00,2010-11-04 14:54:00,2,1,396.71,231,2,198.355,Repeat Customer
13598,2010-02-26 11:22:00,2011-10-23 14:28:00,5,4,761.96,393,604,152.392,Repeat Customer
13599,2009-12-01 12:30:00,2011-12-08 16:10:00,33,16,9811.04,6248,737,297.30424242424243,Repeat Customer
13600,2010-03-15 17:16:00,2011-01-31 15:27:00,2,2,518.42,599,321,259.21,Repeat Customer
13601,2010-06-11 15:03:00,2011-10-25 17:31:00,4,4,1159.99,957,501,289.9975,Repeat Customer
13602,2010-05-28 11:49:00,2011-10-06 11:47:00,4,4,1025.17,538,495,256.2925,Repeat Customer
13603,2011-11-13 15:57:00,2011-11-13 15:57:00,1,1,164.34,164,0,164.34,One-Time Customer
13604,2010-02-19 12:02:00,2010-02-19 12:02:00,1,1,717.62,242,0,717.62,One-Time Customer
13605,2010-05-17 15:46:00,2010-11-17 17:16:00,2,2,522.67,425,184,261.335,Repeat Customer
13606,2011-02-01 11:42:00,2011-11-10 17:46:00,3,3,276.75,276,282,92.25,Repeat Customer
13607,2010-11-02 11:48:00,2011-10-30 16:17:00,2,2,1075.81,466,362,537.905,Repeat Customer
13608,2010-06-17 12:28:00,2010-06-17 12:28:00,1,1,232.05,110,0,232.05,One-Time Customer
13609,2010-04-25 13:26:00,2010-04-25 13:26:00,1,1,167.35,19,0,167.35,One-Time Customer
13610,2010-01-05 14:12:00,2011-11-27 15:38:00,14,13,2102.46,868,691,150.1757142857143,Repeat Customer
13611,2009-12-03 07:57:00,2011-09-11 14:51:00,10,9,3297.9300000000003,1988,647,329.793,Repeat Customer
13612,2010-03-17 12:14:00,2010-03-17 12:14:00,1,1,818.29,444,0,818.29,One-Time Customer
13613,2010-02-17 12:40:00,2010-09-13 12:01:00,5,3,1039.8500000000001,445,207,207.97000000000003,Repeat Customer
13614,2010-06-06 13:42:00,2011-11-15 14:47:00,6,6,2332.74,821,527,388.78999999999996,Repeat Customer
13615,2010-01-28 15:43:00,2011-01-25 08:21:00,8,7,6272.53,2910,361,784.06625,Repeat Customer
13616,2010-01-17 14:56:00,2010-05-20 12:59:00,2,2,283.85,172,122,141.925,Repeat Customer
13617,2010-08-01 15:23:00,2011-10-30 13:50:00,8,6,1278.75,593,454,159.84375,Repeat Customer
13618,2011-06-19 11:09:00,2011-06-19 11:09:00,1,1,177.34,246,0,177.34,One-Time Customer
13619,2010-02-03 14:16:00,2010-06-13 11:39:00,2,2,223.44,78,129,111.72,Repeat Customer
13620,2010-06-29 15:02:00,2010-06-29 15:02:00,1,1,112.34,74,0,112.34,One-Time Customer
13621,2011-08-15 08:26:00,2011-08-15 08:26:00,1,1,213.85,343,0,213.85,One-Time Customer
13622,2010-01-12 13:22:00,2010-01-12 13:22:00,1,1,658.95,379,0,658.95,One-Time Customer
13623,2009-12-02 13:57:00,2011-11-09 12:00:00,10,10,2533.06,1010,706,253.30599999999998,Repeat Customer
13624,2010-11-16 13:43:00,2010-11-16 13:43:00,1,1,462.08,820,0,462.08,One-Time Customer
13625,2010-04-22 10:50:00,2010-04-22 10:50:00,1,1,301.26,144,0,301.26,One-Time Customer
13626,2010-11-25 16:12:00,2011-04-01 10:05:00,2,2,707.04,398,126,353.52,Repeat Customer
13627,2010-03-09 14:03:00,2011-10-11 14:20:00,7,7,2245.9,1632,581,320.84285714285716,Repeat Customer
13628,2010-02-01 14:44:00,2010-02-01 14:44:00,1,1,310.14,106,0,310.14,One-Time Customer
13629,2010-02-11 17:34:00,2011-11-16 13:21:00,19,16,13370.86,7722,642,703.7294736842106,Repeat Customer
13630,2011-02-27 12:49:00,2011-12-04 15:16:00,7,6,2031.78,1391,280,290.2542857142857,Repeat Customer
13631,2011-03-17 17:13:00,2011-09-01 09:57:00,11,5,3070.42,467,167,279.1290909090909,Repeat Customer
13632,2010-04-07 10:59:00,2011-11-15 10:51:00,8,7,3645.81,1633,586,455.72625,Repeat Customer
13634,2010-01-10 14:26:00,2011-11-06 13:40:00,15,11,4988.08,2085,664,332.53866666666664,Repeat Customer
13635,2009-12-01 09:46:00,2011-10-03 10:55:00,4,3,2999.16,1884,671,749.79,Repeat Customer
13636,2011-02-27 14:29:00,2011-11-03 10:30:00,5,5,949.12,592,248,189.824,Repeat Customer
13637,2011-04-27 13:06:00,2011-10-18 13:32:00,3,3,803.05,404,174,267.68333333333334,Repeat Customer
13638,2011-11-24 10:38:00,2011-11-24 10:38:00,1,1,122.64,93,0,122.64,One-Time Customer
13639,2010-09-29 10:05:00,2011-09-26 13:36:00,2,2,1346.27,997,362,673.135,Repeat Customer
13640,2010-04-07 15:33:00,2010-04-07 15:33:00,1,1,405.0,108,0,405.0,One-Time Customer
13641,2009-12-05 13:17:00,2010-03-09 07:37:00,4,2,942.37,1097,93,235.5925,Repeat Customer
13642,2010-10-03 12:23:00,2011-05-08 12:34:00,4,2,472.2,231,217,118.05,Repeat Customer
13643,2009-12-08 12:48:00,2011-11-08 15:37:00,10,9,2156.77,902,700,215.677,Repeat Customer
13644,2011-08-26 11:53:00,2011-11-23 14:07:00,4,4,2624.26,2067,89,656.065,Repeat Customer
13645,2011-08-11 16:11:00,2011-08-11 16:11:00,1,1,252.1,158,0,252.1,One-Time Customer
13646,2010-11-05 12:00:00,2010-11-05 12:13:00,2,1,326.25,79,0,163.125,Repeat Customer
13647,2010-04-15 12:55:00,2011-11-30 12:00:00,8,7,3041.68,1795,593,380.21,Repeat Customer
13648,2009-12-01 18:13:00,2010-11-04 14:46:00,8,6,1759.0700000000002,959,337,219.88375000000002,Repeat Customer
13649,2010-06-30 16:35:00,2011-03-28 11:51:00,6,6,1453.68,782,270,242.28,Repeat Customer
13650,2010-01-26 08:44:00,2011-11-23 12:22:00,10,9,3288.0,1746,666,328.8,Repeat Customer
13651,2010-11-23 09:44:00,2011-10-31 12:11:00,2,2,211.85,61,342,105.925,Repeat Customer
13652,2010-02-25 17:37:00,2011-10-25 08:51:00,5,5,2262.05,1458,606,452.41,Repeat Customer
13653,2010-08-09 08:19:00,2010-08-09 08:19:00,1,1,152.2,72,0,152.2,One-Time Customer
13654,2009-12-02 11:43:00,2011-10-27 16:24:00,11,10,6308.0,4762,694,573.4545454545455,Repeat Customer
13655,2010-04-27 09:59:00,2011-08-17 14:25:00,6,5,2280.51,1225,477,380.08500000000004,Repeat Customer
13656,2010-04-23 12:50:00,2011-06-28 10:31:00,4,4,1078.85,862,430,269.7125,Repeat Customer
13657,2011-05-22 12:35:00,2011-11-29 12:32:00,2,2,382.14,209,190,191.07,Repeat Customer
13658,2010-02-05 13:17:00,2011-11-30 10:13:00,9,7,6025.5,2171,662,669.5,Repeat Customer
13659,2010-02-17 09:05:00,2011-05-18 12:37:00,12,10,4884.68,2527,455,407.0566666666667,Repeat Customer
13660,2010-11-04 16:10:00,2010-11-04 16:10:00,1,1,306.64,136,0,306.64,One-Time Customer
13661,2010-04-15 14:58:00,2010-04-15 14:58:00,1,1,325.24,118,0,325.24,One-Time Customer
13662,2010-02-19 13:21:00,2011-09-15 12:04:00,11,7,2233.61,1169,572,203.05545454545455,Repeat Customer
13663,2010-03-03 10:11:00,2011-06-13 15:44:00,5,4,2047.51,893,467,409.502,Repeat Customer
13665,2010-07-23 13:29:00,2010-11-18 13:06:00,3,3,1711.66,1652,117,570.5533333333334,Repeat Customer
13666,2009-12-04 10:48:00,2011-10-10 15:39:00,5,4,127.05,53,675,25.41,Repeat Customer
13667,2011-07-13 15:42:00,2011-07-13 15:42:00,1,1,299.05,149,0,299.05,One-Time Customer
13668,2009-12-11 14:28:00,2011-12-07 12:11:00,35,21,12948.48,6096,725,369.9565714285714,Repeat Customer
13669,2010-10-28 15:05:00,2011-10-20 09:32:00,3,3,413.55,393,356,137.85,Repeat Customer
13670,2011-09-25 15:25:00,2011-09-25 15:25:00,1,1,349.7,282,0,349.7,One-Time Customer
13671,2010-11-10 10:50:00,2010-11-10 10:50:00,1,1,172.6,95,0,172.6,One-Time Customer
13672,2009-12-09 11:40:00,2011-02-11 13:53:00,3,3,419.92,138,429,139.97333333333333,Repeat Customer
13673,2011-11-07 15:40:00,2011-11-21 12:11:00,2,1,387.44,114,13,193.72,Repeat Customer
13674,2010-10-03 10:41:00,2010-10-03 10:41:00,1,1,240.68,102,0,240.68,One-Time Customer
13675,2011-02-28 12:14:00,2011-07-11 12:57:00,2,2,486.82000000000005,330,133,243.41000000000003,Repeat Customer
13676,2010-03-30 16:53:00,2010-06-18 17:30:00,2,2,243.9,104,80,121.95,Repeat Customer
13677,2010-07-07 17:25:00,2010-10-31 11:32:00,2,2,551.24,217,115,275.62,Repeat Customer
13678,2011-07-11 10:14:00,2011-07-11 10:14:00,1,1,232.6,924,0,232.6,One-Time Customer
13679,2009-12-04 16:52:00,2010-08-03 12:13:00,3,3,281.26,102,241,93.75333333333333,Repeat Customer
13680,2009-12-04 14:14:00,2011-12-08 13:47:00,12,9,11419.67,5244,733,951.6391666666667,Repeat Customer
13681,2011-07-07 15:21:00,2011-11-22 11:13:00,4,3,827.83,360,137,206.9575,Repeat Customer
13682,2011-06-05 14:06:00,2011-06-05 14:06:00,1,1,59.5,10,0,59.5,One-Time Customer
13683,2010-09-08 10:00:00,2010-09-08 10:00:00,1,1,258.6,180,0,258.6,One-Time Customer
13684,2010-03-28 14:48:00,2011-02-27 10:13:00,4,4,594.88,234,335,148.72,Repeat Customer
13685,2011-10-10 12:59:00,2011-12-07 11:41:00,7,2,3119.44,5056,57,445.63428571428574,Repeat Customer
13686,2010-11-03 13:44:00,2011-06-10 09:10:00,3,2,409.04,378,218,136.34666666666666,Repeat Customer
13687,2010-09-27 16:30:00,2010-09-27 16:30:00,1,1,11880.84,87167,0,11880.84,One-Time Customer
13688,2010-03-14 14:11:00,2010-03-14 14:11:00,1,1,375.5,130,0,375.5,One-Time Customer
13689,2010-09-21 10:27:00,2011-10-07 13:21:00,2,2,1259.5,722,381,629.75,Repeat Customer
13690,2011-10-11 15:03:00,2011-10-11 15:03:00,1,1,172.25,67,0,172.25,One-Time Customer
13691,2010-11-08 17:34:00,2010-11-08 17:34:00,1,1,210.78,144,0,210.78,One-Time Customer
13692,2010-10-15 13:28:00,2011-11-15 11:17:00,5,4,3114.4,2101,395,622.88,Repeat Customer
13693,2009-12-07 11:29:00,2010-11-30 18:21:00,9,5,2011.8200000000002,880,358,223.53555555555556,Repeat Customer
13694,2009-12-04 15:26:00,2011-12-06 09:32:00,143,25,195640.69,188201,731,1368.1167132867133,Repeat Customer
13695,2010-05-11 11:07:00,2011-11-08 14:26:00,16,10,2770.73,1791,546,173.170625,Repeat Customer
13696,2010-02-11 14:17:00,2010-10-14 09:44:00,3,3,2020.4,552,244,673.4666666666667,Repeat Customer
13697,2011-11-01 09:14:00,2011-11-01 09:14:00,1,1,151.3,177,0,151.3,One-Time Customer
13698,2010-01-27 09:02:00,2010-04-22 11:52:00,2,2,451.73,227,85,225.865,Repeat Customer
13699,2010-06-07 13:03:00,2011-07-07 16:51:00,2,2,764.15,219,395,382.075,Repeat Customer
13700,2010-02-07 10:53:00,2011-11-13 13:00:00,13,9,2596.9700000000003,2786,644,199.7669230769231,Repeat Customer
13701,2010-09-19 12:39:00,2010-09-19 12:39:00,1,1,161.0,80,0,161.0,One-Time Customer
13702,2010-09-20 11:40:00,2010-09-20 11:40:00,1,1,135.18,74,0,135.18,One-Time Customer
13703,2010-10-20 13:11:00,2011-01-25 13:10:00,2,2,425.56,128,96,212.78,Repeat Customer
13704,2011-09-12 14:40:00,2011-12-04 15:13:00,9,4,2308.06,1531,83,256.4511111111111,Repeat Customer
13705,2010-03-25 17:19:00,2011-12-02 12:32:00,7,7,1717.19,906,616,245.31285714285715,Repeat Customer
13706,2010-03-23 09:18:00,2011-02-10 09:21:00,2,2,631.1700000000001,301,324,315.58500000000004,Repeat Customer
13707,2010-06-21 11:57:00,2011-03-17 18:03:00,5,4,3365.86,2210,269,673.172,Repeat Customer
13708,2011-03-13 13:46:00,2011-03-13 13:46:00,1,1,283.33,300,0,283.33,One-Time Customer
13709,2010-01-11 10:40:00,2011-12-06 10:28:00,18,10,7571.35,4122,693,420.6305555555556,Repeat Customer
13710,2010-04-06 12:54:00,2011-11-08 08:16:00,3,3,509.52,336,580,169.84,Repeat Customer
13711,2009-12-15 19:04:00,2011-05-05 10:31:00,9,6,1792.26,819,505,199.14,Repeat Customer
13712,2010-04-08 11:16:00,2011-04-07 12:33:00,2,2,766.42,1128,364,383.21,Repeat Customer
13713,2010-05-05 16:48:00,2010-10-27 16:18:00,3,3,740.76,284,174,246.92,Repeat Customer
13714,2010-08-31 13:57:00,2010-08-31 13:57:00,1,1,161.35,50,0,161.35,One-Time Customer
13715,2010-03-11 15:33:00,2011-03-03 19:21:00,17,11,8153.04,4800,357,479.5905882352941,Repeat Customer
13716,2011-03-15 13:49:00,2011-03-15 13:49:00,1,1,138.28,138,0,138.28,One-Time Customer
13717,2010-08-11 09:40:00,2011-11-07 14:13:00,8,8,1763.3,2144,453,220.4125,Repeat Customer
13718,2011-02-17 11:58:00,2011-04-07 13:24:00,2,2,306.55,173,49,153.275,Repeat Customer
13719,2010-05-17 14:36:00,2011-11-24 15:26:00,11,9,2782.1,1586,556,252.9181818181818,Repeat Customer
13720,2011-03-30 09:17:00,2011-08-15 12:46:00,4,4,799.9,501,138,199.975,Repeat Customer
13721,2010-11-09 17:59:00,2011-11-03 14:05:00,2,2,741.54,512,358,370.77,Repeat Customer
13722,2010-03-03 14:13:00,2011-07-31 12:44:00,10,6,5635.41,3059,514,563.5409999999999,Repeat Customer
13723,2010-04-07 14:32:00,2011-05-06 17:04:00,6,5,1194.08,593,394,199.01333333333332,Repeat Customer
13724,2010-03-12 15:28:00,2010-03-12 15:28:00,1,1,213.01,130,0,213.01,One-Time Customer
13725,2011-02-04 12:18:00,2011-10-21 10:03:00,8,5,1980.56,806,258,247.57,Repeat Customer
13726,2011-08-31 11:06:00,2011-11-01 10:49:00,2,2,1079.66,1054,61,539.83,Repeat Customer
13727,2009-12-09 13:25:00,2011-11-11 09:46:00,8,5,1074.15,368,701,134.26875,Repeat Customer
13728,2009-12-09 17:13:00,2011-11-03 10:49:00,16,16,2855.17,1269,693,178.448125,Repeat Customer
13729,2010-01-24 14:57:00,2010-09-30 10:44:00,3,2,724.73,419,248,241.57666666666668,Repeat Customer
13730,2011-07-01 12:47:00,2011-07-27 08:35:00,2,1,752.6,488,25,376.3,Repeat Customer
13731,2011-04-07 10:10:00,2011-05-04 14:33:00,2,2,610.59,278,27,305.295,Repeat Customer
13732,2011-11-11 15:49:00,2011-11-11 15:49:00,1,1,491.86,498,0,491.86,One-Time Customer
13733,2009-12-04 15:28:00,2010-10-25 12:18:00,2,2,487.03000000000003,335,324,243.51500000000001,Repeat Customer
13734,2010-04-16 08:42:00,2010-07-19 12:04:00,4,2,6695.6900000000005,302,94,1673.9225000000001,Repeat Customer
13735,2009-12-13 13:31:00,2011-11-15 11:14:00,13,11,9762.77,4135,701,750.9823076923077,Repeat Customer
13736,2009-12-06 12:07:00,2011-12-04 15:19:00,7,6,2752.47,1549,728,393.21,Repeat Customer
13737,2011-05-23 16:32:00,2011-05-23 16:32:00,1,1,339.6,125,0,339.6,One-Time Customer
13738,2010-11-08 15:23:00,2010-11-08 15:23:00,1,1,434.78,237,0,434.78,One-Time Customer
13739,2010-06-30 10:25:00,2011-11-21 13:35:00,2,2,292.2,76,509,146.1,Repeat Customer
13740,2009-12-02 12:22:00,2011-04-13 10:32:00,5,5,1582.77,987,496,316.554,Repeat Customer
13741,2011-05-06 13:43:00,2011-09-29 09:19:00,3,3,668.4300000000001,218,145,222.81000000000003,Repeat Customer
13742,2011-01-23 14:59:00,2011-11-23 11:07:00,12,7,3107.87,1115,303,258.9891666666667,Repeat Customer
13743,2011-03-25 14:46:00,2011-12-07 10:09:00,7,6,1341.6,1776,256,191.65714285714284,Repeat Customer
13744,2011-02-20 14:08:00,2011-09-05 15:19:00,2,2,1080.52,1153,197,540.26,Repeat Customer
13745,2010-06-11 17:19:00,2011-06-30 16:43:00,2,2,777.36,1146,383,388.68,Repeat Customer
13746,2010-10-22 11:55:00,2010-10-22 11:55:00,1,1,176.69,83,0,176.69,One-Time Customer
13747,2010-10-11 09:15:00,2010-12-01 10:37:00,2,2,169.8,60,51,84.9,Repeat Customer
13748,2009-12-01 16:44:00,2011-09-05 09:45:00,9,6,2064.35,1028,642,229.3722222222222,Repeat Customer
13750,2010-04-01 14:49:00,2011-10-17 12:16:00,11,10,3602.18,1370,563,327.47090909090906,Repeat Customer
13751,2011-02-24 15:56:00,2011-02-24 15:56:00,1,1,296.25,152,0,296.25,One-Time Customer
13752,2010-06-30 10:23:00,2011-08-07 14:16:00,7,6,1579.8300000000002,1005,403,225.69000000000003,Repeat Customer
13753,2009-12-03 10:20:00,2011-02-25 12:48:00,4,4,2094.57,1450,449,523.6425,Repeat Customer
13754,2010-09-28 15:29:00,2011-07-11 11:51:00,3,3,447.05,315,285,149.01666666666668,Repeat Customer
13755,2011-10-07 15:45:00,2011-12-06 12:26:00,9,3,2108.06,1242,59,234.2288888888889,Repeat Customer
13756,2009-12-15 15:18:00,2011-12-07 16:44:00,23,17,8655.95,5138,722,376.3456521739131,Repeat Customer
13757,2010-02-03 12:37:00,2010-02-03 12:37:00,1,1,195.55,54,0,195.55,One-Time Customer
13758,2009-12-01 10:06:00,2011-11-28 11:11:00,14,10,8595.29,4666,727,613.9492857142858,Repeat Customer
13759,2011-09-29 15:40:00,2011-11-06 14:47:00,2,2,659.4100000000001,287,37,329.70500000000004,Repeat Customer
13760,2010-04-25 13:10:00,2011-10-16 16:13:00,5,5,1363.6399999999999,623,539,272.72799999999995,Repeat Customer
13761,2010-02-21 11:08:00,2011-10-20 14:01:00,6,5,1952.17,1079,606,325.3616666666667,Repeat Customer
13762,2010-01-10 12:13:00,2011-05-05 09:15:00,5,4,2472.48,2608,479,494.496,Repeat Customer
13763,2010-09-30 17:39:00,2011-10-07 15:13:00,3,3,5217.44,3224,371,1739.1466666666665,Repeat Customer
13764,2010-03-07 12:56:00,2011-09-30 12:03:00,6,5,2908.67,2080,571,484.77833333333336,Repeat Customer
13765,2010-02-24 13:46:00,2010-02-24 13:46:00,1,1,352.821,297,0,352.821,One-Time Customer
13766,2010-08-01 14:25:00,2010-08-01 14:25:00,1,1,190.35,137,0,190.35,One-Time Customer
13767,2009-12-01 10:52:00,2011-12-07 15:00:00,73,23,33903.57,14595,736,464.43246575342465,Repeat Customer
13768,2009-12-09 10:25:00,2009-12-13 10:41:00,2,1,875.97,373,4,437.985,Repeat Customer
13769,2009-12-16 11:59:00,2011-12-07 15:08:00,20,16,5478.12,2452,721,273.906,Repeat Customer
13770,2009-12-09 14:44:00,2010-10-13 15:10:00,4,4,785.37,468,308,196.3425,Repeat Customer
13771,2010-02-25 12:37:00,2011-10-06 14:18:00,9,6,5728.82,3140,588,636.5355555555556,Repeat Customer
13772,2010-02-23 13:55:00,2011-11-06 11:43:00,8,7,3100.02,1446,620,387.5025,Repeat Customer
13773,2010-02-18 10:27:00,2010-11-08 11:49:00,2,2,301.54,174,263,150.77,Repeat Customer
13774,2011-09-19 12:06:00,2011-09-19 12:06:00,1,1,345.0,192,0,345.0,One-Time Customer
13775,2010-04-28 12:15:00,2010-04-28 12:15:00,1,1,1049.66,455,0,1049.66,One-Time Customer
13777,2009-12-02 09:47:00,2011-12-09 12:25:00,61,24,49638.26,23190,737,813.7419672131148,Repeat Customer
13778,2010-05-23 13:34:00,2011-08-28 15:25:00,4,4,1124.49,511,462,281.1225,Repeat Customer
13779,2010-07-12 11:24:00,2010-07-12 11:24:00,1,1,161.13,53,0,161.13,One-Time Customer
13780,2010-10-28 19:51:00,2011-12-02 13:49:00,3,3,732.07,479,399,244.02333333333334,Repeat Customer
13781,2009-12-18 15:46:00,2011-04-03 12:08:00,3,3,778.83,300,470,259.61,Repeat Customer
13782,2009-12-06 12:52:00,2011-11-27 11:54:00,13,12,1786.08,643,720,137.39076923076922,Repeat Customer
13783,2010-02-04 13:47:00,2010-08-09 09:23:00,4,4,1542.09,3437,185,385.5225,Repeat Customer
13784,2010-09-15 12:27:00,2011-11-30 09:33:00,14,11,2910.23,2827,440,207.87357142857144,Repeat Customer
13785,2010-09-05 16:01:00,2010-10-07 09:25:00,4,2,542.49,151,31,135.6225,Repeat Customer
13786,2009-12-03 15:32:00,2010-12-07 13:53:00,6,5,3127.9900000000002,1515,368,521.3316666666667,Repeat Customer
13787,2010-01-14 10:13:00,2011-09-25 12:06:00,6,6,1222.5,998,619,203.75,Repeat Customer
13788,2010-07-22 15:50:00,2010-07-22 15:50:00,1,1,3.75,1,0,3.75,One-Time Customer
13789,2010-11-16 15:31:00,2010-11-16 15:31:00,1,1,239.46,258,0,239.46,One-Time Customer
13790,2011-12-05 15:48:00,2011-12-05 15:48:00,1,1,348.79999999999995,748,0,348.79999999999995,One-Time Customer
13791,2011-06-24 16:38:00,2011-08-04 11:44:00,2,2,1516.0,1200,40,758.0,Repeat Customer
13792,2010-10-13 11:05:00,2011-10-04 14:31:00,3,3,383.95,156,356,127.98333333333333,Repeat Customer
13793,2010-03-03 08:25:00,2010-03-03 08:25:00,1,1,96.0,52,0,96.0,One-Time Customer
13794,2010-06-11 12:30:00,2010-06-11 12:30:00,1,1,126.03,63,0,126.03,One-Time Customer
13795,2010-03-12 12:44:00,2010-11-16 17:25:00,4,4,836.3,1250,249,209.075,Repeat Customer
13796,2010-07-28 14:45:00,2010-07-28 14:45:00,1,1,289.7,218,0,289.7,One-Time Customer
13797,2010-03-02 12:17:00,2010-09-29 10:34:00,3,3,1179.45,573,210,393.15000000000003,Repeat Customer
13798,2009-12-08 16:21:00,2011-12-08 15:51:00,110,25,75428.87,48187,729,685.717,Repeat Customer
13799,2010-03-05 16:39:00,2011-08-15 12:07:00,9,8,2803.57,1539,527,311.5077777777778,Repeat Customer
13800,2009-12-03 10:03:00,2011-02-03 12:27:00,3,3,1679.56,891,427,559.8533333333334,Repeat Customer
13801,2011-10-04 10:15:00,2011-10-04 10:15:00,1,1,324.8,168,0,324.8,One-Time Customer
13802,2010-02-16 10:11:00,2011-07-24 10:54:00,19,13,26259.11,14129,523,1382.0584210526315,Repeat Customer
13803,2010-03-31 10:00:00,2011-03-29 12:57:00,3,3,1338.91,831,363,446.30333333333334,Repeat Customer
13804,2010-09-29 10:26:00,2011-11-09 12:32:00,9,5,3161.12,1797,406,351.23555555555555,Repeat Customer
13805,2011-08-02 15:29:00,2011-10-18 14:50:00,2,2,924.5999999999999,1900,76,462.29999999999995,Repeat Customer
13806,2011-10-07 11:43:00,2011-10-07 11:43:00,1,1,256.38,56,0,256.38,One-Time Customer
13807,2009-12-04 12:41:00,2010-12-07 15:48:00,3,3,422.2,116,368,140.73333333333332,Repeat Customer
13808,2011-09-04 12:07:00,2011-12-04 12:18:00,5,3,1747.66,782,91,349.53200000000004,Repeat Customer
13809,2010-09-05 11:42:00,2011-02-07 13:15:00,3,3,679.6999999999999,281,155,226.56666666666663,Repeat Customer
13810,2011-10-14 12:57:00,2011-11-11 08:33:00,2,2,827.51,307,27,413.755,Repeat Customer
13811,2011-04-14 18:40:00,2011-06-09 09:54:00,2,2,519.75,63,55,259.875,Repeat Customer
13812,2011-08-26 12:54:00,2011-10-28 14:27:00,3,2,485.0,330,63,161.66666666666666,Repeat Customer
13813,2009-12-06 10:16:00,2011-10-31 10:38:00,8,7,2387.4700000000003,1271,694,298.43375000000003,Repeat Customer
13814,2010-06-30 14:12:00,2011-09-08 13:48:00,3,3,2257.32,1214,434,752.44,Repeat Customer
13815,2010-02-12 10:26:00,2011-11-17 14:19:00,8,7,6737.74,5340,643,842.2175,Repeat Customer
13816,2011-10-06 14:37:00,2011-11-16 08:38:00,2,2,499.67,265,40,249.835,Repeat Customer
13817,2010-12-23 11:46:00,2011-11-10 17:49:00,2,2,328.98,208,322,164.49,Repeat Customer
13818,2010-10-06 12:35:00,2010-10-06 12:35:00,1,1,61.28,60,0,61.28,One-Time Customer
13819,2009-12-01 16:18:00,2011-02-11 10:38:00,6,4,2642.35,2309,436,440.39166666666665,Repeat Customer
13820,2010-01-28 12:26:00,2010-10-17 13:46:00,3,3,652.75,285,262,217.58333333333334,Repeat Customer
13821,2010-01-04 13:36:00,2011-07-18 09:49:00,6,4,1379.08,477,559,229.84666666666666,Repeat Customer
13822,2011-10-30 15:55:00,2011-12-04 12:13:00,2,2,632.0,611,34,316.0,Repeat Customer
13823,2009-12-15 14:34:00,2011-11-21 10:22:00,7,7,3403.4500000000003,1564,705,486.2071428571429,Repeat Customer
13824,2010-03-12 15:17:00,2011-11-07 12:41:00,12,12,3314.76,1442,604,276.23,Repeat Customer
13825,2009-12-09 14:30:00,2010-03-28 11:02:00,2,2,255.59,182,108,127.795,Repeat Customer
13826,2011-06-16 13:48:00,2011-06-16 13:48:00,1,1,189.5,82,0,189.5,One-Time Customer
13827,2011-07-19 15:38:00,2011-10-13 12:38:00,3,2,409.8,138,85,136.6,Repeat Customer
13828,2011-11-17 16:02:00,2011-11-17 16:02:00,1,1,209.49,311,0,209.49,One-Time Customer
13829,2010-10-14 18:19:00,2010-10-14 18:19:00,1,1,102.0,12,0,102.0,One-Time Customer
13830,2010-05-07 12:24:00,2010-05-07 12:24:00,1,1,156.85000000000002,47,0,156.85000000000002,One-Time Customer
13831,2009-12-10 14:50:00,2011-11-23 15:41:00,18,12,6585.54,2393,713,365.86333333333334,Repeat Customer
13832,2010-10-13 14:41:00,2011-11-20 15:36:00,2,2,609.89,420,403,304.945,Repeat Customer
13833,2010-10-31 14:11:00,2011-07-03 13:27:00,2,2,700.41,243,244,350.205,Repeat Customer
13834,2010-02-08 12:52:00,2010-05-12 10:27:00,2,2,324.19,221,92,162.095,Repeat Customer
13835,2010-03-04 08:26:00,2011-11-14 15:37:00,7,6,1095.27,520,620,156.46714285714285,Repeat Customer
13836,2010-10-21 13:27:00,2010-11-05 13:31:00,2,2,620.37,273,15,310.185,Repeat Customer
13837,2011-01-26 12:15:00,2011-05-12 12:10:00,2,2,266.59000000000003,182,105,133.29500000000002,Repeat Customer
13838,2010-05-09 11:40:00,2011-12-04 11:00:00,10,5,1690.07,694,573,169.007,Repeat Customer
13839,2010-08-10 13:52:00,2010-08-10 13:52:00,1,1,139.95000000000002,25,0,139.95000000000002,One-Time Customer
13840,2010-10-19 13:34:00,2010-10-19 13:34:00,1,1,651.4,358,0,651.4,One-Time Customer
13841,2011-04-01 12:10:00,2011-04-01 12:10:00,1,1,85.0,100,0,85.0,One-Time Customer
13842,2010-02-16 15:54:00,2011-10-12 10:51:00,18,15,5319.34,2716,602,295.5188888888889,Repeat Customer
13843,2010-11-23 17:48:00,2010-11-23 17:48:00,1,1,319.75,145,0,319.75,One-Time Customer
13844,2011-11-28 13:21:00,2011-11-28 13:21:00,1,1,361.62,196,0,361.62,One-Time Customer
13845,2011-10-06 08:25:00,2011-10-06 08:25:00,1,1,312.98,182,0,312.98,One-Time Customer
13846,2010-11-05 09:47:00,2011-11-15 12:07:00,4,4,1307.79,705,375,326.9475,Repeat Customer
13847,2009-12-20 10:41:00,2009-12-20 10:41:00,1,1,310.72,96,0,310.72,One-Time Customer
13848,2009-12-09 16:17:00,2011-09-08 12:58:00,8,8,3015.0,9200,637,376.875,Repeat Customer
13849,2010-03-25 12:03:00,2011-10-19 10:59:00,5,5,3469.3,1883,572,693.86,Repeat Customer
13850,2011-08-02 14:04:00,2011-08-02 14:04:00,1,1,1595.48,944,0,1595.48,One-Time Customer
13851,2010-01-29 11:54:00,2011-09-05 12:36:00,8,6,4606.46,2525,584,575.8075,Repeat Customer
13852,2010-04-08 09:06:00,2010-04-08 09:06:00,1,1,187.35000000000002,85,0,187.35000000000002,One-Time Customer
13853,2011-10-13 14:18:00,2011-10-13 14:18:00,1,1,1090.1399999999999,312,0,1090.1399999999999,One-Time Customer
13854,2010-01-08 11:28:00,2011-12-01 09:06:00,39,21,11944.56,3642,691,306.2707692307692,Repeat Customer
13855,2009-12-08 16:56:00,2010-07-27 09:53:00,4,3,1310.3400000000001,575,230,327.58500000000004,Repeat Customer
13856,2010-03-30 15:40:00,2011-06-24 10:03:00,11,8,1142.03,1105,450,103.82090909090908,Repeat Customer
13857,2010-05-17 14:21:00,2010-11-11 12:54:00,6,5,1000.91,781,177,166.81833333333333,Repeat Customer
13858,2011-10-13 16:17:00,2011-10-13 16:17:00,1,1,216.17000000000002,75,0,216.17000000000002,One-Time Customer
13859,2010-06-28 15:36:00,2011-01-17 16:14:00,2,2,515.86,167,203,257.93,Repeat Customer
13860,2011-09-14 09:27:00,2011-12-08 12:57:00,5,4,1245.9,591,85,249.18,Repeat Customer
13861,2010-06-27 11:37:00,2010-10-06 14:20:00,2,2,273.26,225,101,136.63,Repeat Customer
13862,2010-11-15 13:43:00,2011-11-21 16:24:00,9,9,2556.09,1927,371,284.01,Repeat Customer
13863,2010-04-25 13:09:00,2011-04-06 10:20:00,4,4,1239.55,553,345,309.8875,Repeat Customer
13864,2010-11-18 12:50:00,2010-11-18 12:50:00,1,1,662.4000000000001,192,0,662.4000000000001,One-Time Customer
13865,2011-02-23 12:04:00,2011-10-12 13:31:00,4,4,501.56,204,231,125.39,Repeat Customer
13866,2011-09-26 14:54:00,2011-09-26 14:54:00,1,1,145.67,57,0,145.67,One-Time Customer
13867,2011-05-05 17:28:00,2011-11-08 15:48:00,3,3,1005.09,501,186,335.03000000000003,Repeat Customer
13868,2011-11-01 12:45:00,2011-12-02 16:32:00,2,2,3192.54,1964,31,1596.27,Repeat Customer
13869,2010-01-17 14:53:00,2011-08-08 13:53:00,10,10,7996.87,4302,567,799.687,Repeat Customer
13870,2010-02-08 12:08:00,2011-12-07 13:23:00,15,12,5712.08,3449,667,380.80533333333335,Repeat Customer
13871,2009-12-20 13:09:00,2011-11-17 10:49:00,17,14,7885.85,3502,696,463.8735294117647,Repeat Customer
13872,2009-12-14 09:56:00,2010-06-30 15:35:00,3,3,919.57,339,198,306.52333333333337,Repeat Customer
13873,2010-03-03 12:31:00,2011-08-12 10:08:00,8,7,1038.92,472,526,129.865,Repeat Customer
13874,2010-02-04 18:39:00,2010-12-16 18:20:00,7,6,2049.15,864,314,292.7357142857143,Repeat Customer
13875,2009-12-17 10:30:00,2011-10-17 09:36:00,14,13,4814.37,3072,668,343.88357142857143,Repeat Customer
13876,2011-10-07 10:22:00,2011-10-07 10:22:00,1,1,122.7,36,0,122.7,One-Time Customer
13877,2010-01-19 10:53:00,2011-09-14 15:49:00,3,3,449.68,478,603,149.89333333333335,Repeat Customer
13878,2010-04-14 13:50:00,2011-10-16 12:19:00,4,4,2416.9,927,549,604.225,Repeat Customer
13879,2010-03-04 10:49:00,2010-03-04 10:49:00,1,1,395.5,204,0,395.5,One-Time Customer
13880,2010-05-26 14:29:00,2011-11-18 13:44:00,17,14,4293.86,2535,540,252.57999999999998,Repeat Customer
13881,2010-03-04 14:41:00,2011-12-06 12:50:00,43,20,45179.1,29760,641,1050.6767441860466,Repeat Customer
13882,2011-10-06 15:28:00,2011-12-07 11:16:00,5,3,1191.13,953,61,238.22600000000003,Repeat Customer
13883,2010-02-28 12:53:00,2011-11-29 10:45:00,14,10,6535.37,3582,638,466.8121428571429,Repeat Customer
13884,2010-08-26 19:57:00,2011-12-02 16:30:00,10,5,1825.03,752,462,182.503,Repeat Customer
13885,2011-05-23 08:52:00,2011-06-03 15:07:00,2,2,506.8,182,11,253.4,Repeat Customer
13886,2011-09-29 13:17:00,2011-09-29 13:17:00,1,1,243.56,126,0,243.56,One-Time Customer
13887,2011-05-19 17:22:00,2011-05-19 17:22:00,1,1,349.55,147,0,349.55,One-Time Customer
13888,2010-05-13 11:57:00,2011-08-12 10:13:00,7,5,2001.5900000000001,795,455,285.9414285714286,Repeat Customer
13889,2010-01-22 14:32:00,2011-09-08 09:13:00,6,6,1991.23,979,593,331.87166666666667,Repeat Customer
13890,2009-12-06 15:15:00,2011-12-08 15:36:00,14,9,2927.38,1392,732,209.09857142857143,Repeat Customer
13891,2010-05-06 16:02:00,2010-11-26 15:57:00,3,3,859.21,476,203,286.40333333333336,Repeat Customer
13892,2010-05-13 10:32:00,2011-11-13 11:50:00,6,5,1267.65,3125,549,211.275,Repeat Customer
13893,2011-02-15 11:30:00,2011-02-15 11:30:00,1,1,821.1,190,0,821.1,One-Time Customer
13894,2011-02-02 12:54:00,2011-11-16 09:44:00,3,2,564.62,354,286,188.20666666666668,Repeat Customer
13895,2009-12-03 13:09:00,2011-11-11 16:57:00,6,6,4008.52,2060,708,668.0866666666667,Repeat Customer
13896,2010-03-24 08:55:00,2010-03-24 08:55:00,1,1,388.55,149,0,388.55,One-Time Customer
13897,2010-01-31 13:48:00,2011-10-20 14:30:00,3,3,1160.72,820,627,386.9066666666667,Repeat Customer
13898,2010-10-24 15:42:00,2011-01-18 10:28:00,2,2,686.4,544,85,343.2,Repeat Customer
13899,2011-03-10 09:30:00,2011-11-23 13:40:00,2,2,388.52,156,258,194.26,Repeat Customer
13900,2010-03-25 13:46:00,2011-06-09 19:26:00,6,6,1610.5900000000001,938,441,268.4316666666667,Repeat Customer
13901,2010-01-05 09:29:00,2011-09-28 14:48:00,15,12,5676.34,3344,631,378.42266666666666,Repeat Customer
13902,2009-12-15 10:02:00,2010-03-17 13:09:00,5,4,34023.26,220596,92,6804.652,Repeat Customer
13903,2010-11-04 17:44:00,2010-11-04 17:44:00,1,1,165.45000000000002,103,0,165.45000000000002,One-Time Customer
13904,2011-02-18 11:18:00,2011-11-02 13:41:00,2,2,332.64,332,257,166.32,Repeat Customer
13905,2009-12-07 11:41:00,2009-12-07 11:41:00,1,1,312.65,135,0,312.65,One-Time Customer
13906,2010-10-26 15:00:00,2010-10-26 15:00:00,1,1,42.0,100,0,42.0,One-Time Customer
13907,2010-01-17 12:22:00,2010-01-17 12:22:00,1,1,136.8,68,0,136.8,One-Time Customer
13908,2011-03-08 12:04:00,2011-09-21 11:49:00,4,4,2319.55,1477,196,579.8875,Repeat Customer
13909,2010-07-06 16:52:00,2010-10-12 17:22:00,2,2,282.85,301,98,141.425,Repeat Customer
13911,2010-03-01 16:31:00,2011-10-13 15:43:00,20,12,4234.99,4487,590,211.74949999999998,Repeat Customer
13912,2010-10-12 08:43:00,2010-10-12 08:43:00,1,1,124.95,29,0,124.95,One-Time Customer
13913,2010-07-21 10:11:00,2010-07-21 10:11:00,1,1,42.22,10,0,42.22,One-Time Customer
13914,2011-11-03 16:28:00,2011-11-28 10:35:00,2,1,626.45,380,24,313.225,Repeat Customer
13915,2010-11-10 15:17:00,2010-11-10 15:17:00,1,1,70.80000000000001,24,0,70.80000000000001,One-Time Customer
13916,2010-02-02 10:06:00,2010-09-02 10:04:00,4,3,1275.81,673,211,318.9525,Repeat Customer
13917,2011-06-01 12:46:00,2011-10-21 09:56:00,2,2,272.04,228,141,136.02,Repeat Customer
13918,2011-03-31 18:05:00,2011-10-21 12:25:00,2,2,1212.8400000000001,1140,203,606.4200000000001,Repeat Customer
13919,2010-06-17 09:30:00,2011-10-11 14:24:00,4,4,1252.68,1127,481,313.17,Repeat Customer
13920,2010-05-26 15:48:00,2010-10-04 12:37:00,4,4,1774.68,1772,130,443.67,Repeat Customer
13921,2009-12-18 12:19:00,2010-11-02 16:32:00,4,4,730.7,210,319,182.675,Repeat Customer
13922,2010-08-29 14:36:00,2010-12-23 10:38:00,3,3,865.2,467,115,288.40000000000003,Repeat Customer
13923,2011-10-17 12:33:00,2011-10-17 12:33:00,1,1,351.13,185,0,351.13,One-Time Customer
13924,2011-09-28 15:07:00,2011-12-08 09:39:00,6,4,1838.8500000000001,1575,70,306.475,Repeat Customer
13925,2011-07-28 12:09:00,2011-09-08 12:47:00,4,3,678.25,331,42,169.5625,Repeat Customer
13926,2011-11-16 13:16:00,2011-11-16 13:16:00,1,1,223.85000000000002,104,0,223.85000000000002,One-Time Customer
13927,2010-09-28 16:12:00,2011-09-26 12:00:00,2,2,708.26,463,362,354.13,Repeat Customer
13928,2011-07-29 15:59:00,2011-11-29 10:33:00,4,3,464.57,129,122,116.1425,Repeat Customer
13929,2010-01-14 07:25:00,2011-06-23 15:26:00,11,9,3494.1,1566,525,317.6454545454545,Repeat Customer
13930,2011-07-26 11:00:00,2011-10-13 09:45:00,2,2,337.34,274,78,168.67,Repeat Customer
13931,2009-12-03 10:26:00,2011-09-05 10:12:00,11,7,5257.38,3488,640,477.94363636363636,Repeat Customer
13932,2011-02-18 12:02:00,2011-02-18 12:02:00,1,1,307.4,72,0,307.4,One-Time Customer
13933,2011-07-14 13:35:00,2011-08-22 14:03:00,2,2,608.79,205,39,304.395,Repeat Customer
13934,2011-03-21 08:39:00,2011-03-21 08:39:00,1,1,922.1,390,0,922.1,One-Time Customer
13935,2010-02-25 16:01:00,2010-04-22 11:21:00,3,3,6116.92,2252,55,2038.9733333333334,Repeat Customer
13936,2010-10-21 14:21:00,2011-06-13 08:47:00,3,3,939.6600000000001,661,234,313.22,Repeat Customer
13937,2010-11-02 12:37:00,2011-06-23 16:35:00,2,2,880.13,587,233,440.065,Repeat Customer
13938,2011-11-04 14:37:00,2011-11-04 14:37:00,1,1,71.66,70,0,71.66,One-Time Customer
13939,2010-04-06 12:43:00,2011-11-16 13:33:00,7,6,1560.96,1608,589,222.99428571428572,Repeat Customer
13940,2011-07-18 16:05:00,2011-11-22 15:15:00,4,4,839.14,516,126,209.785,Repeat Customer
13941,2009-12-16 16:10:00,2011-11-18 09:43:00,15,12,10027.18,4782,701,668.4786666666666,Repeat Customer
13942,2010-06-23 12:35:00,2010-06-23 12:35:00,1,1,320.0,1000,0,320.0,One-Time Customer
13943,2010-05-11 11:30:00,2010-05-11 11:30:00,1,1,246.54000000000002,94,0,246.54000000000002,One-Time Customer
13944,2010-02-24 15:02:00,2010-02-24 15:02:00,1,1,200.43,153,0,200.43,One-Time Customer
13945,2010-08-17 09:59:00,2010-11-10 10:00:00,2,2,854.1500000000001,413,85,427.07500000000005,Repeat Customer
13946,2009-12-04 11:07:00,2011-09-21 13:33:00,6,6,1876.23,2847,656,312.705,Repeat Customer
13947,2011-10-05 14:42:00,2011-10-05 14:42:00,1,1,90.60000000000001,44,0,90.60000000000001,One-Time Customer
13948,2009-12-04 12:14:00,2010-12-14 10:18:00,4,4,548.76,248,374,137.19,Repeat Customer
13949,2011-09-06 11:55:00,2011-12-07 09:35:00,6,4,2427.32,2474,91,404.55333333333334,Repeat Customer
13950,2011-04-07 11:29:00,2011-11-28 14:44:00,4,3,745.0600000000001,323,235,186.26500000000001,Repeat Customer
13951,2011-02-18 15:21:00,2011-06-16 16:43:00,3,3,674.45,459,118,224.8166666666667,Repeat Customer
13952,2009-12-16 09:41:00,2011-05-06 09:00:00,14,10,12823.521,5947,505,915.9657857142857,Repeat Customer
13953,2009-12-11 12:58:00,2011-12-02 16:04:00,12,12,6640.68,5224,721,553.39,Repeat Customer
13954,2011-09-30 10:52:00,2011-12-08 12:50:00,2,2,439.92,150,69,219.96,Repeat Customer
13955,2010-11-29 17:35:00,2011-07-08 17:19:00,3,3,544.0699999999999,272,220,181.35666666666665,Repeat Customer
13956,2011-03-13 12:51:00,2011-12-04 13:20:00,5,5,1019.27,486,266,203.85399999999998,Repeat Customer
13957,2010-02-19 10:32:00,2010-10-18 10:02:00,3,3,458.25,157,240,152.75,Repeat Customer
13958,2009-12-05 13:12:00,2010-11-25 10:11:00,8,5,4709.2300000000005,2264,354,588.6537500000001,Repeat Customer
13959,2010-07-16 15:11:00,2011-09-21 15:06:00,6,6,1064.77,694,431,177.46166666666667,Repeat Customer
13960,2011-09-29 12:39:00,2011-11-18 15:27:00,2,2,230.22,142,50,115.11,Repeat Customer
13961,2010-11-12 14:40:00,2010-11-12 14:40:00,1,1,538.4,226,0,538.4,One-Time Customer
13962,2010-09-30 10:35:00,2011-11-18 08:47:00,3,3,362.8,160,413,120.93333333333334,Repeat Customer
13963,2010-04-21 16:20:00,2011-02-04 14:43:00,17,11,2860.57,2007,288,168.26882352941178,Repeat Customer
13964,2010-10-05 12:38:00,2010-11-17 13:53:00,2,2,438.9,228,43,219.45,Repeat Customer
13965,2010-01-05 15:21:00,2010-08-20 10:40:00,3,3,996.61,425,226,332.2033333333333,Repeat Customer
13966,2010-09-30 13:08:00,2010-09-30 13:08:00,1,1,384.26,760,0,384.26,One-Time Customer
13967,2010-11-08 13:24:00,2011-07-17 12:02:00,2,2,166.3,66,250,83.15,Repeat Customer
13968,2010-10-12 13:22:00,2010-10-12 13:22:00,1,1,123.66,174,0,123.66,One-Time Customer
13969,2010-03-25 13:15:00,2011-12-02 15:11:00,35,20,12973.460000000001,6640,617,370.67028571428574,Repeat Customer
13970,2010-09-28 11:53:00,2010-11-18 13:21:00,2,2,846.55,469,51,423.275,Repeat Customer
13971,2010-01-26 09:51:00,2011-11-21 12:06:00,14,13,4667.57,3084,664,333.3978571428571,Repeat Customer
13972,2011-05-22 11:34:00,2011-09-30 11:54:00,2,2,190.25,187,131,95.125,Repeat Customer
13973,2011-02-25 15:21:00,2011-02-25 15:21:00,1,1,264.7,109,0,264.7,One-Time Customer
13974,2010-05-06 17:55:00,2011-10-21 14:41:00,2,2,677.72,356,532,338.86,Repeat Customer
13975,2010-02-02 13:13:00,2011-11-08 13:19:00,12,10,5256.4,3884,644,438.0333333333333,Repeat Customer
13976,2010-02-09 13:08:00,2011-05-17 09:13:00,4,4,1192.3600000000001,452,461,298.09000000000003,Repeat Customer
13977,2010-10-24 14:08:00,2010-10-24 14:08:00,1,1,519.8100000000001,303,0,519.8100000000001,One-Time Customer
13978,2011-10-25 15:04:00,2011-11-25 11:36:00,2,2,196.79,315,30,98.395,Repeat Customer
13979,2009-12-03 10:02:00,2011-09-27 13:32:00,7,5,3373.63,2241,663,481.94714285714286,Repeat Customer
13980,2010-02-21 14:18:00,2011-10-10 13:34:00,5,5,768.82,463,595,153.764,Repeat Customer
13981,2010-10-20 10:03:00,2010-10-20 10:03:00,1,1,331.14,234,0,331.14,One-Time Customer
13982,2010-01-20 14:04:00,2011-10-31 16:24:00,9,9,3954.29,2478,649,439.36555555555555,Repeat Customer
13983,2009-12-09 13:53:00,2011-11-10 11:06:00,21,17,6753.89,3925,700,321.61380952380955,Repeat Customer
13984,2009-12-07 11:51:00,2011-11-13 12:38:00,12,10,1893.8,1301,706,157.81666666666666,Repeat Customer
13985,2010-02-09 13:56:00,2011-12-05 17:06:00,22,14,10020.86,4936,664,455.49363636363637,Repeat Customer
13986,2011-11-22 15:00:00,2011-11-22 15:00:00,1,1,320.46,430,0,320.46,One-Time Customer
13987,2010-11-04 09:54:00,2010-11-25 10:20:00,2,1,682.54,492,21,341.27,Repeat Customer
13988,2010-03-24 11:05:00,2011-11-20 10:15:00,8,8,4757.8,3385,605,594.725,Repeat Customer
13989,2010-05-25 12:13:00,2011-10-05 09:47:00,5,5,2026.06,2207,497,405.212,Repeat Customer
13990,2011-05-10 15:19:00,2011-05-10 15:19:00,1,1,311.3,190,0,311.3,One-Time Customer
13991,2011-07-19 12:58:00,2011-11-27 16:18:00,6,4,851.88,994,131,141.98,Repeat Customer
13992,2010-09-02 17:04:00,2011-11-09 15:23:00,3,3,219.5,154,432,73.16666666666667,Repeat Customer
13993,2009-12-03 11:57:00,2011-10-28 09:06:00,19,16,6775.71,2135,693,356.6163157894737,Repeat Customer
13994,2011-07-14 18:28:00,2011-12-06 11:05:00,6,5,2274.14,932,144,379.0233333333333,Repeat Customer
13995,2009-12-18 12:43:00,2011-11-24 14:22:00,14,13,3902.01,2359,706,278.71500000000003,Repeat Customer
13996,2010-11-05 15:07:00,2010-11-18 16:27:00,2,1,845.76,612,13,422.88,Repeat Customer
13997,2010-06-07 17:33:00,2010-07-08 18:06:00,3,2,376.46,143,31,125.48666666666666,Repeat Customer
13998,2010-05-12 13:18:00,2010-09-19 10:20:00,3,3,566.7,204,129,188.9,Repeat Customer
13999,2009-12-05 12:42:00,2011-11-29 13:40:00,29,21,9502.26,5043,724,327.6641379310345,Repeat Customer
14000,2009-12-02 09:50:00,2011-05-12 16:50:00,5,5,2046.34,1838,526,409.268,Repeat Customer
14001,2010-08-03 12:49:00,2011-10-25 10:31:00,9,7,4228.85,1779,447,469.87222222222226,Repeat Customer
14002,2011-07-06 14:59:00,2011-07-28 15:55:00,2,1,529.73,877,22,264.865,Repeat Customer
14003,2009-12-07 08:53:00,2009-12-07 08:53:00,1,1,209.41,149,0,209.41,One-Time Customer
14004,2010-09-30 09:39:00,2011-10-27 14:40:00,11,7,6258.45,3425,392,568.9499999999999,Repeat Customer
14005,2011-05-08 10:33:00,2011-11-30 12:41:00,5,5,2874.72,2478,206,574.944,Repeat Customer
14006,2010-02-25 09:45:00,2011-08-16 09:39:00,7,7,2196.67,2181,536,313.81,Repeat Customer
14007,2010-07-15 09:06:00,2010-07-15 09:06:00,1,1,79.48,16,0,79.48,One-Time Customer
14008,2010-10-03 13:09:00,2010-10-03 13:09:00,1,1,509.04,326,0,509.04,One-Time Customer
14009,2010-09-03 12:08:00,2011-05-25 15:47:00,3,2,1099.91,951,264,366.6366666666667,Repeat Customer
14010,2010-05-23 12:46:00,2010-05-23 13:00:00,2,1,445.15,177,0,222.575,Repeat Customer
14011,2010-04-11 13:40:00,2010-08-16 15:31:00,2,2,457.82,644,127,228.91,Repeat Customer
14012,2011-03-07 12:26:00,2011-03-07 12:26:00,1,1,328.8,160,0,328.8,One-Time Customer
14013,2010-03-26 10:02:00,2011-08-21 15:01:00,5,5,1084.57,775,513,216.914,Repeat Customer
14014,2010-05-12 09:04:00,2011-09-23 13:18:00,3,3,1948.21,2004,499,649.4033333333333,Repeat Customer
14015,2011-10-18 10:02:00,2011-10-18 10:02:00,1,1,917.34,378,0,917.34,One-Time Customer
14016,2010-01-08 14:12:00,2011-07-01 11:29:00,11,11,11303.41,5720,538,1027.5827272727272,Repeat Customer
14017,2010-05-17 14:52:00,2010-05-17 14:52:00,1,1,229.75,73,0,229.75,One-Time Customer
14018,2010-03-04 14:23:00,2010-03-04 14:23:00,1,1,367.15,224,0,367.15,One-Time Customer
14019,2011-07-24 15:39:00,2011-10-24 10:13:00,3,3,1421.6100000000001,1037,91,473.87000000000006,Repeat Customer
14020,2010-06-28 15:29:00,2011-11-23 09:22:00,4,4,1249.01,648,512,312.2525,Repeat Customer
14021,2010-04-26 11:22:00,2011-07-07 15:46:00,7,7,1716.58,878,437,245.22571428571428,Repeat Customer
14022,2010-08-10 09:38:00,2011-04-28 14:39:00,2,2,792.15,681,261,396.075,Repeat Customer
14023,2011-04-03 15:50:00,2011-12-02 13:58:00,2,2,584.07,345,242,292.035,Repeat Customer
14024,2010-11-14 10:51:00,2011-08-10 11:30:00,3,2,645.74,238,269,215.24666666666667,Repeat Customer
14025,2010-05-05 09:56:00,2010-09-01 10:11:00,8,4,4057.9,1914,119,507.2375,Repeat Customer
14026,2010-03-24 14:10:00,2010-08-26 10:31:00,2,2,713.11,427,154,356.555,Repeat Customer
14027,2011-10-10 09:01:00,2011-10-10 09:01:00,1,1,104.82,62,0,104.82,One-Time Customer
14028,2010-06-07 12:02:00,2010-06-07 13:33:00,3,1,10396.5,7170,0,3465.5,Repeat Customer
14029,2011-07-18 16:57:00,2011-10-07 14:46:00,2,2,467.66,198,80,233.83,Repeat Customer
14030,2009-12-10 17:27:00,2011-11-21 16:48:00,20,12,7521.8,4215,710,376.09000000000003,Repeat Customer
14031,2009-12-03 15:35:00,2011-12-02 17:13:00,44,23,39019.51,13783,729,886.8070454545455,Repeat Customer
14032,2009-12-14 12:02:00,2011-12-07 15:23:00,16,12,4546.41,3740,723,284.150625,Repeat Customer
14033,2010-06-02 15:10:00,2010-06-02 15:10:00,1,1,109.44,576,0,109.44,One-Time Customer
14034,2011-07-05 13:06:00,2011-11-17 14:02:00,3,2,648.89,420,135,216.29666666666665,Repeat Customer
14035,2010-04-06 12:39:00,2011-11-11 10:03:00,9,9,2794.75,1405,583,310.52777777777777,Repeat Customer
14036,2011-02-28 09:26:00,2011-02-28 09:26:00,1,1,626.65,268,0,626.65,One-Time Customer
14037,2009-12-07 11:39:00,2011-06-16 13:57:00,6,6,836.95,590,556,139.49166666666667,Repeat Customer
14038,2010-02-04 08:56:00,2011-09-22 13:37:00,5,5,3069.88,1708,595,613.976,Repeat Customer
14039,2010-05-13 10:15:00,2011-11-06 13:48:00,2,2,267.28000000000003,192,542,133.64000000000001,Repeat Customer
14040,2009-12-01 12:14:00,2011-10-30 12:42:00,35,20,12523.81,4972,698,357.82314285714284,Repeat Customer
14041,2011-03-18 13:25:00,2011-03-18 13:25:00,1,1,141.41,94,0,141.41,One-Time Customer
14042,2009-12-14 15:07:00,2009-12-14 15:07:00,1,1,431.98,180,0,431.98,One-Time Customer
14043,2009-12-10 15:56:00,2010-08-05 18:18:00,2,2,302.59999999999997,152,238,151.29999999999998,Repeat Customer
14044,2010-01-24 15:14:00,2011-11-13 12:05:00,10,9,3073.95,2099,657,307.395,Repeat Customer
14045,2010-01-08 10:08:00,2011-08-22 15:27:00,16,10,10986.63,4459,591,686.664375,Repeat Customer
14046,2011-02-28 14:48:00,2011-02-28 14:48:00,1,1,151.59,443,0,151.59,One-Time Customer
14047,2010-02-01 10:05:00,2011-12-01 11:43:00,14,11,3968.11,1541,668,283.43642857142856,Repeat Customer
14048,2010-11-22 14:08:00,2011-02-07 14:53:00,3,2,748.69,467,77,249.56333333333336,Repeat Customer
14049,2010-04-01 14:52:00,2011-11-23 12:20:00,13,10,13023.4,8480,600,1001.8,Repeat Customer
14050,2011-08-25 13:46:00,2011-11-08 10:00:00,2,2,746.36,689,74,373.18,Repeat Customer
14051,2009-12-03 11:53:00,2011-12-09 10:20:00,37,21,21770.98,5709,735,588.4048648648649,Repeat Customer
14052,2010-11-14 11:37:00,2011-11-20 12:30:00,2,2,466.66,174,371,233.33,Repeat Customer
14053,2010-08-10 11:02:00,2011-08-07 14:27:00,4,4,572.3,490,362,143.075,Repeat Customer
14054,2011-10-05 15:49:00,2011-10-05 15:49:00,1,1,92.46000000000001,62,0,92.46000000000001,One-Time Customer
14055,2009-12-16 15:11:00,2011-08-25 15:04:00,3,3,1520.96,720,616,506.9866666666667,Repeat Customer
14056,2011-02-28 15:19:00,2011-12-08 13:36:00,23,11,8152.71,4252,282,354.46565217391304,Repeat Customer
14057,2009-12-03 13:17:00,2011-11-16 10:32:00,22,16,8346.66,6438,712,379.39363636363635,Repeat Customer
14058,2010-06-27 11:29:00,2010-09-03 09:31:00,2,2,469.19,211,67,234.595,Repeat Customer
14059,2011-03-18 10:06:00,2011-03-18 10:06:00,1,1,183.6,128,0,183.6,One-Time Customer
14060,2010-03-11 09:47:00,2011-12-05 12:29:00,30,19,8898.24,7419,634,296.608,Repeat Customer
14061,2009-12-01 18:03:00,2010-07-20 17:22:00,3,2,917.4300000000001,133,230,305.81,Repeat Customer
14062,2009-12-10 14:28:00,2011-11-30 10:04:00,24,16,25585.65,12794,719,1066.0687500000001,Repeat Customer
14063,2009-12-08 13:46:00,2010-01-22 11:28:00,7,2,9471.5,3848,44,1353.0714285714287,Repeat Customer
14064,2010-01-21 13:22:00,2011-11-10 13:14:00,15,12,3260.2400000000002,3911,657,217.34933333333336,Repeat Customer
14065,2010-10-04 12:03:00,2010-11-15 16:13:00,3,2,891.02,582,42,297.00666666666666,Repeat Customer
14066,2011-03-18 12:21:00,2011-03-18 12:21:00,1,1,152.55,45,0,152.55,One-Time Customer
14067,2011-09-04 12:00:00,2011-10-07 10:21:00,2,2,374.7,361,32,187.35,Repeat Customer
14068,2010-01-31 10:10:00,2011-01-23 16:02:00,4,4,1516.72,510,357,379.18,Repeat Customer
14069,2010-05-27 12:30:00,2010-07-13 12:12:00,2,2,225.81,58,46,112.905,Repeat Customer
14070,2010-01-24 12:27:00,2010-01-24 12:27:00,1,1,321.6,85,0,321.6,One-Time Customer
14071,2011-03-20 11:33:00,2011-12-06 12:27:00,8,4,1422.75,956,261,177.84375,Repeat Customer
14072,2010-02-11 12:31:00,2010-02-11 12:31:00,1,1,390.85,65,0,390.85,One-Time Customer
14073,2011-11-07 15:49:00,2011-11-07 15:49:00,1,1,151.04,130,0,151.04,One-Time Customer
14074,2010-03-26 13:55:00,2010-03-26 13:55:00,1,1,219.4,228,0,219.4,One-Time Customer
14075,2010-08-26 13:42:00,2011-12-05 08:38:00,5,5,1724.87,1493,465,344.974,Repeat Customer
14076,2011-08-02 15:19:00,2011-08-02 15:19:00,1,1,118.67,79,0,118.67,One-Time Customer
14077,2010-11-09 16:01:00,2011-10-30 12:35:00,6,6,615.08,376,354,102.51333333333334,Repeat Customer
14078,2010-03-28 15:05:00,2011-08-30 12:16:00,9,9,1551.82,585,519,172.42444444444445,Repeat Customer
14079,2011-08-07 12:10:00,2011-08-07 12:10:00,1,1,375.1,301,0,375.1,One-Time Customer
14080,2009-12-02 15:01:00,2011-11-07 11:09:00,5,4,1115.68,268,704,223.13600000000002,Repeat Customer
14081,2009-12-10 18:27:00,2011-02-10 16:17:00,10,7,4867.57,3381,426,486.75699999999995,Repeat Customer
14082,2010-11-12 11:47:00,2010-12-10 11:02:00,2,2,413.36,246,27,206.68,Repeat Customer
14083,2009-12-18 11:34:00,2011-12-05 13:14:00,11,8,1082.19,760,717,98.3809090909091,Repeat Customer
14084,2010-07-15 14:36:00,2010-07-15 14:36:00,1,1,150.5,306,0,150.5,One-Time Customer
14085,2009-12-08 13:41:00,2011-12-07 13:46:00,32,18,9705.67,6433,729,303.3021875,Repeat Customer
14086,2010-09-03 10:52:00,2010-09-03 10:52:00,1,1,39.95,1,0,39.95,One-Time Customer
14087,2009-12-04 15:27:00,2011-12-07 12:41:00,3,3,829.47,718,732,276.49,Repeat Customer
14088,2010-10-14 19:46:00,2011-11-29 16:16:00,16,7,64036.8,15276,410,4002.3,Repeat Customer
14089,2011-10-14 10:38:00,2011-10-14 10:38:00,1,1,158.75,133,0,158.75,One-Time Customer
14090,2011-01-19 10:51:00,2011-01-19 10:51:00,1,1,76.32000000000001,72,0,76.32000000000001,One-Time Customer
14091,2010-01-10 13:41:00,2010-02-23 15:17:00,2,2,9530.08,3316,44,4765.04,Repeat Customer
14092,2009-12-16 16:24:00,2011-12-02 12:13:00,24,20,7229.45,3606,715,301.2270833333333,Repeat Customer
14093,2011-11-27 16:27:00,2011-11-27 16:27:00,1,1,433.86,391,0,433.86,One-Time Customer
14094,2010-09-26 11:58:00,2010-09-26 11:58:00,1,1,311.77,158,0,311.77,One-Time Customer
14095,2009-12-17 12:49:00,2009-12-17 12:49:00,1,1,2.95,1,0,2.95,One-Time Customer
14096,2011-08-30 10:49:00,2011-12-05 17:17:00,17,5,53258.43,16336,97,3132.8488235294117,Repeat Customer
14097,2010-03-04 10:46:00,2010-08-15 14:20:00,2,2,422.86,352,164,211.43,Repeat Customer
14098,2011-11-03 10:13:00,2011-11-03 10:13:00,1,1,147.35,104,0,147.35,One-Time Customer
14099,2009-12-10 11:55:00,2011-11-23 13:53:00,20,17,5750.91,3666,713,287.5455,Repeat Customer
14100,2011-07-25 11:01:00,2011-07-25 11:01:00,1,1,191.95,63,0,191.95,One-Time Customer
14101,2010-03-28 13:36:00,2011-09-27 12:28:00,13,12,9961.93,10542,547,766.3023076923077,Repeat Customer
14102,2011-10-26 12:46:00,2011-12-04 15:38:00,5,3,1105.8799999999999,769,39,221.176,Repeat Customer
14104,2010-05-28 16:11:00,2011-07-08 12:50:00,5,5,740.53,495,405,148.106,Repeat Customer
14105,2009-12-18 16:57:00,2011-04-14 17:58:00,5,5,5988.83,3534,482,1197.766,Repeat Customer
14106,2009-12-02 14:09:00,2009-12-02 14:09:00,1,1,214.8,24,0,214.8,One-Time Customer
14107,2009-12-09 14:20:00,2011-10-19 12:12:00,11,11,4877.3,3489,678,443.39090909090913,Repeat Customer
14108,2009-12-01 18:07:00,2011-11-09 10:41:00,4,3,1044.96,660,707,261.24,Repeat Customer
14109,2011-09-28 10:18:00,2011-09-28 10:18:00,1,1,144.2,88,0,144.2,One-Time Customer
14110,2009-12-01 09:50:00,2011-12-06 12:26:00,33,18,12987.95,5825,735,393.57424242424247,Repeat Customer
14111,2011-04-12 11:36:00,2011-11-25 13:44:00,4,4,692.85,458,227,173.2125,Repeat Customer
14112,2010-02-23 14:16:00,2011-11-17 12:30:00,13,9,5834.59,3539,631,448.8146153846154,Repeat Customer
14113,2009-12-08 07:42:00,2011-12-06 12:18:00,16,11,7092.610000000001,3439,728,443.28812500000004,Repeat Customer
14114,2010-04-12 11:07:00,2011-03-11 09:42:00,7,7,1364.09,650,332,194.86999999999998,Repeat Customer
14115,2010-02-11 11:44:00,2010-07-26 12:36:00,2,2,622.67,509,165,311.335,Repeat Customer
14116,2011-08-10 12:44:00,2011-11-20 10:29:00,5,4,1382.74,707,101,276.548,Repeat Customer
14117,2011-07-19 09:49:00,2011-07-19 09:49:00,1,1,90.0,72,0,90.0,One-Time Customer
14118,2010-10-07 11:59:00,2010-10-07 11:59:00,1,1,458.45,97,0,458.45,One-Time Customer
14119,2009-12-21 14:52:00,2010-11-29 10:33:00,2,2,183.37,177,342,91.685,Repeat Customer
14121,2011-10-11 10:39:00,2011-12-06 12:19:00,4,3,2780.15,2082,56,695.0375,Repeat Customer
14122,2009-12-02 14:22:00,2010-10-29 15:11:00,3,2,362.42,114,331,120.80666666666667,Repeat Customer
14123,2009-12-06 15:35:00,2009-12-06 15:35:00,1,1,436.18,234,0,436.18,One-Time Customer
14124,2011-09-16 13:32:00,2011-09-16 13:32:00,1,1,419.58,1618,0,419.58,One-Time Customer
14125,2011-09-22 15:40:00,2011-11-29 12:47:00,3,2,2720.63,1628,67,906.8766666666667,Repeat Customer
14126,2010-09-21 14:51:00,2011-12-02 11:45:00,4,3,1172.46,887,436,293.115,Repeat Customer
14127,2010-10-10 11:53:00,2011-08-09 10:49:00,6,5,1900.0800000000002,828,302,316.68,Repeat Customer
14128,2010-06-06 14:05:00,2011-10-10 12:00:00,3,3,924.21,814,490,308.07,Repeat Customer
14129,2010-05-09 14:54:00,2011-12-08 11:02:00,9,8,2591.34,1414,577,287.9266666666667,Repeat Customer
14130,2009-12-11 16:33:00,2011-01-24 16:05:00,4,4,1858.77,1215,408,464.6925,Repeat Customer
14131,2010-03-01 11:59:00,2010-03-01 11:59:00,1,1,168.22,105,0,168.22,One-Time Customer
14132,2011-06-09 12:04:00,2011-12-07 13:35:00,11,7,3586.03,3368,181,326.00272727272727,Repeat Customer
14133,2009-12-06 12:10:00,2011-08-02 11:34:00,4,3,911.14,398,603,227.785,Repeat Customer
14134,2009-12-10 09:25:00,2010-11-22 12:26:00,15,9,11123.35,5814,347,741.5566666666667,Repeat Customer
14135,2009-12-02 08:58:00,2011-12-08 11:38:00,24,15,8839.67,8534,736,368.31958333333336,Repeat Customer
14136,2009-12-08 09:19:00,2010-11-04 11:53:00,5,5,1570.81,1148,331,314.162,Repeat Customer
14137,2010-01-13 12:30:00,2010-01-13 12:30:00,1,1,332.7,462,0,332.7,One-Time Customer
14138,2011-10-07 09:38:00,2011-12-08 12:44:00,2,2,965.88,600,62,482.94,Repeat Customer
14139,2010-06-15 09:17:00,2011-10-24 13:34:00,4,4,1086.8,1049,496,271.7,Repeat Customer
14140,2011-11-08 11:20:00,2011-12-06 09:05:00,2,2,935.05,811,27,467.525,Repeat Customer
14141,2011-08-26 14:40:00,2011-12-07 09:53:00,4,4,915.13,355,102,228.7825,Repeat Customer
14142,2010-03-03 15:13:00,2010-12-01 16:33:00,2,2,671.34,518,273,335.67,Repeat Customer
14143,2011-07-29 09:48:00,2011-07-29 09:48:00,1,1,115.8,30,0,115.8,One-Time Customer
14144,2010-08-10 15:17:00,2010-08-10 15:17:00,1,1,30.6,12,0,30.6,One-Time Customer
14145,2010-04-08 09:47:00,2011-10-24 12:10:00,7,6,7600.05,1655,564,1085.7214285714285,Repeat Customer
14146,2010-01-13 16:04:00,2011-12-01 10:18:00,12,9,9450.3,5780,686,787.525,Repeat Customer
14147,2010-03-09 13:43:00,2011-09-22 18:10:00,9,6,2590.2,995,562,287.79999999999995,Repeat Customer
14148,2010-10-21 14:08:00,2011-04-20 12:02:00,2,2,466.29,223,180,233.145,Repeat Customer
14149,2011-05-03 09:44:00,2011-05-03 09:44:00,1,1,446.62,218,0,446.62,One-Time Customer
14150,2010-12-15 10:04:00,2011-11-04 10:05:00,2,2,658.64,496,324,329.32,Repeat Customer
14151,2009-12-23 10:54:00,2010-02-04 15:35:00,2,2,679.45,405,43,339.725,Repeat Customer
14152,2010-02-18 13:57:00,2011-09-25 12:54:00,7,6,1997.3400000000001,1844,583,285.3342857142857,Repeat Customer
14153,2010-08-13 14:35:00,2010-08-13 14:35:00,1,1,233.39999999999998,312,0,233.39999999999998,One-Time Customer
14154,2010-01-13 12:47:00,2011-04-14 16:26:00,8,5,6460.7,3222,456,807.5875,Repeat Customer
14155,2011-03-18 14:13:00,2011-03-18 14:13:00,1,1,118.75,25,0,118.75,One-Time Customer
14156,2009-12-01 12:30:00,2011-11-30 10:54:00,144,24,303069.88,164281,728,2104.6519444444443,Repeat Customer
14157,2010-03-03 16:49:00,2011-11-20 11:32:00,5,5,978.69,521,626,195.738,Repeat Customer
14158,2011-10-30 15:08:00,2011-10-30 15:08:00,1,1,507.65999999999997,781,0,507.65999999999997,One-Time Customer
14159,2009-12-03 12:31:00,2011-11-20 12:36:00,20,14,7849.58,6514,717,392.479,Repeat Customer
14160,2010-01-10 12:06:00,2010-04-08 14:30:00,7,4,8421.47,4661,88,1203.0671428571427,Repeat Customer
14161,2009-12-13 11:46:00,2011-05-08 11:41:00,7,7,2996.93,1480,510,428.1328571428571,Repeat Customer
14162,2011-02-20 12:32:00,2011-06-19 11:36:00,2,2,289.36,142,118,144.68,Repeat Customer
14163,2010-09-03 17:15:00,2011-09-13 15:18:00,5,5,2594.62,950,374,518.924,Repeat Customer
14164,2011-09-20 12:18:00,2011-09-30 12:24:00,2,1,1631.77,1033,10,815.885,Repeat Customer
14165,2011-03-09 12:39:00,2011-03-09 12:39:00,1,1,120.44,53,0,120.44,One-Time Customer
14166,2010-03-23 15:10:00,2010-07-22 19:42:00,2,2,251.15,82,121,125.575,Repeat Customer
14167,2010-01-27 16:07:00,2011-10-31 14:29:00,8,8,1274.29,340,641,159.28625,Repeat Customer
14168,2010-05-24 12:28:00,2010-10-15 10:49:00,2,2,370.45,147,143,185.225,Repeat Customer
14169,2010-09-21 13:39:00,2010-10-05 08:45:00,2,2,613.11,201,13,306.555,Repeat Customer
14170,2010-11-09 14:06:00,2010-11-29 13:10:00,3,1,570.18,270,19,190.05999999999997,Repeat Customer
14171,2009-12-09 13:50:00,2011-09-02 16:43:00,2,2,498.79,211,632,249.395,Repeat Customer
14172,2010-03-07 10:58:00,2010-04-13 13:26:00,3,2,369.02,78,37,123.00666666666666,Repeat Customer
14173,2009-12-09 12:46:00,2011-11-29 11:54:00,6,5,586.0,194,719,97.66666666666667,Repeat Customer
14174,2011-11-06 13:17:00,2011-11-06 13:17:00,1,1,134.46,94,0,134.46,One-Time Customer
14175,2010-03-22 10:43:00,2011-10-11 11:55:00,8,8,7678.88,3009,568,959.86,Repeat Customer
14176,2010-11-23 13:21:00,2011-02-15 13:12:00,5,4,756.46,265,83,151.292,Repeat Customer
14177,2010-02-26 11:59:00,2011-09-14 15:11:00,13,7,2209.69,1043,565,169.97615384615386,Repeat Customer
14178,2011-06-10 12:51:00,2011-12-01 12:01:00,7,6,1580.26,1492,173,225.75142857142856,Repeat Customer
14179,2011-10-18 14:00:00,2011-10-30 12:07:00,2,1,701.57,319,11,350.785,Repeat Customer
14180,2010-06-09 14:56:00,2011-11-29 10:56:00,33,17,6117.5,847,537,185.37878787878788,Repeat Customer
14181,2010-05-26 12:32:00,2010-10-25 08:27:00,2,2,308.35,120,151,154.175,Repeat Customer
14182,2010-04-22 15:36:00,2010-09-22 11:45:00,4,4,678.77,174,152,169.6925,Repeat Customer
14183,2010-08-15 15:36:00,2010-10-24 14:45:00,2,2,278.34000000000003,60,69,139.17000000000002,Repeat Customer
14184,2011-10-04 12:43:00,2011-10-04 12:43:00,1,1,452.89,127,0,452.89,One-Time Customer
14185,2011-01-12 13:52:00,2011-01-12 13:52:00,1,1,197.65,6,0,197.65,One-Time Customer
14186,2010-03-05 11:17:00,2010-10-08 13:30:00,5,5,1550.63,1550,217,310.12600000000003,Repeat Customer
14187,2010-08-23 12:06:00,2010-08-23 12:06:00,1,1,123.5,50,0,123.5,One-Time Customer
14188,2011-02-02 13:46:00,2011-11-09 12:45:00,6,6,2054.36,1162,279,342.3933333333334,Repeat Customer
14189,2010-11-16 09:28:00,2011-12-07 15:55:00,16,13,5503.150000000001,4392,386,343.94687500000003,Repeat Customer
14190,2010-02-11 14:27:00,2010-02-11 14:27:00,1,1,79.9,2,0,79.9,One-Time Customer
14191,2009-12-11 10:48:00,2011-12-08 09:23:00,15,10,4817.66,3724,726,321.1773333333333,Repeat Customer
14192,2010-11-16 17:44:00,2010-11-16 17:44:00,1,1,293.74,218,0,293.74,One-Time Customer
14193,2010-11-08 12:31:00,2011-10-03 09:34:00,3,3,1210.19,653,328,403.3966666666667,Repeat Customer
14194,2010-01-06 12:16:00,2011-12-05 10:38:00,36,19,18670.59,10037,697,518.6275,Repeat Customer
14195,2010-03-15 17:12:00,2011-05-22 10:29:00,6,5,2615.6,2144,432,435.93333333333334,Repeat Customer
14196,2011-08-25 10:25:00,2011-08-25 10:25:00,1,1,335.52,142,0,335.52,One-Time Customer
14197,2010-10-25 10:01:00,2010-10-25 10:01:00,1,1,390.05,143,0,390.05,One-Time Customer
14198,2010-01-05 10:07:00,2011-11-21 16:35:00,9,9,1569.73,623,685,174.41444444444446,Repeat Customer
14199,2010-06-27 12:13:00,2011-05-05 13:44:00,4,4,1091.7,254,312,272.925,Repeat Customer
14200,2010-04-01 13:01:00,2010-04-01 13:01:00,1,1,379.2,140,0,379.2,One-Time Customer
14201,2010-04-30 13:00:00,2011-10-10 13:27:00,10,10,1193.54,806,528,119.354,Repeat Customer
14202,2010-03-25 10:36:00,2010-11-23 17:13:00,3,3,847.76,166,243,282.58666666666664,Repeat Customer
14203,2010-11-07 13:35:00,2010-11-07 13:35:00,1,1,339.34,80,0,339.34,One-Time Customer
14204,2009-12-02 13:26:00,2011-12-07 13:38:00,4,4,1024.83,469,735,256.2075,Repeat Customer
14205,2010-03-07 12:20:00,2011-11-23 10:55:00,9,8,2414.2,1342,625,268.2444444444444,Repeat Customer
14206,2010-11-02 11:37:00,2011-04-14 16:38:00,3,2,1185.01,930,163,395.00333333333333,Repeat Customer
14207,2010-01-21 09:33:00,2010-01-21 09:33:00,1,1,157.8,36,0,157.8,One-Time Customer
14208,2010-06-06 13:11:00,2011-09-06 12:48:00,2,2,567.05,529,456,283.525,Repeat Customer
14209,2010-01-22 10:28:00,2011-11-29 10:18:00,15,14,4993.27,1739,675,332.8846666666667,Repeat Customer
14210,2010-01-06 10:17:00,2011-08-26 12:36:00,16,14,5556.570000000001,2511,597,347.28562500000004,Repeat Customer
14211,2009-12-09 12:48:00,2011-10-17 13:23:00,18,11,4402.29,2575,677,244.57166666666666,Repeat Customer
14212,2010-09-20 11:48:00,2011-09-11 12:45:00,2,2,2190.14,2046,356,1095.07,Repeat Customer
14213,2010-10-31 10:37:00,2010-10-31 10:37:00,1,1,1192.2,244,0,1192.2,One-Time Customer
14214,2011-03-07 12:26:00,2011-11-09 10:31:00,5,5,1004.38,751,246,200.876,Repeat Customer
14215,2009-12-08 09:35:00,2011-11-28 12:19:00,9,8,3250.33,2181,720,361.1477777777778,Repeat Customer
14216,2010-10-21 15:07:00,2011-12-06 14:56:00,5,3,2150.04,712,410,430.008,Repeat Customer
14217,2010-06-30 12:54:00,2011-12-08 11:53:00,23,16,3298.59,1230,525,143.41695652173914,Repeat Customer
14218,2011-10-28 10:00:00,2011-10-28 10:00:00,1,1,169.48000000000002,160,0,169.48000000000002,One-Time Customer
14219,2010-08-03 14:42:00,2011-12-05 16:23:00,3,3,633.83,363,489,211.27666666666667,Repeat Customer
14220,2010-05-19 13:26:00,2011-04-06 13:23:00,4,3,1515.0,468,321,378.75,Repeat Customer
14221,2010-04-06 14:10:00,2011-10-28 13:42:00,17,13,6517.49,3808,569,383.38176470588235,Repeat Customer
14222,2011-06-15 16:42:00,2011-06-15 16:42:00,1,1,683.17,607,0,683.17,One-Time Customer
14223,2011-03-20 16:02:00,2011-09-08 13:38:00,3,3,991.13,585,171,330.37666666666667,Repeat Customer
14224,2010-06-13 13:46:00,2011-08-21 13:24:00,9,8,1841.71,826,433,204.63444444444445,Repeat Customer
14225,2010-01-12 15:02:00,2010-10-01 10:32:00,4,4,2031.07,1167,261,507.7675,Repeat Customer
14226,2010-09-24 14:32:00,2011-11-11 11:34:00,6,5,2985.13,1714,412,497.5216666666667,Repeat Customer
14227,2010-02-08 09:38:00,2011-11-13 15:48:00,15,9,6366.16,4045,643,424.41066666666666,Repeat Customer
14228,2010-06-11 12:29:00,2010-09-28 09:45:00,3,3,745.5,260,108,248.5,Repeat Customer
14229,2010-08-25 11:47:00,2011-10-19 10:04:00,7,6,2594.04,934,419,370.57714285714286,Repeat Customer
14230,2010-06-09 13:56:00,2010-09-30 09:07:00,3,2,979.8000000000001,246,112,326.6,Repeat Customer
14231,2010-09-15 09:52:00,2011-06-09 11:05:00,4,4,1235.6200000000001,610,267,308.90500000000003,Repeat Customer
14232,2011-03-20 12:44:00,2011-10-28 11:09:00,5,5,2048.07,1941,221,409.61400000000003,Repeat Customer
14233,2010-03-05 16:35:00,2011-10-21 15:54:00,7,7,2904.27,1261,594,414.8957142857143,Repeat Customer
14234,2011-10-13 13:58:00,2011-11-17 17:53:00,4,2,754.12,951,35,188.53,Repeat Customer
14235,2010-03-30 13:36:00,2011-09-25 14:37:00,9,7,4717.99,3014,544,524.2211111111111,Repeat Customer
14236,2010-07-22 14:27:00,2011-09-20 09:13:00,5,5,1555.34,774,424,311.068,Repeat Customer
14237,2010-04-28 10:04:00,2010-12-01 13:20:00,2,2,471.14,238,217,235.57,Repeat Customer
14238,2009-12-05 10:58:00,2011-01-17 14:40:00,3,3,434.23,189,408,144.74333333333334,Repeat Customer
14239,2009-12-05 12:36:00,2011-10-27 14:40:00,21,16,4263.17,1729,691,203.00809523809525,Repeat Customer
14240,2010-10-12 12:48:00,2011-11-09 13:45:00,3,3,1247.49,655,393,415.83,Repeat Customer
14241,2010-01-12 15:11:00,2011-06-09 11:46:00,2,2,333.7,242,512,166.85,Repeat Customer
14242,2011-01-18 08:53:00,2011-04-19 11:46:00,2,2,280.55,123,91,140.275,Repeat Customer
14243,2010-08-20 13:41:00,2011-12-01 11:12:00,17,13,7217.75,3631,467,424.5735294117647,Repeat Customer
14244,2010-02-17 11:40:00,2010-02-17 11:40:00,1,1,366.41999999999996,814,0,366.41999999999996,One-Time Customer
14245,2011-03-21 10:41:00,2011-05-04 08:40:00,2,2,1693.45,976,43,846.725,Repeat Customer
14246,2011-04-08 08:25:00,2011-08-21 11:50:00,3,3,1474.06,804,135,491.3533333333333,Repeat Customer
14247,2010-06-06 15:07:00,2011-03-06 15:21:00,5,5,753.56,378,273,150.712,Repeat Customer
14248,2010-07-12 14:27:00,2011-01-25 14:45:00,3,3,1032.95,692,197,344.31666666666666,Repeat Customer
14249,2010-01-29 14:21:00,2010-10-25 12:34:00,12,7,5400.461,2383,268,450.0384166666667,Repeat Customer
14250,2011-09-11 13:44:00,2011-12-02 14:30:00,3,2,1904.05,1200,82,634.6833333333333,Repeat Customer
14251,2011-10-13 12:46:00,2011-12-08 08:32:00,5,3,2879.7000000000003,1674,55,575.94,Repeat Customer
14252,2010-11-23 13:36:00,2010-11-23 13:36:00,1,1,350.99,111,0,350.99,One-Time Customer
14253,2010-03-26 15:08:00,2010-08-03 14:55:00,2,2,363.40000000000003,88,129,181.70000000000002,Repeat Customer
14254,2010-10-03 11:52:00,2010-10-03 11:52:00,1,1,601.03,263,0,601.03,One-Time Customer
14256,2010-01-14 10:35:00,2011-03-24 13:17:00,5,4,2460.79,1147,434,492.158,Repeat Customer
14257,2010-03-01 15:36:00,2011-10-06 16:54:00,9,9,5954.45,3332,584,661.6055555555555,Repeat Customer
14258,2009-12-04 08:36:00,2011-11-30 15:27:00,25,19,32051.34,17488,726,1282.0536,Repeat Customer
14259,2011-07-21 10:44:00,2011-07-21 10:44:00,1,1,120.0,68,0,120.0,One-Time Customer
14260,2010-06-09 11:23:00,2010-08-25 14:55:00,3,2,824.28,544,77,274.76,Repeat Customer
14261,2011-09-22 10:47:00,2011-10-20 10:04:00,2,2,1163.45,406,27,581.725,Repeat Customer
14262,2011-04-13 12:23:00,2011-12-01 14:17:00,8,7,2618.23,1645,232,327.27875,Repeat Customer
14263,2010-10-12 14:09:00,2010-10-12 14:09:00,1,1,322.93,171,0,322.93,One-Time Customer
14264,2010-04-07 13:21:00,2011-07-08 10:20:00,6,6,1517.3600000000001,553,456,252.89333333333335,Repeat Customer
14265,2010-04-06 14:39:00,2011-08-22 13:32:00,4,4,1373.35,715,502,343.3375,Repeat Customer
14266,2010-10-07 13:32:00,2010-10-07 13:32:00,1,1,40.56,24,0,40.56,One-Time Customer
14267,2011-03-24 11:38:00,2011-06-30 10:09:00,3,2,1516.24,530,97,505.41333333333336,Repeat Customer
14268,2010-08-26 10:45:00,2010-08-26 10:45:00,1,1,354.85,147,0,354.85,One-Time Customer
14269,2010-09-26 12:53:00,2010-09-26 12:53:00,1,1,295.73,123,0,295.73,One-Time Customer
14270,2011-01-12 09:33:00,2011-01-12 09:33:00,1,1,492.65000000000003,197,0,492.65000000000003,One-Time Customer
14271,2010-10-26 17:01:00,2011-04-28 12:47:00,2,2,214.18,148,183,107.09,Repeat Customer
14272,2010-05-06 14:01:00,2011-09-27 10:08:00,4,3,920.81,1097,508,230.2025,Repeat Customer
14273,2011-04-11 13:24:00,2011-10-19 13:20:00,4,4,559.97,264,190,139.9925,Repeat Customer
14274,2010-01-22 12:51:00,2010-01-22 12:51:00,1,1,256.6,178,0,256.6,One-Time Customer
14275,2010-04-11 12:32:00,2010-11-09 09:06:00,6,4,1189.3799999999999,538,211,198.23,Repeat Customer
14276,2010-02-17 13:10:00,2011-09-02 09:45:00,7,6,2102.68,1406,561,300.3828571428571,Repeat Customer
14277,2009-12-13 15:43:00,2011-11-24 15:01:00,8,6,16789.16,89802,710,2098.645,Repeat Customer
14278,2010-10-26 12:07:00,2010-10-26 12:07:00,1,1,205.83,131,0,205.83,One-Time Customer
14279,2010-01-27 16:34:00,2010-07-07 08:42:00,2,2,191.86,46,160,95.93,Repeat Customer
14280,2011-05-27 10:37:00,2011-05-27 10:37:00,1,1,134.04,52,0,134.04,One-Time Customer
14281,2010-10-27 14:45:00,2010-10-27 14:45:00,1,1,245.15,45,0,245.15,One-Time Customer
14282,2010-02-15 11:22:00,2011-12-06 17:04:00,25,15,7250.76,5166,659,290.0304,Repeat Customer
14283,2010-05-19 12:22:00,2010-09-02 14:46:00,4,4,628.44,550,106,157.11,Repeat Customer
14284,2010-02-24 12:06:00,2011-11-09 08:11:00,3,3,1299.65,510,622,433.2166666666667,Repeat Customer
14285,2009-12-08 14:13:00,2011-11-18 14:50:00,8,7,3284.42,954,710,410.5525,Repeat Customer
14286,2009-12-04 08:40:00,2011-11-16 10:34:00,7,6,8479.76,8795,712,1211.3942857142858,Repeat Customer
14287,2011-05-25 11:41:00,2011-12-01 13:25:00,3,2,176.63,261,190,58.876666666666665,Repeat Customer
14288,2011-05-10 13:22:00,2011-05-10 13:22:00,1,1,426.6,188,0,426.6,One-Time Customer
14289,2011-02-23 12:33:00,2011-12-01 11:44:00,6,6,911.26,292,280,151.87666666666667,Repeat Customer
14290,2009-12-08 11:44:00,2011-11-28 14:02:00,8,7,4516.56,1600,720,564.57,Repeat Customer
14291,2009-12-09 10:46:00,2011-12-08 10:26:00,23,13,7904.1,6146,728,343.6565217391304,Repeat Customer
14292,2010-03-19 11:10:00,2011-12-02 11:50:00,16,11,9226.25,3429,623,576.640625,Repeat Customer
14293,2009-12-10 10:57:00,2011-12-06 15:17:00,9,7,2903.01,1558,726,322.5566666666667,Repeat Customer
14294,2010-10-28 16:25:00,2010-10-28 16:25:00,1,1,375.34000000000003,190,0,375.34000000000003,One-Time Customer
14295,2009-12-09 13:06:00,2011-10-30 15:50:00,4,4,2352.91,1028,690,588.2275,Repeat Customer
14296,2010-05-14 14:34:00,2010-10-14 14:14:00,2,2,456.4,314,152,228.2,Repeat Customer
14297,2011-03-10 08:31:00,2011-11-22 09:06:00,4,3,1305.33,865,257,326.3325,Repeat Customer
14298,2009-12-11 13:49:00,2011-12-01 13:12:00,82,23,91194.49,100272,719,1112.1279268292683,Repeat Customer
14299,2009-12-02 10:58:00,2011-12-01 16:05:00,27,17,14070.25,8136,729,521.1203703703703,Repeat Customer
14300,2011-11-21 08:57:00,2011-11-21 08:57:00,1,1,43.2,32,0,43.2,One-Time Customer
14301,2010-02-11 13:07:00,2011-08-14 15:33:00,4,4,1992.18,1686,549,498.045,Repeat Customer
14302,2009-12-02 08:16:00,2010-10-05 08:10:00,3,3,742.9000000000001,298,306,247.63333333333335,Repeat Customer
14303,2010-10-01 10:31:00,2010-10-28 15:37:00,2,1,277.94,218,27,138.97,Repeat Customer
14304,2010-05-18 10:50:00,2011-05-01 11:50:00,3,3,1725.01,775,348,575.0033333333333,Repeat Customer
14305,2011-07-27 14:14:00,2011-09-29 15:29:00,3,3,1858.96,1089,64,619.6533333333333,Repeat Customer
14306,2010-01-31 13:42:00,2011-10-19 13:23:00,6,5,3151.4,2065,625,525.2333333333333,Repeat Customer
14307,2009-12-07 13:06:00,2011-09-12 09:38:00,10,9,4287.92,2816,643,428.79200000000003,Repeat Customer
14309,2010-06-07 10:24:00,2011-12-01 13:33:00,11,9,3780.81,2583,542,343.71,Repeat Customer
14310,2010-10-03 12:34:00,2010-10-03 12:34:00,1,1,492.1,230,0,492.1,One-Time Customer
14311,2010-05-21 10:28:00,2011-04-11 10:14:00,2,2,516.45,235,324,258.225,Repeat Customer
14312,2010-07-23 15:05:00,2011-10-24 09:46:00,11,9,3090.29,1904,457,280.93545454545455,Repeat Customer
14314,2010-10-05 08:00:00,2011-08-25 10:39:00,2,2,229.79999999999998,332,324,114.89999999999999,Repeat Customer
14315,2010-03-15 12:49:00,2011-10-26 12:06:00,8,7,3197.82,1344,589,399.7275,Repeat Customer
14316,2010-03-19 15:18:00,2010-10-13 16:31:00,5,4,1370.34,4494,208,274.068,Repeat Customer
14317,2011-10-06 10:44:00,2011-10-06 10:44:00,1,1,508.58,255,0,508.58,One-Time Customer
14318,2010-09-05 15:32:00,2010-09-05 15:32:00,1,1,158.02,152,0,158.02,One-Time Customer
14319,2010-10-11 13:38:00,2010-10-11 13:38:00,1,1,494.85,329,0,494.85,One-Time Customer
14320,2010-01-21 11:44:00,2011-05-17 09:24:00,5,5,1346.75,713,480,269.35,Repeat Customer
14321,2010-08-23 12:56:00,2011-11-29 09:47:00,7,7,2218.06,3275,462,316.86571428571426,Repeat Customer
14322,2010-02-18 08:49:00,2010-10-06 15:17:00,4,3,474.1,158,230,118.525,Repeat Customer
14323,2011-04-15 11:44:00,2011-08-17 11:37:00,2,2,605.0600000000001,350,123,302.53000000000003,Repeat Customer
14324,2010-01-15 13:31:00,2010-10-26 11:44:00,2,2,701.61,402,283,350.805,Repeat Customer
14325,2010-05-19 09:20:00,2010-05-19 09:20:00,1,1,245.48000000000002,320,0,245.48000000000002,One-Time Customer
14326,2010-06-25 12:10:00,2011-04-11 15:04:00,3,3,940.98,572,290,313.66,Repeat Customer
14327,2010-01-08 14:04:00,2011-06-29 13:58:00,6,6,1894.93,1296,536,315.82166666666666,Repeat Customer
14329,2009-12-16 15:31:00,2011-11-22 15:50:00,15,14,9887.62,5913,706,659.1746666666667,Repeat Customer
14330,2010-03-26 09:10:00,2010-03-26 09:10:00,1,1,200.63,103,0,200.63,One-Time Customer
14331,2011-07-27 15:14:00,2011-08-07 13:17:00,2,2,462.66,252,10,231.33,Repeat Customer
14332,2010-10-19 13:01:00,2011-11-17 11:54:00,5,5,1917.41,875,393,383.482,Repeat Customer
14333,2011-10-03 10:38:00,2011-10-03 10:38:00,1,1,415.2,58,0,415.2,One-Time Customer
14334,2010-05-20 10:04:00,2011-11-23 10:01:00,12,12,4318.4800000000005,2986,551,359.8733333333334,Repeat Customer
14335,2011-09-04 13:07:00,2011-11-23 13:41:00,2,2,454.86,375,80,227.43,Repeat Customer
14336,2011-03-08 16:48:00,2011-11-23 11:40:00,4,3,1614.91,1759,259,403.7275,Repeat Customer
14338,2010-06-21 10:32:00,2011-07-01 14:08:00,3,3,928.1,622,375,309.3666666666667,Repeat Customer
14339,2010-10-07 08:50:00,2011-04-11 11:06:00,2,2,620.27,456,186,310.135,Repeat Customer
14340,2011-05-05 09:44:00,2011-05-05 09:44:00,1,1,134.7,58,0,134.7,One-Time Customer
14341,2009-12-01 12:20:00,2011-10-25 15:48:00,18,11,4452.02,2813,693,247.33444444444447,Repeat Customer
14342,2010-08-24 13:03:00,2011-11-18 13:21:00,6,5,918.44,521,451,153.07333333333335,Repeat Customer
14343,2010-01-18 16:47:00,2010-10-14 13:05:00,4,4,1079.66,626,268,269.915,Repeat Customer
14344,2010-03-23 15:47:00,2011-08-04 13:51:00,20,12,2993.05,1546,498,149.6525,Repeat Customer
14345,2011-11-01 09:51:00,2011-11-01 09:51:00,1,1,108.98,50,0,108.98,One-Time Customer
14346,2010-07-30 10:44:00,2011-08-11 09:47:00,5,4,2315.75,1878,376,463.15,Repeat Customer
14347,2009-12-03 10:49:00,2009-12-03 10:49:00,1,1,82.60000000000001,48,0,82.60000000000001,One-Time Customer
14348,2011-03-24 16:23:00,2011-03-24 16:23:00,1,1,409.57,183,0,409.57,One-Time Customer
14349,2011-11-29 15:39:00,2011-11-29 15:39:00,1,1,133.5,86,0,133.5,One-Time Customer
14350,2010-10-05 15:52:00,2011-03-10 14:14:00,3,3,972.03,543,155,324.01,Repeat Customer
14351,2011-06-28 11:56:00,2011-06-28 11:56:00,1,1,51.0,12,0,51.0,One-Time Customer
14352,2011-03-11 14:58:00,2011-07-05 15:41:00,4,3,1078.96,538,116,269.74,Repeat Customer
14353,2010-10-04 12:38:00,2011-05-08 16:06:00,3,2,376.5,344,216,125.5,Repeat Customer
14354,2011-11-09 15:36:00,2011-12-04 11:32:00,2,2,163.62,210,24,81.81,Repeat Customer
14355,2010-03-22 15:08:00,2010-12-09 12:16:00,3,3,840.0500000000001,617,261,280.0166666666667,Repeat Customer
14356,2011-09-19 14:43:00,2011-09-21 09:18:00,2,1,701.23,277,1,350.615,Repeat Customer
14357,2011-10-27 16:23:00,2011-10-27 16:23:00,1,1,225.12,147,0,225.12,One-Time Customer
14358,2010-10-07 17:26:00,2010-11-15 15:51:00,2,2,400.06,338,38,200.03,Repeat Customer
14359,2011-09-13 09:03:00,2011-11-20 13:17:00,3,3,912.1800000000001,371,68,304.06,Repeat Customer
14360,2011-09-06 11:58:00,2011-11-08 09:12:00,4,3,2118.03,1139,62,529.5075,Repeat Customer
14361,2010-05-10 12:29:00,2010-05-10 12:29:00,1,1,214.71,251,0,214.71,One-Time Customer
14362,2011-11-17 15:08:00,2011-11-17 15:08:00,1,1,151.5,96,0,151.5,One-Time Customer
14363,2010-09-14 14:39:00,2010-11-02 17:01:00,2,2,227.47000000000003,105,49,113.73500000000001,Repeat Customer
14364,2011-05-12 12:56:00,2011-08-23 11:01:00,8,4,3717.35,1967,102,464.66875,Repeat Customer
14365,2010-01-27 09:44:00,2010-11-10 09:52:00,2,2,634.68,557,287,317.34,Repeat Customer
14366,2010-07-02 17:23:00,2010-07-02 17:23:00,1,1,136.0,16,0,136.0,One-Time Customer
14367,2011-03-08 14:12:00,2011-12-01 13:19:00,16,9,9227.82,4426,267,576.73875,Repeat Customer
14368,2011-01-24 09:52:00,2011-01-24 09:52:00,1,1,155.0,36,0,155.0,One-Time Customer
14369,2010-02-16 10:28:00,2010-03-07 15:47:00,2,2,469.13,255,19,234.565,Repeat Customer
14370,2010-02-01 08:35:00,2010-09-15 10:53:00,6,5,1175.78,266,226,195.96333333333334,Repeat Customer
14371,2011-02-17 16:35:00,2011-02-17 16:35:00,1,1,100.5,34,0,100.5,One-Time Customer
14372,2010-04-19 15:57:00,2010-09-22 16:17:00,2,2,860.08,378,156,430.04,Repeat Customer
14373,2010-12-16 15:40:00,2010-12-16 15:40:00,1,1,76.55,17,0,76.55,One-Time Customer
14374,2010-06-16 14:25:00,2010-06-16 14:25:00,1,1,108.0,20,0,108.0,One-Time Customer
14375,2010-06-16 14:34:00,2011-06-07 13:44:00,3,3,1106.82,647,355,368.94,Repeat Customer
14376,2010-01-25 15:36:00,2010-01-25 15:36:00,1,1,215.46,50,0,215.46,One-Time Customer
14377,2011-03-22 13:38:00,2011-06-01 13:32:00,2,2,617.05,219,70,308.525,Repeat Customer
14378,2010-03-28 12:22:00,2010-03-28 12:22:00,1,1,131.25,57,0,131.25,One-Time Customer
14379,2010-08-16 15:31:00,2011-10-26 16:43:00,4,4,1265.16,712,436,316.29,Repeat Customer
14381,2010-09-14 16:15:00,2011-10-18 17:10:00,2,2,625.94,449,399,312.97,Repeat Customer
14382,2010-11-14 16:32:00,2011-11-13 16:18:00,2,2,1193.6299999999999,1667,363,596.8149999999999,Repeat Customer
14383,2011-06-29 10:18:00,2011-11-01 15:53:00,3,3,1247.69,817,125,415.8966666666667,Repeat Customer
14384,2010-07-27 09:53:00,2010-07-27 09:53:00,1,1,58.5,30,0,58.5,One-Time Customer
14385,2011-11-16 11:55:00,2011-11-30 15:36:00,3,1,202.10999999999999,159,14,67.36999999999999,Repeat Customer
14386,2011-02-16 09:45:00,2011-02-16 09:45:00,1,1,142.4,54,0,142.4,One-Time Customer
14387,2011-08-22 14:13:00,2011-11-07 12:29:00,3,3,1727.6,795,76,575.8666666666667,Repeat Customer
14388,2010-01-20 11:54:00,2011-11-29 13:32:00,16,15,6388.2,4190,678,399.2625,Repeat Customer
14389,2010-04-28 14:57:00,2011-10-05 15:17:00,5,5,1898.01,1388,525,379.602,Repeat Customer
14390,2010-10-10 14:30:00,2011-11-29 13:49:00,13,8,6150.03,2830,414,473.0792307692308,Repeat Customer
14391,2010-05-12 09:42:00,2010-05-12 09:42:00,1,1,135.6,168,0,135.6,One-Time Customer
14392,2010-10-03 12:56:00,2010-10-03 12:56:00,1,1,266.4,114,0,266.4,One-Time Customer
14393,2011-05-05 18:16:00,2011-05-05 18:16:00,1,1,67.95,13,0,67.95,One-Time Customer
14394,2010-05-24 10:43:00,2010-05-24 10:43:00,1,1,93.8,58,0,93.8,One-Time Customer
14395,2010-04-18 13:12:00,2011-12-07 14:34:00,20,15,7801.93,3872,598,390.0965,Repeat Customer
14396,2009-12-02 14:21:00,2011-10-05 16:09:00,7,6,1969.38,959,672,281.34000000000003,Repeat Customer
14397,2011-05-10 12:25:00,2011-12-07 09:22:00,19,8,2612.96,1890,210,137.52421052631578,Repeat Customer
14398,2010-06-30 11:57:00,2010-11-03 13:46:00,2,2,707.79,267,126,353.895,Repeat Customer
14399,2010-02-03 13:09:00,2010-11-10 13:23:00,8,8,2108.21,965,280,263.52625,Repeat Customer
14400,2010-03-18 12:11:00,2011-07-13 15:50:00,3,3,1732.47,1706,482,577.49,Repeat Customer
14401,2009-12-14 13:22:00,2011-12-05 13:30:00,22,15,6795.9,6401,721,308.9045454545454,Repeat Customer
14402,2010-02-25 13:20:00,2010-02-25 13:20:00,1,1,285.6,240,0,285.6,One-Time Customer
14403,2010-03-10 14:00:00,2011-08-01 12:57:00,6,6,1880.51,737,508,313.41833333333335,Repeat Customer
14404,2009-12-20 14:40:00,2011-11-06 12:30:00,13,12,2724.13,1577,685,209.54846153846154,Repeat Customer
14405,2010-11-18 11:40:00,2010-11-18 11:40:00,1,1,195.0,100,0,195.0,One-Time Customer
14406,2011-08-12 16:54:00,2011-08-12 16:54:00,1,1,156.75,77,0,156.75,One-Time Customer
14407,2011-03-08 11:59:00,2011-08-24 14:02:00,5,4,2142.73,1414,169,428.546,Repeat Customer
14408,2009-12-07 12:18:00,2011-11-29 11:41:00,11,10,4102.27,2438,721,372.9336363636364,Repeat Customer
14409,2010-05-21 16:45:00,2011-09-29 18:18:00,9,8,3427.29,2233,496,380.81,Repeat Customer
14410,2010-09-28 15:46:00,2011-09-08 15:08:00,11,8,2630.9,1367,344,239.1727272727273,Repeat Customer
14411,2011-02-02 10:56:00,2011-02-02 10:56:00,1,1,1063.0,196,0,1063.0,One-Time Customer
14412,2010-10-11 12:33:00,2011-10-28 10:45:00,3,3,1426.19,1428,381,475.3966666666667,Repeat Customer
14413,2010-01-19 14:27:00,2010-12-12 13:37:00,3,3,421.72,276,326,140.57333333333335,Repeat Customer
14414,2010-11-30 10:12:00,2011-09-09 12:09:00,8,5,2399.33,2877,283,299.91625,Repeat Customer
14415,2009-12-16 14:08:00,2011-12-08 14:38:00,23,21,11980.09,6263,722,520.8734782608695,Repeat Customer
14416,2011-10-28 15:10:00,2011-11-17 15:22:00,2,2,490.22,326,20,245.11,Repeat Customer
14417,2010-11-17 10:55:00,2010-11-17 10:55:00,1,1,524.65,543,0,524.65,One-Time Customer
14418,2011-08-23 17:18:00,2011-12-06 11:39:00,3,3,1937.25,1711,104,645.75,Repeat Customer
14419,2010-11-22 11:09:00,2011-11-29 11:22:00,7,6,1254.64,552,372,179.23428571428573,Repeat Customer
14420,2010-01-17 12:41:00,2011-09-01 18:07:00,4,4,1639.17,1120,592,409.7925,Repeat Customer
14421,2010-01-17 11:30:00,2011-10-13 13:24:00,6,5,2469.37,1342,634,411.56166666666667,Repeat Customer
14422,2009-12-17 12:12:00,2011-12-09 11:26:00,19,17,10271.52,6067,721,540.6063157894737,Repeat Customer
14423,2010-01-14 11:49:00,2011-05-05 15:12:00,3,3,916.61,419,476,305.5366666666667,Repeat Customer
14424,2011-11-22 11:48:00,2011-11-22 11:48:00,1,1,322.08,48,0,322.08,One-Time Customer
14425,2009-12-02 11:31:00,2010-10-01 10:24:00,3,2,661.39,325,302,220.46333333333334,Repeat Customer
14426,2010-03-04 14:36:00,2011-11-16 12:25:00,17,11,11727.94,7023,621,689.8788235294118,Repeat Customer
14427,2010-03-18 09:49:00,2011-10-20 14:23:00,4,3,1263.52,538,581,315.88,Repeat Customer
14428,2011-01-18 16:39:00,2011-12-02 13:17:00,5,5,1224.06,428,317,244.81199999999998,Repeat Customer
14429,2010-11-01 10:08:00,2010-11-01 10:08:00,1,1,516.28,286,0,516.28,One-Time Customer
14430,2010-04-11 15:59:00,2010-07-16 11:35:00,3,2,1220.9,446,95,406.9666666666667,Repeat Customer
14431,2010-01-21 10:49:00,2011-02-10 10:40:00,4,4,2614.2,1202,384,653.55,Repeat Customer
14432,2011-09-11 14:09:00,2011-11-30 08:04:00,6,3,2248.5,2013,79,374.75,Repeat Customer
14433,2010-08-31 12:35:00,2010-08-31 12:35:00,1,1,280.7,131,0,280.7,One-Time Customer
14434,2011-09-28 15:31:00,2011-11-18 08:56:00,6,3,1372.8,368,50,228.79999999999998,Repeat Customer
14435,2010-07-26 12:33:00,2010-07-26 12:33:00,1,1,90.42,282,0,90.42,One-Time Customer
14436,2010-06-04 11:32:00,2011-09-02 10:13:00,2,2,271.7,297,454,135.85,Repeat Customer
14437,2010-05-05 12:20:00,2010-12-09 09:27:00,5,5,873.34,420,217,174.668,Repeat Customer
14438,2011-02-06 14:56:00,2011-02-06 14:56:00,1,1,131.9,82,0,131.9,One-Time Customer
14439,2010-01-21 14:01:00,2011-01-24 11:39:00,5,4,9443.04,2244,367,1888.6080000000002,Repeat Customer
14440,2009-12-02 12:13:00,2011-12-01 15:42:00,13,11,5982.03,1605,729,460.1561538461538,Repeat Customer
14441,2010-01-18 10:40:00,2011-12-09 09:07:00,11,10,4611.6900000000005,1260,689,419.2445454545455,Repeat Customer
14442,2010-01-18 12:59:00,2011-05-19 11:36:00,7,6,5367.02,1431,485,766.7171428571429,Repeat Customer
14443,2010-11-25 14:18:00,2011-10-17 10:10:00,5,5,2082.9700000000003,1357,325,416.59400000000005,Repeat Customer
14444,2010-09-09 18:56:00,2010-09-09 18:56:00,1,1,120.44,172,0,120.44,One-Time Customer
14445,2010-09-10 11:09:00,2010-09-10 11:09:00,1,1,221.65,83,0,221.65,One-Time Customer
14446,2010-11-18 12:08:00,2011-12-09 11:34:00,5,5,1195.48,1031,385,239.096,Repeat Customer
14447,2010-11-04 13:32:00,2011-11-21 08:28:00,6,5,1711.73,913,381,285.28833333333336,Repeat Customer
14448,2010-12-10 17:26:00,2011-11-30 13:50:00,2,2,375.35,104,354,187.675,Repeat Customer
14449,2010-09-29 13:15:00,2011-11-21 12:06:00,8,7,2230.96,1604,417,278.87,Repeat Customer
14450,2010-04-08 12:09:00,2011-06-12 10:46:00,7,5,1128.44,522,429,161.2057142857143,Repeat Customer
14451,2010-01-17 10:35:00,2011-10-10 13:38:00,12,11,3258.68,1737,631,271.5566666666667,Repeat Customer
14452,2010-07-06 13:13:00,2011-11-29 12:06:00,4,4,658.95,285,510,164.7375,Repeat Customer
14453,2011-06-02 14:15:00,2011-06-02 14:15:00,1,1,119.93,49,0,119.93,One-Time Customer
14454,2009-12-06 12:56:00,2010-11-28 13:26:00,5,5,977.3000000000001,400,357,195.46,Repeat Customer
14455,2010-08-01 13:26:00,2010-10-03 15:48:00,4,3,617.72,706,63,154.43,Repeat Customer
14456,2011-07-20 13:06:00,2011-12-04 13:59:00,9,5,3014.32,2848,137,334.9244444444445,Repeat Customer
14457,2011-02-02 09:39:00,2011-02-02 09:39:00,1,1,113.64,88,0,113.64,One-Time Customer
14458,2010-11-24 12:43:00,2010-11-24 12:43:00,1,1,219.26999999999998,309,0,219.26999999999998,One-Time Customer
14459,2010-02-26 13:26:00,2011-07-07 13:35:00,2,2,5375.741,2303,496,2687.8705,Repeat Customer
14460,2009-12-15 19:06:00,2011-08-21 14:19:00,9,8,1093.5,1879,613,121.5,Repeat Customer
14461,2010-01-18 12:48:00,2011-07-14 17:11:00,13,10,6676.52,3004,542,513.5784615384616,Repeat Customer
14462,2010-10-03 14:13:00,2011-10-04 15:55:00,12,10,2237.81,1061,366,186.48416666666665,Repeat Customer
14463,2010-07-28 11:35:00,2011-09-02 15:20:00,4,4,786.5699999999999,210,401,196.64249999999998,Repeat Customer
14464,2010-03-22 15:20:00,2010-05-20 18:00:00,2,2,111.0,62,59,55.5,Repeat Customer
14465,2010-01-07 15:03:00,2011-04-07 12:38:00,11,9,3925.85,2539,454,356.8954545454545,Repeat Customer
14466,2009-12-13 15:44:00,2011-11-10 14:07:00,13,12,4267.15,2507,696,328.2423076923077,Repeat Customer
14467,2009-12-02 12:44:00,2011-11-22 12:48:00,12,10,2203.2400000000002,1187,720,183.60333333333335,Repeat Customer
14468,2009-12-06 12:21:00,2009-12-06 12:21:00,1,1,204.24,164,0,204.24,One-Time Customer
14469,2010-01-29 11:12:00,2010-10-19 14:30:00,4,4,2093.46,973,263,523.365,Repeat Customer
14470,2010-10-05 12:39:00,2011-11-28 10:31:00,3,3,712.04,282,418,237.34666666666666,Repeat Customer
14471,2009-12-07 12:26:00,2010-04-27 17:12:00,2,2,400.95,187,141,200.475,Repeat Customer
14472,2010-01-19 13:09:00,2011-08-28 11:01:00,9,8,2118.72,1271,585,235.4133333333333,Repeat Customer
14473,2011-03-02 13:56:00,2011-09-26 15:10:00,2,2,234.34,88,208,117.17,Repeat Customer
14474,2010-05-09 12:12:00,2011-10-24 13:26:00,2,2,1258.89,448,533,629.445,Repeat Customer
14475,2010-10-27 09:20:00,2011-09-29 10:46:00,4,4,1151.15,541,337,287.7875,Repeat Customer
14476,2011-03-27 15:39:00,2011-03-27 15:39:00,1,1,193.0,110,0,193.0,One-Time Customer
14477,2010-01-04 15:41:00,2011-11-20 11:11:00,7,7,1969.6,1120,684,281.37142857142857,Repeat Customer
14478,2009-12-01 13:20:00,2010-11-22 15:29:00,4,4,1276.66,1226,356,319.165,Repeat Customer
14479,2009-12-06 13:48:00,2011-03-31 09:07:00,4,4,1124.71,562,479,281.1775,Repeat Customer
14480,2009-12-21 16:32:00,2011-11-28 16:35:00,4,4,1299.52,670,707,324.88,Repeat Customer
14481,2010-01-31 12:43:00,2011-06-28 10:38:00,5,5,2284.69,1568,512,456.938,Repeat Customer
14482,2010-08-26 14:13:00,2011-11-21 13:14:00,12,7,4306.72,2869,451,358.8933333333334,Repeat Customer
14483,2009-12-03 10:16:00,2011-03-03 10:26:00,2,2,257.1,193,455,128.55,Repeat Customer
14484,2009-12-17 10:57:00,2011-10-20 14:11:00,4,4,1070.98,744,672,267.745,Repeat Customer
14485,2011-11-01 12:25:00,2011-11-01 12:25:00,1,1,162.8,70,0,162.8,One-Time Customer
14486,2010-06-04 10:30:00,2010-07-16 09:42:00,2,2,175.5,90,41,87.75,Repeat Customer
14487,2010-11-25 13:36:00,2011-11-13 12:17:00,7,5,1266.27,761,352,180.8957142857143,Repeat Customer
14488,2011-10-03 09:30:00,2011-10-03 09:30:00,1,1,1064.28,799,0,1064.28,One-Time Customer
14489,2010-04-06 09:52:00,2011-05-16 14:51:00,4,4,1574.93,1011,405,393.7325,Repeat Customer
14490,2010-10-07 11:36:00,2010-10-29 15:04:00,2,1,1273.47,933,22,636.735,Repeat Customer
14491,2010-12-02 12:10:00,2011-06-17 15:22:00,2,2,340.93,139,197,170.465,Repeat Customer
14492,2010-03-30 14:23:00,2010-10-05 13:21:00,7,4,1921.91,751,188,274.55857142857144,Repeat Customer
14493,2010-03-08 08:33:00,2011-12-02 16:14:00,10,9,5087.86,3148,634,508.78599999999994,Repeat Customer
14494,2009-12-08 13:25:00,2011-11-14 09:21:00,3,3,401.46,210,705,133.82,Repeat Customer
14495,2010-02-18 08:49:00,2011-10-20 12:28:00,3,3,174.8,68,609,58.26666666666667,Repeat Customer
14496,2010-03-16 13:15:00,2011-02-01 09:01:00,7,6,2363.89,905,321,337.6985714285714,Repeat Customer
14497,2010-02-04 09:59:00,2011-02-03 17:01:00,2,2,697.0600000000001,332,364,348.53000000000003,Repeat Customer
14498,2010-06-07 16:05:00,2011-10-28 12:09:00,10,10,3900.83,2120,507,390.08299999999997,Repeat Customer
14499,2010-08-27 11:57:00,2011-11-13 13:01:00,7,6,2101.79,1231,443,300.2557142857143,Repeat Customer
14500,2011-06-03 10:08:00,2011-09-12 16:45:00,3,3,356.85,117,101,118.95,Repeat Customer
14501,2011-01-24 10:43:00,2011-06-09 12:02:00,2,2,251.21,161,136,125.605,Repeat Customer
14502,2011-01-30 15:52:00,2011-11-20 11:50:00,11,7,2426.79,1464,293,220.61727272727273,Repeat Customer
14503,2011-06-14 10:00:00,2011-12-06 13:30:00,6,4,3543.26,2004,175,590.5433333333334,Repeat Customer
14504,2011-03-06 14:38:00,2011-10-23 16:00:00,4,3,673.26,308,231,168.315,Repeat Customer
14505,2009-12-09 14:48:00,2011-11-22 15:45:00,19,13,11873.08,5323,713,624.8989473684211,Repeat Customer
14506,2010-04-19 08:27:00,2011-11-22 13:02:00,7,7,2960.25,936,582,422.89285714285717,Repeat Customer
14507,2009-12-10 17:04:00,2011-11-16 12:21:00,11,10,3216.7400000000002,1491,705,292.4309090909091,Repeat Customer
14508,2010-06-17 13:02:00,2011-11-17 19:48:00,5,4,822.92,347,518,164.584,Repeat Customer
14509,2010-06-23 13:21:00,2010-06-23 13:21:00,1,1,110.95,38,0,110.95,One-Time Customer
14510,2010-09-29 13:35:00,2010-11-29 12:46:00,3,2,979.85,793,60,326.6166666666667,Repeat Customer
14511,2011-07-29 12:13:00,2011-11-28 17:05:00,5,4,1314.81,784,122,262.962,Repeat Customer
14512,2009-12-07 13:49:00,2011-06-05 12:39:00,7,7,1215.97,736,544,173.71,Repeat Customer
14513,2010-05-20 17:57:00,2011-08-31 11:25:00,6,5,788.01,593,467,131.335,Repeat Customer
14514,2009-12-13 13:21:00,2011-10-09 16:05:00,9,9,4380.04,2362,665,486.6711111111111,Repeat Customer
14515,2010-06-07 12:37:00,2011-11-22 11:37:00,12,7,3724.06,1893,532,310.3383333333333,Repeat Customer
14516,2010-07-11 14:07:00,2010-07-11 14:07:00,1,1,151.17,63,0,151.17,One-Time Customer
14517,2011-07-21 11:42:00,2011-11-06 14:20:00,2,2,330.45,91,108,165.225,Repeat Customer
14518,2011-10-06 14:43:00,2011-10-06 14:43:00,1,1,174.37,278,0,174.37,One-Time Customer
14519,2009-12-11 10:40:00,2010-01-25 11:18:00,2,2,203.14,81,45,101.57,Repeat Customer
14520,2011-02-22 09:15:00,2011-12-08 09:46:00,2,2,270.6,146,289,135.3,Repeat Customer
14521,2010-08-05 16:35:00,2010-08-05 16:35:00,1,1,199.45000000000002,211,0,199.45000000000002,One-Time Customer
14522,2010-01-24 13:55:00,2011-11-15 13:24:00,8,7,1748.42,956,659,218.5525,Repeat Customer
14523,2011-08-23 13:13:00,2011-08-23 13:13:00,1,1,241.09,251,0,241.09,One-Time Customer
14524,2010-10-19 11:44:00,2011-11-08 12:29:00,13,7,2909.86,1169,385,223.8353846153846,Repeat Customer
14525,2009-12-13 14:01:00,2011-11-20 11:37:00,17,16,8018.59,5105,706,471.68176470588236,Repeat Customer
14526,2010-11-15 13:32:00,2010-11-15 13:32:00,1,1,258.65,178,0,258.65,One-Time Customer
14527,2009-12-02 12:06:00,2011-12-07 12:19:00,121,25,27191.1,6630,735,224.71983471074378,Repeat Customer
14528,2011-11-02 17:09:00,2011-11-02 17:09:00,1,1,364.21999999999997,278,0,364.21999999999997,One-Time Customer
14529,2011-08-21 14:10:00,2011-10-10 15:27:00,3,3,578.61,325,50,192.87,Repeat Customer
14530,2010-01-21 11:25:00,2011-11-14 10:38:00,16,14,6088.87,2989,661,380.554375,Repeat Customer
14531,2010-08-17 10:16:00,2010-08-17 10:16:00,1,1,376.34,260,0,376.34,One-Time Customer
14532,2010-01-10 11:47:00,2011-04-17 13:05:00,11,10,3845.78,1111,462,349.61636363636364,Repeat Customer
14533,2010-04-08 12:13:00,2011-11-15 12:05:00,11,9,3466.37,6038,585,315.12454545454545,Repeat Customer
14534,2010-03-15 14:16:00,2011-12-07 12:19:00,26,17,6183.06,2820,631,237.81,Repeat Customer
14535,2010-02-24 15:03:00,2011-10-10 15:39:00,9,9,5961.89,3187,593,662.4322222222222,Repeat Customer
14536,2011-03-25 12:21:00,2011-03-25 12:21:00,1,1,170.95,39,0,170.95,One-Time Customer
14537,2010-03-26 13:44:00,2011-10-13 10:54:00,2,2,641.4,228,565,320.7,Repeat Customer
14538,2010-01-25 15:42:00,2011-10-06 10:31:00,5,4,1370.8400000000001,284,618,274.168,Repeat Customer
14539,2011-10-26 12:03:00,2011-11-24 09:50:00,2,2,537.48,428,28,268.74,Repeat Customer
14540,2009-12-07 13:00:00,2011-11-30 10:15:00,11,10,3709.64,1595,722,337.24,Repeat Customer
14541,2010-01-07 11:59:00,2011-10-12 10:08:00,14,12,2491.38,1123,642,177.9557142857143,Repeat Customer
14542,2011-06-07 08:19:00,2011-06-07 08:19:00,1,1,103.25,19,0,103.25,One-Time Customer
14543,2009-12-01 13:47:00,2011-11-11 12:45:00,39,21,14548.22,2635,709,373.03128205128206,Repeat Customer
14544,2010-08-26 16:00:00,2011-11-15 15:06:00,3,3,2938.53,2412,445,979.5100000000001,Repeat Customer
14545,2010-02-03 15:23:00,2010-02-03 15:23:00,1,1,349.25,236,0,349.25,One-Time Customer
14546,2009-12-06 13:10:00,2011-12-04 13:00:00,11,11,5184.84,2688,727,471.34909090909093,Repeat Customer
14547,2011-10-16 14:35:00,2011-12-06 11:06:00,8,3,3974.75,2639,50,496.84375,Repeat Customer
14548,2009-12-06 14:00:00,2011-07-12 12:19:00,9,6,2541.29,986,582,282.36555555555555,Repeat Customer
14549,2009-12-02 14:06:00,2011-02-01 13:47:00,4,4,913.6,394,425,228.4,Repeat Customer
14550,2010-08-13 12:05:00,2011-11-29 12:12:00,4,4,1345.06,771,473,336.265,Repeat Customer
14551,2010-01-27 12:06:00,2011-11-21 13:36:00,7,5,878.09,486,663,125.44142857142857,Repeat Customer
14552,2010-04-26 13:44:00,2011-07-11 12:49:00,3,3,507.93,258,440,169.31,Repeat Customer
14553,2010-07-18 12:07:00,2011-11-20 13:20:00,9,6,1818.6,1118,490,202.06666666666666,Repeat Customer
14554,2011-10-18 13:04:00,2011-11-29 16:44:00,4,2,2279.4900000000002,1443,42,569.8725000000001,Repeat Customer
14555,2009-12-18 11:39:00,2011-10-13 16:24:00,6,6,2304.03,842,664,384.00500000000005,Repeat Customer
14556,2010-01-20 11:49:00,2010-04-22 14:57:00,3,3,815.69,323,92,271.8966666666667,Repeat Customer
14557,2011-09-15 15:48:00,2011-09-15 15:48:00,1,1,788.38,510,0,788.38,One-Time Customer
14558,2009-12-08 10:41:00,2010-02-23 12:51:00,3,3,655.5,162,77,218.5,Repeat Customer
14559,2010-11-14 16:05:00,2010-11-14 16:05:00,1,1,75.6,72,0,75.6,One-Time Customer
14560,2009-12-02 10:15:00,2011-12-02 15:22:00,44,21,6114.03,4580,730,138.95522727272726,Repeat Customer
14561,2011-06-08 13:26:00,2011-09-25 12:39:00,3,2,1080.76,1014,108,360.25333333333333,Repeat Customer
14562,2010-02-07 14:10:00,2011-12-06 11:05:00,26,16,6638.150000000001,2574,666,255.31346153846155,Repeat Customer
14563,2010-04-26 12:51:00,2010-07-18 12:01:00,2,2,625.42,243,82,312.71,Repeat Customer
14564,2009-12-04 09:27:00,2010-10-01 09:02:00,2,2,2605.62,1295,300,1302.81,Repeat Customer
14565,2010-08-23 09:48:00,2011-09-05 09:07:00,5,5,3709.2200000000003,1937,377,741.844,Repeat Customer
14566,2010-06-24 10:34:00,2011-08-21 11:05:00,4,4,4092.0,2400,423,1023.0,Repeat Customer
14567,2011-08-01 13:48:00,2011-10-14 10:21:00,2,2,1530.3600000000001,412,73,765.1800000000001,Repeat Customer
14568,2010-09-30 17:15:00,2010-09-30 17:15:00,1,1,919.7,645,0,919.7,One-Time Customer
14569,2010-04-15 11:49:00,2011-12-08 14:58:00,4,4,597.33,257,602,149.3325,Repeat Customer
14570,2010-09-22 13:07:00,2011-03-04 10:58:00,3,2,512.4,363,162,170.79999999999998,Repeat Customer
14571,2010-10-10 15:06:00,2010-10-10 15:06:00,1,1,160.0,56,0,160.0,One-Time Customer
14572,2010-03-28 13:47:00,2011-12-06 14:40:00,11,9,5520.9800000000005,2876,618,501.90727272727275,Repeat Customer
14573,2010-01-08 16:34:00,2011-06-13 11:15:00,13,7,2163.12,683,520,166.39384615384614,Repeat Customer
14574,2009-12-07 12:42:00,2009-12-07 12:42:00,1,1,143.70000000000002,63,0,143.70000000000002,One-Time Customer
14575,2010-08-08 14:51:00,2010-08-08 14:51:00,1,1,420.22,163,0,420.22,One-Time Customer
14576,2010-12-02 17:51:00,2010-12-02 17:51:00,1,1,35.400000000000006,12,0,35.400000000000006,One-Time Customer
14577,2009-12-11 12:09:00,2011-11-27 12:47:00,7,7,1364.15,569,716,194.87857142857143,Repeat Customer
14578,2011-12-06 17:18:00,2011-12-06 17:18:00,1,1,168.63,240,0,168.63,One-Time Customer
14579,2010-10-03 14:36:00,2010-10-03 14:36:00,1,1,105.56,56,0,105.56,One-Time Customer
14580,2010-07-09 15:20:00,2010-07-09 15:20:00,1,1,14.85,3,0,14.85,One-Time Customer
14581,2010-06-13 15:48:00,2011-11-23 12:39:00,2,2,409.65,304,527,204.825,Repeat Customer
14582,2011-10-30 11:56:00,2011-10-30 11:56:00,1,1,114.11,73,0,114.11,One-Time Customer
14583,2010-03-28 15:16:00,2011-12-04 12:32:00,8,7,1660.29,1071,615,207.53625,Repeat Customer
14584,2010-02-17 14:01:00,2011-06-23 18:33:00,8,6,1738.16,960,491,217.27,Repeat Customer
14585,2010-10-19 12:17:00,2011-10-20 14:33:00,5,3,1143.27,630,366,228.654,Repeat Customer
14586,2011-03-08 10:04:00,2011-03-08 10:04:00,1,1,237.35999999999999,444,0,237.35999999999999,One-Time Customer
14587,2011-01-12 13:16:00,2011-11-21 11:34:00,9,7,1580.29,749,312,175.58777777777777,Repeat Customer
14588,2010-05-10 15:08:00,2010-05-10 15:08:00,1,1,135.39,62,0,135.39,One-Time Customer
14589,2010-12-03 11:42:00,2010-12-03 11:42:00,1,1,39.75,5,0,39.75,One-Time Customer
14590,2009-12-07 14:10:00,2010-10-11 12:06:00,20,10,2993.37,901,307,149.6685,Repeat Customer
14591,2011-05-10 14:09:00,2011-11-24 13:57:00,4,2,1320.21,1228,197,330.0525,Repeat Customer
14592,2011-10-06 18:08:00,2011-11-04 16:35:00,3,2,557.94,407,28,185.98000000000002,Repeat Customer
14593,2009-12-09 12:57:00,2011-11-18 12:48:00,12,7,3658.03,1846,708,304.83583333333337,Repeat Customer
14594,2010-12-01 13:54:00,2011-12-02 13:28:00,2,2,363.33,183,365,181.665,Repeat Customer
14595,2010-01-20 13:59:00,2011-11-20 12:12:00,8,6,2164.45,1228,668,270.55625,Repeat Customer
14596,2010-03-23 12:13:00,2010-03-23 12:13:00,1,1,222.22,75,0,222.22,One-Time Customer
14597,2010-09-28 13:17:00,2011-11-28 13:13:00,6,4,2184.63,1436,425,364.105,Repeat Customer
14598,2010-05-19 13:07:00,2011-10-26 13:19:00,2,2,384.03999999999996,354,525,192.01999999999998,Repeat Customer
14599,2010-07-18 15:54:00,2010-11-14 14:49:00,2,2,457.89,292,118,228.945,Repeat Customer
14600,2010-11-11 15:56:00,2011-02-07 09:48:00,2,2,865.17,487,87,432.585,Repeat Customer
14601,2011-11-29 09:48:00,2011-11-29 09:48:00,1,1,213.96,168,0,213.96,One-Time Customer
14602,2010-02-21 15:47:00,2010-02-21 15:47:00,1,1,205.35999999999999,80,0,205.35999999999999,One-Time Customer
14603,2011-03-10 10:27:00,2011-03-10 10:27:00,1,1,660.0,400,0,660.0,One-Time Customer
14604,2010-03-16 13:00:00,2010-03-16 13:00:00,1,1,136.35999999999999,86,0,136.35999999999999,One-Time Customer
14605,2009-12-08 13:59:00,2010-11-30 14:07:00,4,3,920.71,415,357,230.1775,Repeat Customer
14606,2009-12-03 12:40:00,2011-12-08 19:28:00,184,25,29648.75,15195,735,161.13451086956522,Repeat Customer
14607,2009-12-15 11:25:00,2011-11-24 10:35:00,20,9,22575.13,14543,708,1128.7565,Repeat Customer
14608,2009-12-06 12:34:00,2011-12-05 16:52:00,10,9,3342.94,926,729,334.294,Repeat Customer
14609,2010-02-09 09:48:00,2011-09-28 12:54:00,10,10,1486.2,12720,596,148.62,Repeat Customer
14610,2010-07-13 16:06:00,2010-11-09 10:58:00,2,2,24.35,15,118,12.175,Repeat Customer
14611,2010-04-20 10:19:00,2010-09-22 09:19:00,2,2,604.33,582,154,302.165,Repeat Customer
14612,2010-10-20 16:01:00,2010-10-20 16:01:00,1,1,877.7,134,0,877.7,One-Time Customer
14613,2010-01-28 13:02:00,2010-01-28 13:02:00,1,1,76.32000000000001,72,0,76.32000000000001,One-Time Customer
14614,2010-11-18 13:04:00,2010-11-18 13:04:00,1,1,295.13,189,0,295.13,One-Time Customer
14615,2010-06-09 13:59:00,2010-11-10 13:36:00,5,4,951.76,495,153,190.352,Repeat Customer
14616,2010-06-09 09:42:00,2011-04-11 09:54:00,5,5,527.78,170,306,105.556,Repeat Customer
14617,2010-10-20 10:40:00,2010-11-02 11:41:00,2,2,190.47,81,13,95.235,Repeat Customer
14618,2010-06-11 10:11:00,2011-11-30 13:45:00,7,5,1342.32,704,537,191.76,Repeat Customer
14619,2010-06-16 14:41:00,2011-04-08 07:37:00,2,2,1291.24,594,295,645.62,Repeat Customer
14620,2011-03-01 08:30:00,2011-05-18 11:58:00,2,2,412.78000000000003,214,78,206.39000000000001,Repeat Customer
14621,2010-01-25 09:08:00,2011-12-08 16:22:00,9,8,3000.57,1706,682,333.3966666666667,Repeat Customer
14622,2011-06-08 12:42:00,2011-06-08 12:42:00,1,1,320.58000000000004,146,0,320.58000000000004,One-Time Customer
14623,2010-04-16 17:12:00,2011-11-07 13:56:00,10,9,2012.3,1013,569,201.23,Repeat Customer
14624,2010-04-14 10:44:00,2011-10-13 13:44:00,6,4,814.07,645,547,135.67833333333334,Repeat Customer
14625,2009-12-16 13:23:00,2011-05-27 15:32:00,11,8,4497.88,2155,527,408.89818181818185,Repeat Customer
14626,2009-12-10 14:57:00,2011-11-16 10:37:00,11,11,5410.92,3135,705,491.9018181818182,Repeat Customer
14627,2010-11-25 16:32:00,2010-11-25 16:32:00,1,1,462.75,284,0,462.75,One-Time Customer
14628,2010-01-25 14:40:00,2011-09-09 14:58:00,5,5,1998.0,1147,592,399.6,Repeat Customer
14629,2011-10-23 16:13:00,2011-12-05 16:55:00,2,2,955.26,378,43,477.63,Repeat Customer
14630,2010-08-12 16:38:00,2010-08-12 16:38:00,1,1,338.65,111,0,338.65,One-Time Customer
14631,2010-08-09 14:45:00,2011-10-20 11:17:00,6,6,2025.69,1407,436,337.615,Repeat Customer
14632,2011-03-22 08:49:00,2011-03-22 08:49:00,1,1,114.56,96,0,114.56,One-Time Customer
14633,2011-03-18 17:07:00,2011-03-18 17:07:00,1,1,344.90000000000003,96,0,344.90000000000003,One-Time Customer
14634,2010-06-16 09:48:00,2010-09-28 10:40:00,4,3,2124.46,1906,104,531.115,Repeat Customer
14635,2010-09-12 10:47:00,2010-09-12 10:47:00,1,1,215.22,118,0,215.22,One-Time Customer
14636,2011-03-16 09:52:00,2011-11-03 16:12:00,2,2,609.85,241,232,304.925,Repeat Customer
14637,2010-01-31 15:52:00,2010-01-31 15:52:00,1,1,106.68,100,0,106.68,One-Time Customer
14638,2011-10-20 10:10:00,2011-10-20 10:10:00,1,1,443.6,166,0,443.6,One-Time Customer
14639,2010-02-16 12:35:00,2011-10-18 15:06:00,9,7,4978.96,2410,609,553.2177777777778,Repeat Customer
14640,2010-01-22 15:44:00,2011-11-15 13:07:00,10,10,3649.36,1645,661,364.93600000000004,Repeat Customer
14641,2011-11-18 10:42:00,2011-11-18 10:42:00,1,1,110.46000000000001,90,0,110.46000000000001,One-Time Customer
14642,2011-10-12 11:08:00,2011-10-12 11:08:00,1,1,96.12,76,0,96.12,One-Time Customer
14643,2009-12-11 11:52:00,2011-06-22 14:41:00,5,5,1679.89,1377,558,335.978,Repeat Customer
14644,2009-12-03 16:24:00,2011-10-03 08:30:00,7,5,2247.72,770,668,321.1028571428571,Repeat Customer
14645,2010-03-15 11:33:00,2011-07-06 09:15:00,3,3,876.89,587,477,292.2966666666667,Repeat Customer
14646,2009-12-02 16:52:00,2011-12-08 12:12:00,145,25,526751.52,367072,735,3632.769103448276,Repeat Customer
14647,2010-07-04 13:27:00,2011-05-22 13:40:00,2,2,506.04,175,322,253.02,Repeat Customer
14648,2009-12-10 13:59:00,2010-10-19 13:12:00,15,9,4463.39,3259,312,297.55933333333337,Repeat Customer
14649,2010-01-20 13:10:00,2011-12-05 12:30:00,9,8,3651.19,2415,683,405.6877777777778,Repeat Customer
14650,2010-04-29 20:27:00,2010-04-29 20:27:00,1,1,62.5,22,0,62.5,One-Time Customer
14651,2010-03-18 11:39:00,2011-10-03 15:52:00,9,8,2025.52,880,564,225.05777777777777,Repeat Customer
14652,2011-09-23 14:21:00,2011-09-23 14:21:00,1,1,114.18,53,0,114.18,One-Time Customer
14653,2009-12-02 11:51:00,2011-12-08 13:45:00,11,8,3404.8,1967,736,309.52727272727276,Repeat Customer
14654,2009-12-01 12:57:00,2009-12-01 12:57:00,1,1,246.86,273,0,246.86,One-Time Customer
14655,2010-04-22 14:29:00,2011-12-01 16:28:00,7,7,3878.51,2341,588,554.0728571428572,Repeat Customer
14656,2010-04-15 12:10:00,2011-06-23 13:51:00,5,5,790.0,309,434,158.0,Repeat Customer
14657,2010-09-30 19:57:00,2011-11-22 12:47:00,6,6,1450.19,879,417,241.69833333333335,Repeat Customer
14658,2011-08-14 15:42:00,2011-12-04 15:35:00,2,2,247.15,47,111,123.575,Repeat Customer
14659,2011-01-28 12:43:00,2011-12-01 12:17:00,9,9,2529.93,1195,306,281.1033333333333,Repeat Customer
14660,2011-08-31 10:40:00,2011-09-14 11:34:00,2,2,285.74,228,14,142.87,Repeat Customer
14661,2011-11-13 11:51:00,2011-11-13 11:51:00,1,1,107.95,35,0,107.95,One-Time Customer
14662,2009-12-03 16:47:00,2011-11-11 12:13:00,7,7,1376.43,907,707,196.63285714285715,Repeat Customer
14663,2010-10-05 13:12:00,2010-10-05 13:21:00,2,1,490.6,397,0,245.3,Repeat Customer
14664,2011-11-06 14:56:00,2011-11-20 10:59:00,2,1,636.24,465,13,318.12,Repeat Customer
14665,2010-04-26 11:17:00,2011-10-10 09:14:00,7,5,2749.65,1144,531,392.8071428571429,Repeat Customer
14666,2011-11-15 12:57:00,2011-11-15 12:57:00,1,1,179.95,155,0,179.95,One-Time Customer
14667,2009-12-02 12:38:00,2011-11-29 11:30:00,54,23,20359.59,11863,726,377.02944444444444,Repeat Customer
14668,2010-09-20 15:03:00,2010-09-20 15:03:00,1,1,111.63,49,0,111.63,One-Time Customer
14669,2009-12-02 13:06:00,2011-04-12 11:43:00,7,5,3216.78,2043,495,459.54,Repeat Customer
14670,2009-12-07 13:59:00,2011-03-04 14:13:00,3,2,583.33,423,452,194.44333333333336,Repeat Customer
14671,2010-05-20 18:21:00,2010-06-08 13:39:00,2,2,1127.45,571,18,563.725,Repeat Customer
14672,2010-01-28 11:33:00,2011-04-19 10:19:00,4,4,1113.14,646,445,278.285,Repeat Customer
14673,2010-10-26 10:14:00,2011-12-06 14:31:00,7,5,3037.32,1822,406,433.90285714285716,Repeat Customer
14674,2010-07-18 14:25:00,2010-07-18 14:25:00,1,1,173.66,103,0,173.66,One-Time Customer
14675,2010-11-16 12:22:00,2011-11-23 12:58:00,2,2,1015.58,660,372,507.79,Repeat Customer
14676,2010-03-10 09:30:00,2011-11-08 13:29:00,12,9,8356.79,8792,608,696.3991666666667,Repeat Customer
14677,2010-04-26 09:48:00,2010-04-26 09:48:00,1,1,184.91,139,0,184.91,One-Time Customer
14678,2010-05-09 14:32:00,2010-05-09 14:32:00,1,1,403.39,179,0,403.39,One-Time Customer
14679,2009-12-08 17:13:00,2010-11-23 11:51:00,3,3,1289.44,794,349,429.81333333333333,Repeat Customer
14680,2009-12-04 12:36:00,2011-11-14 16:59:00,58,23,55688.5,26894,710,960.1465517241379,Repeat Customer
14681,2010-02-24 08:54:00,2011-09-29 15:52:00,6,5,875.1500000000001,172,582,145.85833333333335,Repeat Customer
14682,2010-02-05 14:47:00,2011-06-05 12:12:00,6,6,1514.81,949,484,252.46833333333333,Repeat Customer
14683,2010-04-30 17:18:00,2010-04-30 17:18:00,1,1,146.56,386,0,146.56,One-Time Customer
14684,2010-11-14 14:07:00,2011-11-14 11:33:00,6,6,1430.03,1005,364,238.33833333333334,Repeat Customer
14685,2009-12-13 11:32:00,2010-05-12 13:08:00,8,5,4536.64,1969,150,567.08,Repeat Customer
14686,2010-02-18 18:29:00,2010-10-21 18:31:00,5,2,852.53,457,245,170.506,Repeat Customer
14687,2010-06-06 10:36:00,2011-08-25 11:59:00,3,3,1402.06,850,445,467.3533333333333,Repeat Customer
14688,2010-09-09 12:35:00,2011-12-02 12:26:00,28,15,7190.42,5041,448,256.80071428571426,Repeat Customer
14689,2011-05-15 11:22:00,2011-05-15 11:22:00,1,1,112.80000000000001,76,0,112.80000000000001,One-Time Customer
14690,2010-10-25 12:20:00,2011-10-26 15:39:00,4,4,777.6800000000001,341,366,194.42000000000002,Repeat Customer
14691,2011-05-11 09:55:00,2011-11-09 12:30:00,5,3,2114.33,707,182,422.866,Repeat Customer
14692,2010-04-01 14:04:00,2011-07-25 15:08:00,12,10,1715.14,890,480,142.92833333333334,Repeat Customer
14693,2010-07-02 08:28:00,2011-03-20 12:50:00,7,5,1165.3600000000001,388,261,166.48000000000002,Repeat Customer
14694,2010-04-01 19:46:00,2010-04-01 19:46:00,1,1,244.31,193,0,244.31,One-Time Customer
14695,2009-12-07 11:05:00,2010-07-08 14:18:00,3,2,1534.22,661,213,511.4066666666667,Repeat Customer
14696,2010-10-14 11:43:00,2011-12-05 13:43:00,8,8,2473.28,1867,417,309.16,Repeat Customer
14697,2011-05-05 15:29:00,2011-05-05 15:39:00,2,1,188.61,181,0,94.305,Repeat Customer
14698,2011-10-19 12:54:00,2011-12-08 12:26:00,5,3,1217.27,602,49,243.454,Repeat Customer
14699,2010-07-02 12:04:00,2011-05-09 14:54:00,4,4,702.6,484,311,175.65,Repeat Customer
14700,2010-08-11 12:19:00,2011-11-07 14:40:00,5,5,3076.06,1606,453,615.212,Repeat Customer
14701,2010-01-24 12:15:00,2011-11-29 12:38:00,15,9,4487.11,1744,674,299.1406666666666,Repeat Customer
14702,2009-12-10 20:22:00,2011-12-08 19:29:00,29,20,6356.9800000000005,2874,727,219.20620689655175,Repeat Customer
14703,2011-11-25 09:23:00,2011-11-25 09:23:00,1,1,318.17,183,0,318.17,One-Time Customer
14704,2010-03-25 17:21:00,2011-11-20 12:20:00,9,7,1720.58,1156,604,191.17555555555555,Repeat Customer
14705,2011-05-25 12:39:00,2011-05-25 12:39:00,1,1,179.0,100,0,179.0,One-Time Customer
14706,2010-03-31 11:09:00,2010-03-31 11:09:00,1,1,367.54,246,0,367.54,One-Time Customer
14707,2010-05-12 11:07:00,2010-09-30 11:37:00,2,2,139.2,96,141,69.6,Repeat Customer
14708,2010-09-10 10:26:00,2011-12-07 08:21:00,5,5,1793.22,1159,452,358.644,Repeat Customer
14709,2009-12-05 15:26:00,2011-11-24 15:41:00,25,20,8886.33,4141,719,355.4532,Repeat Customer
14710,2009-12-03 17:12:00,2011-11-25 14:53:00,13,9,1899.79,1135,721,146.1376923076923,Repeat Customer
14711,2011-03-22 13:32:00,2011-11-29 14:58:00,11,7,2839.62,966,252,258.1472727272727,Repeat Customer
14712,2010-10-17 14:49:00,2011-11-10 12:59:00,4,4,1328.0700000000002,411,388,332.01750000000004,Repeat Customer
14713,2009-12-03 19:22:00,2011-11-30 16:26:00,21,17,5115.36,3327,726,243.5885714285714,Repeat Customer
14714,2010-01-21 11:51:00,2011-11-15 13:07:00,4,4,906.24,642,663,226.56,Repeat Customer
14715,2010-01-19 12:18:00,2011-11-15 12:10:00,8,8,1809.55,1028,664,226.19375,Repeat Customer
14716,2010-09-21 12:07:00,2011-10-27 17:29:00,3,3,543.28,643,401,181.09333333333333,Repeat Customer
14717,2009-12-06 13:05:00,2009-12-06 13:05:00,1,1,81.3,32,0,81.3,One-Time Customer
14718,2010-10-25 13:07:00,2010-10-25 13:07:00,1,1,226.42,202,0,226.42,One-Time Customer
14719,2011-04-04 14:17:00,2011-12-08 12:43:00,5,5,1581.84,1025,247,316.368,Repeat Customer
14720,2011-08-05 12:06:00,2011-12-04 12:02:00,3,3,663.81,219,120,221.26999999999998,Repeat Customer
14721,2010-11-25 13:08:00,2010-11-25 13:08:00,1,1,109.07,57,0,109.07,One-Time Customer
14722,2010-08-10 13:28:00,2011-07-15 14:58:00,3,2,489.52,214,339,163.17333333333332,Repeat Customer
14723,2009-12-04 11:22:00,2011-11-29 15:23:00,11,8,1801.3600000000001,1166,725,163.76000000000002,Repeat Customer
14724,2010-04-28 13:26:00,2010-04-28 13:26:00,1,1,341.9,184,0,341.9,One-Time Customer
14725,2010-06-23 11:34:00,2011-11-15 12:42:00,4,3,1246.86,1307,510,311.715,Repeat Customer
14726,2010-02-23 12:35:00,2010-02-23 12:35:00,1,1,116.5,82,0,116.5,One-Time Customer
14727,2010-06-11 13:23:00,2011-03-10 14:45:00,3,2,461.03000000000003,452,272,153.67666666666668,Repeat Customer
14728,2010-10-22 15:57:00,2010-10-22 15:57:00,1,1,190.58,68,0,190.58,One-Time Customer
14729,2010-03-24 13:30:00,2010-12-01 12:43:00,3,2,586.24,372,251,195.41333333333333,Repeat Customer
14730,2011-03-08 12:49:00,2011-12-08 14:39:00,8,6,1897.57,1078,275,237.19625,Repeat Customer
14731,2011-05-11 13:06:00,2011-10-23 15:54:00,3,2,380.02,256,165,126.67333333333333,Repeat Customer
14732,2009-12-09 10:48:00,2011-12-01 14:34:00,19,15,5517.07,2273,722,290.3721052631579,Repeat Customer
14733,2010-11-02 15:42:00,2011-11-23 15:39:00,15,10,14335.15,5799,385,955.6766666666666,Repeat Customer
14734,2010-06-06 15:15:00,2010-10-10 12:04:00,4,4,1056.42,378,125,264.105,Repeat Customer
14735,2009-12-04 11:32:00,2011-12-06 12:09:00,55,24,12225.16,4512,732,222.27563636363635,Repeat Customer
14736,2010-08-11 15:13:00,2010-08-11 15:21:00,2,1,374.05,148,0,187.025,Repeat Customer
14737,2010-11-04 11:29:00,2011-12-06 10:16:00,4,4,3554.17,1071,396,888.5425,Repeat Customer
14738,2009-12-07 10:21:00,2011-10-28 08:56:00,9,7,1821.9,757,689,202.43333333333334,Repeat Customer
14739,2009-12-02 13:23:00,2011-12-05 16:54:00,25,17,11573.62,9696,733,462.94480000000004,Repeat Customer
14740,2010-02-25 11:40:00,2011-05-26 18:17:00,11,9,4161.06,2081,455,378.27818181818185,Repeat Customer
14741,2010-10-18 09:33:00,2011-11-28 08:48:00,7,6,1713.0900000000001,1006,405,244.72714285714287,Repeat Customer
14742,2010-09-30 14:07:00,2010-09-30 14:07:00,1,1,579.85,374,0,579.85,One-Time Customer
14743,2010-04-26 10:26:00,2010-04-26 10:26:00,1,1,50.480000000000004,40,0,50.480000000000004,One-Time Customer
14744,2010-05-18 14:06:00,2011-11-23 12:51:00,14,8,3660.08,2399,553,261.4342857142857,Repeat Customer
14745,2010-03-12 10:33:00,2011-08-19 10:05:00,12,7,2551.41,1969,524,212.61749999999998,Repeat Customer
14746,2010-10-12 11:06:00,2010-10-29 14:44:00,4,1,593.5,398,17,148.375,Repeat Customer
14747,2011-04-04 14:09:00,2011-04-04 14:09:00,1,1,328.2,84,0,328.2,One-Time Customer
14748,2010-03-04 17:08:00,2011-11-10 18:33:00,10,8,2681.9,2422,616,268.19,Repeat Customer
14749,2010-08-17 12:36:00,2010-08-17 12:36:00,1,1,310.15,403,0,310.15,One-Time Customer
14750,2009-12-03 17:57:00,2009-12-03 17:57:00,1,1,112.03,65,0,112.03,One-Time Customer
14751,2009-12-13 14:08:00,2010-01-24 13:37:00,2,2,126.45,65,41,63.225,Repeat Customer
14752,2011-10-27 11:55:00,2011-10-27 11:55:00,1,1,389.64000000000004,260,0,389.64000000000004,One-Time Customer
14753,2010-09-05 11:04:00,2011-09-13 14:50:00,2,2,869.51,412,373,434.755,Repeat Customer
14754,2010-01-18 11:04:00,2011-10-26 12:01:00,6,6,1547.93,1010,646,257.98833333333334,Repeat Customer
14755,2009-12-03 16:51:00,2011-11-30 11:24:00,25,20,9972.550000000001,4401,726,398.90200000000004,Repeat Customer
14756,2010-10-11 11:50:00,2011-11-24 18:13:00,3,3,2603.76,1422,409,867.9200000000001,Repeat Customer
14757,2011-09-25 14:36:00,2011-09-25 14:36:00,1,1,420.5,160,0,420.5,One-Time Customer
14758,2010-04-08 08:27:00,2011-07-18 08:21:00,7,7,2864.9700000000003,840,465,409.2814285714286,Repeat Customer
14759,2011-04-21 10:55:00,2011-12-05 12:03:00,3,3,1625.97,569,228,541.99,Repeat Customer
14760,2011-02-15 16:27:00,2011-02-15 16:27:00,1,1,89.2,40,0,89.2,One-Time Customer
14761,2010-09-21 14:22:00,2011-10-12 12:10:00,3,3,447.92,206,385,149.30666666666667,Repeat Customer
14762,2010-03-23 15:36:00,2011-03-21 08:20:00,2,2,417.57,428,362,208.785,Repeat Customer
14764,2011-10-24 11:54:00,2011-10-24 11:54:00,1,1,278.3,190,0,278.3,One-Time Customer
14765,2011-06-16 19:49:00,2011-11-10 19:53:00,3,3,254.11,135,147,84.70333333333333,Repeat Customer
14766,2010-06-06 11:11:00,2011-12-01 16:05:00,11,11,6375.7300000000005,3999,543,579.6118181818182,Repeat Customer
14767,2010-08-22 14:54:00,2010-08-22 14:54:00,1,1,382.81,117,0,382.81,One-Time Customer
14768,2011-08-04 13:25:00,2011-11-22 12:54:00,2,2,192.60000000000002,52,109,96.30000000000001,Repeat Customer
14769,2009-12-16 09:17:00,2011-12-07 10:24:00,17,15,15512.460000000001,11057,721,912.4976470588235,Repeat Customer
14770,2010-02-25 18:58:00,2011-04-21 14:21:00,8,7,3637.6400000000003,1598,419,454.70500000000004,Repeat Customer
14771,2009-12-03 09:44:00,2010-03-28 12:52:00,2,2,594.62,622,115,297.31,Repeat Customer
14772,2011-08-19 15:04:00,2011-08-19 15:04:00,1,1,139.26,82,0,139.26,One-Time Customer
14773,2010-04-26 10:29:00,2010-04-26 10:29:00,1,1,140.55,53,0,140.55,One-Time Customer
14774,2010-06-29 12:26:00,2010-06-29 12:26:00,1,1,241.45000000000002,99,0,241.45000000000002,One-Time Customer
14775,2010-12-02 16:38:00,2011-10-12 15:27:00,3,3,1011.9,1174,313,337.3,Repeat Customer
14776,2010-09-19 14:12:00,2011-10-19 15:34:00,15,10,3708.2999999999997,4658,395,247.21999999999997,Repeat Customer
14777,2010-11-01 12:50:00,2010-11-01 12:50:00,1,1,307.56,212,0,307.56,One-Time Customer
14778,2011-02-04 11:43:00,2011-08-04 15:23:00,2,2,730.86,306,181,365.43,Repeat Customer
14779,2011-01-20 12:04:00,2011-03-04 12:42:00,3,2,386.15,84,43,128.71666666666667,Repeat Customer
14780,2011-09-21 15:15:00,2011-10-16 12:46:00,2,2,447.68,310,24,223.84,Repeat Customer
14782,2011-01-24 11:12:00,2011-01-24 11:12:00,1,1,200.10000000000002,114,0,200.10000000000002,One-Time Customer
14783,2010-02-18 16:16:00,2010-02-18 16:16:00,1,1,307.3,262,0,307.3,One-Time Customer
14784,2010-11-15 09:49:00,2011-11-13 13:30:00,3,3,449.93,363,363,149.97666666666666,Repeat Customer
14785,2011-11-24 13:40:00,2011-11-29 13:21:00,2,1,77.4,84,4,38.7,Repeat Customer
14786,2010-06-07 13:42:00,2010-06-07 13:42:00,1,1,90.96,112,0,90.96,One-Time Customer
14787,2010-08-25 14:38:00,2010-08-25 14:38:00,1,1,110.65,59,0,110.65,One-Time Customer
14788,2010-04-22 18:16:00,2011-12-02 17:06:00,3,3,1156.32,719,588,385.44,Repeat Customer
14789,2011-11-11 08:59:00,2011-11-11 08:59:00,1,1,197.64,116,0,197.64,One-Time Customer
14790,2009-12-11 14:37:00,2011-11-23 09:28:00,10,8,2526.62,2642,711,252.66199999999998,Repeat Customer
14791,2010-04-12 10:24:00,2010-04-12 10:24:00,1,1,303.63,127,0,303.63,One-Time Customer
14792,2011-10-07 09:19:00,2011-10-07 09:19:00,1,1,6.2,2,0,6.2,One-Time Customer
14793,2010-06-22 16:54:00,2011-11-18 14:50:00,2,2,625.9,361,513,312.95,Repeat Customer
14794,2010-08-09 15:44:00,2011-12-07 10:11:00,10,8,1953.9,783,484,195.39000000000001,Repeat Customer
14795,2011-06-26 13:04:00,2011-06-26 13:04:00,1,1,131.45000000000002,17,0,131.45000000000002,One-Time Customer
14796,2009-12-14 15:06:00,2011-12-08 15:31:00,27,20,10167.77,7184,724,376.58407407407407,Repeat Customer
14797,2010-07-20 14:07:00,2010-07-20 14:07:00,1,1,300.31,99,0,300.31,One-Time Customer
14798,2010-03-01 08:38:00,2011-10-18 10:58:00,8,7,724.31,601,596,90.53875,Repeat Customer
14799,2009-12-02 11:18:00,2011-10-19 16:16:00,2,2,338.15000000000003,495,686,169.07500000000002,Repeat Customer
14800,2010-09-30 14:38:00,2011-10-23 12:46:00,17,12,7180.08,6498,387,422.35764705882355,Repeat Customer
14801,2011-10-09 15:24:00,2011-10-09 15:24:00,1,1,189.34,173,0,189.34,One-Time Customer
14803,2011-02-20 13:21:00,2011-06-30 13:58:00,3,3,845.5500000000001,370,130,281.85,Repeat Customer
14804,2011-12-01 11:20:00,2011-12-01 11:20:00,1,1,353.27,121,0,353.27,One-Time Customer
14805,2010-03-28 12:34:00,2011-11-24 16:20:00,7,6,1082.55,416,606,154.65,Repeat Customer
14806,2010-09-26 15:50:00,2011-09-25 15:32:00,2,2,303.43,423,363,151.715,Repeat Customer
14807,2010-02-28 11:33:00,2010-11-14 12:47:00,2,2,504.14,234,259,252.07,Repeat Customer
14808,2011-06-20 12:53:00,2011-10-31 12:21:00,8,4,2718.6,2120,132,339.825,Repeat Customer
14809,2010-03-28 15:42:00,2010-03-28 15:44:00,2,1,686.76,232,0,343.38,Repeat Customer
14810,2010-10-06 13:12:00,2011-10-30 11:19:00,13,10,2354.03,1162,388,181.07923076923078,Repeat Customer
14811,2010-11-17 13:09:00,2010-11-17 13:09:00,1,1,170.5,74,0,170.5,One-Time Customer
14812,2010-04-20 12:13:00,2010-04-20 12:13:00,1,1,178.85,135,0,178.85,One-Time Customer
14813,2010-04-08 11:49:00,2010-12-05 11:57:00,4,3,888.91,392,241,222.2275,Repeat Customer
14814,2010-05-07 14:10:00,2010-05-07 14:10:00,1,1,152.96,92,0,152.96,One-Time Customer
14815,2011-10-03 11:36:00,2011-11-03 11:36:00,2,2,778.5,744,31,389.25,Repeat Customer
14816,2011-05-26 13:16:00,2011-05-26 13:16:00,1,1,271.85,5,0,271.85,One-Time Customer
14817,2010-03-22 12:10:00,2011-05-23 13:35:00,7,7,3609.86,2455,427,515.6942857142857,Repeat Customer
14818,2010-03-02 12:48:00,2011-09-27 11:01:00,6,6,1153.56,543,573,192.26,Repeat Customer
14819,2009-12-21 15:54:00,2011-10-06 13:41:00,4,4,456.41,170,653,114.1025,Repeat Customer
14820,2010-01-31 12:49:00,2011-11-18 15:41:00,9,7,1274.76,724,656,141.64,Repeat Customer
14821,2010-02-01 13:33:00,2010-12-08 08:43:00,7,4,1230.15,459,309,175.7357142857143,Repeat Customer
14822,2010-08-11 12:52:00,2010-08-11 12:52:00,1,1,157.7,94,0,157.7,One-Time Customer
14823,2011-05-29 12:48:00,2011-06-12 13:12:00,3,2,321.43,88,14,107.14333333333333,Repeat Customer
14824,2010-03-12 13:07:00,2011-11-29 14:20:00,10,7,4022.9100000000003,1954,627,402.29100000000005,Repeat Customer
14825,2010-04-06 14:14:00,2011-12-06 11:38:00,24,17,4735.08,2774,608,197.295,Repeat Customer
14826,2010-01-13 13:08:00,2010-05-07 09:00:00,2,2,385.2,152,113,192.6,Repeat Customer
14828,2009-12-07 11:19:00,2011-05-27 10:16:00,13,11,9839.460000000001,9718,535,756.8815384615385,Repeat Customer
14829,2010-09-29 13:14:00,2011-11-10 16:16:00,7,5,1455.8700000000001,957,407,207.98142857142858,Repeat Customer
14830,2011-10-17 14:29:00,2011-10-17 14:29:00,1,1,188.03,163,0,188.03,One-Time Customer
14831,2009-12-02 09:21:00,2010-01-28 14:31:00,3,2,1676.57,885,57,558.8566666666667,Repeat Customer
14833,2010-07-29 10:06:00,2010-07-29 10:06:00,1,1,94.8,58,0,94.8,One-Time Customer
14834,2010-10-28 17:37:00,2011-11-22 10:30:00,7,6,2206.16,872,389,315.1657142857143,Repeat Customer
14835,2010-04-01 19:34:00,2010-06-29 10:08:00,2,2,297.0,180,88,148.5,Repeat Customer
14836,2011-11-09 13:26:00,2011-11-29 16:45:00,3,1,102.45,45,20,34.15,Repeat Customer
14837,2010-01-24 10:20:00,2011-09-11 10:58:00,9,8,3460.32,3030,595,384.48,Repeat Customer
14838,2009-12-03 09:52:00,2010-10-12 15:46:00,2,2,769.9200000000001,361,313,384.96000000000004,Repeat Customer
14839,2010-01-04 16:29:00,2010-10-17 13:01:00,3,3,915.28,927,285,305.0933333333333,Repeat Customer
14840,2010-06-18 15:42:00,2011-03-17 12:00:00,2,2,362.71000000000004,179,271,181.35500000000002,Repeat Customer
14841,2009-12-02 16:49:00,2011-10-17 15:03:00,14,10,7163.0,4164,683,511.64285714285717,Repeat Customer
14842,2011-02-04 15:32:00,2011-10-27 12:37:00,4,4,2824.69,1166,264,706.1725,Repeat Customer
14843,2010-09-29 12:39:00,2010-09-29 12:39:00,1,1,211.8,132,0,211.8,One-Time Customer
14844,2010-04-12 12:50:00,2011-10-07 10:41:00,10,8,6702.43,4369,542,670.243,Repeat Customer
14845,2010-04-19 10:19:00,2010-04-19 10:19:00,1,1,150.0,600,0,150.0,One-Time Customer
14846,2010-10-08 17:07:00,2010-10-08 17:07:00,1,1,437.4,193,0,437.4,One-Time Customer
14847,2010-05-24 12:29:00,2011-07-14 10:52:00,3,3,1348.95,533,415,449.65000000000003,Repeat Customer
14848,2010-10-31 12:22:00,2010-10-31 12:22:00,1,1,310.56,260,0,310.56,One-Time Customer
14849,2010-01-10 11:40:00,2011-11-18 10:58:00,43,21,15407.61,11838,676,358.316511627907,Repeat Customer
14850,2010-05-20 13:28:00,2011-02-01 11:21:00,7,3,1770.96,1393,256,252.99428571428572,Repeat Customer
14851,2010-03-19 11:52:00,2011-11-16 14:20:00,3,3,829.41,631,607,276.46999999999997,Repeat Customer
14852,2010-03-05 14:51:00,2011-10-12 13:20:00,18,12,6132.43,4366,585,340.6905555555556,Repeat Customer
14853,2010-04-13 09:26:00,2011-11-15 16:56:00,5,5,1376.87,345,581,275.37399999999997,Repeat Customer
14854,2010-01-22 09:48:00,2011-09-22 17:00:00,11,9,4303.06,2987,608,391.1872727272728,Repeat Customer
14855,2010-04-08 10:30:00,2011-08-12 14:02:00,7,5,6520.3,3510,491,931.4714285714286,Repeat Customer
14856,2011-10-14 09:35:00,2011-11-03 14:53:00,3,2,1290.53,711,20,430.1766666666667,Repeat Customer
14857,2010-03-15 11:00:00,2011-10-11 09:23:00,7,5,3651.851,2081,574,521.693,Repeat Customer
14858,2010-07-22 10:51:00,2010-07-22 10:51:00,1,1,180.75,105,0,180.75,One-Time Customer
14859,2010-06-03 10:26:00,2011-11-27 11:18:00,5,4,1705.64,888,542,341.12800000000004,Repeat Customer
14860,2011-11-20 14:17:00,2011-11-20 14:17:00,1,1,170.32,232,0,170.32,One-Time Customer
14861,2009-12-08 12:12:00,2011-10-18 12:54:00,10,8,1380.73,1076,679,138.073,Repeat Customer
14862,2011-07-14 11:20:00,2011-11-14 10:01:00,2,2,841.2,772,122,420.6,Repeat Customer
14863,2011-11-10 15:04:00,2011-11-10 15:04:00,1,1,266.76,132,0,266.76,One-Time Customer
14865,2009-12-01 16:05:00,2011-12-02 16:25:00,4,4,92.52,204,731,23.13,Repeat Customer
14866,2010-09-21 15:14:00,2011-11-29 11:45:00,17,8,20700.04,9087,433,1217.649411764706,Repeat Customer
14867,2009-12-05 15:47:00,2011-06-07 11:39:00,16,11,2952.06,996,548,184.50375,Repeat Customer
14868,2010-10-15 14:52:00,2011-12-06 14:49:00,12,8,4184.01,2230,416,348.6675,Repeat Customer
14869,2009-12-16 11:43:00,2011-12-01 12:36:00,6,6,2778.14,2130,715,463.0233333333333,Repeat Customer
14870,2010-01-25 09:05:00,2011-03-23 10:51:00,6,5,1838.95,483,422,306.4916666666667,Repeat Customer
14871,2009-12-01 11:57:00,2011-12-06 13:42:00,9,8,1228.17,446,735,136.46333333333334,Repeat Customer
14872,2010-03-16 14:41:00,2010-08-13 12:34:00,3,3,816.6,662,149,272.2,Repeat Customer
14873,2010-03-16 10:51:00,2011-05-13 13:52:00,2,2,854.13,311,423,427.065,Repeat Customer
14874,2010-06-22 14:58:00,2010-06-22 14:58:00,1,1,116.18,148,0,116.18,One-Time Customer
14875,2010-09-24 10:28:00,2011-08-24 12:20:00,3,3,2862.4,1332,334,954.1333333333333,Repeat Customer
14876,2010-05-27 13:49:00,2010-07-06 14:57:00,2,2,256.7,162,40,128.35,Repeat Customer
14877,2010-03-07 12:25:00,2010-10-17 13:09:00,2,2,425.85,168,224,212.925,Repeat Customer
14878,2010-02-21 11:14:00,2011-11-27 11:15:00,25,17,4076.5,2416,644,163.06,Repeat Customer
14879,2010-01-24 11:35:00,2010-01-24 11:35:00,1,1,185.06,104,0,185.06,One-Time Customer
14880,2011-02-24 12:27:00,2011-09-23 13:42:00,3,3,690.59,365,211,230.1966666666667,Repeat Customer
14881,2011-11-20 11:06:00,2011-11-20 11:06:00,1,1,255.4,316,0,255.4,One-Time Customer
14882,2010-03-30 15:02:00,2011-11-13 12:47:00,14,6,3546.65,1614,592,253.33214285714286,Repeat Customer
14883,2011-05-12 09:49:00,2011-11-21 10:23:00,6,5,761.59,790,193,126.93166666666667,Repeat Customer
14884,2010-02-08 12:56:00,2010-02-08 12:56:00,1,1,120.6,72,0,120.6,One-Time Customer
14885,2010-08-31 10:11:00,2011-07-31 12:05:00,3,3,1598.12,1308,334,532.7066666666666,Repeat Customer
14886,2011-04-01 08:56:00,2011-04-01 08:56:00,1,1,364.8,160,0,364.8,One-Time Customer
14887,2011-09-21 15:32:00,2011-09-21 15:32:00,1,1,1862.0,1100,0,1862.0,One-Time Customer
14888,2011-05-16 14:58:00,2011-05-16 14:58:00,1,1,369.2,184,0,369.2,One-Time Customer
14889,2011-01-07 15:19:00,2011-01-07 15:19:00,1,1,135.9,90,0,135.9,One-Time Customer
14890,2010-02-18 09:00:00,2011-03-31 11:57:00,3,3,817.25,636,406,272.4166666666667,Repeat Customer
14891,2010-09-29 12:41:00,2011-07-14 18:08:00,4,4,1106.73,788,288,276.6825,Repeat Customer
14892,2010-01-18 08:58:00,2010-01-18 08:58:00,1,1,202.35000000000002,79,0,202.35000000000002,One-Time Customer
14893,2010-04-01 09:03:00,2011-11-30 12:31:00,3,2,1809.6100000000001,1047,608,603.2033333333334,Repeat Customer
14894,2009-12-02 10:42:00,2011-09-15 13:51:00,3,3,1492.81,603,652,497.6033333333333,Repeat Customer
14895,2009-12-10 14:22:00,2011-12-02 09:23:00,38,19,25119.54,10714,721,661.0405263157895,Repeat Customer
14896,2009-12-06 12:42:00,2011-05-19 10:20:00,8,6,1826.0,931,528,228.25,Repeat Customer
14897,2009-12-15 17:05:00,2011-12-02 10:32:00,8,8,3140.54,1162,716,392.5675,Repeat Customer
14898,2009-12-03 16:40:00,2011-11-16 14:54:00,14,12,3365.95,2207,712,240.42499999999998,Repeat Customer
14899,2010-11-09 15:20:00,2010-11-09 15:20:00,1,1,1331.38,570,0,1331.38,One-Time Customer
14900,2010-07-05 15:09:00,2010-07-05 15:09:00,1,1,13.919999999999998,48,0,13.919999999999998,One-Time Customer
14901,2010-07-29 11:11:00,2011-11-28 17:09:00,12,7,1919.0,880,487,159.91666666666666,Repeat Customer
14902,2010-06-04 12:35:00,2011-11-14 10:34:00,3,3,1035.6200000000001,716,527,345.2066666666667,Repeat Customer
14903,2011-03-06 11:50:00,2011-11-18 16:07:00,5,5,2795.33,1531,257,559.066,Repeat Customer
14904,2010-10-08 12:48:00,2011-12-07 12:55:00,4,3,1630.49,2522,425,407.6225,Repeat Customer
14905,2009-12-03 14:36:00,2011-07-05 12:41:00,8,8,1971.39,1009,578,246.42375,Repeat Customer
14907,2010-04-16 13:40:00,2011-12-06 14:14:00,16,8,5547.72,2583,599,346.7325,Repeat Customer
14908,2010-09-02 16:39:00,2011-09-26 12:56:00,2,2,381.9,182,388,190.95,Repeat Customer
14909,2010-02-14 15:47:00,2010-09-28 16:56:00,3,3,1404.68,888,226,468.2266666666667,Repeat Customer
14910,2011-10-16 11:06:00,2011-12-07 10:06:00,4,3,434.35,238,51,108.5875,Repeat Customer
14911,2009-12-01 11:41:00,2011-12-08 15:54:00,373,25,272252.79,147804,737,729.9002412868632,Repeat Customer
14912,2010-04-28 09:41:00,2011-11-23 09:20:00,5,4,1849.58,1818,573,369.916,Repeat Customer
14913,2010-08-11 08:40:00,2011-11-04 08:29:00,8,8,4073.13,3955,449,509.14125,Repeat Customer
14915,2009-12-03 10:17:00,2011-09-09 13:34:00,11,9,1811.25,707,645,164.6590909090909,Repeat Customer
14916,2010-04-01 10:57:00,2011-09-30 09:20:00,8,6,3042.95,2415,546,380.36875,Repeat Customer
14917,2010-04-22 09:44:00,2010-04-22 11:28:00,2,1,1123.75,891,0,561.875,Repeat Customer
14918,2010-04-08 11:18:00,2011-08-16 11:50:00,9,8,5955.81,2551,495,661.7566666666667,Repeat Customer
14919,2010-06-18 13:06:00,2010-06-18 13:06:00,1,1,359.35,129,0,359.35,One-Time Customer
14920,2010-05-23 15:25:00,2011-05-11 10:32:00,3,2,1607.17,886,352,535.7233333333334,Repeat Customer
14921,2011-05-22 12:51:00,2011-11-09 13:17:00,2,2,1316.07,953,171,658.035,Repeat Customer
14922,2010-07-20 09:45:00,2010-11-11 11:14:00,2,2,843.74,376,114,421.87,Repeat Customer
14923,2011-10-20 11:51:00,2011-10-20 11:51:00,1,1,749.1,418,0,749.1,One-Time Customer
14924,2010-03-10 12:51:00,2011-04-08 09:25:00,3,3,931.01,312,393,310.33666666666664,Repeat Customer
14926,2010-04-20 09:59:00,2010-11-23 07:13:00,2,2,359.4,204,216,179.7,Repeat Customer
14927,2010-11-08 12:30:00,2010-11-08 12:30:00,1,1,308.2,196,0,308.2,One-Time Customer
14928,2010-03-22 09:14:00,2010-03-22 09:14:00,1,1,223.91000000000003,268,0,223.91000000000003,One-Time Customer
14929,2010-10-14 12:22:00,2011-11-07 17:21:00,2,2,836.69,487,389,418.345,Repeat Customer
14930,2010-04-12 11:22:00,2011-08-23 10:31:00,6,5,5236.7300000000005,2193,497,872.7883333333334,Repeat Customer
14931,2011-04-13 09:32:00,2011-12-05 10:19:00,4,4,864.6800000000001,414,236,216.17000000000002,Repeat Customer
14932,2010-11-19 09:16:00,2010-12-09 11:48:00,2,2,566.13,255,20,283.065,Repeat Customer
14933,2010-09-21 17:29:00,2010-09-22 10:47:00,4,1,1770.0,600,0,442.5,Repeat Customer
14934,2010-09-24 12:08:00,2011-09-19 10:10:00,5,4,3403.5,2098,359,680.7,Repeat Customer
14935,2010-03-30 11:48:00,2011-02-15 14:44:00,2,2,2849.83,1931,322,1424.915,Repeat Customer
14936,2010-05-05 12:26:00,2011-11-06 10:30:00,12,8,12410.81,6274,549,1034.2341666666666,Repeat Customer
14937,2011-08-01 14:16:00,2011-10-14 12:29:00,3,2,1621.88,484,73,540.6266666666667,Repeat Customer
14938,2010-05-26 13:35:00,2010-05-26 13:38:00,2,1,2322.43,1369,0,1161.215,Repeat Customer
14940,2009-12-06 15:46:00,2010-10-18 10:47:00,2,2,531.49,384,315,265.745,Repeat Customer
14941,2010-05-10 11:30:00,2010-05-10 11:30:00,1,1,182.1,80,0,182.1,One-Time Customer
14942,2009-12-10 10:32:00,2010-11-03 10:51:00,4,4,746.56,354,328,186.64,Repeat Customer
14943,2010-02-14 16:04:00,2010-02-14 16:04:00,1,1,107.62,46,0,107.62,One-Time Customer
14944,2010-02-17 08:47:00,2011-11-10 09:10:00,19,11,9684.67,4862,631,509.7194736842105,Repeat Customer
14945,2010-10-22 11:26:00,2010-10-22 11:26:00,1,1,179.4,156,0,179.4,One-Time Customer
14946,2011-11-25 13:33:00,2011-11-25 13:33:00,1,1,100.9,22,0,100.9,One-Time Customer
14947,2010-03-25 11:29:00,2011-09-28 15:48:00,6,6,1049.79,416,552,174.965,Repeat Customer
14948,2011-05-04 14:52:00,2011-11-16 17:16:00,6,5,1101.97,673,196,183.66166666666666,Repeat Customer
14949,2009-12-18 15:28:00,2010-08-27 15:38:00,4,4,515.0,250,252,128.75,Repeat Customer
14950,2011-11-20 13:48:00,2011-11-20 13:48:00,1,1,371.2,136,0,371.2,One-Time Customer
14951,2011-09-21 15:15:00,2011-09-21 15:15:00,1,1,311.69,311,0,311.69,One-Time Customer
14952,2009-12-03 15:34:00,2011-10-11 10:33:00,32,15,17629.35,6977,676,550.9171875,Repeat Customer
14953,2010-09-30 12:16:00,2011-11-14 14:59:00,4,3,968.82,1012,410,242.205,Repeat Customer
14954,2010-01-05 16:38:00,2011-11-27 14:30:00,2,2,462.12,209,690,231.06,Repeat Customer
14955,2009-12-07 11:35:00,2009-12-07 11:35:00,1,1,163.77,74,0,163.77,One-Time Customer
14956,2010-10-14 16:40:00,2010-10-14 16:40:00,1,1,1325.0,2500,0,1325.0,One-Time Customer
14957,2010-03-05 10:50:00,2011-03-31 17:59:00,2,2,261.69,97,391,130.845,Repeat Customer
14958,2009-12-03 16:02:00,2011-07-15 14:20:00,6,6,941.99,248,588,156.99833333333333,Repeat Customer
14959,2011-02-16 13:00:00,2011-10-06 18:23:00,4,4,695.42,494,232,173.855,Repeat Customer
14960,2011-06-21 13:38:00,2011-12-01 12:54:00,2,2,221.27,221,162,110.635,Repeat Customer
14961,2009-12-04 11:32:00,2011-11-29 09:42:00,22,12,16410.15,8372,724,745.9159090909092,Repeat Customer
14962,2010-05-04 14:57:00,2011-03-14 09:42:00,4,3,366.91,123,313,91.7275,Repeat Customer
14963,2010-07-02 12:43:00,2011-11-30 12:16:00,12,7,3123.57,2287,515,260.2975,Repeat Customer
14964,2011-04-06 14:13:00,2011-04-06 14:13:00,1,1,206.21,143,0,206.21,One-Time Customer
14965,2011-09-04 13:15:00,2011-09-04 13:20:00,2,1,596.09,363,0,298.045,Repeat Customer
14966,2009-12-15 13:48:00,2011-11-25 12:20:00,6,3,1064.26,1060,709,177.37666666666667,Repeat Customer
14967,2009-12-03 14:07:00,2011-10-21 11:06:00,6,4,1982.6100000000001,652,686,330.435,Repeat Customer
14968,2010-09-07 13:28:00,2011-11-09 13:58:00,2,2,497.49,256,428,248.745,Repeat Customer
14969,2010-01-05 12:43:00,2010-01-05 12:43:00,1,1,906.23,665,0,906.23,One-Time Customer
14970,2010-02-14 13:37:00,2011-10-02 13:44:00,12,9,4919.35,982,595,409.9458333333334,Repeat Customer
14971,2011-10-27 13:33:00,2011-11-04 17:07:00,3,2,1097.98,639,8,365.99333333333334,Repeat Customer
14972,2010-11-23 16:17:00,2011-08-03 14:54:00,2,2,145.07,40,252,72.535,Repeat Customer
14973,2011-04-28 12:22:00,2011-08-24 15:51:00,3,3,1314.45,369,118,438.15000000000003,Repeat Customer
14974,2011-11-02 13:01:00,2011-11-02 13:01:00,1,1,89.94,37,0,89.94,One-Time Customer
14975,2010-10-14 14:11:00,2011-10-13 14:08:00,2,2,472.39,507,363,236.195,Repeat Customer
14976,2011-01-17 11:09:00,2011-10-13 16:33:00,6,5,774.86,232,269,129.14333333333335,Repeat Customer
14977,2009-12-14 10:37:00,2009-12-14 10:37:00,1,1,31.93,17,0,31.93,One-Time Customer
14978,2010-04-28 10:50:00,2011-09-28 13:07:00,10,8,3112.19,736,518,311.219,Repeat Customer
14979,2009-12-04 12:54:00,2009-12-04 12:54:00,1,1,429.66,209,0,429.66,One-Time Customer
14980,2009-12-02 14:09:00,2009-12-02 14:09:00,1,1,150.68,79,0,150.68,One-Time Customer
14981,2010-10-12 11:04:00,2011-04-07 13:45:00,2,2,372.92,241,177,186.46,Repeat Customer
14982,2010-05-16 15:52:00,2010-05-16 15:52:00,1,1,234.88,123,0,234.88,One-Time Customer
14983,2010-01-19 17:32:00,2010-01-19 17:32:00,1,1,183.20000000000002,90,0,183.20000000000002,One-Time Customer
14984,2010-01-11 13:22:00,2011-11-20 14:28:00,6,5,1260.51,348,678,210.085,Repeat Customer
14985,2010-12-16 19:51:00,2011-05-25 14:29:00,2,2,292.01,256,159,146.005,Repeat Customer
14986,2010-01-24 15:54:00,2010-11-28 15:25:00,2,2,563.1,338,307,281.55,Repeat Customer
14987,2009-12-02 14:56:00,2011-11-24 09:59:00,8,4,1550.6499999999999,607,721,193.83124999999998,Repeat Customer
14988,2010-04-16 13:34:00,2011-05-12 12:05:00,7,5,2038.65,1260,390,291.2357142857143,Repeat Customer
14989,2010-02-16 10:40:00,2010-02-16 10:40:00,1,1,342.4,200,0,342.4,One-Time Customer
14990,2009-12-09 13:31:00,2010-04-06 13:54:00,2,2,304.17,129,118,152.085,Repeat Customer
14991,2010-10-05 13:01:00,2010-10-05 13:01:00,1,1,314.67,191,0,314.67,One-Time Customer
14992,2010-09-23 17:48:00,2010-09-23 17:48:00,1,1,210.5,145,0,210.5,One-Time Customer
14993,2010-05-25 12:47:00,2010-05-25 12:47:00,1,1,36.13,21,0,36.13,One-Time Customer
14994,2010-03-26 14:16:00,2010-11-22 12:59:00,5,4,942.77,566,240,188.554,Repeat Customer
14995,2011-03-04 13:14:00,2011-11-01 11:39:00,2,2,231.98000000000002,102,241,115.99000000000001,Repeat Customer
14996,2010-08-15 13:41:00,2010-08-15 13:44:00,2,1,442.28999999999996,404,0,221.14499999999998,Repeat Customer
14997,2010-02-22 12:11:00,2011-10-24 13:28:00,4,4,776.6,1408,609,194.15,Repeat Customer
14998,2010-04-13 16:07:00,2011-06-22 17:30:00,4,4,753.18,352,435,188.295,Repeat Customer
14999,2010-04-26 10:47:00,2010-04-26 10:47:00,1,1,129.48000000000002,88,0,129.48000000000002,One-Time Customer
15000,2011-10-23 11:42:00,2011-10-23 11:42:00,1,1,490.52,218,0,490.52,One-Time Customer
15001,2010-11-10 13:31:00,2010-11-10 13:51:00,2,1,197.10999999999999,69,0,98.55499999999999,Repeat Customer
15002,2010-01-12 11:40:00,2011-08-16 10:44:00,9,8,4138.08,2214,580,459.78666666666663,Repeat Customer
15003,2010-01-26 13:04:00,2010-08-23 15:44:00,6,4,1027.03,525,209,171.17166666666665,Repeat Customer
15004,2011-07-15 14:05:00,2011-07-15 14:05:00,1,1,1220.3799999999999,622,0,1220.3799999999999,One-Time Customer
15005,2009-12-01 14:19:00,2011-11-24 12:25:00,56,24,13752.58,8661,722,245.5817857142857,Repeat Customer
15006,2010-09-12 13:03:00,2011-10-19 15:08:00,2,2,752.83,386,402,376.415,Repeat Customer
15007,2011-07-03 16:00:00,2011-07-03 16:00:00,1,1,156.91,69,0,156.91,One-Time Customer
15008,2010-03-12 11:13:00,2010-08-16 13:09:00,2,2,360.0,1500,157,180.0,Repeat Customer
15009,2011-11-14 17:40:00,2011-11-27 13:35:00,3,1,1259.43,639,12,419.81,Repeat Customer
15010,2011-11-04 12:42:00,2011-11-04 12:42:00,1,1,308.94,184,0,308.94,One-Time Customer
15011,2010-10-19 12:05:00,2010-11-09 11:10:00,2,2,416.6,289,20,208.3,Repeat Customer
15012,2010-05-12 11:49:00,2011-10-17 12:22:00,3,3,646.26,383,523,215.42,Repeat Customer
15013,2010-01-31 12:15:00,2010-08-09 12:05:00,10,8,1610.82,1715,189,161.082,Repeat Customer
15014,2011-06-16 19:40:00,2011-10-27 20:07:00,2,2,257.67,149,133,128.835,Repeat Customer
15015,2009-12-14 14:46:00,2010-07-26 13:50:00,13,7,2344.47,1559,223,180.34384615384613,Repeat Customer
15016,2010-06-14 13:06:00,2011-06-20 12:06:00,5,4,620.89,243,370,124.178,Repeat Customer
15017,2011-11-06 10:33:00,2011-11-06 10:33:00,1,1,125.58,63,0,125.58,One-Time Customer
15018,2010-12-07 10:47:00,2011-11-01 12:47:00,3,3,496.21,189,329,165.40333333333334,Repeat Customer
15019,2011-03-18 12:35:00,2011-03-18 12:35:00,1,1,252.81,150,0,252.81,One-Time Customer
15020,2010-11-25 13:29:00,2010-11-25 13:29:00,1,1,198.47,111,0,198.47,One-Time Customer
15021,2010-07-29 16:35:00,2011-12-01 11:53:00,12,10,2500.59,1079,489,208.38250000000002,Repeat Customer
15022,2010-01-31 16:02:00,2011-11-28 12:35:00,5,3,1133.44,640,665,226.68800000000002,Repeat Customer
15023,2010-02-03 15:45:00,2011-12-06 17:23:00,20,16,11555.5,4748,671,577.775,Repeat Customer
15024,2010-10-11 16:14:00,2011-11-30 12:06:00,16,7,3559.39,1924,414,222.461875,Repeat Customer
15025,2010-05-20 13:28:00,2011-11-06 15:20:00,2,2,971.84,502,535,485.92,Repeat Customer
15026,2010-09-17 13:52:00,2011-09-20 13:52:00,5,5,1044.09,595,368,208.81799999999998,Repeat Customer
15027,2010-03-25 14:39:00,2011-11-09 10:16:00,10,7,3195.6,2782,593,319.56,Repeat Customer
15028,2010-11-10 14:32:00,2011-12-01 14:06:00,6,4,962.94,673,385,160.49,Repeat Customer
15029,2010-03-30 12:16:00,2010-03-30 12:16:00,1,1,365.1,234,0,365.1,One-Time Customer
15030,2010-03-04 17:10:00,2011-09-29 10:50:00,8,6,1979.91,1225,573,247.48875,Repeat Customer
15031,2009-12-08 13:38:00,2011-12-05 14:19:00,14,11,3102.94,1576,727,221.63857142857142,Repeat Customer
15032,2009-12-10 15:27:00,2011-03-28 15:03:00,8,7,11010.05,6601,472,1376.25625,Repeat Customer
15033,2011-01-14 13:28:00,2011-12-05 12:40:00,10,8,2553.88,1670,324,255.388,Repeat Customer
15034,2010-05-11 13:30:00,2011-11-24 12:11:00,14,11,8231.2,4748,561,587.9428571428572,Repeat Customer
15035,2011-09-11 11:08:00,2011-09-11 11:08:00,1,1,252.73000000000002,245,0,252.73000000000002,One-Time Customer
15036,2011-06-13 12:19:00,2011-09-28 15:42:00,3,2,429.56,316,107,143.18666666666667,Repeat Customer
15037,2010-11-28 12:14:00,2010-11-28 13:05:00,2,1,397.76,298,0,198.88,Repeat Customer
15038,2010-10-10 14:35:00,2011-10-12 11:33:00,9,7,1146.53,381,366,127.39222222222222,Repeat Customer
15039,2009-12-10 11:39:00,2011-11-30 11:31:00,93,24,39141.48,17780,719,420.8761290322581,Repeat Customer
15040,2010-06-16 11:40:00,2010-06-16 11:40:00,1,1,7.49,1,0,7.49,One-Time Customer
15041,2010-09-21 13:16:00,2011-06-22 16:16:00,2,2,288.98,192,274,144.49,Repeat Customer
15042,2010-04-23 14:01:00,2011-05-24 16:25:00,2,2,315.45,238,396,157.725,Repeat Customer
15043,2010-06-24 15:50:00,2011-11-08 14:26:00,6,5,2855.3199999999997,1007,501,475.8866666666666,Repeat Customer
15044,2009-12-16 15:13:00,2011-11-20 13:20:00,32,20,15769.01,5237,703,492.7815625,Repeat Customer
15045,2011-03-27 11:44:00,2011-07-11 11:33:00,2,2,735.66,114,105,367.83,Repeat Customer
15046,2010-01-14 14:29:00,2011-11-30 15:50:00,25,18,7604.84,4584,685,304.1936,Repeat Customer
15047,2011-03-15 10:49:00,2011-03-15 10:49:00,1,1,343.62,222,0,343.62,One-Time Customer
15048,2010-12-06 12:15:00,2011-10-05 14:55:00,4,4,381.0,192,303,95.25,Repeat Customer
15049,2011-03-11 12:13:00,2011-03-11 12:13:00,1,1,121.17000000000002,63,0,121.17000000000002,One-Time Customer
15050,2010-08-16 12:00:00,2011-11-14 16:17:00,5,4,4087.19,2600,455,817.438,Repeat Customer
15051,2009-12-01 13:29:00,2011-11-16 15:38:00,9,9,3926.91,3052,715,436.3233333333333,Repeat Customer
15052,2011-01-24 15:52:00,2011-01-24 15:52:00,1,1,207.73000000000002,79,0,207.73000000000002,One-Time Customer
15053,2011-03-03 12:06:00,2011-12-05 12:08:00,3,3,693.9499999999999,984,277,231.31666666666663,Repeat Customer
15054,2011-10-30 14:33:00,2011-11-27 15:02:00,2,2,302.1,198,28,151.05,Repeat Customer
15055,2009-12-16 15:48:00,2010-08-22 11:06:00,3,3,549.12,225,248,183.04,Repeat Customer
15056,2010-07-07 15:58:00,2010-07-07 15:58:00,1,1,113.65,69,0,113.65,One-Time Customer
15057,2009-12-05 15:27:00,2011-03-09 15:17:00,5,5,3255.96,1394,458,651.192,Repeat Customer
15058,2010-02-24 14:07:00,2011-11-14 14:57:00,16,12,3387.58,1645,628,211.72375,Repeat Customer
15059,2009-12-06 12:17:00,2011-10-30 11:35:00,19,14,3490.4,1597,692,183.70526315789473,Repeat Customer
15060,2011-11-30 14:03:00,2011-12-01 13:47:00,4,2,293.0,256,0,73.25,Repeat Customer
15061,2009-12-01 12:18:00,2011-12-06 12:06:00,127,24,126387.56999999999,74279,734,995.177716535433,Repeat Customer
15062,2010-04-08 15:41:00,2011-09-29 16:51:00,8,7,2585.62,1872,539,323.2025,Repeat Customer
15063,2011-05-10 13:25:00,2011-05-10 13:25:00,1,1,370.79999999999995,56,0,370.79999999999995,One-Time Customer
15064,2009-12-22 16:17:00,2010-10-25 14:32:00,4,4,1154.41,808,306,288.6025,Repeat Customer
15065,2010-10-25 09:13:00,2011-11-02 09:45:00,5,5,3326.86,1446,373,665.3720000000001,Repeat Customer
15066,2011-10-17 13:25:00,2011-10-17 13:25:00,1,1,893.59,317,0,893.59,One-Time Customer
15067,2010-04-11 15:54:00,2011-09-22 13:20:00,5,4,3862.88,2151,528,772.576,Repeat Customer
15068,2010-03-28 13:18:00,2011-10-24 14:47:00,4,4,1174.9,832,575,293.725,Repeat Customer
15069,2011-06-13 14:16:00,2011-06-13 14:16:00,1,1,1109.53,520,0,1109.53,One-Time Customer
15070,2009-12-15 13:49:00,2010-12-02 11:23:00,3,3,737.0500000000001,339,351,245.68333333333337,Repeat Customer
15071,2010-05-18 12:45:00,2011-09-07 11:43:00,4,4,1455.5600000000002,416,476,363.89000000000004,Repeat Customer
15072,2010-08-17 15:46:00,2010-08-17 15:46:00,1,1,187.52,164,0,187.52,One-Time Customer
15073,2010-01-27 08:48:00,2011-11-30 10:44:00,8,6,2788.02,1410,672,348.5025,Repeat Customer
15074,2010-08-29 11:47:00,2011-08-26 14:45:00,3,3,1553.13,1039,362,517.71,Repeat Customer
15075,2011-09-23 12:27:00,2011-09-23 12:27:00,1,1,773.03,447,0,773.03,One-Time Customer
15076,2010-07-05 14:11:00,2011-06-20 08:23:00,3,3,1447.74,866,349,482.58,Repeat Customer
15077,2009-12-09 17:10:00,2010-08-02 11:13:00,2,2,2428.08,528,235,1214.04,Repeat Customer
15078,2009-12-04 12:03:00,2011-12-02 15:41:00,52,23,17276.73,8776,728,332.2448076923077,Repeat Customer
15079,2009-12-08 11:22:00,2011-05-11 12:45:00,11,8,3625.4,1459,519,329.58181818181816,Repeat Customer
15080,2010-07-26 10:03:00,2010-10-08 11:52:00,2,2,546.25,287,74,273.125,Repeat Customer
15081,2010-06-22 10:25:00,2011-11-17 17:08:00,12,11,1854.57,749,513,154.54749999999999,Repeat Customer
15082,2010-02-09 10:23:00,2010-02-09 10:23:00,1,1,93.35000000000001,43,0,93.35000000000001,One-Time Customer
15083,2011-03-28 12:18:00,2011-03-28 12:18:00,1,1,88.2,38,0,88.2,One-Time Customer
15084,2010-03-04 10:45:00,2010-11-25 11:58:00,2,2,965.1999999999999,600,266,482.59999999999997,Repeat Customer
15085,2009-12-10 11:47:00,2009-12-10 11:47:00,1,1,347.54,169,0,347.54,One-Time Customer
15086,2010-03-24 13:56:00,2010-05-24 12:27:00,2,2,218.53,95,60,109.265,Repeat Customer
15087,2011-03-03 10:34:00,2011-03-03 10:34:00,1,1,306.94,470,0,306.94,One-Time Customer
15088,2011-10-03 14:05:00,2011-11-18 13:14:00,2,2,1160.07,460,45,580.035,Repeat Customer
15089,2011-08-03 14:14:00,2011-11-29 16:31:00,6,4,2420.84,1359,118,403.47333333333336,Repeat Customer
15090,2011-02-04 14:03:00,2011-02-04 14:03:00,1,1,381.32,208,0,381.32,One-Time Customer
15091,2010-02-03 11:46:00,2011-10-03 12:47:00,3,2,1046.6100000000001,582,607,348.87000000000006,Repeat Customer
15092,2010-09-03 12:33:00,2011-05-08 14:10:00,3,3,776.46,230,247,258.82,Repeat Customer
15093,2009-12-08 12:46:00,2011-11-21 13:09:00,23,17,13702.380000000001,10778,713,595.7556521739131,Repeat Customer
15094,2010-03-05 12:56:00,2010-09-02 16:55:00,2,2,83.0,28,181,41.5,Repeat Customer
15095,2010-01-21 09:37:00,2011-08-28 12:01:00,10,8,3141.64,2233,584,314.164,Repeat Customer
15096,2011-10-28 10:27:00,2011-10-28 10:27:00,1,1,219.39000000000001,120,0,219.39000000000001,One-Time Customer
15097,2010-05-05 14:22:00,2011-12-05 14:03:00,3,2,908.35,424,578,302.78333333333336,Repeat Customer
15098,2011-06-10 15:22:00,2011-06-10 15:33:00,2,1,946.5,61,0,473.25,Repeat Customer
15099,2011-09-16 13:13:00,2011-09-16 13:13:00,1,1,410.48,343,0,410.48,One-Time Customer
15100,2010-01-07 14:33:00,2011-01-10 10:35:00,7,4,2193.8999999999996,270,367,313.41428571428565,Repeat Customer
15101,2010-04-28 15:00:00,2011-12-01 10:18:00,6,5,1477.94,676,581,246.32333333333335,Repeat Customer
15102,2010-06-11 10:16:00,2010-06-27 12:16:00,2,1,554.67,339,16,277.335,Repeat Customer
15103,2011-09-14 13:54:00,2011-11-08 14:53:00,2,2,703.36,329,55,351.68,Repeat Customer
15104,2011-03-02 14:16:00,2011-05-27 12:29:00,2,2,993.54,635,85,496.77,Repeat Customer
15105,2010-03-23 12:18:00,2011-11-21 16:54:00,9,6,3094.91,1747,608,343.87888888888887,Repeat Customer
15106,2011-03-15 12:52:00,2011-11-22 09:16:00,5,5,1422.52,1181,251,284.504,Repeat Customer
15107,2010-09-14 10:47:00,2011-02-01 14:46:00,9,5,824.35,330,140,91.59444444444445,Repeat Customer
15108,2011-04-26 10:54:00,2011-07-21 10:24:00,3,3,1159.25,490,85,386.4166666666667,Repeat Customer
15109,2009-12-04 12:33:00,2011-04-08 09:58:00,3,3,983.1,258,489,327.7,Repeat Customer
15110,2010-08-11 15:49:00,2011-11-16 11:16:00,6,6,1505.8500000000001,337,461,250.97500000000002,Repeat Customer
15111,2010-04-26 13:12:00,2011-11-10 16:58:00,5,5,2442.37,1058,563,488.474,Repeat Customer
15112,2010-04-07 14:17:00,2010-04-07 14:17:00,1,1,209.4,72,0,209.4,One-Time Customer
15113,2011-10-16 15:27:00,2011-11-30 08:23:00,3,2,3509.04,2343,44,1169.68,Repeat Customer
15114,2010-10-14 16:44:00,2011-11-09 15:05:00,12,10,3400.12,3532,390,283.3433333333333,Repeat Customer
15115,2009-12-07 11:20:00,2011-11-21 14:59:00,2,2,531.85,245,714,265.925,Repeat Customer
15116,2011-05-19 08:50:00,2011-11-22 12:25:00,4,4,1352.75,648,187,338.1875,Repeat Customer
15117,2010-03-15 13:39:00,2011-11-25 08:12:00,8,6,2485.97,3093,619,310.74625,Repeat Customer
15118,2011-07-28 14:54:00,2011-07-28 14:54:00,1,1,244.8,1440,0,244.8,One-Time Customer
15119,2011-04-08 09:08:00,2011-04-08 09:08:00,1,1,266.4,88,0,266.4,One-Time Customer
15120,2011-07-29 09:48:00,2011-07-29 09:48:00,1,1,358.82,296,0,358.82,One-Time Customer
15121,2011-02-24 12:41:00,2011-10-20 14:51:00,2,2,457.72,199,238,228.86,Repeat Customer
15122,2010-03-30 14:05:00,2011-08-17 16:48:00,11,9,4487.27,2033,505,407.9336363636364,Repeat Customer
15123,2010-03-16 09:49:00,2011-12-02 13:12:00,5,5,4656.17,2524,626,931.234,Repeat Customer
15124,2010-02-26 10:49:00,2011-11-17 10:09:00,4,4,450.82,462,628,112.705,Repeat Customer
15125,2010-03-31 13:29:00,2011-11-14 13:57:00,24,13,17024.87,8433,593,709.3695833333333,Repeat Customer
15126,2010-01-21 17:09:00,2010-06-21 12:31:00,2,2,449.49,273,150,224.745,Repeat Customer
15127,2010-07-08 10:07:00,2011-10-05 10:30:00,2,2,711.5,464,454,355.75,Repeat Customer
15128,2010-10-05 16:46:00,2011-10-10 13:54:00,5,5,1783.68,1583,369,356.736,Repeat Customer
15129,2010-04-08 17:15:00,2011-10-20 14:40:00,23,15,6860.18,4002,559,298.2686956521739,Repeat Customer
15130,2011-06-23 10:15:00,2011-06-23 10:15:00,1,1,330.11,197,0,330.11,One-Time Customer
15131,2010-11-10 12:07:00,2010-11-10 12:07:00,1,1,80.28,88,0,80.28,One-Time Customer
15132,2011-03-22 12:02:00,2011-11-21 17:10:00,5,5,977.9300000000001,679,244,195.586,Repeat Customer
15133,2010-07-07 12:31:00,2011-08-04 10:44:00,5,5,1806.9,960,392,361.38,Repeat Customer
15134,2010-10-13 12:44:00,2011-11-25 08:55:00,10,9,1596.29,1057,407,159.629,Repeat Customer
15135,2010-06-01 13:33:00,2011-04-14 19:16:00,2,2,305.68,84,317,152.84,Repeat Customer
15136,2011-09-04 16:05:00,2011-12-07 12:26:00,4,3,1286.7,776,93,321.675,Repeat Customer
15137,2010-01-28 15:45:00,2010-07-07 09:41:00,2,2,823.4,596,159,411.7,Repeat Customer
15138,2010-11-11 09:16:00,2010-11-11 09:16:00,1,1,502.52,300,0,502.52,One-Time Customer
15139,2011-01-07 12:44:00,2011-04-14 11:39:00,2,2,178.96,208,96,89.48,Repeat Customer
15140,2010-09-23 13:07:00,2011-10-18 14:07:00,8,7,3243.69,2010,390,405.46125,Repeat Customer
15141,2010-03-28 15:58:00,2010-09-08 11:33:00,7,5,1388.47,1197,163,198.35285714285715,Repeat Customer
15142,2010-07-27 09:05:00,2011-10-24 12:51:00,6,4,2619.92,2155,454,436.65333333333336,Repeat Customer
15143,2010-10-03 13:58:00,2011-04-28 12:03:00,2,2,563.63,320,206,281.815,Repeat Customer
15144,2009-12-13 11:35:00,2011-12-01 15:12:00,29,17,12160.31,5251,718,419.3210344827586,Repeat Customer
15145,2011-04-05 15:20:00,2011-12-05 17:21:00,4,3,1194.73,756,244,298.6825,Repeat Customer
15146,2011-02-21 13:07:00,2011-06-28 12:09:00,2,2,1327.16,1473,126,663.58,Repeat Customer
15147,2011-04-13 15:57:00,2011-04-13 15:57:00,1,1,623.5,366,0,623.5,One-Time Customer
15148,2011-11-29 08:21:00,2011-11-29 08:21:00,1,1,301.29,187,0,301.29,One-Time Customer
15149,2010-02-28 11:13:00,2011-07-29 10:58:00,4,3,1524.6100000000001,379,515,381.15250000000003,Repeat Customer
15150,2010-06-14 12:01:00,2011-11-22 12:52:00,13,8,8977.94,6167,526,690.6107692307693,Repeat Customer
15151,2010-07-18 12:19:00,2010-10-12 16:37:00,2,2,2085.61,795,86,1042.805,Repeat Customer
15152,2010-01-07 15:15:00,2011-11-30 12:32:00,14,7,5263.83,2994,691,375.98785714285714,Repeat Customer
15153,2011-11-08 17:09:00,2011-11-08 17:09:00,1,1,329.25,198,0,329.25,One-Time Customer
15154,2010-08-18 17:41:00,2011-09-25 16:05:00,3,2,1343.72,333,402,447.9066666666667,Repeat Customer
15155,2010-11-21 12:59:00,2010-11-21 12:59:00,1,1,383.96999999999997,192,0,383.96999999999997,One-Time Customer
15156,2011-11-06 12:41:00,2011-12-08 18:22:00,3,2,961.49,597,32,320.49666666666667,Repeat Customer
15157,2009-12-10 14:44:00,2011-12-06 11:28:00,5,5,2654.11,3466,725,530.822,Repeat Customer
15158,2010-11-03 13:46:00,2011-10-25 13:53:00,2,2,606.02,219,356,303.01,Repeat Customer
15159,2010-10-04 09:31:00,2011-12-08 12:05:00,34,14,22116.73,13512,430,650.4920588235294,Repeat Customer
15160,2010-10-14 15:26:00,2010-12-17 14:15:00,4,3,589.27,307,63,147.3175,Repeat Customer
15161,2010-11-16 16:08:00,2010-11-16 16:08:00,1,1,119.92,144,0,119.92,One-Time Customer
15162,2009-12-08 13:14:00,2009-12-08 13:14:00,1,1,312.9,74,0,312.9,One-Time Customer
15163,2011-05-31 15:22:00,2011-11-21 13:10:00,2,2,304.47,186,173,152.235,Repeat Customer
15164,2010-01-18 13:34:00,2011-10-02 12:05:00,9,9,2028.1100000000001,912,621,225.34555555555556,Repeat Customer
15165,2010-12-01 14:03:00,2010-12-01 14:03:00,1,1,487.75,160,0,487.75,One-Time Customer
15166,2010-08-29 12:31:00,2010-08-29 12:31:00,1,1,167.16,140,0,167.16,One-Time Customer
15167,2010-02-04 14:13:00,2011-01-23 12:41:00,5,4,1627.62,863,352,325.524,Repeat Customer
15168,2011-11-14 11:26:00,2011-11-14 11:26:00,1,1,106.56,52,0,106.56,One-Time Customer
15169,2009-12-13 11:16:00,2010-11-22 13:04:00,2,2,569.22,356,344,284.61,Repeat Customer
15170,2010-10-29 10:34:00,2010-10-29 10:34:00,1,1,81.15,33,0,81.15,One-Time Customer
15171,2011-01-12 15:36:00,2011-01-12 15:36:00,1,1,1289.5,290,0,1289.5,One-Time Customer
15172,2011-04-17 11:56:00,2011-12-01 11:51:00,5,5,1624.05,1611,227,324.81,Repeat Customer
15173,2010-04-01 12:26:00,2010-11-24 10:21:00,7,5,1494.6,840,236,213.5142857142857,Repeat Customer
15174,2010-10-25 09:40:00,2011-01-21 09:06:00,2,2,481.46,382,87,240.73,Repeat Customer
15175,2011-09-29 11:31:00,2011-09-29 11:31:00,1,1,224.14,454,0,224.14,One-Time Customer
15176,2010-02-10 10:36:00,2010-02-10 10:36:00,1,1,988.0400000000001,448,0,988.0400000000001,One-Time Customer
15177,2010-10-10 12:48:00,2010-10-10 12:48:00,1,1,948.9300000000001,485,0,948.9300000000001,One-Time Customer
15178,2011-03-24 15:12:00,2011-03-24 15:12:00,1,1,40.5,30,0,40.5,One-Time Customer
15179,2009-12-03 12:27:00,2011-11-21 12:53:00,13,12,7491.92,5416,718,576.3015384615385,Repeat Customer
15180,2010-04-29 15:27:00,2010-12-07 14:57:00,3,3,816.9300000000001,654,221,272.31,Repeat Customer
15181,2009-12-08 19:02:00,2011-10-04 13:58:00,5,5,1200.2,688,664,240.04000000000002,Repeat Customer
15182,2010-02-21 12:03:00,2011-07-08 13:37:00,11,7,2998.952,1186,502,272.632,Repeat Customer
15183,2010-05-04 11:31:00,2010-06-10 10:43:00,3,2,639.93,297,36,213.30999999999997,Repeat Customer
15184,2009-12-16 12:06:00,2011-11-10 13:41:00,4,4,685.39,462,694,171.3475,Repeat Customer
15185,2011-09-30 14:06:00,2011-09-30 14:06:00,1,1,310.62,666,0,310.62,One-Time Customer
15186,2010-01-12 10:14:00,2011-11-25 14:58:00,5,5,1403.2,716,682,280.64,Repeat Customer
15187,2011-05-11 13:49:00,2011-12-08 11:56:00,15,8,4762.18,1886,210,317.4786666666667,Repeat Customer
15188,2009-12-14 13:30:00,2009-12-14 13:30:00,1,1,310.43,233,0,310.43,One-Time Customer
15189,2010-07-18 13:37:00,2011-12-08 13:22:00,46,16,17524.38,6902,507,380.96478260869566,Repeat Customer
15190,2010-10-01 13:09:00,2010-10-01 13:09:00,1,1,834.4399999999999,790,0,834.4399999999999,One-Time Customer
15191,2010-01-20 12:35:00,2010-09-02 15:37:00,3,2,588.05,287,225,196.01666666666665,Repeat Customer
15192,2010-01-29 10:13:00,2011-08-12 11:41:00,5,5,1666.39,1448,560,333.278,Repeat Customer
15193,2011-10-10 08:23:00,2011-10-10 08:23:00,1,1,499.32,144,0,499.32,One-Time Customer
15194,2009-12-03 10:37:00,2011-12-06 15:10:00,28,17,12021.53,8922,733,429.34035714285716,Repeat Customer
15195,2011-12-07 12:20:00,2011-12-07 12:20:00,1,1,3861.0,1404,0,3861.0,One-Time Customer
15196,2009-12-13 11:14:00,2010-10-03 10:50:00,2,2,313.7,130,293,156.85,Repeat Customer
15197,2009-12-11 12:56:00,2011-11-29 10:00:00,6,6,1877.51,1058,717,312.91833333333335,Repeat Customer
15198,2010-01-19 10:01:00,2011-09-08 14:42:00,5,5,571.35,327,597,114.27000000000001,Repeat Customer
15199,2010-05-13 10:14:00,2011-10-11 15:12:00,10,10,3122.4,894,516,312.24,Repeat Customer
15200,2010-08-02 09:38:00,2010-08-02 09:38:00,1,1,549.0500000000001,195,0,549.0500000000001,One-Time Customer
15201,2010-04-07 14:50:00,2011-09-13 14:53:00,7,6,1842.95,1660,524,263.2785714285714,Repeat Customer
15203,2009-12-08 18:06:00,2011-11-14 08:16:00,15,14,4400.18,4182,705,293.3453333333334,Repeat Customer
15204,2010-12-17 13:49:00,2010-12-17 13:49:00,1,1,316.58,258,0,316.58,One-Time Customer
15205,2011-08-04 16:07:00,2011-09-15 19:36:00,2,2,653.24,378,42,326.62,Repeat Customer
15206,2011-03-09 08:59:00,2011-11-29 13:41:00,4,4,420.3,162,265,105.075,Repeat Customer
15207,2010-06-10 17:29:00,2010-10-19 13:29:00,3,2,683.92,428,130,227.97333333333333,Repeat Customer
15208,2010-10-12 12:17:00,2011-12-08 17:24:00,6,6,970.52,356,422,161.75333333333333,Repeat Customer
15209,2009-12-09 17:26:00,2009-12-09 17:26:00,1,1,178.98000000000002,94,0,178.98000000000002,One-Time Customer
15210,2010-05-13 14:42:00,2011-04-28 16:11:00,3,3,1176.19,841,350,392.06333333333333,Repeat Customer
15211,2010-12-09 16:08:00,2011-10-10 13:31:00,2,2,894.4100000000001,240,304,447.20500000000004,Repeat Customer
15212,2010-11-28 10:45:00,2011-04-12 13:45:00,2,2,208.28,84,135,104.14,Repeat Customer
15213,2011-01-14 11:05:00,2011-01-25 12:21:00,2,1,328.35,272,11,164.175,Repeat Customer
15214,2011-04-11 09:46:00,2011-12-08 12:07:00,8,6,1661.44,1254,241,207.68,Repeat Customer
15215,2010-04-06 11:21:00,2011-10-24 11:41:00,7,6,2422.4300000000003,776,566,346.0614285714286,Repeat Customer
15216,2010-03-31 09:52:00,2011-09-13 11:41:00,2,2,486.09000000000003,217,531,243.04500000000002,Repeat Customer
15217,2010-05-25 13:51:00,2010-05-25 13:51:00,1,1,426.24,190,0,426.24,One-Time Customer
15218,2010-01-26 11:33:00,2011-11-29 11:48:00,22,17,11453.83,6518,672,520.6286363636364,Repeat Customer
15219,2010-03-01 11:33:00,2011-06-16 16:57:00,2,2,685.45,271,472,342.725,Repeat Customer
15220,2011-03-04 10:24:00,2011-10-19 12:39:00,6,6,1778.96,1393,229,296.49333333333334,Repeat Customer
15221,2010-03-12 10:40:00,2010-12-08 13:08:00,4,4,2062.2,244,271,515.55,Repeat Customer
15222,2009-12-16 13:49:00,2011-01-25 08:03:00,11,8,3550.91,4458,404,322.81,Repeat Customer
15223,2009-12-05 11:19:00,2011-04-28 11:31:00,5,4,1417.95,385,509,283.59000000000003,Repeat Customer
15224,2010-01-15 16:14:00,2010-12-16 15:02:00,5,4,871.36,443,334,174.272,Repeat Customer
15225,2011-04-19 14:51:00,2011-04-19 14:51:00,1,1,409.40000000000003,226,0,409.40000000000003,One-Time Customer
15226,2011-02-02 11:41:00,2011-02-02 11:41:00,1,1,154.41,71,0,154.41,One-Time Customer
15227,2010-03-16 08:23:00,2011-11-03 11:59:00,9,8,2488.4900000000002,1217,597,276.4988888888889,Repeat Customer
15228,2010-07-28 10:21:00,2011-10-04 13:56:00,6,6,5580.27,3375,433,930.0450000000001,Repeat Customer
15229,2010-05-02 13:50:00,2010-05-02 13:50:00,1,1,160.5,114,0,160.5,One-Time Customer
15230,2011-04-13 11:04:00,2011-04-14 14:39:00,2,1,429.6,351,1,214.8,Repeat Customer
15231,2010-03-28 15:12:00,2010-03-28 15:12:00,1,1,250.26000000000002,190,0,250.26000000000002,One-Time Customer
15232,2011-07-22 12:21:00,2011-08-18 16:27:00,2,2,612.06,686,27,306.03,Repeat Customer
15233,2010-11-03 13:36:00,2010-11-03 13:36:00,1,1,59.400000000000006,12,0,59.400000000000006,One-Time Customer
15234,2011-03-08 08:53:00,2011-03-08 08:53:00,1,1,197.0,196,0,197.0,One-Time Customer
15235,2010-11-16 12:48:00,2011-05-06 09:44:00,16,6,2772.76,1676,170,173.2975,Repeat Customer
15236,2011-02-14 10:52:00,2011-02-14 10:52:00,1,1,321.05,269,0,321.05,One-Time Customer
15237,2011-04-26 15:04:00,2011-12-08 09:46:00,4,4,1412.32,1071,225,353.08,Repeat Customer
15238,2011-06-08 16:00:00,2011-11-10 14:28:00,3,3,1071.99,692,154,357.33,Repeat Customer
15239,2011-09-22 09:53:00,2011-11-29 14:14:00,2,2,780.59,594,68,390.295,Repeat Customer
15240,2009-12-05 14:57:00,2011-10-26 09:50:00,12,11,4459.9800000000005,3214,689,371.665,Repeat Customer
15241,2010-02-23 13:59:00,2011-10-04 09:05:00,11,10,3050.16,3328,587,277.2872727272727,Repeat Customer
15242,2010-10-13 15:33:00,2010-10-13 15:33:00,1,1,302.04,196,0,302.04,One-Time Customer
15243,2010-09-30 17:28:00,2011-09-26 14:12:00,2,2,927.28,543,360,463.64,Repeat Customer
15244,2010-02-11 14:48:00,2011-10-05 13:19:00,3,3,912.08,472,600,304.0266666666667,Repeat Customer
15245,2010-04-23 14:23:00,2011-07-28 18:56:00,8,7,4610.84,3021,461,576.355,Repeat Customer
15246,2010-06-02 11:28:00,2011-04-15 14:45:00,3,3,780.4,359,317,260.1333333333333,Repeat Customer
15247,2010-06-20 14:08:00,2011-08-09 12:52:00,3,3,976.06,514,414,325.3533333333333,Repeat Customer
15248,2010-06-23 14:34:00,2010-10-24 13:09:00,3,3,1893.93,1065,122,631.3100000000001,Repeat Customer
15249,2010-03-26 14:51:00,2011-11-08 11:45:00,18,13,9266.0,4980,591,514.7777777777778,Repeat Customer
15250,2010-03-09 07:35:00,2010-03-09 07:35:00,1,1,60.0,48,0,60.0,One-Time Customer
15251,2010-01-29 12:42:00,2011-11-30 15:02:00,21,16,20324.54,12108,670,967.8352380952381,Repeat Customer
15252,2010-04-07 10:24:00,2011-11-03 13:30:00,5,5,2103.41,1430,575,420.68199999999996,Repeat Customer
15253,2010-05-02 11:17:00,2011-11-23 16:22:00,8,6,2055.09,1588,570,256.88625,Repeat Customer
15254,2010-05-28 10:08:00,2011-08-04 15:04:00,3,3,1088.35,711,433,362.7833333333333,Repeat Customer
15255,2009-12-03 09:10:00,2011-10-04 12:43:00,9,7,3706.02,2214,670,411.78,Repeat Customer
15256,2010-05-27 11:41:00,2011-07-14 11:47:00,2,2,170.4,92,413,85.2,Repeat Customer
15257,2010-10-21 14:03:00,2011-03-01 12:58:00,2,2,685.9,71,130,342.95,Repeat Customer
15258,2011-05-06 14:16:00,2011-06-24 12:30:00,2,2,623.16,142,48,311.58,Repeat Customer
15259,2010-01-26 09:41:00,2010-07-15 08:47:00,4,3,1182.3799999999999,631,169,295.59499999999997,Repeat Customer
15260,2009-12-06 11:45:00,2011-08-31 13:55:00,25,16,8767.73,4468,633,350.7092,Repeat Customer
15261,2010-10-01 11:59:00,2011-07-27 15:20:00,4,3,1508.0,806,299,377.0,Repeat Customer
15262,2010-08-08 15:55:00,2011-01-20 12:16:00,3,3,418.82,218,164,139.60666666666665,Repeat Customer
15263,2011-08-25 10:26:00,2011-08-25 10:26:00,1,1,156.51,89,0,156.51,One-Time Customer
15264,2010-06-27 13:29:00,2011-10-06 13:49:00,2,2,848.4,443,466,424.2,Repeat Customer
15265,2009-12-01 17:08:00,2011-07-11 14:46:00,4,4,3345.64,1570,586,836.41,Repeat Customer
15266,2010-01-07 12:19:00,2011-01-05 13:40:00,5,4,852.21,236,363,170.442,Repeat Customer
15267,2011-06-10 10:24:00,2011-11-17 15:59:00,5,4,1717.36,944,160,343.472,Repeat Customer
15268,2010-04-13 11:27:00,2010-08-18 10:33:00,3,2,961.9000000000001,428,126,320.6333333333334,Repeat Customer
15269,2010-11-14 12:58:00,2011-11-16 09:32:00,3,2,1225.3600000000001,372,366,408.4533333333334,Repeat Customer
15270,2009-12-17 15:02:00,2011-11-24 09:24:00,21,9,8524.86,4010,706,405.9457142857143,Repeat Customer
15271,2010-08-05 14:57:00,2011-12-02 14:11:00,24,14,4528.54,2412,483,188.68916666666667,Repeat Customer
15272,2010-02-14 13:39:00,2011-10-13 12:59:00,6,6,2030.95,665,605,338.4916666666667,Repeat Customer
15273,2010-04-19 11:31:00,2010-04-19 11:31:00,1,1,228.96,216,0,228.96,One-Time Customer
15274,2011-11-21 14:17:00,2011-12-05 16:57:00,2,2,716.57,619,14,358.285,Repeat Customer
15275,2011-11-02 11:20:00,2011-11-02 11:20:00,1,1,615.14,498,0,615.14,One-Time Customer
15276,2010-10-01 12:24:00,2011-10-04 16:39:00,4,3,619.8,317,368,154.95,Repeat Customer
15277,2010-10-10 16:02:00,2011-10-24 10:08:00,2,2,476.34000000000003,373,378,238.17000000000002,Repeat Customer
15278,2010-02-12 14:53:00,2010-05-27 10:03:00,4,2,496.16,458,103,124.04,Repeat Customer
15279,2010-02-02 10:15:00,2010-12-20 10:48:00,5,5,1580.54,802,321,316.108,Repeat Customer
15280,2010-05-17 14:17:00,2011-06-20 17:14:00,3,3,397.52,507,399,132.50666666666666,Repeat Customer
15281,2010-10-08 12:14:00,2011-10-12 09:10:00,16,8,8543.57,5233,368,533.973125,Repeat Customer
15282,2010-05-18 16:27:00,2010-05-18 16:27:00,1,1,348.59,395,0,348.59,One-Time Customer
15283,2010-07-09 15:46:00,2010-11-14 14:54:00,3,3,148.32999999999998,27,127,49.44333333333333,Repeat Customer
15284,2010-07-27 13:25:00,2010-07-27 13:25:00,1,1,24.75,5,0,24.75,One-Time Customer
15285,2010-10-28 09:46:00,2010-10-28 09:46:00,1,1,94.92,120,0,94.92,One-Time Customer
15286,2011-10-21 11:08:00,2011-10-21 11:08:00,1,1,240.55,55,0,240.55,One-Time Customer
15287,2009-12-02 12:13:00,2011-11-17 15:34:00,5,5,856.03,1010,715,171.206,Repeat Customer
15288,2010-02-12 15:27:00,2011-10-27 16:58:00,10,9,3706.53,1333,622,370.653,Repeat Customer
15289,2010-03-28 11:45:00,2011-11-10 13:49:00,5,5,1593.09,1627,592,318.618,Repeat Customer
15290,2010-02-24 10:15:00,2011-12-05 11:39:00,26,19,10496.28,6567,649,403.70307692307694,Repeat Customer
15291,2009-12-03 11:09:00,2011-11-14 11:02:00,39,17,13472.76,4904,710,345.4553846153846,Repeat Customer
15292,2011-05-22 15:00:00,2011-05-22 15:00:00,1,1,178.39,55,0,178.39,One-Time Customer
15293,2010-02-12 11:54:00,2010-02-12 11:54:00,1,1,247.5,178,0,247.5,One-Time Customer
15294,2010-10-25 11:45:00,2010-10-25 11:45:00,1,1,233.35,97,0,233.35,One-Time Customer
15295,2010-02-23 13:03:00,2010-02-23 13:03:00,1,1,207.04,139,0,207.04,One-Time Customer
15296,2010-01-21 13:48:00,2011-10-20 11:47:00,12,9,10323.03,5452,636,860.2525,Repeat Customer
15297,2011-10-07 09:42:00,2011-11-29 16:32:00,3,2,641.94,292,53,213.98000000000002,Repeat Customer
15298,2009-12-08 17:04:00,2011-12-07 17:17:00,23,19,9061.77,6000,729,393.99,Repeat Customer
15299,2010-01-12 11:34:00,2011-10-03 14:19:00,9,6,5556.53,3355,629,617.3922222222222,Repeat Customer
15300,2011-10-06 17:08:00,2011-10-06 17:08:00,1,1,496.44,292,0,496.44,One-Time Customer
15301,2010-09-15 15:41:00,2011-10-20 09:57:00,17,12,6909.67,3763,399,406.4511764705882,Repeat Customer
15302,2009-12-09 13:11:00,2009-12-09 13:11:00,1,1,308.0,102,0,308.0,One-Time Customer
15303,2010-01-25 09:42:00,2011-02-22 13:59:00,3,3,1224.18,514,393,408.06,Repeat Customer
15304,2010-10-14 10:24:00,2011-10-10 10:23:00,9,8,796.4,112,360,88.48888888888888,Repeat Customer
15305,2010-06-02 13:50:00,2010-06-02 13:50:00,1,1,93.6,40,0,93.6,One-Time Customer
15306,2010-02-18 17:12:00,2011-10-06 12:56:00,9,7,3484.73,3074,594,387.1922222222222,Repeat Customer
15307,2011-09-05 11:38:00,2011-09-05 11:38:00,1,1,205.3,37,0,205.3,One-Time Customer
15308,2011-03-10 13:08:00,2011-03-10 13:08:00,1,1,310.47,175,0,310.47,One-Time Customer
15309,2009-12-04 13:01:00,2010-04-08 11:11:00,4,4,797.96,440,124,199.49,Repeat Customer
15310,2010-08-18 11:38:00,2010-08-18 11:38:00,1,1,1634.64,1476,0,1634.64,One-Time Customer
15311,2009-12-01 11:21:00,2011-12-09 12:00:00,207,25,114671.42,69908,738,553.9682125603865,Repeat Customer
15312,2009-12-16 09:23:00,2011-09-25 13:10:00,12,11,2930.19,1693,648,244.1825,Repeat Customer
15313,2011-08-21 16:02:00,2011-08-21 16:02:00,1,1,52.0,25,0,52.0,One-Time Customer
15314,2010-10-07 15:41:00,2011-05-24 14:39:00,3,2,820.45,750,228,273.48333333333335,Repeat Customer
15315,2011-08-15 15:17:00,2011-10-06 12:51:00,2,2,570.5,862,51,285.25,Repeat Customer
15316,2011-01-17 11:34:00,2011-01-17 11:34:00,1,1,165.0,100,0,165.0,One-Time Customer
15317,2010-01-31 15:55:00,2010-01-31 15:55:00,1,1,129.75,45,0,129.75,One-Time Customer
15318,2011-12-06 11:30:00,2011-12-06 11:30:00,1,1,312.62,642,0,312.62,One-Time Customer
15319,2011-03-01 12:48:00,2011-03-01 12:48:00,1,1,204.5,175,0,204.5,One-Time Customer
15320,2011-10-26 13:27:00,2011-10-26 13:27:00,1,1,267.13,326,0,267.13,One-Time Customer
15321,2010-02-03 09:47:00,2011-09-30 09:40:00,12,6,6709.7300000000005,3653,603,559.1441666666667,Repeat Customer
15322,2010-08-20 13:10:00,2011-09-15 09:34:00,2,2,1390.86,971,390,695.43,Repeat Customer
15323,2010-02-16 09:21:00,2010-05-26 10:01:00,3,3,434.6,188,99,144.86666666666667,Repeat Customer
15324,2010-01-07 14:37:00,2010-01-07 14:37:00,1,1,140.22000000000003,74,0,140.22000000000003,One-Time Customer
15325,2010-02-16 13:30:00,2011-08-28 11:55:00,8,6,1601.46,1382,557,200.1825,Repeat Customer
15326,2009-12-01 13:19:00,2011-01-10 11:38:00,5,4,1700.52,1351,404,340.104,Repeat Customer
15327,2011-10-18 11:55:00,2011-10-18 11:55:00,1,1,208.75,116,0,208.75,One-Time Customer
15328,2010-10-28 09:05:00,2010-10-28 09:05:00,1,1,107.24,88,0,107.24,One-Time Customer
15329,2009-12-14 12:18:00,2011-10-31 15:36:00,11,10,2958.83,1217,686,268.98454545454547,Repeat Customer
15330,2011-10-10 12:30:00,2011-11-07 17:50:00,2,2,714.9599999999999,1312,28,357.47999999999996,Repeat Customer
15331,2010-04-09 14:26:00,2010-07-28 09:42:00,3,2,767.91,701,109,255.97,Repeat Customer
15332,2010-07-14 13:01:00,2010-12-08 14:43:00,6,3,4892.68,2306,147,815.4466666666667,Repeat Customer
15333,2011-05-15 13:27:00,2011-05-15 13:27:00,1,1,1028.56,344,0,1028.56,One-Time Customer
15334,2011-06-19 13:51:00,2011-07-06 11:22:00,3,2,347.87,272,16,115.95666666666666,Repeat Customer
15335,2011-10-17 12:50:00,2011-10-17 12:50:00,1,1,170.22,79,0,170.22,One-Time Customer
15336,2010-11-03 12:39:00,2010-11-03 12:39:00,1,1,240.5,84,0,240.5,One-Time Customer
15337,2010-10-24 15:29:00,2010-10-24 15:29:00,1,1,373.02,200,0,373.02,One-Time Customer
15338,2010-01-31 14:25:00,2010-01-31 14:25:00,1,1,277.93,148,0,277.93,One-Time Customer
15339,2010-02-08 13:38:00,2011-10-04 12:51:00,7,6,1821.02,1138,602,260.1457142857143,Repeat Customer
15340,2010-05-27 10:27:00,2010-05-27 10:27:00,1,1,105.5,76,0,105.5,One-Time Customer
15341,2010-09-16 16:41:00,2011-09-20 09:40:00,2,2,2402.72,1008,368,1201.36,Repeat Customer
15342,2011-08-02 10:19:00,2011-08-02 10:19:00,1,1,406.09000000000003,283,0,406.09000000000003,One-Time Customer
15343,2011-09-13 13:55:00,2011-09-13 13:55:00,1,1,364.5,84,0,364.5,One-Time Customer
15344,2011-09-26 14:48:00,2011-12-09 10:45:00,3,3,563.94,116,73,187.98000000000002,Repeat Customer
15345,2011-10-25 11:28:00,2011-10-25 11:28:00,1,1,393.54,81,0,393.54,One-Time Customer
15346,2010-10-04 15:11:00,2011-01-11 11:18:00,3,2,596.12,260,98,198.70666666666668,Repeat Customer
15347,2010-09-28 12:50:00,2010-12-08 15:25:00,4,3,1162.0,542,71,290.5,Repeat Customer
15348,2011-09-28 13:17:00,2011-09-28 13:17:00,1,1,158.04,84,0,158.04,One-Time Customer
15349,2011-06-05 15:46:00,2011-07-04 16:06:00,2,2,463.90999999999997,321,29,231.95499999999998,Repeat Customer
15350,2010-11-21 15:14:00,2010-12-01 13:33:00,2,2,547.6,272,9,273.8,Repeat Customer
15351,2010-10-03 12:18:00,2011-11-27 12:52:00,10,5,3430.22,1350,420,343.022,Repeat Customer
15352,2010-06-09 11:28:00,2010-06-09 11:28:00,1,1,111.15,40,0,111.15,One-Time Customer
15353,2009-12-02 11:33:00,2011-03-30 12:15:00,7,7,2794.4700000000003,1391,483,399.21000000000004,Repeat Customer
15355,2011-10-17 15:22:00,2011-11-10 13:44:00,2,2,277.05,45,23,138.525,Repeat Customer
15356,2010-10-13 13:12:00,2011-11-08 13:11:00,13,11,3239.57,1892,390,249.1976923076923,Repeat Customer
15358,2009-12-07 12:19:00,2011-12-05 09:04:00,42,24,16425.86,14902,727,391.0919047619048,Repeat Customer
15359,2010-01-15 11:30:00,2010-02-15 10:47:00,8,2,181.35,145,30,22.66875,Repeat Customer
15360,2011-10-31 09:35:00,2011-10-31 09:35:00,1,1,427.93,223,0,427.93,One-Time Customer
15361,2010-06-14 13:27:00,2010-12-13 09:52:00,4,3,689.07,373,181,172.2675,Repeat Customer
15362,2009-12-01 09:08:00,2010-09-17 10:37:00,2,2,613.08,368,290,306.54,Repeat Customer
15363,2010-08-04 08:41:00,2010-12-02 12:28:00,2,2,678.11,383,120,339.055,Repeat Customer
15364,2011-03-30 13:39:00,2011-09-05 09:46:00,2,2,913.19,493,158,456.595,Repeat Customer
15365,2010-02-04 16:43:00,2011-11-14 08:29:00,13,6,4557.13,2131,647,350.54846153846154,Repeat Customer
15366,2010-02-26 10:10:00,2011-09-25 15:01:00,7,7,2389.08,2447,576,341.29714285714283,Repeat Customer
15367,2009-12-10 14:20:00,2011-10-13 14:13:00,11,8,5081.33,2944,671,461.9390909090909,Repeat Customer
15368,2010-11-10 15:52:00,2011-11-18 14:42:00,2,2,722.74,406,372,361.37,Repeat Customer
15369,2009-12-08 07:43:00,2010-08-04 13:54:00,11,6,6251.26,3288,239,568.2963636363637,Repeat Customer
15370,2010-10-25 12:08:00,2011-10-30 10:58:00,8,7,3739.01,1397,369,467.37625,Repeat Customer
15371,2010-02-15 13:14:00,2010-02-15 13:14:00,1,1,59.400000000000006,12,0,59.400000000000006,One-Time Customer
15372,2010-02-14 11:24:00,2011-07-25 16:39:00,8,4,6017.0599999999995,6410,526,752.1324999999999,Repeat Customer
15373,2010-05-02 11:57:00,2011-12-01 15:05:00,17,13,3084.54,726,578,181.4435294117647,Repeat Customer
15374,2010-03-25 12:03:00,2011-08-03 09:59:00,2,2,307.32,290,495,153.66,Repeat Customer
15375,2010-01-18 15:38:00,2010-01-18 15:38:00,1,1,60.959999999999994,84,0,60.959999999999994,One-Time Customer
15376,2011-05-01 13:45:00,2011-10-30 15:04:00,3,3,1221.56,615,182,407.18666666666667,Repeat Customer
15377,2010-10-20 11:42:00,2010-11-22 08:55:00,4,2,1211.75,253,32,302.9375,Repeat Customer
15378,2010-07-26 08:47:00,2010-09-03 11:30:00,2,2,246.5,130,39,123.25,Repeat Customer
15379,2010-11-04 11:59:00,2011-06-23 13:13:00,8,6,4877.84,3000,231,609.73,Repeat Customer
15380,2009-12-01 13:50:00,2011-12-01 12:13:00,11,10,3248.96,954,729,295.36,Repeat Customer
15381,2010-05-05 14:35:00,2011-05-10 11:55:00,5,5,1890.57,802,369,378.114,Repeat Customer
15382,2009-12-04 14:13:00,2011-11-25 10:58:00,12,10,13733.550000000001,9178,720,1144.4625,Repeat Customer
15384,2010-04-26 12:38:00,2011-06-23 10:57:00,4,4,2027.79,1767,422,506.9475,Repeat Customer
15385,2010-01-31 13:02:00,2011-10-30 15:11:00,3,3,942.08,428,637,314.0266666666667,Repeat Customer
15386,2011-06-06 13:47:00,2011-06-06 13:47:00,1,1,394.14,446,0,394.14,One-Time Customer
15387,2010-08-04 16:05:00,2010-08-04 16:05:00,1,1,468.65,335,0,468.65,One-Time Customer
15388,2011-03-14 13:53:00,2011-03-14 13:53:00,1,1,140.54,88,0,140.54,One-Time Customer
15389,2010-01-27 12:44:00,2011-06-20 16:18:00,5,5,2733.8,3940,509,546.76,Repeat Customer
15390,2010-10-26 17:23:00,2010-11-08 15:19:00,2,2,1216.66,894,12,608.33,Repeat Customer
15391,2010-05-04 15:04:00,2010-05-04 15:04:00,1,1,289.87,109,0,289.87,One-Time Customer
15392,2010-10-04 12:50:00,2011-12-05 11:01:00,7,6,2911.62,2144,426,415.94571428571425,Repeat Customer
15393,2009-12-15 17:56:00,2011-11-23 16:48:00,5,5,891.34,378,707,178.268,Repeat Customer
15394,2009-12-15 19:05:00,2011-11-30 11:49:00,11,10,5286.8,2372,714,480.6181818181818,Repeat Customer
15395,2011-01-18 12:40:00,2011-01-18 12:40:00,1,1,107.45,17,0,107.45,One-Time Customer
15396,2010-05-05 09:04:00,2011-08-19 10:56:00,2,2,796.38,278,471,398.19,Repeat Customer
15397,2011-02-23 09:25:00,2011-02-23 09:25:00,1,1,94.0,20,0,94.0,One-Time Customer
15398,2011-09-22 14:56:00,2011-11-23 16:47:00,2,2,1345.53,769,62,672.765,Repeat Customer
15399,2011-09-21 15:57:00,2011-12-08 13:04:00,3,3,815.77,611,77,271.92333333333335,Repeat Customer
15400,2010-05-28 08:33:00,2011-09-08 13:57:00,8,7,1302.3,662,468,162.7875,Repeat Customer
15401,2010-05-20 10:56:00,2010-09-13 13:42:00,2,2,216.95,93,116,108.475,Repeat Customer
15402,2010-04-27 12:12:00,2011-07-14 12:17:00,6,6,1830.1200000000001,2033,443,305.02000000000004,Repeat Customer
15403,2009-12-09 12:45:00,2010-08-05 12:21:00,2,2,170.88,492,238,85.44,Repeat Customer
15404,2010-11-29 11:03:00,2010-11-29 11:03:00,1,1,257.06,334,0,257.06,One-Time Customer
15405,2010-05-12 15:56:00,2011-06-03 14:44:00,2,2,659.84,348,386,329.92,Repeat Customer
15406,2010-09-12 13:06:00,2011-11-08 13:22:00,4,3,975.87,547,422,243.9675,Repeat Customer
15407,2011-02-07 13:18:00,2011-11-06 11:55:00,4,4,1046.74,552,271,261.685,Repeat Customer
15408,2011-03-20 15:02:00,2011-03-20 15:02:00,1,1,267.18,106,0,267.18,One-Time Customer
15409,2009-12-18 15:35:00,2009-12-18 15:35:00,1,1,131.25,59,0,131.25,One-Time Customer
15410,2010-04-19 08:57:00,2011-09-16 14:47:00,10,8,4685.72,1902,515,468.572,Repeat Customer
15411,2011-06-10 12:30:00,2011-11-13 15:19:00,4,4,1348.93,529,156,337.2325,Repeat Customer
15412,2011-06-21 15:24:00,2011-06-21 15:24:00,1,1,190.53,108,0,190.53,One-Time Customer
15413,2009-12-01 10:18:00,2010-01-17 11:33:00,5,2,6798.72,2694,47,1359.7440000000001,Repeat Customer
15414,2011-04-11 13:45:00,2011-11-30 09:50:00,3,2,774.9000000000001,443,232,258.3,Repeat Customer
15415,2011-01-30 14:13:00,2011-01-30 14:13:00,1,1,559.61,551,0,559.61,One-Time Customer
15416,2010-02-01 11:55:00,2011-10-06 09:38:00,7,6,4572.82,2420,611,653.26,Repeat Customer
15417,2011-09-15 15:26:00,2011-09-15 15:26:00,1,1,508.8,284,0,508.8,One-Time Customer
15418,2010-05-02 11:31:00,2010-10-10 13:38:00,2,2,449.42,264,161,224.71,Repeat Customer
15419,2011-11-15 09:23:00,2011-11-15 09:23:00,1,1,135.86,230,0,135.86,One-Time Customer
15420,2009-12-05 13:29:00,2010-10-01 15:46:00,6,5,743.0,844,300,123.83333333333333,Repeat Customer
15421,2009-12-07 15:10:00,2011-10-12 09:20:00,10,9,3805.34,1927,673,380.534,Repeat Customer
15422,2010-02-07 11:52:00,2011-01-20 16:17:00,7,5,1619.97,710,347,231.42428571428573,Repeat Customer
15423,2010-03-28 13:42:00,2011-11-01 14:01:00,3,3,266.89,198,583,88.96333333333332,Repeat Customer
15424,2010-09-02 17:17:00,2011-03-30 13:02:00,3,2,597.78,873,208,199.26,Repeat Customer
15425,2010-02-14 12:36:00,2010-11-04 18:13:00,4,4,1941.1200000000001,1041,263,485.28000000000003,Repeat Customer
15426,2010-05-02 15:10:00,2011-11-20 15:36:00,9,6,2156.35,1041,567,239.59444444444443,Repeat Customer
15427,2011-10-23 14:47:00,2011-11-06 14:29:00,3,2,1430.54,967,13,476.84666666666664,Repeat Customer
15428,2009-12-17 17:46:00,2011-11-24 16:54:00,4,4,762.75,347,706,190.6875,Repeat Customer
15429,2011-09-25 13:42:00,2011-11-13 12:28:00,2,2,397.35,380,48,198.675,Repeat Customer
15430,2010-06-29 15:04:00,2010-08-29 10:42:00,2,2,954.75,309,60,477.375,Repeat Customer
15431,2010-07-25 12:44:00,2010-07-25 12:44:00,1,1,153.24,84,0,153.24,One-Time Customer
15432,2010-06-16 14:34:00,2011-11-16 16:30:00,2,2,320.76,92,518,160.38,Repeat Customer
15433,2011-03-17 14:12:00,2011-05-10 10:45:00,2,2,533.3,534,53,266.65,Repeat Customer
15434,2010-01-24 15:35:00,2011-12-01 13:33:00,11,8,2567.06,1423,675,233.36909090909091,Repeat Customer
15435,2011-11-17 16:39:00,2011-11-17 16:39:00,1,1,149.29,54,0,149.29,One-Time Customer
15436,2011-04-19 16:52:00,2011-11-27 16:05:00,3,3,1067.75,574,221,355.9166666666667,Repeat Customer
15437,2010-03-09 10:45:00,2011-03-22 13:11:00,2,2,393.45,177,378,196.725,Repeat Customer
15438,2011-07-31 14:19:00,2011-07-31 14:19:00,1,1,156.57999999999998,59,0,156.57999999999998,One-Time Customer
15439,2010-02-24 12:05:00,2010-10-31 10:38:00,4,2,1269.05,572,248,317.2625,Repeat Customer
15440,2011-05-15 11:30:00,2011-10-16 12:16:00,3,3,383.68,197,154,127.89333333333333,Repeat Customer
15441,2009-12-09 14:55:00,2010-11-08 15:50:00,3,3,1254.21,587,334,418.07,Repeat Customer
15442,2011-04-05 12:24:00,2011-04-05 12:24:00,1,1,594.0,120,0,594.0,One-Time Customer
15443,2010-03-07 12:10:00,2011-12-08 10:40:00,14,11,5114.2300000000005,2699,640,365.3021428571429,Repeat Customer
15444,2011-10-30 16:12:00,2011-11-30 17:37:00,2,2,1411.21,759,31,705.605,Repeat Customer
15445,2010-04-28 15:00:00,2011-03-20 15:06:00,2,2,284.5,118,326,142.25,Repeat Customer
15446,2009-12-13 13:53:00,2010-11-28 11:59:00,3,3,396.75,262,349,132.25,Repeat Customer
15447,2010-03-24 14:40:00,2011-01-13 11:26:00,5,4,492.88,228,294,98.576,Repeat Customer
15448,2010-02-03 13:29:00,2011-01-31 10:42:00,2,2,788.8100000000001,487,361,394.40500000000003,Repeat Customer
15449,2011-03-23 10:43:00,2011-11-13 15:02:00,3,3,974.52,812,235,324.84,Repeat Customer
15450,2011-11-09 17:11:00,2011-11-09 17:11:00,1,1,429.84,376,0,429.84,One-Time Customer
15451,2010-04-19 14:08:00,2010-10-01 13:40:00,2,2,226.86,76,164,113.43,Repeat Customer
15452,2010-07-16 14:23:00,2011-11-10 12:13:00,6,6,1785.1100000000001,1087,481,297.5183333333334,Repeat Customer
15453,2011-06-05 12:37:00,2011-12-08 10:59:00,7,6,1371.77,837,185,195.96714285714285,Repeat Customer
15454,2010-03-31 13:15:00,2010-12-12 14:21:00,2,2,303.89,141,256,151.945,Repeat Customer
15455,2010-04-21 12:43:00,2010-04-21 12:43:00,1,1,38.25,3,0,38.25,One-Time Customer
15456,2009-12-08 12:54:00,2011-03-01 13:51:00,10,8,2091.52,2727,448,209.152,Repeat Customer
15457,2011-03-22 15:31:00,2011-03-22 15:31:00,1,1,237.07,132,0,237.07,One-Time Customer
15458,2010-11-02 19:50:00,2011-11-14 13:08:00,2,2,370.44,300,376,185.22,Repeat Customer
15459,2010-07-30 14:31:00,2010-10-18 15:25:00,2,2,202.83,121,80,101.415,Repeat Customer
15460,2010-12-20 16:08:00,2010-12-20 16:08:00,1,1,214.26,107,0,214.26,One-Time Customer
15461,2010-03-18 12:40:00,2010-09-05 12:31:00,2,2,429.7,230,170,214.85,Repeat Customer
15462,2010-09-20 10:23:00,2011-09-06 13:11:00,4,4,737.05,495,351,184.2625,Repeat Customer
15463,2011-11-10 12:57:00,2011-11-10 12:57:00,1,1,126.14,106,0,126.14,One-Time Customer
15464,2011-01-05 15:56:00,2011-01-05 15:56:00,1,1,1044.65,348,0,1044.65,One-Time Customer
15465,2009-12-10 09:42:00,2011-11-20 10:11:00,32,18,12100.4,2638,710,378.1375,Repeat Customer
15466,2009-12-03 12:28:00,2011-09-15 14:08:00,4,4,1560.46,941,651,390.115,Repeat Customer
15467,2011-07-10 14:42:00,2011-11-30 14:17:00,3,2,524.88,310,142,174.96,Repeat Customer
15468,2010-11-12 09:39:00,2011-10-19 13:49:00,3,2,1430.48,1400,341,476.82666666666665,Repeat Customer
15469,2010-09-27 10:09:00,2011-10-20 16:21:00,3,3,874.25,287,388,291.4166666666667,Repeat Customer
15470,2010-05-13 09:35:00,2010-05-13 09:35:00,1,1,63.419999999999995,232,0,63.419999999999995,One-Time Customer
15471,2010-06-07 12:17:00,2011-12-07 14:12:00,3,3,1292.01,670,548,430.67,Repeat Customer
15472,2011-08-18 15:17:00,2011-08-18 15:17:00,1,1,371.56,251,0,371.56,One-Time Customer
15473,2010-09-21 09:14:00,2011-11-25 15:15:00,8,3,2046.0,776,430,255.75,Repeat Customer
15474,2010-04-23 11:14:00,2010-04-23 11:14:00,1,1,150.35,55,0,150.35,One-Time Customer
15475,2011-09-23 15:20:00,2011-09-23 15:20:00,1,1,454.11,319,0,454.11,One-Time Customer
15476,2010-09-23 14:00:00,2010-11-24 15:17:00,4,2,2209.98,1174,62,552.495,Repeat Customer
15477,2010-02-28 10:37:00,2010-02-28 10:37:00,1,1,368.4,216,0,368.4,One-Time Customer
15478,2010-05-13 18:49:00,2011-10-30 14:19:00,3,2,1940.98,844,534,646.9933333333333,Repeat Customer
15479,2009-12-06 15:08:00,2009-12-06 15:08:00,1,1,147.4,38,0,147.4,One-Time Customer
15480,2010-02-01 14:52:00,2011-08-15 14:32:00,3,3,3592.25,1850,559,1197.4166666666667,Repeat Customer
15481,2010-11-03 14:52:00,2010-11-03 14:52:00,1,1,1993.34,1450,0,1993.34,One-Time Customer
15482,2009-12-02 16:59:00,2011-11-24 10:46:00,18,10,14377.36,6515,721,798.7422222222223,Repeat Customer
15483,2010-01-24 15:42:00,2011-07-01 13:07:00,10,6,810.68,871,522,81.068,Repeat Customer
15484,2009-12-05 15:18:00,2011-12-08 15:03:00,6,6,4652.1,4074,732,775.35,Repeat Customer
15485,2009-12-01 17:31:00,2011-11-09 14:31:00,7,6,4810.92,2153,707,687.2742857142857,Repeat Customer
15486,2010-06-30 13:15:00,2010-06-30 13:15:00,1,1,102.0,40,0,102.0,One-Time Customer
15487,2010-01-29 12:07:00,2010-01-29 12:07:00,1,1,231.32,144,0,231.32,One-Time Customer
15488,2010-05-05 13:03:00,2011-09-08 10:11:00,5,4,431.92,251,490,86.384,Repeat Customer
15489,2010-01-15 16:58:00,2011-11-17 08:53:00,8,8,2419.61,1264,670,302.45125,Repeat Customer
15490,2010-10-05 13:11:00,2010-10-05 13:11:00,1,1,210.85,82,0,210.85,One-Time Customer
15491,2011-04-18 10:04:00,2011-09-05 15:56:00,6,5,3100.09,1646,140,516.6816666666667,Repeat Customer
15492,2011-09-26 14:02:00,2011-11-11 14:53:00,2,2,659.46,483,46,329.73,Repeat Customer
15493,2010-02-23 11:14:00,2011-11-07 12:04:00,9,8,4113.19,1205,622,457.02111111111105,Repeat Customer
15494,2009-12-10 20:16:00,2011-11-18 14:51:00,5,5,3702.6,3052,707,740.52,Repeat Customer
15495,2010-11-25 13:46:00,2010-11-25 13:46:00,1,1,246.5,194,0,246.5,One-Time Customer
15496,2010-03-18 13:16:00,2010-03-18 13:16:00,1,1,146.14,98,0,146.14,One-Time Customer
15497,2009-12-18 15:08:00,2011-11-22 11:51:00,9,9,8657.39,2937,703,961.9322222222222,Repeat Customer
15498,2009-12-16 17:27:00,2011-12-07 12:48:00,44,20,24972.86,12134,720,567.565,Repeat Customer
15499,2009-12-16 12:17:00,2009-12-16 12:17:00,1,1,158.65,59,0,158.65,One-Time Customer
15500,2011-09-19 13:47:00,2011-12-01 13:47:00,4,3,1131.56,572,73,282.89,Repeat Customer
15501,2010-10-20 12:47:00,2010-10-31 11:15:00,2,1,399.95,205,10,199.975,Repeat Customer
15502,2010-06-03 11:12:00,2011-11-24 12:48:00,12,7,9542.92,5555,539,795.2433333333333,Repeat Customer
15503,2009-12-13 11:34:00,2010-12-12 10:57:00,2,2,257.3,130,363,128.65,Repeat Customer
15504,2010-02-12 12:34:00,2011-09-19 13:45:00,4,4,391.45,138,584,97.8625,Repeat Customer
15505,2011-07-07 13:33:00,2011-10-18 07:56:00,5,4,3610.96,2390,102,722.192,Repeat Customer
15506,2010-08-19 12:38:00,2011-11-17 12:11:00,6,6,2030.33,1637,454,338.3883333333333,Repeat Customer
15507,2011-06-21 11:19:00,2011-06-21 11:19:00,1,1,475.86,160,0,475.86,One-Time Customer
15508,2011-04-18 15:31:00,2011-06-03 15:43:00,6,3,1000.27,440,46,166.71166666666667,Repeat Customer
15509,2010-11-24 14:48:00,2010-11-24 14:48:00,1,1,152.41,58,0,152.41,One-Time Customer
15510,2011-01-13 12:10:00,2011-01-13 12:10:00,1,1,250.0,2,0,250.0,One-Time Customer
15511,2011-09-15 15:05:00,2011-11-28 09:43:00,5,3,900.53,269,73,180.106,Repeat Customer
15512,2010-02-01 13:23:00,2011-07-07 10:20:00,4,4,331.58,235,520,82.895,Repeat Customer
15513,2010-01-13 14:59:00,2011-11-06 14:36:00,35,19,26437.05,10477,661,755.3442857142857,Repeat Customer
15514,2009-12-04 16:37:00,2011-11-27 14:40:00,18,9,6388.28,4069,722,354.90444444444444,Repeat Customer
15515,2010-11-17 13:39:00,2010-11-17 13:39:00,1,1,171.81,131,0,171.81,One-Time Customer
15516,2011-10-24 11:33:00,2011-10-26 10:51:00,3,1,62.43,27,1,20.81,Repeat Customer
15517,2011-04-20 14:02:00,2011-04-20 14:02:00,1,1,267.03,293,0,267.03,One-Time Customer
15518,2009-12-20 12:21:00,2011-10-06 13:05:00,15,11,4189.99,2810,655,279.3326666666666,Repeat Customer
15519,2010-09-19 13:57:00,2010-11-21 14:35:00,2,2,344.61,116,63,172.305,Repeat Customer
15520,2011-12-08 10:58:00,2011-12-08 10:58:00,1,1,343.5,314,0,343.5,One-Time Customer
15521,2010-01-05 10:19:00,2011-10-30 13:42:00,16,12,7087.64,4504,663,442.9775,Repeat Customer
15522,2011-09-13 12:26:00,2011-11-07 11:26:00,2,2,397.99,572,54,198.995,Repeat Customer
15523,2009-12-02 15:16:00,2011-09-16 16:29:00,16,11,17259.19,15633,653,1078.699375,Repeat Customer
15524,2010-04-12 09:19:00,2011-11-15 12:09:00,2,2,591.4,28,582,295.7,Repeat Customer
15525,2010-11-22 12:10:00,2011-12-07 14:43:00,4,4,887.72,525,380,221.93,Repeat Customer
15526,2011-11-06 15:01:00,2011-11-06 15:04:00,2,1,148.44,24,0,74.22,Repeat Customer
15527,2009-12-15 17:31:00,2011-11-21 12:17:00,23,15,5554.04,2210,705,241.48,Repeat Customer
15528,2011-03-30 16:14:00,2011-03-30 16:14:00,1,1,229.33,123,0,229.33,One-Time Customer
15529,2010-11-10 14:26:00,2011-11-17 11:29:00,12,10,4781.11,4270,371,398.4258333333333,Repeat Customer
15530,2010-07-15 11:10:00,2011-11-18 12:25:00,5,5,1808.68,1328,491,361.736,Repeat Customer
15531,2011-11-09 17:47:00,2011-12-01 18:43:00,2,2,1972.39,1085,22,986.195,Repeat Customer
15532,2010-06-08 14:52:00,2011-11-14 14:51:00,10,8,3717.2000000000003,1328,523,371.72,Repeat Customer
15533,2011-09-11 15:41:00,2011-11-20 15:35:00,3,2,807.57,289,69,269.19,Repeat Customer
15534,2009-12-14 12:48:00,2009-12-14 12:48:00,1,1,162.25,63,0,162.25,One-Time Customer
15535,2010-09-16 20:04:00,2011-06-19 16:02:00,6,5,1044.3700000000001,314,275,174.0616666666667,Repeat Customer
15536,2010-10-26 16:31:00,2010-10-26 16:31:00,1,1,259.09,242,0,259.09,One-Time Customer
15537,2011-06-29 13:10:00,2011-06-29 13:10:00,1,1,110.92,29,0,110.92,One-Time Customer
15538,2010-02-14 12:38:00,2010-06-20 10:49:00,6,4,3358.4,1016,125,559.7333333333333,Repeat Customer
15539,2011-12-02 13:36:00,2011-12-02 13:36:00,1,1,538.46,410,0,538.46,One-Time Customer
15540,2010-11-29 11:10:00,2011-11-28 13:51:00,2,2,460.68,444,364,230.34,Repeat Customer
15541,2011-08-17 14:58:00,2011-08-17 14:58:00,1,1,85.13000000000001,49,0,85.13000000000001,One-Time Customer
15542,2009-12-02 11:53:00,2010-07-15 13:32:00,3,2,855.71,418,225,285.2366666666667,Repeat Customer
15543,2010-09-06 11:28:00,2011-02-24 15:26:00,2,2,242.26,167,171,121.13,Repeat Customer
15544,2010-01-28 14:39:00,2011-11-30 16:43:00,20,14,7807.89,6745,671,390.3945,Repeat Customer
15545,2010-12-03 17:28:00,2011-10-16 13:24:00,2,2,288.96999999999997,162,316,144.48499999999999,Repeat Customer
15546,2010-04-12 11:45:00,2010-04-12 11:51:00,2,1,1079.1000000000001,198,0,539.5500000000001,Repeat Customer
15547,2009-12-06 13:40:00,2011-12-02 12:52:00,26,18,10002.65,7251,725,384.71730769230766,Repeat Customer
15548,2010-04-23 12:20:00,2010-04-23 12:20:00,1,1,158.09,64,0,158.09,One-Time Customer
15549,2010-01-11 13:16:00,2011-09-23 16:22:00,8,7,2330.41,933,620,291.30125,Repeat Customer
15550,2009-12-03 15:15:00,2011-12-05 15:38:00,12,9,2211.05,1139,732,184.2541666666667,Repeat Customer
15551,2010-06-07 15:05:00,2011-11-03 12:37:00,7,5,1679.81,796,513,239.97285714285712,Repeat Customer
15552,2010-03-26 16:17:00,2011-05-06 14:47:00,2,2,252.52,166,405,126.26,Repeat Customer
15553,2011-10-10 14:02:00,2011-10-10 14:02:00,1,1,428.93,449,0,428.93,One-Time Customer
15554,2011-03-07 09:00:00,2011-03-07 09:00:00,1,1,217.2,74,0,217.2,One-Time Customer
15555,2009-12-06 11:58:00,2011-11-27 16:19:00,36,19,11233.78,8454,721,312.0494444444445,Repeat Customer
15556,2011-11-15 16:08:00,2011-11-15 16:08:00,1,1,279.77,236,0,279.77,One-Time Customer
15557,2011-11-11 12:46:00,2011-11-11 12:46:00,1,1,468.91,213,0,468.91,One-Time Customer
15558,2010-03-10 15:25:00,2010-03-10 15:25:00,1,1,202.68,73,0,202.68,One-Time Customer
15559,2010-05-20 14:06:00,2010-05-20 14:06:00,1,1,1109.4,526,0,1109.4,One-Time Customer
15560,2010-11-07 10:14:00,2010-11-07 10:15:00,2,1,153.52,72,0,76.76,Repeat Customer
15561,2010-02-14 12:22:00,2011-11-28 11:07:00,8,7,1934.3899999999999,1334,651,241.79874999999998,Repeat Customer
15562,2009-12-13 15:17:00,2010-12-23 09:55:00,3,3,671.4300000000001,560,374,223.81000000000003,Repeat Customer
15563,2010-01-28 11:36:00,2011-11-17 12:59:00,6,6,2820.46,2945,658,470.07666666666665,Repeat Customer
15564,2010-02-01 15:58:00,2010-09-02 15:52:00,2,2,70.74000000000001,42,212,35.370000000000005,Repeat Customer
15565,2011-09-30 10:44:00,2011-10-20 14:33:00,2,2,173.16000000000003,60,20,86.58000000000001,Repeat Customer
15566,2009-12-15 14:53:00,2010-11-12 12:11:00,2,2,227.87,153,331,113.935,Repeat Customer
15567,2011-11-21 10:48:00,2011-11-21 10:48:00,1,1,186.01,223,0,186.01,One-Time Customer
15568,2011-09-27 14:37:00,2011-12-07 11:27:00,3,3,758.29,461,70,252.76333333333332,Repeat Customer
15569,2010-02-28 10:55:00,2011-08-28 10:15:00,10,8,3583.45,1734,545,358.34499999999997,Repeat Customer
15570,2010-03-28 14:04:00,2011-12-02 14:47:00,25,15,8736.49,4079,614,349.45959999999997,Repeat Customer
15571,2009-12-06 12:10:00,2011-11-28 10:02:00,14,8,3892.35,2411,721,278.025,Repeat Customer
15572,2010-04-14 14:38:00,2011-12-05 10:09:00,10,8,3965.2,2089,599,396.52,Repeat Customer
15573,2009-12-10 14:19:00,2011-11-08 11:38:00,5,5,1180.47,769,697,236.094,Repeat Customer
15574,2010-09-01 14:37:00,2011-06-15 12:01:00,6,4,1101.44,750,286,183.57333333333335,Repeat Customer
15575,2010-03-30 12:50:00,2010-03-30 12:50:00,1,1,30.1,6,0,30.1,One-Time Customer
15576,2011-11-02 12:03:00,2011-11-02 12:03:00,1,1,921.37,394,0,921.37,One-Time Customer
15577,2009-12-13 16:17:00,2011-07-11 17:03:00,5,3,396.03,120,575,79.20599999999999,Repeat Customer
15578,2011-06-30 13:03:00,2011-06-30 13:03:00,1,1,127.1,52,0,127.1,One-Time Customer
15579,2010-10-03 14:37:00,2011-10-02 12:45:00,5,4,1250.63,713,363,250.12600000000003,Repeat Customer
15580,2010-02-07 11:21:00,2010-11-28 11:00:00,8,7,1375.39,955,293,171.92375,Repeat Customer
15581,2009-12-02 12:19:00,2011-07-06 14:04:00,34,13,4505.16,3023,581,132.50470588235294,Repeat Customer
15582,2011-05-03 13:36:00,2011-11-15 09:55:00,3,3,682.9100000000001,453,195,227.63666666666668,Repeat Customer
15583,2010-11-28 15:04:00,2010-11-28 15:04:00,1,1,95.96000000000001,56,0,95.96000000000001,One-Time Customer
15584,2010-02-07 12:16:00,2011-11-16 10:55:00,6,6,1268.2,483,646,211.36666666666667,Repeat Customer
15585,2011-06-16 08:38:00,2011-06-16 08:38:00,1,1,455.3,320,0,455.3,One-Time Customer
15586,2010-01-08 10:02:00,2010-04-26 11:00:00,3,3,1139.1000000000001,1338,108,379.70000000000005,Repeat Customer
15587,2010-08-05 08:44:00,2011-10-20 13:37:00,7,7,1522.08,528,441,217.44,Repeat Customer
15588,2010-01-31 12:19:00,2010-01-31 12:19:00,1,1,579.6,96,0,579.6,One-Time Customer
15589,2011-02-02 10:46:00,2011-03-29 09:54:00,3,2,478.53,243,54,159.51,Repeat Customer
15590,2010-04-12 10:09:00,2010-11-22 14:49:00,5,4,1496.6,832,224,299.32,Repeat Customer
15591,2010-02-04 09:20:00,2010-05-06 09:23:00,3,3,217.9,58,91,72.63333333333334,Repeat Customer
15592,2011-10-24 08:59:00,2011-10-24 08:59:00,1,1,388.58,354,0,388.58,One-Time Customer
15593,2011-09-30 11:46:00,2011-09-30 11:46:00,1,1,199.8,60,0,199.8,One-Time Customer
15594,2011-04-19 10:08:00,2011-11-24 08:53:00,5,3,1771.78,983,218,354.356,Repeat Customer
15595,2010-08-09 12:27:00,2010-08-09 12:27:00,1,1,357.59999999999997,144,0,357.59999999999997,One-Time Customer
15596,2010-07-28 11:46:00,2011-08-31 10:55:00,9,8,2727.72,1208,398,303.08,Repeat Customer
15597,2010-05-13 13:10:00,2011-11-04 13:26:00,2,2,563.37,393,540,281.685,Repeat Customer
15598,2010-10-08 09:20:00,2011-10-17 16:04:00,2,2,548.02,404,374,274.01,Repeat Customer
15599,2010-09-20 10:15:00,2011-11-13 11:44:00,3,3,1250.06,1098,419,416.68666666666667,Repeat Customer
15600,2010-04-25 11:50:00,2010-10-07 14:30:00,4,4,1199.31,657,165,299.8275,Repeat Customer
15601,2009-12-01 14:53:00,2011-11-28 15:15:00,30,19,14191.74,10395,727,473.058,Repeat Customer
15602,2009-12-02 09:35:00,2011-12-01 14:14:00,16,12,3137.96,2292,729,196.1225,Repeat Customer
15603,2010-03-01 16:02:00,2011-09-22 10:04:00,2,2,88.48,128,569,44.24,Repeat Customer
15604,2011-10-18 14:47:00,2011-10-18 14:47:00,1,1,216.39000000000001,159,0,216.39000000000001,One-Time Customer
15605,2010-01-14 14:03:00,2011-11-03 14:17:00,9,8,1741.95,641,658,193.55,Repeat Customer
15606,2010-03-02 14:48:00,2011-10-09 15:47:00,17,13,5230.99,1615,586,307.70529411764704,Repeat Customer
15607,2010-01-08 12:16:00,2011-01-07 12:44:00,9,6,1708.97,1470,364,189.88555555555556,Repeat Customer
15608,2010-10-20 10:10:00,2011-11-11 13:20:00,5,4,1785.98,1262,387,357.196,Repeat Customer
15609,2011-06-08 13:00:00,2011-06-08 13:00:00,1,1,298.48,148,0,298.48,One-Time Customer
15610,2011-10-19 10:36:00,2011-10-19 10:36:00,1,1,112.46000000000001,66,0,112.46000000000001,One-Time Customer
15611,2010-01-25 14:50:00,2011-11-30 12:36:00,24,14,2976.28,745,673,124.01166666666667,Repeat Customer
15612,2011-10-09 12:49:00,2011-11-03 14:52:00,2,2,195.15,52,25,97.575,Repeat Customer
15613,2010-04-08 12:51:00,2010-04-08 12:51:00,1,1,433.71999999999997,700,0,433.71999999999997,One-Time Customer
15614,2010-03-23 11:13:00,2010-09-28 10:46:00,4,3,3147.36,1632,188,786.84,Repeat Customer
15615,2009-12-02 15:28:00,2011-11-29 14:42:00,47,22,21373.97,12090,726,454.7653191489362,Repeat Customer
15616,2010-09-27 13:10:00,2010-09-27 13:10:00,1,1,317.11,137,0,317.11,One-Time Customer
15617,2010-07-20 13:16:00,2010-11-08 16:07:00,3,3,828.5500000000001,485,111,276.18333333333334,Repeat Customer
15618,2011-07-26 10:13:00,2011-11-07 08:34:00,4,3,776.851,454,103,194.21275,Repeat Customer
15619,2011-11-29 08:14:00,2011-11-29 08:14:00,1,1,336.4,136,0,336.4,One-Time Customer
15620,2010-10-26 11:32:00,2011-10-14 12:41:00,4,4,1942.36,1249,353,485.59,Repeat Customer
15621,2011-11-18 11:49:00,2011-12-05 14:01:00,4,2,1293.03,501,17,323.2575,Repeat Customer
15622,2010-03-04 10:29:00,2011-10-27 16:44:00,17,10,7852.610000000001,4091,602,461.91823529411766,Repeat Customer
15623,2009-12-10 14:46:00,2011-07-21 17:26:00,8,8,2437.05,1087,588,304.63125,Repeat Customer
15624,2011-03-28 13:32:00,2011-08-15 11:38:00,4,4,588.13,357,139,147.0325,Repeat Customer
15625,2010-06-15 15:23:00,2011-08-28 10:21:00,9,7,3236.4,3020,438,359.6,Repeat Customer
15626,2010-10-14 17:16:00,2011-09-26 10:03:00,3,3,1067.52,1138,346,355.84,Repeat Customer
15627,2010-07-05 11:56:00,2010-09-08 14:14:00,2,2,566.9,344,65,283.45,Repeat Customer
15628,2009-12-13 13:39:00,2011-12-05 10:24:00,17,15,5333.08,3569,721,313.7105882352941,Repeat Customer
15629,2010-06-25 11:39:00,2010-09-15 13:46:00,4,3,2240.9,1518,82,560.225,Repeat Customer
15630,2010-03-05 14:30:00,2011-10-25 15:36:00,3,3,1481.4,987,599,493.8,Repeat Customer
15631,2010-03-07 14:52:00,2010-03-07 14:52:00,1,1,596.67,525,0,596.67,One-Time Customer
15632,2011-03-10 08:29:00,2011-11-24 09:51:00,8,7,3285.31,2109,259,410.66375,Repeat Customer
15633,2009-12-08 17:51:00,2010-07-18 13:54:00,13,8,4335.96,2048,221,333.5353846153846,Repeat Customer
15634,2010-11-21 15:30:00,2011-11-22 16:28:00,2,2,554.65,227,366,277.325,Repeat Customer
15635,2010-11-09 08:58:00,2010-11-09 08:58:00,1,1,100.35,5,0,100.35,One-Time Customer
15636,2010-05-19 11:37:00,2011-09-11 11:17:00,4,4,1444.58,560,479,361.145,Repeat Customer
15637,2009-12-15 17:54:00,2011-10-18 08:28:00,5,5,797.59,651,671,159.518,Repeat Customer
15638,2010-04-08 14:37:00,2010-11-26 11:52:00,6,4,2265.2,1134,231,377.5333333333333,Repeat Customer
15639,2010-04-13 13:11:00,2011-07-28 14:30:00,3,3,1065.08,849,471,355.02666666666664,Repeat Customer
15640,2009-12-14 16:36:00,2011-12-05 14:35:00,29,19,23459.51,12116,720,808.9486206896552,Repeat Customer
15641,2009-12-06 15:31:00,2011-08-26 14:04:00,12,10,5345.55,4422,627,445.46250000000003,Repeat Customer
15642,2009-12-10 11:51:00,2009-12-10 11:51:00,1,1,105.78,270,0,105.78,One-Time Customer
15643,2011-03-02 14:34:00,2011-06-01 07:38:00,3,2,664.0,246,90,221.33333333333334,Repeat Customer
15644,2011-03-23 15:37:00,2011-06-26 14:54:00,4,2,803.54,550,94,200.885,Repeat Customer
15645,2010-10-10 12:51:00,2011-11-21 11:55:00,3,2,1054.75,395,406,351.5833333333333,Repeat Customer
15646,2010-10-25 13:06:00,2011-07-05 09:53:00,5,5,784.8100000000001,821,252,156.96200000000002,Repeat Customer
15647,2010-10-20 15:09:00,2010-10-20 15:09:00,1,1,169.0,124,0,169.0,One-Time Customer
15648,2011-03-17 18:59:00,2011-05-19 15:53:00,2,2,639.5,218,62,319.75,Repeat Customer
15649,2010-11-17 16:22:00,2011-01-07 13:34:00,4,3,1660.35,365,50,415.0875,Repeat Customer
15650,2010-03-21 11:46:00,2010-07-06 10:41:00,2,2,553.88,210,106,276.94,Repeat Customer
15651,2010-04-22 13:26:00,2011-11-03 08:41:00,5,4,1259.06,871,559,251.81199999999998,Repeat Customer
15652,2010-08-11 16:58:00,2011-09-09 14:22:00,5,4,1405.94,657,393,281.188,Repeat Customer
15653,2011-08-16 09:50:00,2011-09-08 10:49:00,2,2,877.44,1200,23,438.72,Repeat Customer
15654,2011-11-13 15:15:00,2011-11-30 13:08:00,2,1,922.53,475,16,461.265,Repeat Customer
15655,2011-04-10 15:25:00,2011-04-10 15:25:00,1,1,560.6700000000001,324,0,560.6700000000001,One-Time Customer
15656,2011-02-28 15:32:00,2011-10-25 14:56:00,4,4,748.5,343,238,187.125,Repeat Customer
15657,2011-11-17 12:19:00,2011-11-17 12:19:00,1,1,30.0,24,0,30.0,One-Time Customer
15658,2009-12-03 11:19:00,2011-06-02 15:22:00,8,8,2117.27,627,546,264.65875,Repeat Customer
15659,2010-02-24 13:32:00,2011-10-27 09:23:00,3,3,532.49,161,609,177.49666666666667,Repeat Customer
15660,2010-02-05 16:01:00,2011-11-14 16:58:00,15,12,2603.69,1783,647,173.57933333333332,Repeat Customer
15661,2010-05-10 07:59:00,2011-01-26 13:56:00,8,7,1215.95,779,261,151.99375,Repeat Customer
15662,2009-12-01 13:49:00,2010-02-16 16:47:00,2,2,283.73,145,77,141.865,Repeat Customer
15663,2011-08-25 15:50:00,2011-08-25 15:50:00,1,1,138.14,106,0,138.14,One-Time Customer
15664,2010-02-28 12:50:00,2011-10-20 10:57:00,4,4,1231.53,524,598,307.8825,Repeat Customer
15665,2010-03-14 15:07:00,2011-06-24 14:57:00,5,5,3987.07,2777,466,797.414,Repeat Customer
15666,2010-08-01 15:41:00,2010-08-24 16:14:00,2,1,632.94,469,23,316.47,Repeat Customer
15667,2011-10-31 10:56:00,2011-10-31 10:56:00,1,1,301.32000000000005,240,0,301.32000000000005,One-Time Customer
15668,2011-05-06 10:39:00,2011-05-06 10:39:00,1,1,76.32000000000001,72,0,76.32000000000001,One-Time Customer
15669,2011-03-21 09:13:00,2011-10-30 16:03:00,4,4,684.34,342,223,171.085,Repeat Customer
15670,2010-06-01 15:34:00,2011-02-16 10:50:00,2,2,325.2,132,259,162.6,Repeat Customer
15671,2011-03-14 09:37:00,2011-11-21 12:43:00,7,5,2657.13,1699,252,379.59000000000003,Repeat Customer
15672,2009-12-14 16:52:00,2009-12-14 16:52:00,1,1,45.300000000000004,10,0,45.300000000000004,One-Time Customer
15673,2010-02-22 14:28:00,2011-09-12 16:12:00,9,9,6204.32,3274,567,689.3688888888888,Repeat Customer
15674,2009-12-08 17:08:00,2011-09-27 15:17:00,12,11,6613.52,3647,657,551.1266666666667,Repeat Customer
15675,2010-10-31 14:14:00,2011-09-19 13:48:00,4,4,542.04,624,322,135.51,Repeat Customer
15676,2011-03-01 10:19:00,2011-11-21 12:40:00,3,2,3435.76,2252,265,1145.2533333333333,Repeat Customer
15677,2010-09-02 12:08:00,2011-10-21 15:36:00,3,3,1305.6299999999999,675,414,435.21,Repeat Customer
15678,2010-07-05 12:49:00,2011-10-18 09:25:00,3,3,1825.94,1022,469,608.6466666666666,Repeat Customer
15679,2011-06-10 08:24:00,2011-11-15 16:19:00,4,3,781.28,1170,158,195.32,Repeat Customer
15680,2009-12-02 12:15:00,2011-11-30 13:46:00,10,10,4028.69,2743,728,402.869,Repeat Customer
15681,2010-05-24 14:18:00,2011-11-14 16:30:00,14,8,2989.7000000000003,1392,539,213.55,Repeat Customer
15682,2010-01-21 14:37:00,2010-04-19 15:30:00,2,2,318.24,222,88,159.12,Repeat Customer
15683,2010-08-23 12:01:00,2011-08-14 12:56:00,2,2,524.54,332,356,262.27,Repeat Customer
15684,2009-12-04 16:13:00,2010-06-10 18:51:00,3,3,173.95,77,188,57.98333333333333,Repeat Customer
15685,2010-09-15 13:43:00,2010-09-15 13:43:00,1,1,55.980000000000004,36,0,55.980000000000004,One-Time Customer
15686,2010-10-15 13:50:00,2010-10-15 13:50:00,1,1,90.0,72,0,90.0,One-Time Customer
15687,2011-01-13 15:13:00,2011-12-01 08:33:00,9,7,2993.1,1310,321,332.56666666666666,Repeat Customer
15688,2010-10-17 12:06:00,2010-10-17 12:06:00,1,1,190.57,95,0,190.57,One-Time Customer
15689,2010-04-01 09:53:00,2011-08-12 09:37:00,3,3,521.03,207,497,173.67666666666665,Repeat Customer
15690,2011-08-31 11:40:00,2011-12-05 15:59:00,2,2,239.76,408,96,119.88,Repeat Customer
15691,2009-12-06 16:01:00,2011-04-01 15:13:00,4,4,571.3,212,480,142.825,Repeat Customer
15692,2011-11-11 14:12:00,2011-11-11 14:12:00,1,1,191.04,138,0,191.04,One-Time Customer
15693,2010-02-18 14:37:00,2010-02-18 14:37:00,1,1,37.5,30,0,37.5,One-Time Customer
15694,2009-12-07 15:43:00,2011-12-09 09:44:00,23,16,9963.48,2466,731,433.1947826086956,Repeat Customer
15695,2010-01-27 10:56:00,2011-03-18 08:32:00,4,3,1131.04,484,414,282.76,Repeat Customer
15696,2010-01-24 14:36:00,2011-11-06 14:02:00,13,10,3881.2200000000003,1386,650,298.55538461538464,Repeat Customer
15697,2010-01-19 09:10:00,2010-01-19 09:10:00,1,1,246.75,127,0,246.75,One-Time Customer
15698,2010-03-25 17:38:00,2010-03-25 17:38:00,1,1,46.2,60,0,46.2,One-Time Customer
15699,2011-11-22 08:26:00,2011-11-22 08:26:00,1,1,309.65,113,0,309.65,One-Time Customer
15700,2011-06-19 15:36:00,2011-06-20 16:53:00,2,1,696.68,357,1,348.34,Repeat Customer
15701,2011-08-21 12:36:00,2011-12-07 14:39:00,4,4,1529.0,912,108,382.25,Repeat Customer
15702,2010-08-20 14:50:00,2010-08-20 14:50:00,1,1,112.57,102,0,112.57,One-Time Customer
15703,2011-03-20 10:51:00,2011-03-20 10:51:00,1,1,211.5,66,0,211.5,One-Time Customer
15704,2010-05-05 14:51:00,2011-07-22 13:35:00,6,5,3734.6600000000003,1709,442,622.4433333333334,Repeat Customer
15705,2011-05-22 15:37:00,2011-05-22 15:37:00,1,1,143.1,62,0,143.1,One-Time Customer
15706,2011-08-15 14:32:00,2011-10-07 10:09:00,4,3,1060.56,321,52,265.14,Repeat Customer
15707,2011-09-14 14:19:00,2011-11-04 14:35:00,4,3,916.98,594,51,229.245,Repeat Customer
15708,2010-10-10 11:33:00,2011-10-30 10:54:00,9,8,3887.15,1465,384,431.90555555555557,Repeat Customer
15709,2010-04-29 18:31:00,2011-03-01 10:38:00,2,2,327.85,169,305,163.925,Repeat Customer
15710,2010-10-18 17:05:00,2010-10-18 17:05:00,1,1,898.87,641,0,898.87,One-Time Customer
15711,2010-01-24 12:13:00,2010-06-01 12:14:00,2,2,420.25,199,128,210.125,Repeat Customer
15712,2009-12-01 11:17:00,2011-11-30 14:09:00,12,12,3472.41,1277,729,289.3675,Repeat Customer
15713,2009-12-16 09:41:00,2011-07-19 13:34:00,4,4,839.64,451,580,209.91,Repeat Customer
15714,2010-06-02 12:08:00,2011-11-28 11:26:00,5,4,783.96,361,543,156.792,Repeat Customer
15715,2010-03-30 12:17:00,2010-06-02 09:56:00,5,3,658.02,246,63,131.60399999999998,Repeat Customer
15716,2009-12-07 12:42:00,2011-07-17 11:59:00,11,11,2482.7400000000002,1373,586,225.70363636363638,Repeat Customer
15717,2010-04-26 10:41:00,2011-04-19 13:21:00,5,5,607.0,224,358,121.4,Repeat Customer
15718,2010-06-17 16:20:00,2010-06-17 16:20:00,1,1,293.79,95,0,293.79,One-Time Customer
15719,2009-12-01 12:47:00,2011-11-07 12:29:00,31,23,10194.32,5355,705,328.8490322580645,Repeat Customer
15720,2010-06-07 15:40:00,2011-11-15 14:48:00,2,2,739.22,327,525,369.61,Repeat Customer
15721,2011-11-28 12:14:00,2011-11-28 12:14:00,1,1,471.40000000000003,388,0,471.40000000000003,One-Time Customer
15722,2010-03-09 15:05:00,2011-11-04 11:43:00,11,8,5234.0,2279,604,475.8181818181818,Repeat Customer
15723,2010-05-14 12:55:00,2010-12-10 11:12:00,4,4,930.7,427,209,232.675,Repeat Customer
15724,2010-11-04 10:22:00,2011-05-22 14:40:00,3,3,310.85,117,199,103.61666666666667,Repeat Customer
15725,2011-11-24 14:51:00,2011-11-24 14:51:00,1,1,415.25,221,0,415.25,One-Time Customer
15726,2010-11-14 16:12:00,2010-11-14 16:12:00,1,1,321.91,123,0,321.91,One-Time Customer
15727,2010-01-24 12:12:00,2011-11-23 12:36:00,15,13,9371.71,5908,668,624.7806666666667,Repeat Customer
15728,2010-09-21 14:46:00,2010-11-25 10:39:00,2,2,544.6,132,64,272.3,Repeat Customer
15729,2010-11-01 13:44:00,2011-05-11 12:36:00,3,2,192.55,47,190,64.18333333333334,Repeat Customer
15730,2010-10-04 14:15:00,2011-10-05 12:31:00,5,5,1726.58,1061,365,345.316,Repeat Customer
15731,2010-06-04 10:10:00,2010-06-04 10:10:00,1,1,125.3,122,0,125.3,One-Time Customer
15732,2010-02-04 10:10:00,2011-05-11 14:24:00,10,6,1543.97,1264,461,154.397,Repeat Customer
15733,2011-03-02 09:05:00,2011-03-02 09:05:00,1,1,162.3,62,0,162.3,One-Time Customer
15734,2010-06-10 14:25:00,2011-08-17 10:50:00,4,4,2263.3,516,432,565.825,Repeat Customer
15735,2010-10-14 13:38:00,2010-10-14 13:38:00,1,1,327.68,206,0,327.68,One-Time Customer
15736,2010-09-30 14:19:00,2010-09-30 14:20:00,2,1,1767.1200000000001,1208,0,883.5600000000001,Repeat Customer
15737,2011-04-11 10:01:00,2011-11-25 11:21:00,8,5,1188.1200000000001,597,228,148.51500000000001,Repeat Customer
15738,2009-12-10 15:52:00,2011-11-21 08:26:00,41,23,13043.32,9030,710,318.12975609756097,Repeat Customer
15739,2011-10-04 13:42:00,2011-10-04 13:42:00,1,1,449.12,472,0,449.12,One-Time Customer
15740,2011-10-21 14:29:00,2011-10-21 14:29:00,1,1,154.88,152,0,154.88,One-Time Customer
15741,2010-03-31 11:55:00,2010-09-07 16:21:00,2,2,208.62,70,160,104.31,Repeat Customer
15742,2010-03-30 15:25:00,2010-03-30 15:25:00,1,1,156.87,51,0,156.87,One-Time Customer
15743,2011-06-08 10:14:00,2011-11-23 17:19:00,4,3,775.96,214,168,193.99,Repeat Customer
15744,2011-09-23 09:52:00,2011-09-23 09:52:00,1,1,34.8,120,0,34.8,One-Time Customer
15745,2011-04-17 13:04:00,2011-11-20 13:45:00,4,3,1094.5900000000001,421,217,273.64750000000004,Repeat Customer
15746,2011-07-28 15:21:00,2011-07-28 15:21:00,1,1,196.88,178,0,196.88,One-Time Customer
15747,2010-01-18 11:21:00,2011-11-27 12:26:00,9,9,2499.81,1344,678,277.75666666666666,Repeat Customer
15748,2010-09-16 16:52:00,2011-10-30 12:51:00,3,2,609.81,261,408,203.26999999999998,Repeat Customer
15749,2011-01-11 12:55:00,2011-04-18 13:20:00,3,2,44534.3,18028,97,14844.766666666668,Repeat Customer
15750,2009-12-01 17:19:00,2011-12-07 12:34:00,18,12,6452.991,4281,735,358.4995,Repeat Customer
15751,2009-12-06 13:08:00,2010-09-05 12:44:00,11,6,1380.44,443,272,125.49454545454546,Repeat Customer
15752,2010-09-08 11:56:00,2011-10-31 11:37:00,9,9,3924.91,2792,417,436.1011111111111,Repeat Customer
15753,2011-02-08 12:41:00,2011-02-08 12:41:00,1,1,79.2,144,0,79.2,One-Time Customer
15754,2010-02-22 13:31:00,2011-10-19 14:40:00,9,8,3037.61,1762,604,337.51222222222225,Repeat Customer
15755,2009-12-04 08:24:00,2011-11-29 14:57:00,17,15,5993.12,4034,725,352.53647058823526,Repeat Customer
15756,2011-04-04 14:00:00,2011-10-09 13:30:00,4,4,528.01,241,187,132.0025,Repeat Customer
15757,2010-06-10 13:47:00,2011-10-05 12:14:00,6,6,2940.36,1757,481,490.06,Repeat Customer
15758,2011-11-15 10:48:00,2011-11-15 10:48:00,1,1,205.25,47,0,205.25,One-Time Customer
15759,2009-12-02 10:08:00,2011-05-05 15:13:00,7,7,830.9300000000001,523,519,118.70428571428572,Repeat Customer
15761,2010-09-23 09:33:00,2010-09-23 09:33:00,1,1,143.05,31,0,143.05,One-Time Customer
15762,2011-09-23 15:17:00,2011-10-05 16:15:00,2,2,583.75,251,12,291.875,Repeat Customer
15763,2011-09-23 12:10:00,2011-11-08 09:44:00,2,2,1086.92,271,45,543.46,Repeat Customer
15764,2010-08-18 13:58:00,2011-09-12 17:58:00,8,6,4503.08,2945,390,562.885,Repeat Customer
15765,2010-02-11 10:25:00,2010-02-11 10:25:00,1,1,370.63,335,0,370.63,One-Time Customer
15766,2010-01-26 15:55:00,2011-10-06 17:03:00,3,3,831.0600000000001,334,618,277.02000000000004,Repeat Customer
15768,2009-12-03 12:10:00,2011-08-16 10:48:00,34,12,15308.89,4215,620,450.2614705882353,Repeat Customer
15769,2009-12-11 09:58:00,2011-12-02 13:52:00,46,25,88612.52,49068,721,1926.3591304347826,Repeat Customer
15770,2010-04-06 11:47:00,2010-04-06 11:47:00,1,1,321.45,67,0,321.45,One-Time Customer
15771,2010-01-15 12:14:00,2010-04-14 13:56:00,3,2,1006.54,512,89,335.5133333333333,Repeat Customer
15772,2010-10-17 13:33:00,2010-10-17 13:33:00,1,1,280.88,110,0,280.88,One-Time Customer
15773,2010-10-26 15:27:00,2011-12-04 12:48:00,2,2,774.52,410,403,387.26,Repeat Customer
15774,2010-02-21 12:57:00,2011-10-02 12:04:00,6,6,1287.09,464,587,214.515,Repeat Customer
15775,2010-03-18 07:32:00,2011-04-08 12:56:00,2,2,150.5,260,386,75.25,Repeat Customer
15776,2011-07-29 13:46:00,2011-07-29 13:46:00,1,1,241.62,138,0,241.62,One-Time Customer
15777,2010-05-20 10:37:00,2011-04-12 16:43:00,7,6,1762.6100000000001,599,327,251.8014285714286,Repeat Customer
15778,2010-10-04 15:10:00,2010-10-04 15:10:00,1,1,307.95000000000005,101,0,307.95000000000005,One-Time Customer
15779,2010-06-25 15:55:00,2010-09-02 16:40:00,2,2,124.08000000000001,20,69,62.040000000000006,Repeat Customer
15780,2010-12-17 11:43:00,2011-06-09 12:01:00,3,3,475.28000000000003,220,174,158.42666666666668,Repeat Customer
15781,2011-02-07 09:15:00,2011-11-14 14:57:00,3,3,345.46000000000004,180,280,115.15333333333335,Repeat Customer
15782,2010-10-05 15:43:00,2011-11-30 10:49:00,4,4,4014.1,1844,420,1003.525,Repeat Customer
15783,2011-11-29 09:50:00,2011-11-29 09:50:00,1,1,246.3,212,0,246.3,One-Time Customer
15784,2010-02-05 14:42:00,2010-08-29 10:38:00,2,2,848.33,381,204,424.165,Repeat Customer
15785,2009-12-15 16:28:00,2011-11-07 11:33:00,16,12,5969.93,4479,691,373.120625,Repeat Customer
15786,2010-06-21 10:13:00,2011-10-24 14:13:00,5,4,8501.62,5957,490,1700.324,Repeat Customer
15787,2011-10-09 13:11:00,2011-11-13 14:55:00,3,2,933.26,534,35,311.08666666666664,Repeat Customer
15788,2010-07-19 12:48:00,2010-07-19 12:48:00,1,1,221.83,115,0,221.83,One-Time Customer
15789,2010-03-26 11:21:00,2010-12-16 14:35:00,6,5,1962.01,2499,265,327.00166666666667,Repeat Customer
15790,2011-11-29 14:53:00,2011-11-29 14:53:00,1,1,218.75,113,0,218.75,One-Time Customer
15791,2010-03-08 09:41:00,2011-10-27 10:14:00,5,5,3608.34,1970,598,721.668,Repeat Customer
15792,2010-03-31 09:42:00,2010-11-05 08:21:00,2,2,933.84,606,218,466.92,Repeat Customer
15793,2009-12-01 12:54:00,2011-11-25 09:31:00,8,8,2399.57,1685,723,299.94625,Repeat Customer
15794,2009-12-02 15:10:00,2009-12-03 13:04:00,2,1,777.0,288,0,388.5,Repeat Customer
15795,2010-01-18 11:31:00,2011-07-13 10:43:00,8,6,1979.8700000000001,1411,540,247.48375000000001,Repeat Customer
15796,2010-03-31 13:10:00,2011-12-08 19:55:00,17,14,5170.63,1732,617,304.15470588235297,Repeat Customer
15797,2010-01-27 13:12:00,2011-08-18 17:04:00,5,5,2806.08,1280,568,561.216,Repeat Customer
15798,2010-01-27 11:55:00,2010-08-04 09:13:00,3,3,1535.37,915,188,511.78999999999996,Repeat Customer
15799,2010-10-17 14:26:00,2011-09-25 12:46:00,4,4,1421.34,1341,342,355.335,Repeat Customer
15800,2010-03-31 13:17:00,2011-08-24 14:23:00,7,4,1227.07,575,511,175.29571428571427,Repeat Customer
15801,2011-08-22 09:53:00,2011-10-24 13:52:00,3,2,1063.95,570,63,354.65000000000003,Repeat Customer
15803,2010-02-01 16:29:00,2011-10-19 14:56:00,4,3,1929.66,1030,624,482.415,Repeat Customer
15804,2011-05-25 10:12:00,2011-12-09 12:31:00,13,8,4206.39,2565,198,323.5684615384616,Repeat Customer
15805,2009-12-10 12:57:00,2011-11-16 16:32:00,30,16,10148.93,6205,706,338.29766666666666,Repeat Customer
15806,2011-03-08 09:24:00,2011-10-24 14:35:00,3,3,784.58,602,230,261.5266666666667,Repeat Customer
15807,2010-02-11 15:32:00,2011-10-20 14:10:00,5,4,1817.52,1532,615,363.504,Repeat Customer
15808,2009-12-01 16:30:00,2011-02-06 14:33:00,21,14,17180.25,6753,431,818.1071428571429,Repeat Customer
15809,2010-06-22 14:23:00,2011-11-03 16:40:00,7,7,1274.44,700,499,182.06285714285715,Repeat Customer
15810,2010-02-04 18:18:00,2011-09-22 09:38:00,8,8,2999.04,1653,594,374.88,Repeat Customer
15811,2010-11-16 16:46:00,2011-11-17 15:31:00,7,6,3392.55,1733,365,484.65000000000003,Repeat Customer
15812,2009-12-15 13:40:00,2011-08-24 14:19:00,12,12,5201.47,3450,617,433.4558333333334,Repeat Customer
15813,2011-04-14 09:09:00,2011-05-16 08:13:00,2,2,1303.9099999999999,603,31,651.9549999999999,Repeat Customer
15814,2010-04-15 14:31:00,2011-11-23 08:17:00,6,4,2634.44,1728,586,439.0733333333333,Repeat Customer
15815,2011-03-25 08:43:00,2011-10-07 12:42:00,5,5,2100.6,1856,196,420.12,Repeat Customer
15816,2010-06-15 12:54:00,2010-06-15 13:36:00,2,1,144.15,54,0,72.075,Repeat Customer
15817,2010-06-14 13:31:00,2010-10-15 11:07:00,3,3,2766.4,1596,122,922.1333333333333,Repeat Customer
15818,2010-04-30 12:58:00,2010-04-30 12:58:00,1,1,340.5,284,0,340.5,One-Time Customer
15819,2010-03-18 11:08:00,2011-10-21 14:50:00,10,8,3934.79,2928,582,393.479,Repeat Customer
15820,2011-01-24 12:00:00,2011-01-24 12:00:00,1,1,206.98,128,0,206.98,One-Time Customer
15821,2011-10-09 13:28:00,2011-10-26 15:48:00,2,1,570.96,202,17,285.48,Repeat Customer
15822,2009-12-06 15:12:00,2011-12-06 14:50:00,6,6,1840.06,950,729,306.6766666666667,Repeat Customer
15823,2009-12-08 15:12:00,2009-12-10 18:03:00,2,1,3867.17,1773,2,1933.585,Repeat Customer
15824,2010-06-25 15:10:00,2010-09-12 13:20:00,2,2,890.94,478,78,445.47,Repeat Customer
15825,2011-06-20 13:27:00,2011-06-20 13:27:00,1,1,532.94,220,0,532.94,One-Time Customer
15826,2010-05-20 17:00:00,2011-10-14 16:05:00,4,3,2598.28,1824,511,649.57,Repeat Customer
15827,2010-01-08 11:25:00,2011-09-27 15:35:00,28,18,3603.14,1715,627,128.6835714285714,Repeat Customer
15828,2010-11-29 16:41:00,2010-11-29 16:41:00,1,1,1108.82,367,0,1108.82,One-Time Customer
15829,2011-07-22 10:23:00,2011-09-01 16:45:00,2,2,636.14,996,41,318.07,Repeat Customer
15830,2011-11-02 10:40:00,2011-11-02 10:40:00,1,1,576.0,415,0,576.0,One-Time Customer
15831,2011-01-19 14:52:00,2011-10-12 13:14:00,3,3,794.64,1092,265,264.88,Repeat Customer
15832,2011-03-30 15:29:00,2011-03-30 15:29:00,1,1,836.79,465,0,836.79,One-Time Customer
15833,2009-12-02 11:59:00,2009-12-02 11:59:00,1,1,80.4,24,0,80.4,One-Time Customer
15834,2010-10-11 14:05:00,2011-09-30 14:41:00,7,5,3761.89,1813,354,537.4128571428571,Repeat Customer
15835,2011-01-13 10:35:00,2011-10-26 15:47:00,4,4,954.09,439,286,238.5225,Repeat Customer
15836,2011-10-20 17:13:00,2011-10-20 17:13:00,1,1,137.37,26,0,137.37,One-Time Customer
15837,2010-08-11 10:16:00,2011-10-06 09:01:00,2,2,777.01,405,420,388.505,Repeat Customer
15838,2009-12-15 09:51:00,2011-11-28 14:00:00,34,18,73205.5,64114,713,2153.1029411764707,Repeat Customer
15839,2011-07-14 16:35:00,2011-11-06 13:54:00,3,3,1048.49,675,114,349.49666666666667,Repeat Customer
15840,2011-06-20 11:42:00,2011-10-12 09:08:00,2,2,355.56,396,113,177.78,Repeat Customer
15841,2009-12-10 08:29:00,2011-09-28 12:15:00,9,7,2742.41,2391,657,304.7122222222222,Repeat Customer
15842,2010-06-30 09:06:00,2010-11-11 14:08:00,2,2,548.8000000000001,296,134,274.40000000000003,Repeat Customer
15843,2011-02-09 10:19:00,2011-02-09 10:19:00,1,1,118.95,27,0,118.95,One-Time Customer
15844,2011-10-24 15:19:00,2011-10-24 15:19:00,1,1,130.73999999999998,134,0,130.73999999999998,One-Time Customer
15845,2010-01-26 14:44:00,2011-11-22 09:42:00,11,10,4426.28,2128,664,402.3890909090909,Repeat Customer
15846,2010-11-19 14:40:00,2010-11-19 14:40:00,1,1,107.01,79,0,107.01,One-Time Customer
15847,2010-03-08 08:47:00,2011-11-01 14:41:00,5,5,822.57,643,603,164.514,Repeat Customer
15848,2010-03-28 10:54:00,2010-03-28 10:54:00,1,1,137.99,45,0,137.99,One-Time Customer
15850,2009-12-13 13:27:00,2011-11-20 14:14:00,6,5,1006.75,1334,707,167.79166666666666,Repeat Customer
15851,2010-07-01 12:34:00,2010-07-01 12:34:00,1,1,109.73,67,0,109.73,One-Time Customer
15852,2010-07-01 10:16:00,2011-06-06 11:22:00,3,3,257.26,60,340,85.75333333333333,Repeat Customer
15853,2011-10-19 10:38:00,2011-10-19 10:38:00,1,1,110.8,135,0,110.8,One-Time Customer
15854,2009-12-10 12:08:00,2011-12-05 13:39:00,21,16,5578.28,1691,725,265.6323809523809,Repeat Customer
15855,2010-08-20 17:15:00,2011-07-26 10:20:00,6,6,1052.72,712,339,175.45333333333335,Repeat Customer
15856,2009-12-03 14:02:00,2011-12-05 17:09:00,52,23,32274.69,19547,732,620.6671153846154,Repeat Customer
15857,2010-10-05 16:43:00,2011-11-21 12:18:00,2,2,570.48,584,411,285.24,Repeat Customer
15858,2009-12-10 11:42:00,2011-11-24 12:48:00,13,11,3552.41,2715,714,273.2623076923077,Repeat Customer
15859,2010-10-03 12:52:00,2010-10-03 12:52:00,1,1,438.46,174,0,438.46,One-Time Customer
15860,2009-12-06 12:31:00,2011-10-30 11:25:00,17,11,2358.8,1258,692,138.75294117647059,Repeat Customer
15861,2010-01-28 19:41:00,2011-11-27 15:59:00,12,8,4360.9,3833,667,363.4083333333333,Repeat Customer
15862,2009-12-17 11:33:00,2011-12-01 13:28:00,13,9,2507.14,1515,714,192.85692307692307,Repeat Customer
15863,2009-12-17 10:20:00,2011-11-14 12:49:00,5,5,355.1,162,697,71.02000000000001,Repeat Customer
15864,2010-11-23 15:02:00,2011-11-17 13:32:00,7,6,2180.76,1486,358,311.5371428571429,Repeat Customer
15865,2010-01-05 13:58:00,2011-10-30 12:43:00,5,5,2241.42,1141,662,448.284,Repeat Customer
15866,2011-08-30 14:09:00,2011-08-30 14:09:00,1,1,211.89,124,0,211.89,One-Time Customer
15867,2009-12-14 15:16:00,2011-12-04 13:32:00,31,22,8869.87,4969,719,286.1248387096774,Repeat Customer
15868,2010-05-05 14:11:00,2010-05-05 14:11:00,1,1,94.53,57,0,94.53,One-Time Customer
15869,2010-03-23 16:50:00,2011-03-07 17:23:00,3,2,321.11,273,349,107.03666666666668,Repeat Customer
15870,2010-09-19 16:22:00,2011-11-07 10:58:00,4,3,857.46,504,413,214.365,Repeat Customer
15871,2010-09-28 14:16:00,2010-09-28 14:16:00,1,1,33.099999999999994,5,0,33.099999999999994,One-Time Customer
15872,2010-06-07 14:53:00,2011-11-25 11:55:00,4,3,729.25,467,535,182.3125,Repeat Customer
15873,2010-07-27 11:58:00,2010-07-28 12:41:00,4,1,313.91999999999996,1152,1,78.47999999999999,Repeat Customer
15874,2010-01-07 13:56:00,2011-10-07 12:31:00,21,14,11284.76,5102,637,537.3695238095238,Repeat Customer
15875,2010-03-03 16:51:00,2010-03-03 16:51:00,1,1,108.52,74,0,108.52,One-Time Customer
15876,2010-09-17 15:26:00,2010-10-26 18:58:00,2,2,1449.14,886,39,724.57,Repeat Customer
15877,2011-11-22 11:18:00,2011-12-08 11:53:00,2,2,490.33,368,16,245.165,Repeat Customer
15878,2009-12-06 12:28:00,2010-05-27 12:17:00,2,2,330.77,243,171,165.385,Repeat Customer
15879,2009-12-17 19:54:00,2010-10-31 16:21:00,4,4,1137.8,639,317,284.45,Repeat Customer
15880,2010-12-05 13:00:00,2010-12-05 13:00:00,1,1,329.03,202,0,329.03,One-Time Customer
15881,2010-12-10 13:32:00,2011-01-31 16:59:00,5,2,501.39,260,52,100.27799999999999,Repeat Customer
15882,2009-12-10 15:33:00,2011-05-25 11:35:00,8,6,1122.38,638,530,140.2975,Repeat Customer
15883,2011-11-06 14:50:00,2011-12-07 17:05:00,2,2,396.48,223,31,198.24,Repeat Customer
15884,2009-12-03 18:23:00,2010-10-03 15:55:00,2,2,244.60000000000002,152,303,122.30000000000001,Repeat Customer
15885,2010-01-21 12:47:00,2011-09-07 14:56:00,13,10,1921.82,620,594,147.8323076923077,Repeat Customer
15886,2010-04-20 15:03:00,2011-10-10 14:25:00,4,3,1052.8700000000001,667,537,263.21750000000003,Repeat Customer
15887,2010-06-02 11:53:00,2010-10-29 08:36:00,3,3,1027.15,605,148,342.3833333333334,Repeat Customer
15888,2010-07-01 11:51:00,2011-09-20 12:30:00,3,3,423.49,130,446,141.16333333333333,Repeat Customer
15889,2009-12-10 12:21:00,2011-07-06 11:10:00,8,6,1407.05,793,572,175.88125,Repeat Customer
15890,2010-04-14 08:43:00,2010-11-10 12:46:00,5,2,535.65,119,210,107.13,Repeat Customer
15891,2011-04-27 12:35:00,2011-04-27 12:35:00,1,1,509.13,417,0,509.13,One-Time Customer
15892,2010-02-08 16:23:00,2010-02-08 16:23:00,1,1,128.2,46,0,128.2,One-Time Customer
15893,2010-08-15 11:12:00,2010-08-15 11:12:00,1,1,305.28000000000003,288,0,305.28000000000003,One-Time Customer
15894,2010-12-05 14:06:00,2011-03-31 13:50:00,2,2,257.6,163,115,128.8,Repeat Customer
15895,2011-07-13 10:27:00,2011-07-13 10:27:00,1,1,179.17,94,0,179.17,One-Time Customer
15897,2011-05-29 13:32:00,2011-05-29 13:50:00,2,1,208.59,223,0,104.295,Repeat Customer
15898,2009-12-11 16:11:00,2011-12-08 15:23:00,25,15,4992.7,2157,726,199.708,Repeat Customer
15899,2010-12-06 10:36:00,2010-12-06 10:36:00,1,1,56.25,39,0,56.25,One-Time Customer
15900,2010-05-26 11:27:00,2011-11-16 12:19:00,4,3,886.57,656,539,221.6425,Repeat Customer
15901,2010-06-14 12:39:00,2011-11-23 12:43:00,6,5,667.89,686,527,111.315,Repeat Customer
15902,2010-11-24 16:57:00,2010-11-24 16:57:00,1,1,145.01,124,0,145.01,One-Time Customer
15903,2010-01-14 10:57:00,2011-11-30 08:08:00,12,8,8939.84,3926,684,744.9866666666667,Repeat Customer
15904,2011-12-01 14:50:00,2011-12-01 14:50:00,1,1,164.68,84,0,164.68,One-Time Customer
15905,2010-06-14 16:00:00,2010-06-14 16:00:00,1,1,114.69,82,0,114.69,One-Time Customer
15906,2010-09-15 12:17:00,2011-11-20 12:24:00,10,8,2530.19,749,431,253.019,Repeat Customer
15907,2011-05-13 13:01:00,2011-12-06 12:21:00,3,3,881.87,477,206,293.95666666666665,Repeat Customer
15908,2010-07-15 19:21:00,2010-08-06 11:56:00,2,2,758.62,173,21,379.31,Repeat Customer
15909,2011-06-19 10:38:00,2011-06-19 10:38:00,1,1,191.94,98,0,191.94,One-Time Customer
15910,2010-01-21 11:51:00,2011-12-09 10:51:00,15,15,2661.17,2158,686,177.41133333333335,Repeat Customer
15911,2009-12-09 13:26:00,2010-03-26 12:06:00,8,4,1683.79,784,106,210.47375,Repeat Customer
15912,2009-12-10 12:58:00,2011-06-14 14:29:00,9,6,1074.7,759,551,119.41111111111111,Repeat Customer
15913,2010-06-23 16:31:00,2010-06-23 16:31:00,1,1,6.300000000000001,3,0,6.300000000000001,One-Time Customer
15914,2010-11-26 16:09:00,2010-11-26 16:10:00,2,1,205.99,149,0,102.995,Repeat Customer
15915,2010-11-03 11:13:00,2010-11-03 11:13:00,1,1,364.24,413,0,364.24,One-Time Customer
15916,2009-12-10 16:21:00,2011-11-23 13:46:00,13,11,3145.24,1618,712,241.94153846153844,Repeat Customer
15917,2009-12-02 14:55:00,2011-04-06 10:40:00,5,3,530.17,248,489,106.03399999999999,Repeat Customer
15918,2010-03-18 11:40:00,2011-06-02 11:42:00,3,3,582.88,240,441,194.29333333333332,Repeat Customer
15919,2010-12-06 11:26:00,2011-11-20 11:28:00,2,2,525.6899999999999,385,349,262.84499999999997,Repeat Customer
15920,2009-12-14 13:09:00,2011-07-08 15:25:00,8,5,565.19,233,571,70.64875,Repeat Customer
15921,2010-03-09 11:03:00,2011-06-20 11:03:00,4,4,765.61,333,468,191.4025,Repeat Customer
15922,2010-12-01 13:51:00,2010-12-01 13:51:00,1,1,369.5,138,0,369.5,One-Time Customer
15923,2010-12-02 12:16:00,2010-12-02 12:16:00,1,1,127.08,122,0,127.08,One-Time Customer
15924,2009-12-08 15:00:00,2009-12-08 15:00:00,1,1,102.82,103,0,102.82,One-Time Customer
15925,2011-05-29 15:35:00,2011-05-29 15:35:00,1,1,207.15,93,0,207.15,One-Time Customer
15926,2010-06-15 15:23:00,2010-06-15 15:23:00,1,1,134.44,155,0,134.44,One-Time Customer
15927,2010-03-02 13:25:00,2010-03-02 13:25:00,1,1,106.54,66,0,106.54,One-Time Customer
15928,2010-02-21 15:16:00,2010-02-21 15:16:00,1,1,293.53,164,0,293.53,One-Time Customer
15929,2010-03-05 14:56:00,2010-03-05 14:56:00,1,1,594.0,120,0,594.0,One-Time Customer
15930,2011-10-03 14:52:00,2011-10-03 14:52:00,1,1,426.63,139,0,426.63,One-Time Customer
15931,2010-10-07 16:46:00,2010-10-07 16:46:00,1,1,239.9,118,0,239.9,One-Time Customer
15932,2011-02-23 14:50:00,2011-12-05 17:13:00,8,8,2495.87,2325,285,311.98375,Repeat Customer
15933,2011-09-14 12:05:00,2011-11-18 13:14:00,3,2,1107.46,885,65,369.15333333333336,Repeat Customer
15934,2010-10-06 12:08:00,2010-10-18 10:13:00,2,1,2190.66,2166,11,1095.33,Repeat Customer
15935,2011-04-14 13:27:00,2011-04-14 13:27:00,1,1,108.03999999999999,114,0,108.03999999999999,One-Time Customer
15936,2010-08-29 11:42:00,2010-11-25 16:39:00,2,2,282.79,211,88,141.395,Repeat Customer
15937,2011-10-06 15:48:00,2011-10-06 15:48:00,1,1,145.35000000000002,73,0,145.35000000000002,One-Time Customer
15938,2010-06-01 09:42:00,2011-08-19 12:56:00,9,9,734.8100000000001,449,444,81.64555555555556,Repeat Customer
15939,2010-11-30 12:07:00,2011-09-11 11:30:00,15,10,9004.84,6227,284,600.3226666666667,Repeat Customer
15940,2011-02-01 16:18:00,2011-02-01 16:18:00,1,1,35.8,4,0,35.8,One-Time Customer
15941,2010-03-12 14:45:00,2010-03-12 14:45:00,1,1,405.0,60,0,405.0,One-Time Customer
15942,2011-07-29 09:01:00,2011-07-29 09:01:00,1,1,337.44,232,0,337.44,One-Time Customer
15943,2010-01-31 11:04:00,2010-02-28 12:49:00,2,2,271.28999999999996,183,28,135.64499999999998,Repeat Customer
15944,2009-12-13 12:57:00,2011-03-08 10:33:00,4,4,2164.24,859,449,541.06,Repeat Customer
15945,2009-12-01 13:47:00,2010-12-09 13:14:00,4,4,646.27,345,372,161.5675,Repeat Customer
15946,2010-03-16 10:49:00,2010-07-25 12:18:00,3,2,2304.18,1614,131,768.06,Repeat Customer
15947,2011-09-18 10:46:00,2011-09-18 10:46:00,1,1,1708.24,898,0,1708.24,One-Time Customer
15948,2010-10-11 12:16:00,2011-12-01 15:32:00,3,3,1509.0900000000001,852,416,503.03000000000003,Repeat Customer
15949,2011-09-29 17:34:00,2011-11-23 09:09:00,2,2,364.72,284,54,182.36,Repeat Customer
15950,2010-01-26 11:39:00,2011-11-08 11:09:00,10,9,7120.91,3354,650,712.091,Repeat Customer
15951,2010-11-23 18:20:00,2011-12-01 08:34:00,3,3,1013.1700000000001,420,372,337.72333333333336,Repeat Customer
15952,2011-04-28 12:55:00,2011-11-06 11:18:00,4,4,781.91,391,191,195.4775,Repeat Customer
15953,2009-12-03 14:00:00,2011-11-24 15:32:00,18,13,3440.34,1741,721,191.13,Repeat Customer
15954,2010-04-29 13:35:00,2010-04-29 13:35:00,1,1,187.8,118,0,187.8,One-Time Customer
15955,2010-02-23 16:36:00,2011-11-15 14:15:00,22,13,8085.9800000000005,3967,629,367.54454545454547,Repeat Customer
15956,2009-12-13 11:16:00,2010-06-06 13:06:00,2,2,617.6,278,175,308.8,Repeat Customer
15957,2010-10-15 12:11:00,2011-11-08 12:14:00,3,2,921.25,453,389,307.0833333333333,Repeat Customer
15958,2010-06-07 10:59:00,2011-09-26 13:41:00,4,4,462.12,154,476,115.53,Repeat Customer
15959,2010-01-26 16:19:00,2010-01-26 16:38:00,3,1,542.89,269,0,180.96333333333334,Repeat Customer
15960,2010-09-30 15:50:00,2010-11-30 15:57:00,4,2,410.95,258,61,102.7375,Repeat Customer
15961,2010-11-25 15:59:00,2010-11-25 15:59:00,1,1,451.28999999999996,154,0,451.28999999999996,One-Time Customer
15962,2010-09-16 13:48:00,2010-09-16 13:48:00,1,1,289.48,228,0,289.48,One-Time Customer
15963,2011-10-25 13:05:00,2011-11-20 11:33:00,2,2,470.76,298,25,235.38,Repeat Customer
15964,2010-02-14 15:30:00,2010-02-14 15:30:00,1,1,269.21000000000004,93,0,269.21000000000004,One-Time Customer
15965,2009-12-03 11:45:00,2011-11-22 16:44:00,13,9,2771.94,1313,719,213.22615384615386,Repeat Customer
15966,2010-09-15 10:44:00,2010-09-15 10:44:00,1,1,426.53,275,0,426.53,One-Time Customer
15967,2009-12-01 13:29:00,2011-11-16 15:41:00,12,10,2966.0,1183,715,247.16666666666666,Repeat Customer
15968,2010-11-16 13:04:00,2010-11-16 13:04:00,1,1,401.8,242,0,401.8,One-Time Customer
15969,2010-07-05 13:10:00,2011-12-07 11:06:00,5,5,1127.05,223,519,225.41,Repeat Customer
15970,2010-04-20 11:30:00,2011-02-09 12:08:00,2,2,1017.3199999999999,498,295,508.65999999999997,Repeat Customer
15971,2009-12-08 09:46:00,2011-11-22 12:50:00,18,11,5897.88,2250,714,327.66,Repeat Customer
15972,2010-04-18 14:06:00,2010-09-09 13:20:00,5,4,1769.33,468,143,353.866,Repeat Customer
15973,2010-10-07 08:33:00,2010-12-08 11:42:00,2,2,665.62,194,62,332.81,Repeat Customer
15974,2011-02-24 10:10:00,2011-10-31 13:13:00,7,7,3442.15,2262,249,491.7357142857143,Repeat Customer
15975,2011-09-16 13:33:00,2011-09-16 13:33:00,1,1,371.01,243,0,371.01,One-Time Customer
15976,2010-06-06 14:01:00,2011-06-27 13:00:00,6,6,1680.31,1044,385,280.0516666666667,Repeat Customer
15977,2011-10-31 16:24:00,2011-11-22 13:29:00,2,2,1054.73,1016,21,527.365,Repeat Customer
15978,2010-03-05 14:39:00,2011-09-23 15:21:00,3,3,3279.42,2444,567,1093.14,Repeat Customer
15979,2010-04-16 11:35:00,2010-04-16 11:35:00,1,1,329.21999999999997,450,0,329.21999999999997,One-Time Customer
15980,2010-06-01 14:40:00,2011-09-12 09:41:00,7,4,6543.68,4822,467,934.8114285714286,Repeat Customer
15981,2010-03-29 10:07:00,2011-11-15 08:00:00,21,16,9362.77,4827,595,445.8461904761905,Repeat Customer
15982,2010-04-13 15:47:00,2010-04-13 15:47:00,1,1,324.51,131,0,324.51,One-Time Customer
15983,2009-12-06 12:52:00,2011-11-17 17:34:00,8,4,3110.37,1872,711,388.79625,Repeat Customer
15984,2009-12-01 13:38:00,2011-12-07 12:16:00,30,19,8393.02,5730,735,279.76733333333334,Repeat Customer
15985,2010-05-27 15:51:00,2011-08-08 16:31:00,7,6,2715.28,2750,438,387.8971428571429,Repeat Customer
15986,2010-11-23 10:02:00,2011-11-09 15:17:00,2,2,354.42,368,351,177.21,Repeat Customer
15987,2010-11-25 12:56:00,2011-11-27 15:38:00,8,6,1535.99,1599,367,191.99875,Repeat Customer
15988,2010-02-21 11:36:00,2011-11-20 13:23:00,3,3,736.39,474,637,245.46333333333334,Repeat Customer
15989,2009-12-02 15:51:00,2010-11-29 12:03:00,2,2,368.31,169,361,184.155,Repeat Customer
15990,2010-02-28 12:30:00,2011-10-26 15:58:00,7,6,1997.75,1086,605,285.39285714285717,Repeat Customer
15991,2010-06-23 15:50:00,2010-06-23 15:50:00,1,1,150.55,41,0,150.55,One-Time Customer
15992,2010-09-12 11:52:00,2011-12-06 11:00:00,3,3,896.6,514,449,298.8666666666667,Repeat Customer
15993,2011-10-26 16:21:00,2011-12-01 10:45:00,7,3,2768.97,2031,35,395.5671428571428,Repeat Customer
15994,2010-03-14 11:55:00,2011-10-16 12:28:00,3,3,1175.68,462,581,391.8933333333334,Repeat Customer
15995,2010-10-21 13:57:00,2010-10-21 13:57:00,1,1,694.54,352,0,694.54,One-Time Customer
15996,2010-11-07 15:49:00,2011-09-12 15:14:00,7,7,1386.4,643,308,198.05714285714288,Repeat Customer
15998,2009-12-01 11:45:00,2011-11-03 12:45:00,16,14,8274.14,5350,702,517.13375,Repeat Customer
15999,2009-12-04 12:31:00,2009-12-04 12:31:00,1,1,20.4,24,0,20.4,One-Time Customer
16000,2011-12-07 12:14:00,2011-12-07 12:17:00,3,1,12393.7,5110,0,4131.233333333334,Repeat Customer
16001,2010-11-23 17:10:00,2010-11-23 17:10:00,1,1,583.39,337,0,583.39,One-Time Customer
16002,2010-03-24 13:08:00,2010-03-24 13:08:00,1,1,169.21,70,0,169.21,One-Time Customer
16003,2009-12-03 18:51:00,2011-11-10 09:57:00,10,8,5613.83,2210,706,561.383,Repeat Customer
16004,2010-01-25 13:56:00,2010-08-22 11:48:00,5,4,2146.39,1076,208,429.27799999999996,Repeat Customer
16005,2010-09-15 13:21:00,2011-11-27 13:47:00,10,6,2365.07,1267,438,236.507,Repeat Customer
16006,2010-11-17 12:03:00,2011-05-12 13:12:00,2,2,332.82,205,176,166.41,Repeat Customer
16007,2010-06-14 13:18:00,2011-10-23 11:05:00,7,6,3053.06,2631,495,436.15142857142854,Repeat Customer
16008,2010-03-19 11:07:00,2011-11-16 10:32:00,15,10,5339.13,3237,606,355.942,Repeat Customer
16009,2011-07-03 11:26:00,2011-11-17 16:51:00,4,3,972.11,366,137,243.0275,Repeat Customer
16010,2010-10-24 10:54:00,2011-04-08 10:14:00,11,4,1694.86,919,165,154.0781818181818,Repeat Customer
16011,2009-12-01 12:02:00,2011-12-01 16:31:00,29,20,5599.31,3321,730,193.0796551724138,Repeat Customer
16012,2010-06-28 11:39:00,2011-11-04 13:25:00,5,5,2978.59,1760,494,595.7180000000001,Repeat Customer
16013,2009-12-08 10:24:00,2011-12-06 10:36:00,84,23,56078.44,25520,728,667.6004761904762,Repeat Customer
16014,2010-01-31 12:43:00,2011-11-02 12:04:00,5,5,1100.28,462,639,220.05599999999998,Repeat Customer
16015,2011-10-21 12:56:00,2011-12-06 10:58:00,3,3,704.26,906,45,234.75333333333333,Repeat Customer
16016,2010-11-02 13:27:00,2011-12-06 14:35:00,11,7,2083.4,881,399,189.4,Repeat Customer
16017,2010-01-05 12:06:00,2011-10-23 12:56:00,5,4,1545.58,635,656,309.116,Repeat Customer
16018,2009-12-07 13:57:00,2011-10-31 14:13:00,4,4,698.13,503,693,174.5325,Repeat Customer
16019,2009-12-14 14:12:00,2011-10-24 11:51:00,27,15,17329.16,6959,678,641.8207407407407,Repeat Customer
16020,2011-10-05 13:54:00,2011-11-23 11:18:00,3,2,851.01,487,48,283.67,Repeat Customer
16021,2010-06-13 11:05:00,2010-11-09 14:48:00,2,2,487.03,276,149,243.515,Repeat Customer
16022,2011-03-24 13:16:00,2011-03-24 13:16:00,1,1,602.63,255,0,602.63,One-Time Customer
16023,2011-03-18 13:32:00,2011-10-24 16:34:00,3,3,719.81,358,220,239.93666666666664,Repeat Customer
16024,2010-10-24 11:40:00,2011-11-27 13:26:00,3,2,478.71,484,399,159.57,Repeat Customer
16025,2011-11-10 11:45:00,2011-11-10 11:45:00,1,1,439.65999999999997,338,0,439.65999999999997,One-Time Customer
16026,2011-10-27 13:53:00,2011-10-27 13:53:00,1,1,236.09,243,0,236.09,One-Time Customer
16027,2010-01-08 13:21:00,2011-09-09 10:47:00,15,11,2048.36,2099,608,136.55733333333333,Repeat Customer
16028,2010-04-23 11:45:00,2010-04-23 11:45:00,1,1,82.2,18,0,82.2,One-Time Customer
16029,2009-12-08 11:23:00,2011-11-01 10:27:00,106,24,109620.87,54449,692,1034.159150943396,Repeat Customer
16030,2011-02-03 11:28:00,2011-02-03 11:28:00,1,1,331.24,283,0,331.24,One-Time Customer
16031,2011-04-06 14:23:00,2011-09-08 13:07:00,2,2,547.9,421,154,273.95,Repeat Customer
16032,2010-07-04 13:31:00,2010-09-09 18:00:00,6,3,1965.72,1467,67,327.62,Repeat Customer
16033,2010-08-11 16:44:00,2011-12-04 12:44:00,27,16,10608.81,4200,479,392.9188888888889,Repeat Customer
16034,2010-10-26 13:00:00,2011-05-27 16:17:00,6,4,911.32,585,213,151.88666666666668,Repeat Customer
16035,2010-05-28 15:09:00,2010-05-28 15:09:00,1,1,217.73,33,0,217.73,One-Time Customer
16036,2010-03-29 14:47:00,2011-09-13 14:53:00,4,4,2556.84,1369,533,639.21,Repeat Customer
16037,2010-03-01 12:31:00,2011-03-15 09:13:00,5,5,1509.3400000000001,766,378,301.86800000000005,Repeat Customer
16038,2011-05-22 11:29:00,2011-12-02 12:40:00,3,3,471.78,244,194,157.26,Repeat Customer
16039,2010-03-21 15:17:00,2010-10-12 10:44:00,2,2,456.4,409,204,228.2,Repeat Customer
16040,2010-04-09 10:12:00,2011-10-05 13:47:00,7,7,2416.9,1185,544,345.2714285714286,Repeat Customer
16041,2011-07-21 16:27:00,2011-11-09 12:25:00,3,2,3166.4,1584,110,1055.4666666666667,Repeat Customer
16042,2010-09-12 12:00:00,2011-11-17 17:50:00,8,6,2245.32,1430,431,280.665,Repeat Customer
16043,2010-08-15 11:26:00,2011-11-02 12:50:00,8,7,1856.5900000000001,1011,444,232.07375000000002,Repeat Customer
16044,2010-09-30 18:12:00,2010-09-30 18:12:00,1,1,340.84000000000003,170,0,340.84000000000003,One-Time Customer
16045,2010-07-29 12:50:00,2011-08-12 12:41:00,8,6,3434.93,2108,378,429.36625,Repeat Customer
16046,2010-05-26 13:18:00,2010-05-26 13:18:00,1,1,235.78,248,0,235.78,One-Time Customer
16048,2010-06-08 12:36:00,2010-12-01 15:28:00,4,3,818.7900000000001,425,176,204.69750000000002,Repeat Customer
16049,2010-07-11 13:53:00,2011-10-30 13:19:00,6,4,1852.15,1132,475,308.69166666666666,Repeat Customer
16050,2010-11-03 15:55:00,2011-06-19 11:44:00,3,2,300.7,388,227,100.23333333333333,Repeat Customer
16051,2010-01-27 09:38:00,2010-01-27 09:38:00,1,1,188.44,80,0,188.44,One-Time Customer
16052,2011-10-16 15:13:00,2011-10-16 15:13:00,1,1,362.06,282,0,362.06,One-Time Customer
16053,2010-04-08 11:11:00,2011-11-07 11:21:00,6,5,3634.84,3067,578,605.8066666666667,Repeat Customer
16054,2010-04-01 18:37:00,2011-07-17 13:08:00,4,4,2111.88,791,471,527.97,Repeat Customer
16055,2011-05-03 09:26:00,2011-05-03 09:26:00,1,1,134.8,22,0,134.8,One-Time Customer
16056,2011-10-25 15:19:00,2011-10-25 15:19:00,1,1,650.75,345,0,650.75,One-Time Customer
16057,2010-01-07 17:11:00,2011-11-23 15:23:00,10,7,3854.85,1691,684,385.485,Repeat Customer
16058,2010-10-29 16:48:00,2010-10-29 16:48:00,1,1,62.7,18,0,62.7,One-Time Customer
16059,2010-05-19 13:04:00,2011-10-05 09:56:00,12,11,3053.57,1431,503,254.46416666666667,Repeat Customer
16060,2010-08-02 15:26:00,2010-11-04 12:10:00,3,3,541.95,243,93,180.65,Repeat Customer
16061,2010-10-04 15:29:00,2010-10-04 15:29:00,1,1,89.65,19,0,89.65,One-Time Customer
16062,2010-06-21 13:32:00,2011-11-30 12:15:00,8,7,2863.45,2035,526,357.93125,Repeat Customer
16063,2011-03-24 14:55:00,2011-03-24 14:56:00,1,1,335.32,262,0,335.32,One-Time Customer
16064,2009-12-14 16:11:00,2009-12-14 16:11:00,1,1,109.31,55,0,109.31,One-Time Customer
16065,2010-09-02 13:27:00,2010-12-09 13:03:00,8,4,1992.13,1207,97,249.01625,Repeat Customer
16066,2011-08-07 14:33:00,2011-11-23 11:54:00,5,3,1521.04,935,107,304.20799999999997,Repeat Customer
16067,2010-02-02 18:01:00,2010-05-26 12:33:00,3,3,3269.11,1236,112,1089.7033333333334,Repeat Customer
16068,2010-04-25 11:52:00,2010-04-25 11:52:00,1,1,115.73,48,0,115.73,One-Time Customer
16069,2010-10-18 10:32:00,2010-10-18 10:32:00,1,1,457.7,138,0,457.7,One-Time Customer
16070,2011-11-07 16:36:00,2011-11-17 15:50:00,2,1,852.15,457,9,426.075,Repeat Customer
16071,2010-02-22 14:48:00,2011-10-26 11:14:00,4,4,1076.8,697,610,269.2,Repeat Customer
16072,2010-06-08 16:47:00,2011-02-24 14:32:00,4,3,4180.09,1580,260,1045.0225,Repeat Customer
16073,2011-02-15 15:41:00,2011-02-15 15:41:00,1,1,122.4,48,0,122.4,One-Time Customer
16074,2010-11-14 13:19:00,2010-11-14 13:19:00,1,1,252.5,38,0,252.5,One-Time Customer
16075,2010-05-24 15:57:00,2010-07-25 11:31:00,2,2,736.9300000000001,271,61,368.46500000000003,Repeat Customer
16076,2011-05-15 12:31:00,2011-12-06 14:59:00,10,7,2234.73,1435,205,223.473,Repeat Customer
16077,2010-03-24 10:42:00,2010-03-24 10:42:00,1,1,2300.4,840,0,2300.4,One-Time Customer
16078,2010-02-08 13:29:00,2011-03-01 09:47:00,2,2,362.99,200,385,181.495,Repeat Customer
16079,2011-10-30 13:06:00,2011-11-23 12:48:00,3,2,1352.0,864,23,450.6666666666667,Repeat Customer
16080,2010-09-15 14:19:00,2011-09-19 10:42:00,4,4,602.5600000000001,298,368,150.64000000000001,Repeat Customer
16081,2010-02-03 12:46:00,2011-10-14 13:06:00,8,8,4278.96,2177,618,534.87,Repeat Customer
16082,2010-02-07 15:16:00,2010-02-07 15:16:00,1,1,106.75,39,0,106.75,One-Time Customer
16083,2010-11-16 11:53:00,2011-08-31 10:47:00,4,3,2351.42,1514,287,587.855,Repeat Customer
16084,2011-02-13 16:05:00,2011-02-13 16:05:00,1,1,436.18,216,0,436.18,One-Time Customer
16085,2010-01-20 14:03:00,2011-11-16 13:24:00,12,11,2324.71,1379,664,193.72583333333333,Repeat Customer
16086,2009-12-02 13:20:00,2011-10-11 13:09:00,10,10,2687.73,1450,677,268.773,Repeat Customer
16087,2010-01-19 12:30:00,2010-11-15 16:44:00,5,5,1739.92,664,300,347.98400000000004,Repeat Customer
16088,2010-04-27 10:56:00,2010-05-13 10:16:00,2,2,1437.43,373,15,718.715,Repeat Customer
16089,2010-07-18 15:51:00,2010-11-18 13:51:00,2,2,263.49,119,122,131.745,Repeat Customer
16090,2010-03-25 13:05:00,2010-03-25 13:05:00,1,1,180.56,58,0,180.56,One-Time Customer
16091,2011-05-25 09:18:00,2011-07-08 08:45:00,2,2,315.06,154,43,157.53,Repeat Customer
16092,2010-05-09 16:10:00,2011-08-17 10:46:00,6,5,1587.94,1188,464,264.6566666666667,Repeat Customer
16093,2011-08-25 11:09:00,2011-08-25 11:09:00,1,1,17.0,20,0,17.0,One-Time Customer
16094,2010-04-16 14:00:00,2011-11-28 12:45:00,11,8,3695.56,2020,590,335.96,Repeat Customer
16095,2010-09-09 16:54:00,2010-09-09 16:54:00,1,1,447.05,265,0,447.05,One-Time Customer
16096,2010-03-04 15:44:00,2011-03-20 13:38:00,4,4,1584.97,700,380,396.2425,Repeat Customer
16097,2011-04-13 13:47:00,2011-04-13 13:47:00,1,1,185.04999999999998,87,0,185.04999999999998,One-Time Customer
16098,2009-12-15 09:40:00,2011-09-13 09:59:00,14,13,4010.7,2008,637,286.4785714285714,Repeat Customer
16099,2010-03-03 11:13:00,2011-10-20 13:13:00,7,7,1573.2,960,596,224.74285714285716,Repeat Customer
16100,2010-09-03 11:39:00,2010-09-03 11:39:00,1,1,582.64,438,0,582.64,One-Time Customer
16101,2010-05-27 12:50:00,2011-09-30 10:18:00,4,4,3229.16,1844,490,807.29,Repeat Customer
16102,2011-08-03 12:50:00,2011-10-28 13:19:00,3,3,1842.14,942,86,614.0466666666667,Repeat Customer
16103,2010-01-08 12:08:00,2011-12-02 14:16:00,22,15,6191.71,2639,693,281.44136363636363,Repeat Customer
16104,2009-12-06 10:41:00,2011-10-09 10:23:00,9,7,2774.46,1047,671,308.2733333333333,Repeat Customer
16105,2010-04-14 13:27:00,2011-04-05 10:13:00,5,5,2386.19,2125,355,477.238,Repeat Customer
16106,2011-10-05 10:37:00,2011-10-05 10:37:00,1,1,108.38,74,0,108.38,One-Time Customer
16107,2011-06-09 18:42:00,2011-11-22 09:40:00,7,6,3204.1600000000003,1176,165,457.7371428571429,Repeat Customer
16108,2010-03-18 14:14:00,2011-09-16 11:48:00,4,4,2235.92,1473,546,558.98,Repeat Customer
16109,2010-01-10 10:37:00,2011-05-05 09:17:00,3,3,939.48,1092,479,313.16,Repeat Customer
16110,2010-07-05 13:04:00,2011-10-25 14:35:00,4,4,1781.59,880,477,445.3975,Repeat Customer
16111,2010-10-07 19:51:00,2010-10-07 19:51:00,1,1,549.33,233,0,549.33,One-Time Customer
16112,2011-01-05 11:47:00,2011-07-19 14:28:00,4,2,195.74,574,195,48.935,Repeat Customer
16113,2011-06-09 16:16:00,2011-06-09 16:16:00,1,1,161.38,176,0,161.38,One-Time Customer
16114,2011-06-22 10:13:00,2011-06-22 10:13:00,1,1,135.75000000000003,43,0,135.75000000000003,One-Time Customer
16115,2010-05-14 11:59:00,2011-11-30 11:32:00,12,12,2553.8,1589,564,212.8166666666667,Repeat Customer
16116,2011-05-12 12:01:00,2011-05-12 12:01:00,1,1,612.78,248,0,612.78,One-Time Customer
16117,2010-04-27 11:50:00,2011-06-03 11:42:00,3,3,654.4,321,401,218.13333333333333,Repeat Customer
16118,2010-02-25 09:40:00,2010-02-25 09:40:00,1,1,4376.25,2851,0,4376.25,One-Time Customer
16119,2009-12-16 11:56:00,2011-12-01 15:11:00,8,8,1720.81,811,715,215.10125,Repeat Customer
16120,2010-10-13 15:07:00,2011-10-11 14:22:00,6,2,2967.51,2161,362,494.58500000000004,Repeat Customer
16121,2010-05-23 10:52:00,2011-10-13 12:59:00,5,4,1450.04,879,508,290.008,Repeat Customer
16122,2010-10-10 15:26:00,2011-09-27 15:34:00,6,6,895.62,1280,352,149.27,Repeat Customer
16123,2011-10-19 09:18:00,2011-10-19 09:18:00,1,1,307.78000000000003,170,0,307.78000000000003,One-Time Customer
16124,2009-12-07 10:33:00,2011-01-26 14:45:00,4,4,1772.49,797,415,443.1225,Repeat Customer
16125,2009-12-14 15:38:00,2010-12-07 15:48:00,14,12,4292.35,1819,358,306.5964285714286,Repeat Customer
16126,2009-12-02 13:34:00,2011-11-10 16:03:00,15,14,14644.6,6140,708,976.3066666666667,Repeat Customer
16127,2009-12-13 12:19:00,2011-10-31 13:58:00,2,2,801.3100000000001,391,687,400.65500000000003,Repeat Customer
16128,2010-07-16 16:30:00,2011-11-22 11:14:00,11,7,3801.05,2445,493,345.55,Repeat Customer
16129,2010-07-20 12:32:00,2010-10-28 14:29:00,3,2,1396.05,1261,100,465.34999999999997,Repeat Customer
16130,2010-04-01 13:58:00,2010-10-13 15:14:00,4,4,987.48,296,195,246.87,Repeat Customer
16131,2009-12-02 10:09:00,2011-10-19 11:53:00,12,8,9957.42,4768,686,829.785,Repeat Customer
16132,2010-03-22 10:25:00,2010-06-13 13:49:00,2,2,664.1999999999999,280,83,332.09999999999997,Repeat Customer
16133,2010-03-31 12:21:00,2011-12-06 11:24:00,56,20,22992.26,13653,614,410.5760714285714,Repeat Customer
16134,2010-06-17 09:48:00,2011-11-18 10:05:00,5,5,2145.34,1637,519,429.06800000000004,Repeat Customer
16135,2010-05-05 09:35:00,2011-03-22 12:30:00,2,2,819.45,395,321,409.725,Repeat Customer
16136,2010-02-14 12:49:00,2011-10-11 09:10:00,4,4,946.8000000000001,674,603,236.70000000000002,Repeat Customer
16137,2010-01-28 15:04:00,2010-01-28 15:04:00,1,1,422.7,210,0,422.7,One-Time Customer
16138,2010-04-28 09:51:00,2010-11-26 12:13:00,3,3,910.35,774,212,303.45,Repeat Customer
16139,2009-12-03 13:51:00,2011-11-21 08:37:00,5,4,1111.15,602,717,222.23000000000002,Repeat Customer
16140,2010-09-24 12:03:00,2011-10-05 12:15:00,3,3,1433.46,1272,376,477.82,Repeat Customer
16141,2010-10-18 14:12:00,2011-09-12 13:11:00,2,2,955.94,410,328,477.97,Repeat Customer
16142,2011-04-04 10:16:00,2011-04-04 10:16:00,1,1,535.34,422,0,535.34,One-Time Customer
16143,2009-12-10 09:44:00,2011-12-06 14:13:00,12,11,4555.08,1866,726,379.59,Repeat Customer
16144,2011-04-07 10:09:00,2011-04-07 10:09:00,1,1,175.2,16,0,175.2,One-Time Customer
16145,2010-05-04 13:31:00,2011-12-01 10:33:00,19,16,6805.4400000000005,5270,575,358.18105263157895,Repeat Customer
16146,2010-09-17 10:46:00,2011-07-05 14:20:00,4,4,946.38,544,291,236.595,Repeat Customer
16147,2010-02-05 12:26:00,2011-07-29 09:57:00,5,5,2398.91,1395,538,479.782,Repeat Customer
16148,2010-09-29 10:12:00,2011-02-16 14:01:00,2,2,386.62,250,140,193.31,Repeat Customer
16149,2010-10-06 15:54:00,2011-12-05 11:29:00,3,3,422.21999999999997,598,424,140.73999999999998,Repeat Customer
16150,2009-12-17 15:33:00,2011-10-28 12:39:00,10,10,4002.17,1990,679,400.217,Repeat Customer
16152,2011-03-16 09:47:00,2011-03-16 09:47:00,1,1,1829.04,642,0,1829.04,One-Time Customer
16153,2010-05-26 12:41:00,2011-10-21 10:50:00,11,9,5133.49,3693,512,466.6809090909091,Repeat Customer
16155,2010-06-18 11:23:00,2010-11-23 12:03:00,5,4,796.9,495,158,159.38,Repeat Customer
16156,2009-12-02 17:06:00,2011-12-01 12:42:00,20,16,6188.18,3205,728,309.409,Repeat Customer
16157,2011-09-28 11:48:00,2011-11-24 11:41:00,3,2,656.69,347,56,218.89666666666668,Repeat Customer
16158,2009-12-05 15:00:00,2010-07-05 13:55:00,9,7,628.32,182,211,69.81333333333333,Repeat Customer
16159,2009-12-03 11:51:00,2011-03-03 12:27:00,4,4,1232.79,635,455,308.1975,Repeat Customer
16160,2011-09-15 10:53:00,2011-10-05 14:19:00,2,2,1025.44,1162,20,512.72,Repeat Customer
16161,2010-02-08 11:06:00,2011-12-08 12:10:00,43,21,12580.06,6255,668,292.5595348837209,Repeat Customer
16162,2011-04-01 15:03:00,2011-04-01 15:03:00,1,1,37.4,4,0,37.4,One-Time Customer
16163,2009-12-02 10:00:00,2011-04-21 15:15:00,6,5,2407.98,676,505,401.33,Repeat Customer
16164,2011-10-28 09:12:00,2011-11-22 15:04:00,3,2,822.48,433,25,274.16,Repeat Customer
16165,2010-07-22 14:17:00,2010-07-22 14:17:00,1,1,79.9,2,0,79.9,One-Time Customer
16166,2010-01-17 14:16:00,2010-10-07 15:44:00,2,2,435.83,173,263,217.915,Repeat Customer
16167,2009-12-01 10:46:00,2010-10-21 15:33:00,5,4,1386.12,1494,324,277.224,Repeat Customer
16168,2009-12-03 12:38:00,2011-11-29 12:45:00,66,22,10360.67,4975,726,156.97984848484847,Repeat Customer
16169,2011-09-25 11:33:00,2011-12-01 15:28:00,4,4,1822.97,1325,67,455.7425,Repeat Customer
16170,2010-02-18 13:50:00,2011-10-20 08:21:00,20,14,6869.0,6056,608,343.45,Repeat Customer
16171,2011-10-11 14:51:00,2011-10-11 14:51:00,1,1,73.19999999999999,24,0,73.19999999999999,One-Time Customer
16172,2010-07-14 15:34:00,2011-09-05 13:22:00,8,6,1884.55,1419,417,235.56875,Repeat Customer
16173,2011-09-02 15:23:00,2011-11-24 10:53:00,6,3,1418.32,575,82,236.38666666666666,Repeat Customer
16174,2010-04-15 15:12:00,2011-08-05 13:26:00,7,6,2246.75,1431,476,320.9642857142857,Repeat Customer
16175,2010-05-25 12:01:00,2011-09-06 14:32:00,7,7,1836.44,932,469,262.34857142857146,Repeat Customer
16176,2010-03-29 14:52:00,2010-10-14 13:54:00,4,4,2052.69,952,198,513.1725,Repeat Customer
16177,2010-03-02 14:03:00,2011-10-20 12:57:00,8,5,2247.31,1021,596,280.91375,Repeat Customer
16178,2010-11-03 14:46:00,2011-07-24 16:05:00,2,2,612.6,304,263,306.3,Repeat Customer
16179,2011-10-10 09:41:00,2011-10-10 09:41:00,1,1,215.83,99,0,215.83,One-Time Customer
16180,2010-06-23 13:19:00,2011-08-31 16:28:00,13,8,16249.87,9813,434,1249.99,Repeat Customer
16181,2011-09-27 13:38:00,2011-09-27 13:38:00,1,1,305.54,152,0,305.54,One-Time Customer
16182,2010-03-09 09:34:00,2011-09-28 13:23:00,9,9,9971.65,5887,568,1107.961111111111,Repeat Customer
16183,2010-10-28 14:43:00,2011-10-03 14:59:00,4,3,1077.81,351,340,269.4525,Repeat Customer
16184,2011-05-12 13:33:00,2011-10-06 17:43:00,6,5,1158.79,561,147,193.13166666666666,Repeat Customer
16185,2010-05-24 11:04:00,2011-11-23 09:41:00,3,3,644.72,321,547,214.90666666666667,Repeat Customer
16186,2009-12-09 15:36:00,2011-11-17 12:43:00,26,18,8718.43,6594,707,335.3242307692308,Repeat Customer
16187,2011-02-28 13:34:00,2011-11-08 09:50:00,15,8,6911.4400000000005,5048,252,460.7626666666667,Repeat Customer
16188,2010-10-27 11:50:00,2011-10-26 12:19:00,5,4,1087.66,838,364,217.532,Repeat Customer
16189,2011-09-15 15:21:00,2011-11-24 11:47:00,2,2,215.48,134,69,107.74,Repeat Customer
16190,2009-12-14 11:59:00,2011-10-30 15:59:00,8,8,2723.55,1231,685,340.44375,Repeat Customer
16191,2009-12-11 12:24:00,2011-12-07 11:26:00,24,11,15677.820000000002,9348,725,653.2425000000001,Repeat Customer
16192,2009-12-04 12:28:00,2009-12-04 12:28:00,1,1,351.3,208,0,351.3,One-Time Customer
16193,2010-10-25 10:25:00,2011-04-17 11:45:00,2,2,630.4300000000001,379,174,315.21500000000003,Repeat Customer
16194,2010-11-29 13:28:00,2010-11-29 13:28:00,1,1,308.6,140,0,308.6,One-Time Customer
16195,2009-12-16 14:09:00,2009-12-16 14:09:00,1,1,323.25,123,0,323.25,One-Time Customer
16196,2010-08-08 11:40:00,2010-08-08 11:40:00,1,1,93.3,26,0,93.3,One-Time Customer
16197,2009-12-16 11:44:00,2010-08-27 12:56:00,9,6,2016.71,1420,254,224.07888888888888,Repeat Customer
16198,2010-09-28 13:59:00,2011-09-25 14:58:00,2,2,1030.0410000000002,384,362,515.0205000000001,Repeat Customer
16199,2010-03-18 18:47:00,2010-11-12 12:55:00,7,6,942.75,321,238,134.67857142857142,Repeat Customer
16200,2009-12-02 15:04:00,2011-12-05 14:40:00,12,8,5608.1,3068,732,467.3416666666667,Repeat Customer
16201,2010-10-20 12:00:00,2011-12-06 16:02:00,5,5,2112.12,1421,412,422.424,Repeat Customer
16202,2009-12-02 10:48:00,2010-12-14 10:43:00,9,6,2501.9900000000002,1307,376,277.9988888888889,Repeat Customer
16203,2010-07-23 13:09:00,2011-10-12 12:31:00,6,6,943.84,537,445,157.30666666666667,Repeat Customer
16204,2009-12-08 17:44:00,2011-11-16 13:40:00,3,3,918.71,671,707,306.2366666666667,Repeat Customer
16205,2010-06-15 11:58:00,2011-11-09 09:32:00,7,6,1813.51,1448,511,259.0728571428571,Repeat Customer
16206,2010-01-24 15:25:00,2011-10-16 10:41:00,13,10,2577.12,1378,629,198.23999999999998,Repeat Customer
16207,2011-11-14 13:51:00,2011-11-14 13:51:00,1,1,394.38,140,0,394.38,One-Time Customer
16208,2010-02-24 14:24:00,2011-10-26 11:36:00,10,10,3440.4500000000003,1541,608,344.045,Repeat Customer
16209,2010-06-11 11:58:00,2011-09-12 11:58:00,9,7,4146.78,1895,458,460.75333333333333,Repeat Customer
16210,2009-12-02 12:54:00,2011-12-08 12:36:00,33,16,33730.97,12395,735,1022.1506060606062,Repeat Customer
16211,2010-09-27 15:24:00,2011-09-12 12:11:00,3,3,1090.59,519,349,363.53,Repeat Customer
16212,2010-02-07 15:26:00,2011-11-20 13:00:00,4,4,1293.71,571,650,323.4275,Repeat Customer
16213,2011-09-22 10:03:00,2011-09-22 10:03:00,1,1,159.0,48,0,159.0,One-Time Customer
16214,2010-09-30 13:57:00,2011-06-22 11:30:00,4,4,2038.25,1308,264,509.5625,Repeat Customer
16215,2011-09-20 10:18:00,2011-09-20 10:18:00,1,1,242.35,104,0,242.35,One-Time Customer
16216,2011-03-17 15:34:00,2011-03-17 15:34:00,1,1,914.9300000000001,254,0,914.9300000000001,One-Time Customer
16217,2011-03-02 15:28:00,2011-04-18 13:31:00,2,2,304.25,91,46,152.125,Repeat Customer
16218,2010-05-27 16:09:00,2011-11-10 09:59:00,13,9,3968.67,2799,531,305.2823076923077,Repeat Customer
16219,2010-07-27 11:44:00,2010-07-27 11:44:00,1,1,40.8,48,0,40.8,One-Time Customer
16221,2010-08-10 13:32:00,2011-11-03 11:43:00,9,7,2018.47,1448,449,224.27444444444444,Repeat Customer
16222,2009-12-18 14:31:00,2011-01-25 13:38:00,2,2,1272.05,463,402,636.025,Repeat Customer
16223,2010-11-09 12:07:00,2010-11-30 11:50:00,2,1,1087.05,643,20,543.525,Repeat Customer
16224,2010-11-17 13:14:00,2011-10-13 17:51:00,5,4,1616.54,1555,330,323.308,Repeat Customer
16225,2010-02-07 12:41:00,2011-10-26 08:30:00,15,11,2859.31,1281,625,190.62066666666666,Repeat Customer
16226,2010-10-22 11:19:00,2011-05-20 14:41:00,5,4,672.17,521,210,134.434,Repeat Customer
16227,2010-06-22 13:28:00,2011-04-28 13:33:00,3,3,1027.22,436,310,342.4066666666667,Repeat Customer
16228,2010-11-04 18:54:00,2010-11-19 14:20:00,3,1,885.71,555,14,295.2366666666667,Repeat Customer
16229,2010-05-24 12:59:00,2011-09-13 17:16:00,6,6,2867.86,1292,477,477.9766666666667,Repeat Customer
16230,2011-05-03 15:12:00,2011-06-03 10:06:00,2,2,542.03,365,30,271.015,Repeat Customer
16231,2010-04-21 12:06:00,2010-11-25 15:00:00,4,3,1074.47,563,218,268.6175,Repeat Customer
16232,2010-06-07 14:04:00,2011-10-27 12:16:00,7,6,2712.97,1849,506,387.5671428571428,Repeat Customer
16233,2009-12-02 13:23:00,2011-09-29 17:27:00,9,9,1818.31,677,666,202.03444444444443,Repeat Customer
16234,2010-05-27 10:39:00,2010-08-20 14:33:00,3,3,333.18,170,85,111.06,Repeat Customer
16235,2010-08-26 12:10:00,2011-10-30 10:56:00,8,8,2043.71,787,429,255.46375,Repeat Customer
16236,2011-09-22 14:10:00,2011-09-22 14:10:00,1,1,432.2,184,0,432.2,One-Time Customer
16237,2010-09-28 17:02:00,2010-09-28 17:02:00,1,1,136.65,57,0,136.65,One-Time Customer
16238,2010-10-13 12:36:00,2010-10-13 12:36:00,1,1,63.66,85,0,63.66,One-Time Customer
16239,2010-09-02 19:17:00,2011-10-14 08:29:00,6,5,1492.2,692,406,248.70000000000002,Repeat Customer
16240,2011-09-23 13:44:00,2011-11-15 14:30:00,2,2,3718.8,1641,53,1859.4,Repeat Customer
16241,2010-10-25 13:40:00,2011-11-30 11:08:00,16,12,3989.81,2250,400,249.363125,Repeat Customer
16242,2010-03-15 16:02:00,2011-12-01 15:12:00,14,12,7404.650000000001,3921,625,528.9035714285715,Repeat Customer
16243,2011-10-16 12:09:00,2011-11-06 12:32:00,2,2,409.1,110,21,204.55,Repeat Customer
16244,2010-12-02 11:41:00,2011-05-12 10:18:00,2,2,1522.75,855,160,761.375,Repeat Customer
16245,2011-03-28 09:30:00,2011-11-16 10:14:00,3,3,1413.66,1014,233,471.22,Repeat Customer
16246,2010-02-08 12:32:00,2010-09-06 12:04:00,2,2,821.35,336,209,410.675,Repeat Customer
16247,2011-06-22 14:23:00,2011-06-22 14:23:00,1,1,114.56,182,0,114.56,One-Time Customer
16248,2011-10-09 11:32:00,2011-10-09 11:32:00,1,1,152.94,78,0,152.94,One-Time Customer
16249,2011-04-14 13:50:00,2011-10-18 10:07:00,5,5,1800.07,950,186,360.014,Repeat Customer
16250,2010-11-18 10:43:00,2011-03-23 15:07:00,3,3,565.24,268,125,188.41333333333333,Repeat Customer
16251,2010-07-15 14:55:00,2010-07-15 14:55:00,1,1,128.31,44,0,128.31,One-Time Customer
16252,2010-11-22 11:57:00,2010-11-22 11:57:00,1,1,295.09000000000003,158,0,295.09000000000003,One-Time Customer
16253,2009-12-08 17:24:00,2011-10-04 09:09:00,7,6,7222.2,6029,664,1031.742857142857,Repeat Customer
16254,2010-03-17 15:43:00,2010-11-26 13:22:00,3,3,967.44,543,253,322.48,Repeat Customer
16255,2010-01-24 12:21:00,2011-11-23 12:40:00,15,14,4530.0,2876,668,302.0,Repeat Customer
16256,2010-04-21 10:34:00,2011-03-18 12:18:00,3,3,1579.37,1589,331,526.4566666666666,Repeat Customer
16257,2011-06-16 10:11:00,2011-06-16 10:11:00,1,1,21.95,1,0,21.95,One-Time Customer
16258,2010-03-10 14:19:00,2011-10-25 13:30:00,15,12,11942.52,7200,593,796.168,Repeat Customer
16259,2010-04-13 16:57:00,2010-10-25 14:27:00,3,2,340.94,143,194,113.64666666666666,Repeat Customer
16260,2011-10-20 09:40:00,2011-10-20 09:40:00,1,1,1035.45,311,0,1035.45,One-Time Customer
16261,2010-09-23 16:40:00,2011-11-22 17:23:00,6,6,1041.16,454,425,173.52666666666667,Repeat Customer
16262,2010-11-26 13:22:00,2010-11-26 13:22:00,1,1,755.15,446,0,755.15,One-Time Customer
16263,2010-10-12 14:52:00,2010-10-12 14:52:00,1,1,348.16,197,0,348.16,One-Time Customer
16264,2010-09-19 16:14:00,2010-09-27 15:00:00,2,1,823.53,616,7,411.765,Repeat Customer
16265,2010-10-28 15:18:00,2011-11-30 16:41:00,12,9,6685.17,3209,398,557.0975,Repeat Customer
16266,2010-02-04 16:21:00,2011-09-27 12:08:00,14,10,1757.95,791,599,125.56785714285715,Repeat Customer
16267,2010-04-27 14:10:00,2010-04-27 14:10:00,1,1,186.66,198,0,186.66,One-Time Customer
16268,2011-09-29 18:30:00,2011-09-29 18:30:00,2,1,617.65,532,0,308.825,Repeat Customer
16269,2010-09-28 11:50:00,2010-09-28 11:50:00,1,1,717.57,579,0,717.57,One-Time Customer
16270,2010-12-21 14:26:00,2010-12-21 14:26:00,1,1,1141.24,688,0,1141.24,One-Time Customer
16271,2010-03-07 12:03:00,2011-11-24 12:12:00,8,8,3367.82,2357,627,420.9775,Repeat Customer
16272,2011-08-15 10:53:00,2011-08-15 10:54:00,1,1,411.7,224,0,411.7,One-Time Customer
16273,2010-02-21 16:02:00,2010-03-01 13:24:00,2,2,318.34000000000003,40,7,159.17000000000002,Repeat Customer
16274,2010-12-01 15:35:00,2010-12-01 15:35:00,1,1,331.55,151,0,331.55,One-Time Customer
16275,2010-03-08 14:41:00,2011-05-27 12:41:00,3,3,2151.11,1268,444,717.0366666666667,Repeat Customer
16276,2010-04-11 12:02:00,2011-06-16 09:34:00,3,3,2629.3900000000003,1467,430,876.4633333333335,Repeat Customer
16277,2009-12-06 11:27:00,2009-12-06 11:27:00,1,1,188.69,33,0,188.69,One-Time Customer
16278,2010-07-28 15:40:00,2011-08-31 17:12:00,3,3,1117.84,342,399,372.6133333333333,Repeat Customer
16279,2010-04-22 14:09:00,2011-11-18 15:00:00,9,9,5698.28,3683,575,633.1422222222222,Repeat Customer
16280,2009-12-14 15:49:00,2009-12-14 15:49:00,1,1,238.05,101,0,238.05,One-Time Customer
16281,2010-01-26 13:41:00,2011-09-28 14:57:00,3,3,3424.02,1570,610,1141.34,Repeat Customer
16282,2009-12-21 11:52:00,2011-01-04 11:42:00,3,3,1307.5800000000002,790,378,435.86000000000007,Repeat Customer
16283,2010-02-28 14:12:00,2011-12-04 12:08:00,8,8,4348.62,2865,643,543.5775,Repeat Customer
16284,2010-11-11 13:27:00,2011-11-08 16:12:00,3,3,1018.48,674,362,339.49333333333334,Repeat Customer
16285,2010-03-03 16:03:00,2010-03-03 16:03:00,1,1,176.9,60,0,176.9,One-Time Customer
16286,2010-03-26 09:58:00,2010-08-19 14:48:00,2,2,328.95,101,146,164.475,Repeat Customer
16287,2010-01-19 09:46:00,2011-06-23 09:08:00,5,5,1006.98,1426,519,201.39600000000002,Repeat Customer
16288,2010-08-26 14:45:00,2010-08-26 14:45:00,1,1,129.85,19,0,129.85,One-Time Customer
16289,2010-09-03 14:02:00,2010-09-03 14:02:00,1,1,136.31,97,0,136.31,One-Time Customer
16290,2010-05-23 11:46:00,2010-09-01 11:52:00,4,4,1957.7,957,101,489.425,Repeat Customer
16292,2010-04-14 13:29:00,2011-08-10 12:24:00,5,5,1253.76,688,482,250.752,Repeat Customer
16293,2009-12-11 09:58:00,2011-11-18 09:58:00,15,10,4279.2,1833,707,285.28,Repeat Customer
16294,2010-08-20 12:01:00,2010-08-20 12:01:00,1,1,126.05000000000001,54,0,126.05000000000001,One-Time Customer
16295,2011-10-06 10:45:00,2011-11-30 08:17:00,4,2,1328.55,841,54,332.1375,Repeat Customer
16296,2009-12-18 12:03:00,2010-03-23 13:11:00,4,3,1313.67,645,95,328.4175,Repeat Customer
16297,2011-03-16 08:29:00,2011-03-16 08:29:00,1,1,301.9,206,0,301.9,One-Time Customer
16298,2010-09-23 15:23:00,2011-11-17 11:59:00,7,6,1085.7,308,419,155.1,Repeat Customer
16299,2010-08-19 17:46:00,2010-08-19 17:46:00,1,1,193.65,107,0,193.65,One-Time Customer
16300,2010-02-02 11:40:00,2010-10-05 13:14:00,3,3,1367.32,643,245,455.7733333333333,Repeat Customer
16301,2009-12-03 10:20:00,2009-12-03 10:20:00,1,1,107.33,41,0,107.33,One-Time Customer
16302,2011-08-05 09:44:00,2011-08-05 09:44:00,1,1,233.22,158,0,233.22,One-Time Customer
16303,2010-03-18 14:12:00,2011-11-14 10:49:00,7,7,7928.27,3859,605,1132.6100000000001,Repeat Customer
16304,2010-01-14 08:30:00,2010-01-14 08:30:00,1,1,381.66,228,0,381.66,One-Time Customer
16305,2011-07-24 12:18:00,2011-07-24 12:18:00,1,1,361.22,256,0,361.22,One-Time Customer
16306,2010-10-01 09:36:00,2011-05-10 12:12:00,7,5,1124.72,712,221,160.67428571428573,Repeat Customer
16307,2010-05-11 14:40:00,2010-10-06 14:31:00,3,3,1194.92,1123,147,398.3066666666667,Repeat Customer
16308,2009-12-15 15:48:00,2011-11-02 11:24:00,7,7,5120.0,16000,686,731.4285714285714,Repeat Customer
16309,2011-04-13 11:46:00,2011-08-25 15:35:00,2,2,706.57,467,134,353.285,Repeat Customer
16310,2010-03-07 15:41:00,2010-10-21 14:47:00,2,2,460.08,270,227,230.04,Repeat Customer
16311,2011-10-21 13:13:00,2011-11-22 08:54:00,2,2,616.26,394,31,308.13,Repeat Customer
16312,2010-10-03 14:15:00,2010-10-03 14:15:00,1,1,171.15,53,0,171.15,One-Time Customer
16313,2011-10-21 09:04:00,2011-12-06 13:02:00,2,2,274.15000000000003,165,46,137.07500000000002,Repeat Customer
16314,2010-08-24 11:52:00,2010-11-15 12:06:00,3,3,1491.4,636,83,497.1333333333334,Repeat Customer
16315,2010-06-21 13:53:00,2011-01-13 11:57:00,2,2,402.71,143,205,201.355,Repeat Customer
16316,2010-08-03 14:38:00,2011-10-06 13:48:00,13,10,5744.91,3057,428,441.91615384615386,Repeat Customer
16317,2010-05-04 10:17:00,2011-08-12 12:46:00,5,5,2192.51,1236,465,438.50200000000007,Repeat Customer
16318,2011-11-04 13:05:00,2011-11-04 13:05:00,1,1,328.15000000000003,199,0,328.15000000000003,One-Time Customer
16319,2011-05-06 11:27:00,2011-05-06 11:27:00,1,1,404.40000000000003,72,0,404.40000000000003,One-Time Customer
16320,2010-01-27 13:29:00,2011-06-20 15:25:00,6,5,5628.99,3319,509,938.165,Repeat Customer
16321,2009-12-01 10:36:00,2011-09-28 14:55:00,7,5,604.5500000000001,259,666,86.36428571428573,Repeat Customer
16322,2011-11-03 14:33:00,2011-12-08 15:41:00,2,2,326.75,231,35,163.375,Repeat Customer
16323,2010-05-11 09:48:00,2011-05-27 14:48:00,2,2,353.66,146,381,176.83,Repeat Customer
16324,2011-06-15 14:26:00,2011-08-03 12:58:00,3,2,408.59000000000003,270,48,136.1966666666667,Repeat Customer
16325,2009-12-04 13:21:00,2011-10-24 08:48:00,12,9,3597.5,2464,688,299.7916666666667,Repeat Customer
16326,2010-01-28 13:23:00,2011-12-04 10:11:00,24,16,4626.25,1082,674,192.76041666666666,Repeat Customer
16327,2009-12-14 13:06:00,2011-11-25 13:23:00,16,15,10129.04,8088,711,633.065,Repeat Customer
16328,2010-05-25 14:02:00,2010-05-25 14:02:00,1,1,310.83,141,0,310.83,One-Time Customer
16329,2009-12-01 11:34:00,2010-10-08 12:44:00,4,4,1664.92,797,311,416.23,Repeat Customer
16330,2010-02-15 12:36:00,2011-11-22 12:24:00,7,5,625.38,326,644,89.34,Repeat Customer
16331,2010-03-07 10:55:00,2010-10-03 13:47:00,6,3,2037.7,756,210,339.6166666666667,Repeat Customer
16332,2010-04-29 13:41:00,2011-11-11 14:22:00,11,9,1997.49,1122,561,181.59,Repeat Customer
16333,2011-02-03 10:50:00,2011-12-02 12:19:00,22,9,26626.8,32184,302,1210.3090909090909,Repeat Customer
16334,2010-08-04 16:38:00,2010-08-04 16:38:00,1,1,263.73,206,0,263.73,One-Time Customer
16335,2009-12-04 10:18:00,2010-06-06 11:35:00,7,6,2753.52,1004,184,393.36,Repeat Customer
16336,2010-03-18 08:05:00,2010-10-15 12:32:00,4,3,3517.69,1473,211,879.4225,Repeat Customer
16337,2011-11-03 10:03:00,2011-11-03 10:03:00,1,1,151.05,87,0,151.05,One-Time Customer
16338,2011-07-05 13:56:00,2011-07-05 13:56:00,1,1,214.8,94,0,214.8,One-Time Customer
16339,2011-02-28 13:41:00,2011-02-28 13:41:00,1,1,94.05,21,0,94.05,One-Time Customer
16340,2010-06-06 13:26:00,2011-08-24 14:53:00,3,3,1496.24,1319,444,498.74666666666667,Repeat Customer
16341,2010-04-09 10:30:00,2011-11-15 09:12:00,7,5,3850.79,3022,584,550.1128571428571,Repeat Customer
16342,2011-06-13 10:10:00,2011-09-25 14:36:00,4,4,322.41,157,104,80.6025,Repeat Customer
16343,2010-10-28 14:15:00,2011-11-23 17:45:00,3,2,614.12,345,391,204.70666666666668,Repeat Customer
16344,2010-02-09 12:16:00,2011-07-04 15:50:00,4,4,842.42,706,510,210.605,Repeat Customer
16345,2010-08-13 17:13:00,2011-10-26 16:03:00,2,2,1178.79,611,438,589.395,Repeat Customer
16346,2010-11-19 15:55:00,2010-11-19 15:55:00,1,1,224.51,289,0,224.51,One-Time Customer
16347,2010-03-12 12:41:00,2011-11-28 13:14:00,11,8,3442.96,1715,626,312.99636363636364,Repeat Customer
16348,2010-10-05 13:57:00,2011-11-07 15:44:00,8,6,1742.08,1158,398,217.76,Repeat Customer
16349,2011-02-22 12:40:00,2011-02-22 12:40:00,1,1,53.5,9,0,53.5,One-Time Customer
16350,2010-10-07 16:33:00,2011-11-18 15:53:00,9,6,2253.89,1077,406,250.4322222222222,Repeat Customer
16351,2009-12-04 16:12:00,2011-01-11 10:26:00,13,10,3330.03,2165,402,256.15615384615387,Repeat Customer
16352,2011-11-02 08:44:00,2011-11-22 10:32:00,2,1,494.44,300,20,247.22,Repeat Customer
16353,2009-12-07 13:55:00,2011-12-06 12:23:00,38,18,9795.460000000001,3483,728,257.77526315789476,Repeat Customer
16354,2010-04-27 13:33:00,2011-10-07 14:28:00,5,5,1119.46,592,528,223.892,Repeat Customer
16355,2010-11-29 14:21:00,2010-11-29 14:21:00,1,1,416.35,179,0,416.35,One-Time Customer
16356,2010-06-06 11:26:00,2011-05-26 11:51:00,6,5,415.87,190,354,69.31166666666667,Repeat Customer
16357,2010-11-23 18:52:00,2011-11-06 16:04:00,4,4,868.37,389,347,217.0925,Repeat Customer
16358,2010-11-10 11:36:00,2011-12-08 15:09:00,5,5,2919.65,2065,393,583.9300000000001,Repeat Customer
16359,2010-02-16 10:39:00,2011-12-02 17:04:00,16,15,2697.75,1764,654,168.609375,Repeat Customer
16360,2011-09-12 13:50:00,2011-12-05 12:16:00,6,4,3450.41,2110,83,575.0683333333333,Repeat Customer
16361,2011-09-29 13:13:00,2011-11-30 12:32:00,4,3,891.21,418,61,222.8025,Repeat Customer
16362,2010-09-28 09:24:00,2011-11-07 13:01:00,6,4,922.16,467,405,153.69333333333333,Repeat Customer
16363,2011-10-17 14:14:00,2011-10-17 14:14:00,1,1,109.36000000000001,52,0,109.36000000000001,One-Time Customer
16364,2011-07-25 14:35:00,2011-11-28 11:27:00,2,2,705.79,279,125,352.895,Repeat Customer
16365,2009-12-11 12:41:00,2011-11-22 11:24:00,15,11,3167.34,1034,710,211.156,Repeat Customer
16366,2009-12-16 10:39:00,2011-11-21 08:19:00,4,4,1548.13,882,704,387.0325,Repeat Customer
16367,2010-11-21 13:23:00,2011-11-02 13:13:00,3,3,1350.48,1103,345,450.16,Repeat Customer
16368,2010-09-30 11:30:00,2011-12-07 13:12:00,3,3,621.44,307,433,207.14666666666668,Repeat Customer
16369,2010-04-07 16:52:00,2011-11-21 16:25:00,7,7,2654.48,1585,592,379.2114285714286,Repeat Customer
16370,2011-04-28 16:40:00,2011-09-18 15:55:00,4,4,1301.91,640,142,325.4775,Repeat Customer
16371,2010-09-17 12:09:00,2010-09-17 12:09:00,1,1,157.2,108,0,157.2,One-Time Customer
16372,2010-04-11 15:20:00,2011-11-06 13:08:00,5,3,1290.31,722,573,258.062,Repeat Customer
16373,2010-10-24 13:10:00,2010-11-22 15:50:00,2,2,309.49,119,29,154.745,Repeat Customer
16374,2010-04-30 13:10:00,2011-10-04 15:21:00,5,5,1709.55,768,522,341.90999999999997,Repeat Customer
16375,2010-08-26 14:12:00,2010-08-26 14:25:00,2,1,104.0,74,0,52.0,Repeat Customer
16376,2011-11-22 16:47:00,2011-12-01 11:38:00,2,2,974.96,691,8,487.48,Repeat Customer
16377,2010-04-01 10:36:00,2011-03-17 15:41:00,2,2,1308.48,2928,350,654.24,Repeat Customer
16378,2011-02-02 12:42:00,2011-04-06 15:07:00,3,2,362.95,267,63,120.98333333333333,Repeat Customer
16379,2011-09-22 09:33:00,2011-12-05 15:38:00,4,3,2157.4,1410,74,539.35,Repeat Customer
16380,2011-10-09 15:40:00,2011-10-09 15:40:00,1,1,1743.1499999999999,1428,0,1743.1499999999999,One-Time Customer
16381,2010-10-17 13:06:00,2010-11-09 09:56:00,2,2,247.85,108,22,123.925,Repeat Customer
16382,2010-06-07 12:42:00,2010-10-27 16:23:00,2,2,353.1,167,142,176.55,Repeat Customer
16383,2010-02-04 13:18:00,2011-09-26 12:45:00,7,7,2887.99,1590,598,412.57,Repeat Customer
16384,2010-04-28 14:01:00,2011-09-11 11:19:00,4,4,1358.95,861,500,339.7375,Repeat Customer
16385,2010-03-18 12:45:00,2011-10-10 13:12:00,5,5,881.35,476,571,176.27,Repeat Customer
16386,2010-11-17 11:19:00,2011-11-11 12:28:00,3,3,1068.16,700,359,356.05333333333334,Repeat Customer
16387,2010-03-11 12:22:00,2011-01-21 11:34:00,5,5,882.46,448,315,176.49200000000002,Repeat Customer
16388,2010-02-24 10:20:00,2010-02-24 10:20:00,1,1,186.05,83,0,186.05,One-Time Customer
16389,2011-03-01 15:47:00,2011-10-17 14:41:00,4,4,1382.0700000000002,1242,229,345.51750000000004,Repeat Customer
16390,2010-01-29 15:25:00,2010-06-21 10:11:00,3,2,467.5,122,142,155.83333333333334,Repeat Customer
16391,2010-05-27 11:27:00,2010-11-04 12:27:00,4,4,1048.86,713,161,262.215,Repeat Customer
16392,2010-05-27 11:17:00,2011-03-15 12:11:00,3,3,755.45,603,292,251.8166666666667,Repeat Customer
16393,2009-12-01 12:13:00,2011-12-07 12:51:00,23,17,5297.77,3001,736,230.33782608695654,Repeat Customer
16394,2011-02-23 10:58:00,2011-10-14 09:48:00,5,5,1555.34,2604,232,311.068,Repeat Customer
16395,2009-12-06 12:26:00,2011-10-10 12:50:00,14,9,3517.56,2900,673,251.25428571428571,Repeat Customer
16396,2010-08-20 14:17:00,2010-08-20 14:17:00,1,1,137.8,80,0,137.8,One-Time Customer
16397,2010-03-21 15:36:00,2010-03-21 15:36:00,1,1,123.13,43,0,123.13,One-Time Customer
16398,2011-03-31 09:38:00,2011-07-08 15:16:00,2,2,1705.8,758,99,852.9,Repeat Customer
16399,2010-11-15 15:03:00,2011-11-20 16:12:00,3,3,628.42,434,370,209.47333333333333,Repeat Customer
16400,2009-12-08 12:38:00,2011-09-06 12:27:00,9,8,3059.85,2066,636,339.98333333333335,Repeat Customer
16401,2010-06-02 13:13:00,2011-12-08 18:15:00,23,16,6847.45,6033,554,297.71521739130435,Repeat Customer
16402,2010-12-05 13:42:00,2011-03-20 12:25:00,2,2,293.45,146,104,146.725,Repeat Customer
16403,2011-01-31 13:39:00,2011-01-31 13:39:00,1,1,177.5,114,0,177.5,One-Time Customer
16404,2011-09-30 14:55:00,2011-09-30 14:55:00,1,1,443.05,157,0,443.05,One-Time Customer
16405,2011-02-02 17:08:00,2011-02-10 15:24:00,2,1,167.25,187,7,83.625,Repeat Customer
16406,2010-02-24 11:51:00,2011-11-21 11:57:00,3,3,528.36,257,635,176.12,Repeat Customer
16407,2010-10-03 13:56:00,2011-11-27 11:05:00,14,10,2761.65,1448,419,197.2607142857143,Repeat Customer
16408,2010-04-27 14:08:00,2010-04-27 14:08:00,1,1,231.93,227,0,231.93,One-Time Customer
16409,2009-12-13 15:38:00,2011-11-03 16:45:00,12,11,5652.74,3664,690,471.06166666666667,Repeat Customer
16410,2009-12-05 14:51:00,2009-12-05 14:51:00,1,1,130.32,348,0,130.32,One-Time Customer
16411,2010-10-07 15:09:00,2011-11-20 13:23:00,4,4,756.39,461,408,189.0975,Repeat Customer
16412,2010-02-04 13:46:00,2011-10-17 12:35:00,5,5,593.19,288,619,118.638,Repeat Customer
16413,2010-11-29 12:49:00,2011-10-14 12:08:00,2,2,522.03,283,318,261.015,Repeat Customer
16414,2010-01-14 10:21:00,2011-11-18 09:42:00,5,5,551.21,201,672,110.242,Repeat Customer
16415,2010-02-01 12:30:00,2011-10-26 13:35:00,3,3,696.76,508,632,232.25333333333333,Repeat Customer
16416,2010-02-23 12:00:00,2011-11-13 12:50:00,9,6,2957.88,2198,628,328.65333333333336,Repeat Customer
16417,2010-08-04 09:08:00,2010-08-04 09:08:00,1,1,35.7,6,0,35.7,One-Time Customer
16418,2010-10-13 12:31:00,2011-10-26 12:39:00,5,4,1028.74,564,378,205.748,Repeat Customer
16419,2010-02-09 13:26:00,2011-08-19 12:33:00,8,6,1463.7,701,555,182.9625,Repeat Customer
16420,2010-11-08 15:15:00,2010-11-08 15:15:00,1,1,75.0,120,0,75.0,One-Time Customer
16421,2010-08-27 12:02:00,2010-11-28 13:31:00,3,3,526.27,123,93,175.42333333333332,Repeat Customer
16422,2010-01-12 11:57:00,2011-11-22 14:00:00,107,23,61656.42,64032,679,576.2282242990655,Repeat Customer
16423,2011-11-15 09:21:00,2011-11-15 09:21:00,1,1,346.12,230,0,346.12,One-Time Customer
16424,2010-11-22 11:24:00,2011-06-01 13:40:00,2,2,443.06,212,191,221.53,Repeat Customer
16425,2011-02-10 14:30:00,2011-02-10 14:30:00,1,1,302.7,199,0,302.7,One-Time Customer
16426,2011-03-08 15:45:00,2011-12-07 14:01:00,10,5,1863.76,1215,273,186.376,Repeat Customer
16427,2011-02-28 15:18:00,2011-03-21 17:10:00,2,2,241.06,156,21,120.53,Repeat Customer
16428,2010-07-30 12:10:00,2010-10-22 12:22:00,3,2,638.49,575,84,212.83,Repeat Customer
16429,2011-08-25 13:54:00,2011-08-25 13:54:00,1,1,284.55,9,0,284.55,One-Time Customer
16430,2010-01-27 12:45:00,2011-10-13 14:47:00,6,4,1102.94,306,624,183.82333333333335,Repeat Customer
16431,2011-02-15 14:02:00,2011-05-10 14:09:00,3,2,623.28,442,84,207.76,Repeat Customer
16432,2011-10-06 13:59:00,2011-10-06 13:59:00,1,1,287.40000000000003,276,0,287.40000000000003,One-Time Customer
16433,2010-10-27 12:26:00,2011-11-11 14:09:00,2,2,384.52,214,380,192.26,Repeat Customer
16434,2010-01-17 14:51:00,2011-11-10 14:28:00,12,9,2673.69,1310,661,222.8075,Repeat Customer
16435,2010-07-13 13:29:00,2010-07-15 18:22:00,3,1,1003.0699999999999,608,2,334.3566666666666,Repeat Customer
16436,2009-12-06 16:02:00,2010-02-09 13:19:00,3,2,319.14,227,64,106.38,Repeat Customer
16437,2010-10-06 12:34:00,2010-11-23 16:59:00,2,2,301.25,197,48,150.625,Repeat Customer
16438,2011-09-18 13:31:00,2011-12-04 10:51:00,5,4,798.35,463,76,159.67000000000002,Repeat Customer
16439,2009-12-17 14:22:00,2009-12-17 14:22:00,1,1,310.70000000000005,74,0,310.70000000000005,One-Time Customer
16440,2010-08-03 11:32:00,2011-12-02 12:02:00,6,5,3856.97,2108,486,642.8283333333333,Repeat Customer
16441,2010-03-22 18:00:00,2011-10-03 17:48:00,5,5,1013.1800000000001,477,559,202.63600000000002,Repeat Customer
16442,2009-12-13 11:05:00,2011-12-08 11:43:00,5,5,891.98,580,725,178.39600000000002,Repeat Customer
16443,2010-07-07 11:57:00,2010-07-07 11:57:00,1,1,162.24,96,0,162.24,One-Time Customer
16444,2010-03-24 14:06:00,2011-10-24 13:50:00,17,12,3625.88,1945,578,213.2870588235294,Repeat Customer
16445,2010-10-24 12:39:00,2011-11-06 12:32:00,4,3,583.16,287,377,145.79,Repeat Customer
16446,2011-05-18 09:52:00,2011-12-09 09:15:00,2,2,168472.5,80997,204,84236.25,Repeat Customer
16447,2010-02-17 14:09:00,2011-07-27 12:45:00,3,3,727.1,315,524,242.36666666666667,Repeat Customer
16448,2010-08-25 16:58:00,2011-05-25 16:28:00,2,2,361.12,176,272,180.56,Repeat Customer
16449,2011-03-04 12:15:00,2011-05-26 10:25:00,2,2,707.69,367,82,353.845,Repeat Customer
16450,2010-02-21 15:46:00,2011-07-13 11:47:00,3,3,1505.73,681,506,501.91,Repeat Customer
16451,2009-12-04 15:11:00,2011-09-13 09:17:00,3,3,1013.15,524,647,337.71666666666664,Repeat Customer
16452,2010-01-15 12:22:00,2010-03-19 12:39:00,2,2,332.17,199,63,166.085,Repeat Customer
16453,2010-06-09 13:15:00,2010-06-27 12:46:00,2,1,251.71,139,17,125.855,Repeat Customer
16454,2010-04-07 15:54:00,2011-10-06 16:57:00,2,2,7.45,3,547,3.725,Repeat Customer
16455,2010-03-30 10:31:00,2011-10-07 12:17:00,11,8,3995.57,2851,556,363.2336363636364,Repeat Customer
16456,2010-03-29 11:16:00,2011-09-01 13:50:00,13,11,6000.94,3296,521,461.6107692307692,Repeat Customer
16457,2011-05-05 13:19:00,2011-05-05 13:19:00,1,1,208.36,140,0,208.36,One-Time Customer
16458,2010-05-26 14:38:00,2011-12-07 09:34:00,30,19,5690.89,3395,559,189.69633333333334,Repeat Customer
16459,2009-12-10 12:42:00,2009-12-10 12:42:00,1,1,71.78999999999999,59,0,71.78999999999999,One-Time Customer
16460,2011-09-19 10:15:00,2011-11-11 13:46:00,3,2,811.23,876,53,270.41,Repeat Customer
16461,2010-03-03 13:57:00,2011-06-15 12:07:00,3,3,1539.83,927,468,513.2766666666666,Repeat Customer
16462,2011-03-01 08:58:00,2011-09-27 10:24:00,3,3,136.0,16,210,45.333333333333336,Repeat Customer
16463,2011-05-19 14:45:00,2011-11-18 14:01:00,4,3,1422.4,1163,182,355.6,Repeat Customer
16464,2011-07-20 13:53:00,2011-11-20 12:11:00,3,3,1298.66,952,122,432.8866666666667,Repeat Customer
16465,2010-09-21 10:46:00,2010-10-15 09:27:00,2,2,746.24,504,23,373.12,Repeat Customer
16466,2010-03-07 14:31:00,2011-11-06 11:35:00,15,14,3767.09,1777,608,251.13933333333335,Repeat Customer
16467,2009-12-02 11:59:00,2010-07-19 11:49:00,7,6,2869.16,7384,228,409.88,Repeat Customer
16468,2010-08-15 13:10:00,2011-09-26 14:13:00,3,2,787.52,371,407,262.50666666666666,Repeat Customer
16469,2010-07-13 13:17:00,2011-11-16 12:25:00,5,4,803.9,332,490,160.78,Repeat Customer
16470,2009-12-11 12:21:00,2011-10-19 12:11:00,11,10,2416.85,1335,676,219.71363636363637,Repeat Customer
16471,2010-02-25 10:07:00,2011-03-10 09:41:00,4,4,1189.98,670,377,297.495,Repeat Customer
16472,2010-04-21 11:48:00,2010-10-01 13:56:00,2,2,789.6,252,163,394.8,Repeat Customer
16473,2010-11-30 16:29:00,2011-06-28 09:10:00,4,4,470.83,296,209,117.7075,Repeat Customer
16474,2011-07-17 14:51:00,2011-12-02 13:02:00,7,5,1810.49,907,137,258.64142857142855,Repeat Customer
16475,2011-03-11 09:39:00,2011-09-12 14:37:00,4,4,544.3,319,185,136.075,Repeat Customer
16476,2010-10-04 10:29:00,2010-10-04 10:29:00,1,1,350.35,187,0,350.35,One-Time Customer
16477,2010-08-12 09:43:00,2011-10-07 09:44:00,11,10,4094.37,2507,421,372.2154545454545,Repeat Customer
16478,2011-10-05 12:02:00,2011-11-14 15:51:00,3,2,331.0,224,40,110.33333333333333,Repeat Customer
16479,2011-11-29 13:04:00,2011-11-29 13:40:00,2,1,300.83,102,0,150.415,Repeat Customer
16480,2011-09-25 11:40:00,2011-09-25 11:40:00,1,1,769.29,455,0,769.29,One-Time Customer
16481,2010-01-26 13:09:00,2010-01-26 13:09:00,1,1,453.38,201,0,453.38,One-Time Customer
16482,2011-11-24 12:33:00,2011-11-24 12:33:00,1,1,220.62,346,0,220.62,One-Time Customer
16483,2011-05-31 13:08:00,2011-05-31 13:08:00,1,1,139.35,44,0,139.35,One-Time Customer
16484,2011-06-02 10:39:00,2011-06-19 12:06:00,2,1,404.3,200,17,202.15,Repeat Customer
16485,2009-12-06 12:28:00,2011-09-23 15:50:00,5,5,2287.19,1153,656,457.438,Repeat Customer
16486,2010-06-20 12:16:00,2010-06-20 12:16:00,1,1,134.36,24,0,134.36,One-Time Customer
16487,2010-02-18 17:36:00,2010-05-11 13:38:00,2,2,209.4,163,81,104.7,Repeat Customer
16488,2011-07-14 11:46:00,2011-11-06 13:42:00,3,3,498.8,728,115,166.26666666666668,Repeat Customer
16489,2010-09-29 15:02:00,2010-11-24 14:40:00,2,2,303.7,38,55,151.85,Repeat Customer
16490,2010-09-29 16:30:00,2010-09-29 16:30:00,1,1,205.41000000000003,113,0,205.41000000000003,One-Time Customer
16491,2010-10-22 15:42:00,2011-10-24 10:18:00,2,2,1533.16,1060,366,766.58,Repeat Customer
16492,2010-06-17 08:20:00,2010-06-17 08:20:00,1,1,385.56,235,0,385.56,One-Time Customer
16493,2010-03-26 13:05:00,2011-09-21 11:10:00,7,7,2132.09,1988,543,304.5842857142857,Repeat Customer
16494,2011-02-16 12:49:00,2011-02-16 12:49:00,1,1,826.53,675,0,826.53,One-Time Customer
16495,2011-03-08 16:38:00,2011-12-06 13:20:00,3,2,648.26,328,272,216.08666666666667,Repeat Customer
16496,2010-07-18 13:42:00,2011-12-01 10:31:00,6,5,2330.77,1764,500,388.46166666666664,Repeat Customer
16497,2009-12-03 14:11:00,2011-10-21 10:55:00,23,13,6695.28,3050,686,291.0991304347826,Repeat Customer
16498,2011-06-30 19:52:00,2011-07-01 15:07:00,2,2,100.97,45,0,50.485,Repeat Customer
16499,2010-06-11 12:22:00,2010-12-14 13:31:00,8,6,2578.34,1364,186,322.2925,Repeat Customer
16500,2010-06-14 14:54:00,2011-12-05 12:04:00,9,5,843.9100000000001,386,538,93.76777777777778,Repeat Customer
16501,2010-11-21 14:10:00,2010-11-21 14:10:00,1,1,1191.23,628,0,1191.23,One-Time Customer
16502,2010-03-29 13:39:00,2010-03-29 13:44:00,2,1,258.55,220,0,129.275,Repeat Customer
16503,2010-06-21 14:07:00,2011-08-25 11:46:00,11,9,3614.34,1535,429,328.5763636363636,Repeat Customer
16504,2011-11-14 15:18:00,2011-11-14 15:18:00,1,1,465.88,510,0,465.88,One-Time Customer
16505,2011-11-08 12:14:00,2011-11-08 12:14:00,1,1,777.6,576,0,777.6,One-Time Customer
16506,2011-10-30 15:50:00,2011-11-20 12:17:00,2,2,90.30000000000001,42,20,45.150000000000006,Repeat Customer
16507,2010-05-16 12:56:00,2010-05-16 12:56:00,1,1,142.71,111,0,142.71,One-Time Customer
16508,2010-03-19 13:41:00,2010-03-19 13:41:00,1,1,240.95,103,0,240.95,One-Time Customer
16509,2011-02-16 09:25:00,2011-02-16 09:25:00,1,1,363.70000000000005,64,0,363.70000000000005,One-Time Customer
16510,2010-01-17 12:30:00,2010-12-02 13:39:00,6,5,1757.25,927,319,292.875,Repeat Customer
16511,2010-03-01 12:21:00,2011-11-18 10:41:00,6,6,1758.49,765,626,293.08166666666665,Repeat Customer
16513,2011-10-27 14:56:00,2011-12-05 10:18:00,4,3,874.59,407,38,218.6475,Repeat Customer
16515,2010-06-17 12:17:00,2011-10-18 13:10:00,10,9,3179.06,1573,488,317.906,Repeat Customer
16516,2011-11-09 14:59:00,2011-11-09 14:59:00,1,1,101.69999999999999,58,0,101.69999999999999,One-Time Customer
16517,2011-03-07 13:50:00,2011-03-07 13:50:00,1,1,162.70000000000002,96,0,162.70000000000002,One-Time Customer
16518,2010-06-01 13:31:00,2011-10-09 15:04:00,4,4,959.37,524,495,239.8425,Repeat Customer
16519,2010-03-01 13:51:00,2011-11-14 15:41:00,4,4,436.96,149,623,109.24,Repeat Customer
16520,2010-03-02 16:50:00,2011-06-06 13:24:00,6,6,2148.38,1045,460,358.06333333333333,Repeat Customer
16521,2010-03-01 13:22:00,2010-10-20 13:09:00,3,2,1136.36,1013,232,378.78666666666663,Repeat Customer
16522,2010-09-15 13:32:00,2010-09-30 10:54:00,2,1,433.36,212,14,216.68,Repeat Customer
16523,2010-01-24 13:14:00,2011-12-08 09:06:00,28,16,11916.33,4979,682,425.5832142857143,Repeat Customer
16524,2010-01-17 13:16:00,2010-09-19 13:37:00,2,2,306.19,259,245,153.095,Repeat Customer
16525,2009-12-02 13:53:00,2011-12-07 15:07:00,48,24,24151.3,14430,735,503.15208333333334,Repeat Customer
16526,2010-05-04 16:34:00,2011-06-21 12:02:00,2,2,717.21,279,412,358.605,Repeat Customer
16527,2010-10-11 13:25:00,2011-09-19 16:21:00,2,2,1232.94,708,343,616.47,Repeat Customer
16528,2011-12-06 12:45:00,2011-12-06 12:45:00,1,1,244.41,171,0,244.41,One-Time Customer
16529,2010-06-27 13:29:00,2011-06-02 17:23:00,4,4,1986.8,739,340,496.7,Repeat Customer
16530,2010-02-09 15:30:00,2010-02-09 15:30:00,1,1,48.35,17,0,48.35,One-Time Customer
16531,2010-09-24 09:49:00,2011-11-17 16:29:00,11,9,2298.33,1863,419,208.9390909090909,Repeat Customer
16532,2010-03-29 10:26:00,2011-11-22 11:08:00,5,5,8756.64,2544,603,1751.328,Repeat Customer
16533,2011-10-02 15:07:00,2011-11-20 13:08:00,3,2,1082.81,611,48,360.93666666666667,Repeat Customer
16534,2010-03-07 15:47:00,2010-03-07 15:47:00,1,1,635.9,168,0,635.9,One-Time Customer
16535,2010-11-19 13:01:00,2011-12-04 15:18:00,2,2,952.04,663,380,476.02,Repeat Customer
16536,2011-08-21 15:54:00,2011-08-21 15:54:00,1,1,548.12,250,0,548.12,One-Time Customer
16537,2010-03-08 13:41:00,2010-03-08 13:41:00,1,1,10.55,19,0,10.55,One-Time Customer
16538,2010-04-23 16:25:00,2010-06-16 16:59:00,3,2,395.07,254,54,131.69,Repeat Customer
16539,2010-06-25 15:24:00,2011-12-07 08:41:00,10,7,3289.66,1014,529,328.966,Repeat Customer
16540,2010-10-21 17:22:00,2010-10-21 17:22:00,1,1,205.75,105,0,205.75,One-Time Customer
16541,2009-12-04 13:22:00,2009-12-04 13:22:00,1,1,424.03,173,0,424.03,One-Time Customer
16542,2010-11-03 14:44:00,2011-10-17 10:47:00,2,2,257.32,142,347,128.66,Repeat Customer
16543,2010-04-27 11:38:00,2010-04-27 11:38:00,1,1,292.21,317,0,292.21,One-Time Customer
16544,2010-02-15 13:20:00,2010-07-08 11:11:00,4,2,376.70000000000005,150,142,94.17500000000001,Repeat Customer
16545,2010-11-29 10:39:00,2011-06-28 10:37:00,2,2,689.8199999999999,322,210,344.90999999999997,Repeat Customer
16546,2010-09-23 15:43:00,2011-02-22 11:20:00,5,4,5307.07,4211,151,1061.414,Repeat Customer
16547,2010-06-11 13:02:00,2010-06-11 13:02:00,1,1,104.25999999999999,108,0,104.25999999999999,One-Time Customer
16548,2010-04-19 16:15:00,2010-04-19 16:15:00,1,1,30.15,6,0,30.15,One-Time Customer
16549,2010-03-28 15:45:00,2011-11-29 15:06:00,34,14,12781.8,7087,610,375.93529411764706,Repeat Customer
16550,2009-12-02 11:24:00,2011-08-23 11:12:00,18,15,8807.68,5403,628,489.3155555555556,Repeat Customer
16551,2009-12-13 16:12:00,2011-09-05 09:38:00,7,7,2237.12,2076,630,319.5885714285714,Repeat Customer
16552,2010-12-01 12:36:00,2011-04-11 10:04:00,2,2,379.73,219,130,189.865,Repeat Customer
16553,2010-02-11 18:46:00,2011-06-29 15:42:00,33,12,16584.01,16427,502,502.54575757575753,Repeat Customer
16554,2009-12-15 09:42:00,2011-10-28 14:51:00,8,8,2841.7200000000003,1346,682,355.21500000000003,Repeat Customer
16555,2010-07-22 13:39:00,2011-11-04 14:31:00,6,3,1915.68,1816,470,319.28000000000003,Repeat Customer
16556,2009-12-07 10:51:00,2011-10-04 11:36:00,17,16,8012.58,4353,666,471.32823529411763,Repeat Customer
16557,2011-07-25 13:28:00,2011-11-15 14:04:00,2,2,281.85,111,113,140.925,Repeat Customer
16558,2009-12-03 18:11:00,2011-12-09 10:20:00,38,22,13304.11,7813,735,350.10815789473685,Repeat Customer
16559,2010-11-07 13:52:00,2010-11-07 13:52:00,1,1,175.0,61,0,175.0,One-Time Customer
16560,2009-12-08 12:05:00,2011-11-13 10:35:00,8,7,3048.38,1603,704,381.0475,Repeat Customer
16561,2011-10-11 09:53:00,2011-12-04 11:50:00,2,2,511.12,244,54,255.56,Repeat Customer
16562,2010-08-20 11:45:00,2010-08-20 11:45:00,1,1,223.86,264,0,223.86,One-Time Customer
16563,2009-12-01 18:35:00,2011-10-17 11:51:00,6,6,4412.56,2584,684,735.4266666666667,Repeat Customer
16564,2010-05-19 14:41:00,2010-05-19 14:41:00,1,1,87.80000000000001,40,0,87.80000000000001,One-Time Customer
16565,2010-06-02 12:47:00,2010-12-10 15:21:00,4,4,773.05,211,191,193.2625,Repeat Customer
16566,2011-02-20 10:29:00,2011-11-24 16:34:00,5,5,614.66,362,277,122.93199999999999,Repeat Customer
16567,2011-01-07 09:31:00,2011-05-29 13:57:00,2,2,865.6,996,142,432.8,Repeat Customer
16568,2010-03-08 14:51:00,2010-10-08 10:54:00,2,2,1020.9,366,213,510.45,Repeat Customer
16569,2009-12-16 15:05:00,2011-12-06 15:32:00,5,5,1455.23,988,720,291.046,Repeat Customer
16570,2010-03-30 09:32:00,2011-11-24 17:02:00,20,13,7434.31,4292,604,371.7155,Repeat Customer
16571,2010-03-18 09:12:00,2011-11-13 11:46:00,10,10,4248.74,3703,605,424.87399999999997,Repeat Customer
16572,2011-03-09 12:04:00,2011-08-04 16:34:00,3,3,1009.6,532,148,336.53333333333336,Repeat Customer
16573,2011-02-22 15:14:00,2011-09-16 09:13:00,2,2,663.61,360,205,331.805,Repeat Customer
16574,2010-02-19 11:46:00,2011-09-29 13:39:00,3,3,1301.78,1002,587,433.9266666666667,Repeat Customer
16576,2010-07-06 10:42:00,2010-10-15 13:37:00,2,2,540.87,323,101,270.435,Repeat Customer
16577,2010-02-11 09:45:00,2010-02-11 09:45:00,1,1,380.0,142,0,380.0,One-Time Customer
16578,2010-03-23 15:11:00,2010-03-23 15:11:00,1,1,156.6,108,0,156.6,One-Time Customer
16579,2010-10-10 11:58:00,2010-10-10 11:58:00,1,1,295.05,119,0,295.05,One-Time Customer
16581,2011-06-10 10:05:00,2011-06-10 10:05:00,1,1,105.84,134,0,105.84,One-Time Customer
16582,2011-08-18 17:02:00,2011-08-18 17:02:00,1,1,313.62,164,0,313.62,One-Time Customer
16583,2010-02-04 12:18:00,2010-12-01 12:03:00,2,2,297.95,153,299,148.975,Repeat Customer
16584,2010-02-16 10:41:00,2011-09-20 13:45:00,5,5,3156.17,1913,581,631.234,Repeat Customer
16585,2010-01-13 13:31:00,2010-04-25 10:34:00,2,2,341.59000000000003,151,101,170.79500000000002,Repeat Customer
16586,2010-03-14 11:24:00,2011-04-05 09:32:00,3,3,1462.78,348,386,487.5933333333333,Repeat Customer
16587,2011-04-21 15:51:00,2011-04-21 15:51:00,1,1,225.15,71,0,225.15,One-Time Customer
16588,2010-05-14 13:43:00,2010-11-18 17:56:00,4,4,1361.28,882,188,340.32,Repeat Customer
16589,2010-09-15 14:56:00,2011-09-29 14:50:00,4,4,612.36,536,378,153.09,Repeat Customer
16590,2010-10-21 12:09:00,2010-11-04 09:06:00,2,2,605.9,240,13,302.95,Repeat Customer
16591,2011-10-02 10:43:00,2011-10-02 10:43:00,1,1,213.5,41,0,213.5,One-Time Customer
16592,2009-12-18 15:57:00,2011-12-05 13:49:00,28,16,7807.91,5504,716,278.8539285714286,Repeat Customer
16593,2009-12-05 10:44:00,2011-10-20 12:41:00,8,7,1071.14,377,684,133.8925,Repeat Customer
16594,2011-09-25 14:08:00,2011-09-25 14:08:00,1,1,181.09,64,0,181.09,One-Time Customer
16595,2010-01-17 12:12:00,2011-10-09 13:15:00,5,5,1757.75,1331,630,351.55,Repeat Customer
16596,2009-12-10 13:09:00,2011-11-24 10:02:00,4,4,458.98,180,713,114.745,Repeat Customer
16597,2011-12-05 15:44:00,2011-12-05 15:44:00,1,1,90.04,184,0,90.04,One-Time Customer
16598,2011-02-27 11:42:00,2011-02-27 11:42:00,1,1,145.05,73,0,145.05,One-Time Customer
16599,2010-11-19 12:45:00,2010-11-19 12:45:00,1,1,172.8,159,0,172.8,One-Time Customer
16600,2009-12-18 12:59:00,2011-12-05 16:00:00,13,9,2153.41,2420,717,165.64692307692306,Repeat Customer
16601,2010-03-26 13:39:00,2011-10-30 11:09:00,3,3,675.83,388,582,225.27666666666667,Repeat Customer
16602,2010-11-16 09:13:00,2011-11-03 15:54:00,2,2,763.33,429,352,381.665,Repeat Customer
16603,2011-09-09 13:02:00,2011-09-26 10:06:00,2,1,482.47,480,16,241.235,Repeat Customer
16604,2010-05-20 16:34:00,2010-05-26 09:10:00,2,1,432.45000000000005,175,5,216.22500000000002,Repeat Customer
16605,2009-12-15 19:03:00,2009-12-15 19:03:00,1,1,60.48,144,0,60.48,One-Time Customer
16606,2010-10-01 13:21:00,2010-10-31 13:57:00,2,1,357.66,148,30,178.83,Repeat Customer
16607,2010-04-29 14:01:00,2011-11-22 10:24:00,25,17,5706.87,4436,571,228.2748,Repeat Customer
16608,2010-02-14 11:57:00,2010-09-12 11:44:00,2,2,1286.6200000000001,612,209,643.3100000000001,Repeat Customer
16609,2011-04-01 10:11:00,2011-11-24 13:32:00,7,5,5493.46,2420,237,784.78,Repeat Customer
16610,2011-05-04 13:13:00,2011-05-04 13:13:00,1,1,75.66,66,0,75.66,One-Time Customer
16611,2010-03-10 16:07:00,2011-06-06 15:46:00,6,5,1785.13,874,452,297.5216666666667,Repeat Customer
16612,2009-12-03 15:54:00,2011-11-07 07:38:00,9,8,3245.4300000000003,1419,703,360.60333333333335,Repeat Customer
16613,2011-09-30 15:52:00,2011-09-30 15:52:00,1,1,618.59,293,0,618.59,One-Time Customer
16614,2010-05-10 15:18:00,2011-06-10 11:36:00,3,3,1179.79,349,395,393.2633333333333,Repeat Customer
16615,2010-03-23 15:13:00,2010-03-23 15:13:00,1,1,291.5,211,0,291.5,One-Time Customer
16616,2011-07-05 13:38:00,2011-11-24 16:31:00,2,2,500.42,370,142,250.21,Repeat Customer
16617,2011-04-18 10:35:00,2011-04-18 10:35:00,1,1,151.85,91,0,151.85,One-Time Customer
16618,2011-01-21 11:55:00,2011-11-08 13:52:00,5,4,2647.59,1363,291,529.518,Repeat Customer
16619,2010-02-22 12:05:00,2011-03-21 08:18:00,4,4,1938.3300000000002,1055,391,484.58250000000004,Repeat Customer
16620,2009-12-01 14:35:00,2011-12-06 12:19:00,6,6,1758.93,1146,734,293.15500000000003,Repeat Customer
16621,2011-03-07 11:32:00,2011-10-19 11:38:00,4,4,813.48,302,226,203.37,Repeat Customer
16622,2010-06-14 10:44:00,2010-06-14 10:44:00,1,1,225.4,44,0,225.4,One-Time Customer
16623,2010-04-26 14:04:00,2011-04-08 10:09:00,4,4,1015.24,442,346,253.81,Repeat Customer
16624,2011-05-26 14:20:00,2011-09-20 12:39:00,2,2,810.57,488,116,405.285,Repeat Customer
16625,2010-06-14 11:56:00,2011-03-10 12:50:00,5,5,1654.03,1057,269,330.806,Repeat Customer
16626,2011-03-18 12:27:00,2011-12-09 11:56:00,17,8,4413.1,2690,265,259.59411764705885,Repeat Customer
16627,2011-09-21 14:38:00,2011-09-21 14:38:00,1,1,322.8,162,0,322.8,One-Time Customer
16628,2010-03-08 12:24:00,2011-11-10 12:45:00,7,7,2318.1,1260,612,331.15714285714284,Repeat Customer
16629,2011-09-04 16:12:00,2011-09-27 10:34:00,2,1,408.63,489,22,204.315,Repeat Customer
16630,2010-10-28 14:30:00,2010-10-28 14:30:00,1,1,106.80000000000001,72,0,106.80000000000001,One-Time Customer
16631,2010-02-26 10:49:00,2010-08-15 11:20:00,7,6,1892.52,775,170,270.36,Repeat Customer
16632,2010-05-07 16:46:00,2010-08-11 11:39:00,2,2,406.4,256,95,203.2,Repeat Customer
16633,2011-04-19 14:36:00,2011-11-22 13:41:00,6,6,2883.1,1138,216,480.51666666666665,Repeat Customer
16634,2010-01-21 09:30:00,2011-05-01 12:09:00,6,6,1649.81,1257,465,274.9683333333333,Repeat Customer
16635,2010-10-29 09:41:00,2010-10-29 09:41:00,1,1,473.0,277,0,473.0,One-Time Customer
16636,2010-03-03 14:06:00,2010-09-27 13:13:00,4,3,3802.04,2186,207,950.51,Repeat Customer
16637,2011-04-28 10:20:00,2011-11-07 13:17:00,4,4,1154.47,927,193,288.6175,Repeat Customer
16638,2010-08-18 13:33:00,2011-11-17 11:09:00,15,10,2380.13,1627,455,158.67533333333333,Repeat Customer
16639,2010-10-26 18:23:00,2011-11-08 13:20:00,4,4,1747.98,751,377,436.995,Repeat Customer
16640,2010-11-07 10:48:00,2010-11-07 10:48:00,1,1,179.4,146,0,179.4,One-Time Customer
16641,2010-01-07 12:22:00,2011-08-26 12:49:00,2,2,554.5,454,596,277.25,Repeat Customer
16642,2010-10-20 14:22:00,2011-12-05 11:31:00,3,3,1077.45,775,410,359.15000000000003,Repeat Customer
16643,2010-10-13 09:47:00,2011-04-08 08:24:00,2,2,923.11,553,176,461.555,Repeat Customer
16644,2011-05-11 12:53:00,2011-06-15 12:39:00,2,2,833.78,826,34,416.89,Repeat Customer
16645,2009-12-04 09:49:00,2009-12-04 09:49:00,1,1,160.39,117,0,160.39,One-Time Customer
16646,2010-09-16 13:28:00,2010-09-16 13:28:00,1,1,678.8,1072,0,678.8,One-Time Customer
16647,2010-06-13 15:52:00,2011-06-23 11:47:00,4,4,541.9,396,374,135.475,Repeat Customer
16648,2010-04-28 14:58:00,2011-10-28 08:58:00,3,3,672.8,503,547,224.26666666666665,Repeat Customer
16649,2010-07-07 15:41:00,2010-07-07 15:41:00,1,1,306.58,82,0,306.58,One-Time Customer
16650,2010-07-08 14:18:00,2011-09-29 09:51:00,7,5,1916.11,1511,447,273.72999999999996,Repeat Customer
16651,2010-05-02 11:46:00,2010-05-02 11:46:00,1,1,136.2,60,0,136.2,One-Time Customer
16652,2010-03-17 10:22:00,2011-10-12 09:38:00,16,10,17550.39,7477,573,1096.899375,Repeat Customer
16653,2011-09-29 13:38:00,2011-11-23 14:51:00,2,2,1212.66,733,55,606.33,Repeat Customer
16654,2010-04-06 13:29:00,2011-07-21 15:23:00,8,8,1484.07,640,471,185.50875,Repeat Customer
16655,2010-01-31 15:40:00,2011-11-22 11:25:00,13,12,6423.26,3938,659,494.0969230769231,Repeat Customer
16656,2009-12-04 12:59:00,2011-11-17 14:43:00,30,21,16833.170000000002,15433,713,561.1056666666667,Repeat Customer
16657,2011-03-30 12:02:00,2011-11-30 11:48:00,4,3,874.43,1130,244,218.6075,Repeat Customer
16658,2010-03-30 16:24:00,2010-12-06 13:47:00,5,5,680.83,269,250,136.166,Repeat Customer
16659,2011-06-03 15:03:00,2011-06-03 15:03:00,1,1,39.12,72,0,39.12,One-Time Customer
16660,2010-01-14 11:09:00,2011-11-23 14:53:00,7,6,1879.55,991,678,268.50714285714287,Repeat Customer
16661,2009-12-17 15:39:00,2010-06-17 15:24:00,4,4,932.76,364,181,233.19,Repeat Customer
16662,2010-11-10 16:56:00,2010-11-10 16:56:00,1,1,151.05,35,0,151.05,One-Time Customer
16663,2009-12-10 13:12:00,2009-12-10 13:12:00,1,1,165.0,100,0,165.0,One-Time Customer
16664,2010-05-19 17:11:00,2010-05-19 17:11:00,1,1,109.2,24,0,109.2,One-Time Customer
16665,2010-12-12 14:03:00,2010-12-12 14:03:00,1,1,135.4,59,0,135.4,One-Time Customer
16666,2010-03-28 15:13:00,2011-11-20 14:01:00,2,2,217.71,354,601,108.855,Repeat Customer
16667,2011-02-28 12:57:00,2011-10-02 15:26:00,2,2,567.1800000000001,236,216,283.59000000000003,Repeat Customer
16668,2010-03-18 18:25:00,2011-11-24 17:43:00,13,12,862.42,773,615,66.34,Repeat Customer
16669,2011-09-22 14:13:00,2011-11-16 12:26:00,2,2,1344.48,871,54,672.24,Repeat Customer
16670,2009-12-10 15:28:00,2011-11-23 09:34:00,20,15,8030.150000000001,4534,712,401.50750000000005,Repeat Customer
16671,2011-06-28 11:20:00,2011-11-11 13:40:00,3,2,1692.27,875,136,564.09,Repeat Customer
16672,2011-03-18 10:15:00,2011-12-07 16:29:00,20,9,8134.9400000000005,2832,264,406.747,Repeat Customer
16673,2010-01-29 14:22:00,2010-01-29 14:22:00,1,1,171.13,95,0,171.13,One-Time Customer
16674,2011-09-02 13:59:00,2011-10-16 11:31:00,2,2,304.24,181,43,152.12,Repeat Customer
16675,2010-08-18 13:11:00,2010-09-24 12:15:00,2,2,608.86,296,36,304.43,Repeat Customer
16676,2010-10-17 13:07:00,2011-11-06 12:01:00,6,6,2361.9,927,384,393.65000000000003,Repeat Customer
16677,2010-02-25 16:11:00,2010-10-24 14:53:00,2,2,880.62,457,240,440.31,Repeat Customer
16678,2011-03-02 09:24:00,2011-12-07 12:17:00,12,8,3109.99,2397,280,259.1658333333333,Repeat Customer
16679,2010-06-10 18:35:00,2010-12-08 13:51:00,3,3,663.31,247,180,221.10333333333332,Repeat Customer
16680,2010-06-23 09:30:00,2011-10-27 17:35:00,3,2,821.45,377,491,273.81666666666666,Repeat Customer
16681,2010-03-08 14:10:00,2011-09-28 11:11:00,7,6,1921.8400000000001,1492,568,274.54857142857145,Repeat Customer
16682,2011-06-05 11:02:00,2011-12-05 12:13:00,5,5,1028.0,1040,183,205.6,Repeat Customer
16683,2010-06-24 10:36:00,2010-06-24 10:36:00,1,1,320.25,190,0,320.25,One-Time Customer
16684,2009-12-07 12:56:00,2011-12-05 14:06:00,55,18,147142.77,104810,728,2675.3230909090908,Repeat Customer
16685,2011-10-09 13:44:00,2011-10-09 13:58:00,2,1,324.24,396,0,162.12,Repeat Customer
16686,2009-12-06 15:48:00,2011-10-23 13:49:00,16,14,4881.07,3419,685,305.066875,Repeat Customer
16687,2010-11-14 11:46:00,2010-11-14 11:46:00,1,1,157.63,141,0,157.63,One-Time Customer
16688,2011-10-10 12:23:00,2011-12-08 15:24:00,4,3,1260.8600000000001,804,59,315.21500000000003,Repeat Customer
16689,2011-09-18 13:29:00,2011-09-25 11:39:00,2,1,422.6,330,6,211.3,Repeat Customer
16690,2010-09-14 15:00:00,2011-09-28 15:02:00,4,4,353.03000000000003,209,379,88.25750000000001,Repeat Customer
16691,2010-05-27 14:55:00,2010-10-17 15:03:00,2,2,178.83,92,143,89.415,Repeat Customer
16692,2010-09-24 11:31:00,2011-03-28 14:46:00,4,4,1764.6999999999998,877,185,441.17499999999995,Repeat Customer
16693,2010-02-21 12:42:00,2011-10-02 11:10:00,5,5,1179.48,658,587,235.89600000000002,Repeat Customer
16694,2009-12-16 15:45:00,2009-12-16 15:45:00,1,1,98.30000000000001,26,0,98.30000000000001,One-Time Customer
16695,2010-05-27 12:24:00,2010-05-27 12:36:00,2,1,191.9,184,0,95.95,Repeat Customer
16696,2011-04-05 15:20:00,2011-07-27 14:23:00,4,3,657.9,146,112,164.475,Repeat Customer
16697,2011-04-12 17:12:00,2011-04-12 17:12:00,1,1,112.75,27,0,112.75,One-Time Customer
16698,2011-03-31 13:33:00,2011-04-27 10:52:00,2,2,1998.0,840,26,999.0,Repeat Customer
16699,2009-12-04 13:31:00,2010-11-24 14:38:00,7,6,994.6,640,355,142.0857142857143,Repeat Customer
16700,2009-12-02 10:51:00,2011-12-01 11:00:00,25,21,8830.77,6644,729,353.23080000000004,Repeat Customer
16701,2009-12-01 19:19:00,2011-12-01 11:10:00,26,19,9916.73,11046,729,381.4126923076923,Repeat Customer
16702,2009-12-07 16:40:00,2010-10-20 14:10:00,4,4,1109.53,690,316,277.3825,Repeat Customer
16704,2010-02-05 14:14:00,2010-03-31 14:02:00,2,2,664.16,433,53,332.08,Repeat Customer
16705,2009-12-09 13:34:00,2011-12-09 12:08:00,42,19,43515.051,22302,729,1036.072642857143,Repeat Customer
16706,2011-08-17 15:53:00,2011-11-02 13:50:00,3,3,531.35,249,76,177.11666666666667,Repeat Customer
16707,2010-03-09 15:16:00,2010-11-04 14:39:00,4,4,533.41,396,239,133.3525,Repeat Customer
16708,2011-10-25 12:20:00,2011-10-25 12:20:00,1,1,656.63,285,0,656.63,One-Time Customer
16709,2009-12-09 13:16:00,2011-09-16 10:56:00,14,11,9056.01,3261,645,646.8578571428571,Repeat Customer
16710,2009-12-04 13:41:00,2011-11-20 14:50:00,22,14,5921.35,4174,716,269.15227272727276,Repeat Customer
16711,2009-12-02 13:22:00,2011-12-06 16:32:00,9,8,2868.48,1212,734,318.72,Repeat Customer
16712,2010-11-03 15:45:00,2011-11-30 13:48:00,13,7,4225.22,2071,391,325.0169230769231,Repeat Customer
16713,2009-12-15 12:49:00,2011-11-21 12:36:00,32,19,14115.56,8482,705,441.11125,Repeat Customer
16714,2010-02-07 11:17:00,2011-01-26 13:46:00,3,2,1482.33,827,353,494.10999999999996,Repeat Customer
16715,2010-05-26 12:35:00,2011-09-22 18:15:00,2,2,625.52,1174,484,312.76,Repeat Customer
16716,2010-03-19 11:05:00,2011-03-18 10:03:00,3,3,2149.6800000000003,912,363,716.5600000000001,Repeat Customer
16717,2009-12-07 15:55:00,2011-11-16 12:16:00,14,9,6663.68,3145,708,475.9771428571429,Repeat Customer
16718,2009-12-06 13:07:00,2010-12-05 13:03:00,5,5,3006.08,1924,363,601.216,Repeat Customer
16719,2009-12-13 10:59:00,2011-11-25 09:27:00,14,14,3508.62,2306,711,250.6157142857143,Repeat Customer
16720,2009-12-17 17:54:00,2011-11-13 16:22:00,3,3,566.74,454,695,188.91333333333333,Repeat Customer
16721,2011-03-22 16:08:00,2011-03-22 16:08:00,1,1,292.47,172,0,292.47,One-Time Customer
16722,2009-12-03 19:23:00,2011-11-22 13:28:00,22,19,8189.56,7986,718,372.25272727272727,Repeat Customer
16723,2009-12-04 13:23:00,2011-09-09 13:01:00,4,4,1231.3600000000001,958,643,307.84000000000003,Repeat Customer
16724,2010-10-31 11:40:00,2010-10-31 11:40:00,1,1,147.35,69,0,147.35,One-Time Customer
16725,2009-12-13 15:54:00,2011-02-10 16:52:00,13,7,1686.81,699,424,129.7546153846154,Repeat Customer
16726,2010-10-24 16:09:00,2011-11-13 14:53:00,7,6,2063.88,1323,384,294.84000000000003,Repeat Customer
16727,2010-01-20 10:48:00,2010-12-10 13:48:00,4,4,1377.77,1066,324,344.4425,Repeat Customer
16728,2011-03-20 13:28:00,2011-10-24 14:36:00,4,4,1048.28,671,218,262.07,Repeat Customer
16729,2011-04-12 14:22:00,2011-11-01 14:29:00,21,8,7202.01,5718,203,342.95285714285717,Repeat Customer
16730,2011-01-24 14:01:00,2011-10-18 14:11:00,3,3,743.11,994,267,247.70333333333335,Repeat Customer
16731,2010-03-01 15:05:00,2010-03-01 15:05:00,1,1,170.3,124,0,170.3,One-Time Customer
16732,2009-12-08 13:04:00,2011-11-08 09:54:00,4,4,4387.64,2414,699,1096.91,Repeat Customer
16733,2010-06-28 10:12:00,2010-06-28 10:12:00,1,1,259.68,112,0,259.68,One-Time Customer
16734,2011-08-17 15:00:00,2011-10-18 13:44:00,3,2,646.76,345,61,215.58666666666667,Repeat Customer
16735,2009-12-08 09:24:00,2011-09-22 11:49:00,14,10,6217.41,4240,653,444.1007142857143,Repeat Customer
16736,2009-12-03 16:12:00,2010-07-22 10:09:00,5,3,2956.56,1050,230,591.312,Repeat Customer
16737,2010-05-11 09:53:00,2011-10-17 13:03:00,2,2,835.2,576,524,417.6,Repeat Customer
16738,2011-02-15 09:46:00,2011-02-15 09:46:00,1,1,3.75,3,0,3.75,One-Time Customer
16739,2010-06-21 09:38:00,2011-06-16 09:17:00,2,2,786.4300000000001,391,359,393.21500000000003,Repeat Customer
16740,2010-11-09 13:34:00,2010-11-09 13:34:00,1,1,226.91,110,0,226.91,One-Time Customer
16741,2010-03-24 15:15:00,2010-03-24 15:15:00,1,1,173.06,81,0,173.06,One-Time Customer
16742,2009-12-16 17:22:00,2010-08-04 10:52:00,13,8,2334.9700000000003,2557,230,179.61307692307693,Repeat Customer
16743,2010-04-22 13:21:00,2011-11-10 13:13:00,14,12,4212.15,3707,566,300.86785714285713,Repeat Customer
16744,2011-06-19 15:13:00,2011-11-28 13:06:00,7,5,1291.91,798,161,184.55857142857144,Repeat Customer
16745,2011-02-01 11:31:00,2011-09-14 11:58:00,17,8,7180.7,6719,225,422.3941176470588,Repeat Customer
16746,2009-12-04 13:00:00,2011-12-05 12:33:00,42,22,18045.05,11898,730,429.6440476190476,Repeat Customer
16747,2011-10-03 10:18:00,2011-11-02 11:37:00,2,2,836.0600000000001,583,30,418.03000000000003,Repeat Customer
16748,2009-12-10 12:28:00,2011-11-22 10:17:00,14,12,3637.33,2127,711,259.8092857142857,Repeat Customer
16749,2009-12-15 14:05:00,2010-04-27 13:06:00,2,2,4157.88,1910,132,2078.94,Repeat Customer
16750,2011-04-21 16:53:00,2011-10-26 12:48:00,5,5,623.93,214,187,124.78599999999999,Repeat Customer
16751,2011-11-09 10:48:00,2011-11-09 10:48:00,1,1,1764.72,1031,0,1764.72,One-Time Customer
16752,2010-12-02 12:18:00,2010-12-02 12:18:00,1,1,207.5,54,0,207.5,One-Time Customer
16753,2011-10-12 13:14:00,2011-10-12 13:14:00,1,1,223.92000000000002,189,0,223.92000000000002,One-Time Customer
16754,2010-03-08 11:32:00,2010-12-02 17:38:00,29,9,65500.07,63551,269,2258.6231034482757,Repeat Customer
16755,2009-12-09 14:25:00,2011-08-17 13:21:00,7,7,2864.68,1985,615,409.23999999999995,Repeat Customer
16756,2010-03-09 15:56:00,2011-05-09 09:33:00,7,7,1312.3700000000001,707,425,187.48142857142858,Repeat Customer
16757,2010-10-26 15:09:00,2011-01-25 11:59:00,2,2,270.48,180,90,135.24,Repeat Customer
16758,2011-10-05 14:47:00,2011-10-05 14:47:00,1,1,369.34000000000003,203,0,369.34000000000003,One-Time Customer
16759,2011-11-09 09:06:00,2011-12-02 12:42:00,3,2,789.79,609,23,263.2633333333333,Repeat Customer
16760,2010-10-05 15:55:00,2010-10-05 15:55:00,1,1,228.0,168,0,228.0,One-Time Customer
16761,2011-09-04 11:15:00,2011-09-04 11:15:00,1,1,316.62,341,0,316.62,One-Time Customer
16762,2011-07-18 12:52:00,2011-11-20 11:43:00,3,3,1207.24,480,124,402.41333333333336,Repeat Customer
16763,2009-12-01 15:26:00,2011-05-25 11:52:00,2,2,964.6999999999999,492,539,482.34999999999997,Repeat Customer
16764,2011-07-19 17:17:00,2011-12-06 11:41:00,13,6,2790.95,1253,139,214.68846153846152,Repeat Customer
16765,2010-11-22 13:42:00,2011-02-18 15:41:00,2,2,454.75,311,88,227.375,Repeat Customer
16766,2011-03-11 13:34:00,2011-03-11 15:22:00,2,1,1145.6,536,0,572.8,Repeat Customer
16767,2010-04-28 16:49:00,2011-11-09 09:42:00,15,12,8052.41,7099,559,536.8273333333333,Repeat Customer
16768,2009-12-07 11:47:00,2011-10-23 10:38:00,9,9,1698.57,774,684,188.73,Repeat Customer
16769,2009-12-14 11:10:00,2011-03-24 13:41:00,4,3,1117.05,295,465,279.2625,Repeat Customer
16770,2010-08-22 16:08:00,2011-10-13 12:21:00,9,8,1778.93,1052,416,197.6588888888889,Repeat Customer
16771,2009-12-09 11:52:00,2011-11-06 13:28:00,10,10,3921.1,2290,697,392.11,Repeat Customer
16772,2009-12-18 10:50:00,2010-10-12 13:19:00,3,3,3698.05,687,298,1232.6833333333334,Repeat Customer
16773,2009-12-06 15:01:00,2011-10-13 14:37:00,3,3,421.24,252,675,140.41333333333333,Repeat Customer
16774,2010-02-16 16:53:00,2011-10-03 12:41:00,8,8,1567.48,774,593,195.935,Repeat Customer
16775,2010-09-23 17:34:00,2011-11-29 15:22:00,16,13,2820.84,957,431,176.3025,Repeat Customer
16776,2010-10-20 12:13:00,2011-10-10 13:04:00,2,2,592.51,435,355,296.255,Repeat Customer
16777,2010-03-17 12:42:00,2011-09-20 13:41:00,5,5,1292.18,470,552,258.43600000000004,Repeat Customer
16778,2011-03-10 15:21:00,2011-09-26 13:48:00,2,2,245.94,194,199,122.97,Repeat Customer
16779,2009-12-03 13:03:00,2011-12-07 14:54:00,53,24,32809.03,19411,734,619.0383018867924,Repeat Customer
16780,2010-10-28 19:41:00,2011-08-31 16:09:00,3,3,596.4,352,306,198.79999999999998,Repeat Customer
16781,2010-02-08 13:56:00,2010-12-02 14:26:00,2,2,623.0,192,297,311.5,Repeat Customer
16782,2009-12-09 11:58:00,2011-11-29 13:20:00,38,19,9636.12,4027,720,253.58210526315793,Repeat Customer
16783,2010-09-29 11:53:00,2010-09-29 11:53:00,1,1,391.95,163,0,391.95,One-Time Customer
16784,2010-03-28 12:55:00,2011-11-20 12:20:00,5,5,892.33,494,601,178.466,Repeat Customer
16785,2010-10-26 10:36:00,2010-10-26 10:36:00,1,1,533.78,313,0,533.78,One-Time Customer
16786,2010-11-11 08:25:00,2010-11-11 08:25:00,1,1,51.84,72,0,51.84,One-Time Customer
16787,2010-01-10 11:12:00,2010-11-07 11:01:00,4,4,1017.53,472,300,254.3825,Repeat Customer
16788,2010-02-07 12:40:00,2011-08-08 14:53:00,5,5,1927.28,964,547,385.456,Repeat Customer
16789,2011-12-01 15:12:00,2011-12-01 15:12:00,1,1,80.80000000000001,32,0,80.80000000000001,One-Time Customer
16790,2011-11-02 11:23:00,2011-12-06 11:53:00,6,2,1545.6200000000001,898,34,257.60333333333335,Repeat Customer
16791,2009-12-03 18:08:00,2011-11-10 19:12:00,15,13,3944.88,1853,707,262.992,Repeat Customer
16792,2010-01-04 13:47:00,2011-03-02 14:41:00,5,4,623.46,324,422,124.69200000000001,Repeat Customer
16793,2011-10-13 15:08:00,2011-10-13 15:08:00,1,1,243.84,146,0,243.84,One-Time Customer
16794,2010-03-25 15:17:00,2011-12-08 17:54:00,15,11,2050.68,1575,623,136.712,Repeat Customer
16795,2010-01-25 13:14:00,2010-12-09 14:08:00,3,3,2062.41,1214,318,687.4699999999999,Repeat Customer
16796,2011-09-11 14:01:00,2011-09-11 14:01:00,1,1,305.62,186,0,305.62,One-Time Customer
16797,2009-12-02 13:33:00,2010-11-11 19:14:00,5,5,1802.02,898,344,360.404,Repeat Customer
16798,2009-12-10 19:35:00,2010-06-03 19:01:00,3,3,841.16,205,174,280.38666666666666,Repeat Customer
16799,2010-09-12 12:46:00,2010-10-03 14:28:00,2,2,452.78000000000003,162,21,226.39000000000001,Repeat Customer
16800,2011-11-28 14:06:00,2011-11-28 14:06:00,1,1,1162.65,524,0,1162.65,One-Time Customer
16801,2011-03-11 13:56:00,2011-06-29 15:33:00,4,3,1594.23,493,110,398.5575,Repeat Customer
16802,2009-12-09 13:00:00,2010-01-29 13:44:00,2,2,582.61,369,51,291.305,Repeat Customer
16803,2011-10-05 14:28:00,2011-10-05 14:28:00,1,1,332.3,245,0,332.3,One-Time Customer
16804,2011-03-14 15:48:00,2011-11-16 16:43:00,3,2,536.99,246,247,178.99666666666667,Repeat Customer
16805,2009-12-14 15:17:00,2011-06-19 11:23:00,4,4,1076.34,1119,551,269.085,Repeat Customer
16806,2011-04-14 19:59:00,2011-08-28 15:27:00,4,4,736.21,355,135,184.0525,Repeat Customer
16807,2010-03-26 14:38:00,2011-07-20 12:00:00,6,6,2123.88,1433,480,353.98,Repeat Customer
16808,2011-03-10 19:05:00,2011-09-01 19:34:00,2,2,288.42,196,175,144.21,Repeat Customer
16809,2010-04-13 15:34:00,2011-11-16 15:45:00,9,9,1727.43,1093,582,191.93666666666667,Repeat Customer
16810,2010-10-15 15:32:00,2011-05-31 15:32:00,2,2,842.04,372,228,421.02,Repeat Customer
16811,2011-11-22 17:19:00,2011-12-05 11:39:00,2,2,547.07,477,12,273.535,Repeat Customer
16812,2010-11-22 14:36:00,2010-12-14 12:35:00,4,2,2392.0,1116,21,598.0,Repeat Customer
16813,2011-05-19 13:28:00,2011-12-01 14:03:00,10,7,1652.18,1501,196,165.21800000000002,Repeat Customer
16814,2010-04-11 12:45:00,2011-11-25 13:27:00,36,19,11914.95,4838,593,330.97083333333336,Repeat Customer
16815,2010-06-21 12:05:00,2010-09-12 10:59:00,2,2,406.02,237,82,203.01,Repeat Customer
16816,2010-12-16 17:01:00,2011-08-28 14:16:00,4,4,417.06,274,254,104.265,Repeat Customer
16817,2010-10-04 09:06:00,2011-12-07 11:03:00,13,9,2560.7000000000003,1401,429,196.9769230769231,Repeat Customer
16818,2011-05-18 11:42:00,2011-11-29 10:41:00,11,6,3349.57,2164,194,304.50636363636363,Repeat Customer
16819,2010-08-31 17:31:00,2010-08-31 17:37:00,2,1,182.59,253,0,91.295,Repeat Customer
16820,2011-09-05 12:06:00,2011-09-05 12:06:00,1,1,497.61,307,0,497.61,One-Time Customer
16821,2010-11-23 10:04:00,2010-11-23 10:04:00,1,1,113.35,13,0,113.35,One-Time Customer
16822,2010-01-22 14:22:00,2010-01-22 14:22:00,1,1,181.39,171,0,181.39,One-Time Customer
16823,2009-12-02 09:57:00,2011-04-26 15:00:00,7,6,2243.09,1166,510,320.4414285714286,Repeat Customer
16824,2010-11-11 12:21:00,2011-11-24 12:38:00,3,3,686.24,390,378,228.74666666666667,Repeat Customer
16825,2010-06-23 13:14:00,2011-11-01 11:51:00,5,5,1826.89,1297,495,365.37800000000004,Repeat Customer
16826,2011-10-19 14:05:00,2011-10-19 14:05:00,1,1,341.7,158,0,341.7,One-Time Customer
16827,2010-04-29 19:07:00,2010-11-11 14:04:00,5,4,387.18,124,195,77.436,Repeat Customer
16828,2011-08-19 13:24:00,2011-08-19 13:24:00,1,1,113.5,58,0,113.5,One-Time Customer
16829,2010-11-16 18:11:00,2011-07-06 10:48:00,2,2,513.32,215,231,256.66,Repeat Customer
16830,2009-12-13 12:11:00,2011-11-01 11:35:00,4,4,1207.5,699,687,301.875,Repeat Customer
16831,2010-05-24 09:08:00,2010-05-24 09:08:00,1,1,91.8,48,0,91.8,One-Time Customer
16832,2010-09-07 12:35:00,2011-06-08 15:36:00,5,4,417.61,179,274,83.522,Repeat Customer
16833,2010-03-26 15:31:00,2011-12-08 14:39:00,6,5,2409.04,878,621,401.50666666666666,Repeat Customer
16834,2010-02-03 14:24:00,2011-04-26 09:37:00,2,2,898.96,760,446,449.48,Repeat Customer
16835,2010-05-19 08:41:00,2011-08-03 13:50:00,6,6,1456.66,496,441,242.77666666666667,Repeat Customer
16836,2010-05-14 12:52:00,2011-10-31 10:05:00,4,4,782.37,539,534,195.5925,Repeat Customer
16837,2011-04-08 08:48:00,2011-11-08 14:27:00,11,5,3170.98,1563,214,288.2709090909091,Repeat Customer
16838,2010-02-14 15:27:00,2011-05-26 13:13:00,4,4,1159.6100000000001,509,465,289.90250000000003,Repeat Customer
16839,2010-02-11 15:02:00,2011-12-01 09:03:00,44,20,21758.25,11295,657,494.5056818181818,Repeat Customer
16840,2010-02-03 12:42:00,2010-04-15 15:48:00,2,2,139.85,117,71,69.925,Repeat Customer
16841,2010-01-12 11:32:00,2011-11-03 11:51:00,12,11,4006.06,3478,660,333.8383333333333,Repeat Customer
16842,2011-02-10 14:51:00,2011-08-31 10:42:00,3,3,1264.19,693,201,421.3966666666667,Repeat Customer
16843,2009-12-10 11:40:00,2011-10-28 09:06:00,35,17,19571.43,18502,686,559.1837142857142,Repeat Customer
16844,2010-05-06 09:16:00,2010-05-26 10:29:00,2,1,614.34,281,20,307.17,Repeat Customer
16845,2010-03-31 13:09:00,2010-03-31 13:09:00,1,1,253.88,167,0,253.88,One-Time Customer
16846,2010-03-10 12:03:00,2011-10-20 13:55:00,3,3,842.41,517,589,280.80333333333334,Repeat Customer
16847,2010-03-31 13:32:00,2011-10-27 13:29:00,2,2,614.89,255,574,307.445,Repeat Customer
16848,2010-10-03 11:01:00,2011-10-18 08:42:00,4,3,1411.62,780,379,352.905,Repeat Customer
16849,2011-06-06 09:16:00,2011-06-06 09:16:00,1,1,124.57,33,0,124.57,One-Time Customer
16850,2011-01-10 11:09:00,2011-01-10 11:09:00,1,1,332.41,249,0,332.41,One-Time Customer
16851,2011-10-19 09:48:00,2011-12-05 13:32:00,3,2,342.45,271,47,114.14999999999999,Repeat Customer
16852,2011-06-16 15:49:00,2011-11-29 13:22:00,2,2,144.91,56,165,72.455,Repeat Customer
16854,2010-03-09 14:32:00,2010-10-18 16:31:00,2,2,1408.96,997,223,704.48,Repeat Customer
16855,2011-10-27 16:31:00,2011-11-16 12:03:00,2,2,328.40000000000003,164,19,164.20000000000002,Repeat Customer
16856,2010-09-23 13:11:00,2011-11-25 08:59:00,3,3,358.49,171,427,119.49666666666667,Repeat Customer
16857,2010-09-23 10:49:00,2010-09-23 10:49:00,1,1,352.8,168,0,352.8,One-Time Customer
16858,2009-12-15 11:09:00,2010-12-06 09:52:00,10,9,4292.59,1423,355,429.259,Repeat Customer
16859,2010-03-04 12:37:00,2011-07-18 12:19:00,7,6,1932.41,1899,500,276.05857142857144,Repeat Customer
16860,2010-02-15 13:46:00,2010-09-13 10:05:00,3,3,1610.62,625,209,536.8733333333333,Repeat Customer
16861,2010-07-19 11:44:00,2011-10-11 09:05:00,5,4,946.59,616,448,189.318,Repeat Customer
16862,2010-01-07 12:57:00,2010-06-10 13:05:00,4,3,662.33,513,154,165.5825,Repeat Customer
16863,2010-10-26 10:03:00,2011-11-08 15:26:00,3,3,834.27,640,378,278.09,Repeat Customer
16864,2010-04-20 11:56:00,2010-10-01 16:16:00,2,2,409.25,283,164,204.625,Repeat Customer
16865,2010-11-03 11:34:00,2010-11-03 11:34:00,1,1,130.95,157,0,130.95,One-Time Customer
16866,2011-07-01 12:34:00,2011-07-22 10:06:00,3,1,207.74,60,20,69.24666666666667,Repeat Customer
16867,2010-01-19 09:11:00,2010-01-19 09:11:00,1,1,76.74000000000001,58,0,76.74000000000001,One-Time Customer
16868,2010-04-25 11:31:00,2010-11-10 13:17:00,3,3,384.56,112,199,128.18666666666667,Repeat Customer
16869,2011-06-17 13:01:00,2011-11-17 12:02:00,4,3,817.12,583,152,204.28,Repeat Customer
16870,2010-08-27 13:53:00,2010-08-27 13:53:00,1,1,450.16,278,0,450.16,One-Time Customer
16871,2011-03-14 10:31:00,2011-11-17 19:27:00,6,4,2812.34,1253,248,468.72333333333336,Repeat Customer
16872,2010-09-02 17:36:00,2011-09-23 16:05:00,6,5,1213.13,1079,385,202.18833333333336,Repeat Customer
16873,2010-02-09 14:17:00,2011-12-05 12:05:00,12,11,14617.39,8601,663,1218.1158333333333,Repeat Customer
16874,2010-11-25 13:08:00,2010-11-25 13:08:00,1,1,209.89000000000001,78,0,209.89000000000001,One-Time Customer
16875,2010-01-05 09:16:00,2011-10-03 13:39:00,11,9,4234.53,2099,636,384.9572727272727,Repeat Customer
16876,2010-11-01 11:59:00,2010-11-01 11:59:00,1,1,136.01,181,0,136.01,One-Time Customer
16877,2011-05-15 16:13:00,2011-11-27 13:47:00,6,4,846.62,458,195,141.10333333333332,Repeat Customer
16878,2011-09-16 17:39:00,2011-09-16 17:39:00,1,1,13.3,12,0,13.3,One-Time Customer
16880,2010-08-03 13:54:00,2011-11-09 11:33:00,8,6,1813.21,904,462,226.65125,Repeat Customer
16881,2011-10-04 10:33:00,2011-10-04 10:33:00,1,1,432.0,600,0,432.0,One-Time Customer
16882,2011-01-26 17:43:00,2011-10-04 10:42:00,3,3,705.12,424,250,235.04,Repeat Customer
16883,2009-12-04 12:07:00,2011-06-05 12:51:00,19,8,2246.06,1016,548,118.21368421052631,Repeat Customer
16884,2010-05-18 12:00:00,2011-11-02 11:52:00,4,3,1070.97,520,532,267.7425,Repeat Customer
16885,2010-11-19 12:51:00,2011-11-24 13:40:00,4,4,683.35,357,370,170.8375,Repeat Customer
16886,2010-09-09 15:08:00,2010-09-09 15:08:00,1,1,134.0,48,0,134.0,One-Time Customer
16887,2009-12-01 13:41:00,2011-11-04 14:07:00,3,3,658.17,423,703,219.39,Repeat Customer
16888,2010-01-07 13:07:00,2010-11-04 12:39:00,3,3,434.2,145,300,144.73333333333332,Repeat Customer
16889,2010-05-23 10:46:00,2011-05-29 11:05:00,6,6,2526.65,1611,371,421.10833333333335,Repeat Customer
16890,2010-05-06 16:27:00,2010-08-20 11:23:00,3,2,277.91,241,105,92.63666666666667,Repeat Customer
16891,2009-12-04 12:37:00,2011-12-08 11:15:00,11,10,1727.94,652,733,157.08545454545455,Repeat Customer
16892,2009-12-08 14:20:00,2011-12-08 13:18:00,7,5,754.75,367,729,107.82142857142857,Repeat Customer
16893,2010-11-28 15:14:00,2010-12-08 12:06:00,2,2,249.47,116,9,124.735,Repeat Customer
16894,2010-06-22 14:21:00,2010-07-25 15:43:00,3,2,1306.96,503,33,435.65333333333336,Repeat Customer
16895,2010-02-12 11:07:00,2011-10-06 12:15:00,5,5,1102.9,421,601,220.58,Repeat Customer
16896,2010-06-02 15:40:00,2010-06-02 15:40:00,1,1,103.95,18,0,103.95,One-Time Customer
16897,2011-01-30 11:52:00,2011-02-13 15:02:00,2,2,289.78,73,14,144.89,Repeat Customer
16898,2010-05-12 12:18:00,2011-11-13 15:44:00,5,5,885.21,695,550,177.042,Repeat Customer
16899,2010-11-07 15:00:00,2011-12-02 12:03:00,8,7,1695.77,811,389,211.97125,Repeat Customer
16900,2011-10-07 13:17:00,2011-11-23 10:32:00,3,2,882.16,832,46,294.05333333333334,Repeat Customer
16901,2009-12-10 16:30:00,2009-12-10 16:30:00,1,1,204.26,42,0,204.26,One-Time Customer
16902,2011-08-15 14:17:00,2011-08-15 14:17:00,1,1,1706.88,629,0,1706.88,One-Time Customer
16903,2010-10-20 14:42:00,2011-11-10 15:32:00,3,3,1041.75,717,386,347.25,Repeat Customer
16904,2010-10-24 16:03:00,2011-12-05 13:10:00,20,12,4656.56,2596,406,232.82800000000003,Repeat Customer
16905,2009-12-10 20:04:00,2011-12-04 14:01:00,17,14,4704.27,1911,723,276.7217647058824,Repeat Customer
16906,2010-05-13 13:23:00,2011-09-19 11:49:00,7,6,1410.07,589,493,201.4385714285714,Repeat Customer
16907,2010-07-01 17:30:00,2011-11-10 18:04:00,9,9,1470.89,451,497,163.43222222222224,Repeat Customer
16908,2009-12-17 13:35:00,2009-12-17 13:35:00,1,1,252.59,61,0,252.59,One-Time Customer
16909,2011-09-28 16:45:00,2011-09-28 16:45:00,1,1,379.14,436,0,379.14,One-Time Customer
16910,2011-09-09 14:14:00,2011-12-05 12:51:00,8,4,1508.96,884,86,188.62,Repeat Customer
16911,2010-02-16 16:12:00,2010-03-14 12:18:00,2,2,255.25,161,25,127.625,Repeat Customer
16912,2009-12-09 12:32:00,2011-11-11 12:18:00,15,10,4460.51,1689,701,297.36733333333336,Repeat Customer
16913,2010-02-26 12:06:00,2011-02-22 12:56:00,3,2,423.91,229,361,141.30333333333334,Repeat Customer
16914,2011-11-03 15:27:00,2011-11-03 15:27:00,1,1,183.76,112,0,183.76,One-Time Customer
16915,2010-05-19 13:32:00,2011-11-30 16:39:00,11,11,1543.18,190,560,140.2890909090909,Repeat Customer
16916,2010-10-20 12:56:00,2011-11-16 12:08:00,4,4,896.12,647,391,224.03,Repeat Customer
16917,2010-03-17 15:24:00,2011-03-08 11:55:00,2,2,1851.88,792,355,925.94,Repeat Customer
16918,2009-12-03 12:27:00,2011-10-21 12:50:00,16,12,3206.54,2066,687,200.40875,Repeat Customer
16919,2010-08-19 15:28:00,2011-07-06 13:35:00,24,9,4909.66,2333,320,204.56916666666666,Repeat Customer
16920,2010-10-24 14:07:00,2010-10-24 14:07:00,1,1,355.45,81,0,355.45,One-Time Customer
16921,2010-04-18 15:34:00,2011-10-09 16:22:00,3,3,409.21,275,539,136.40333333333334,Repeat Customer
16922,2010-05-16 11:24:00,2010-05-16 11:24:00,1,1,611.08,281,0,611.08,One-Time Customer
16923,2010-01-31 11:14:00,2011-11-27 13:00:00,32,18,13157.130000000001,6190,665,411.16031250000003,Repeat Customer
16924,2011-09-16 12:54:00,2011-11-18 12:53:00,3,3,829.89,467,62,276.63,Repeat Customer
16925,2010-06-17 15:03:00,2010-06-17 15:03:00,1,1,125.65,123,0,125.65,One-Time Customer
16926,2010-07-01 12:57:00,2010-12-03 13:42:00,5,4,1169.61,197,155,233.92199999999997,Repeat Customer
16927,2010-12-13 11:57:00,2011-08-16 11:10:00,3,3,543.05,993,245,181.01666666666665,Repeat Customer
16928,2010-02-03 12:30:00,2011-09-20 15:10:00,26,13,3798.08,2563,594,146.07999999999998,Repeat Customer
16929,2011-07-07 12:39:00,2011-12-06 08:37:00,7,5,1295.39,929,151,185.0557142857143,Repeat Customer
16930,2011-10-02 14:25:00,2011-11-13 16:13:00,3,2,378.89,339,42,126.29666666666667,Repeat Customer
16931,2010-11-07 13:24:00,2011-12-04 13:15:00,23,14,5032.22,3357,391,218.79217391304348,Repeat Customer
16932,2010-05-17 14:15:00,2011-10-17 14:12:00,3,3,412.55,217,517,137.51666666666668,Repeat Customer
16933,2009-12-09 15:03:00,2011-12-08 12:54:00,9,8,3099.3,1533,728,344.3666666666667,Repeat Customer
16934,2010-03-28 12:43:00,2011-10-16 12:40:00,6,5,2083.14,936,566,347.19,Repeat Customer
16935,2010-10-14 13:09:00,2010-11-23 09:16:00,3,2,530.86,273,39,176.95333333333335,Repeat Customer
16936,2010-11-19 11:54:00,2011-11-14 11:04:00,2,2,548.29,339,359,274.145,Repeat Customer
16937,2010-07-28 17:56:00,2010-07-28 17:56:00,1,1,196.25,123,0,196.25,One-Time Customer
16938,2010-02-17 14:47:00,2011-12-01 10:20:00,9,8,6995.360000000001,5041,651,777.2622222222222,Repeat Customer
16939,2010-02-28 13:33:00,2010-08-08 12:24:00,3,3,433.85,229,160,144.61666666666667,Repeat Customer
16940,2009-12-08 13:08:00,2011-10-18 13:15:00,8,8,6427.66,4503,679,803.4575,Repeat Customer
16941,2010-04-07 11:13:00,2010-04-07 11:13:00,1,1,33.0,12,0,33.0,One-Time Customer
16942,2011-04-26 11:59:00,2011-11-27 12:40:00,9,5,1904.99,805,215,211.66555555555556,Repeat Customer
16943,2011-01-25 14:00:00,2011-05-12 11:57:00,3,3,816.73,145,106,272.24333333333334,Repeat Customer
16944,2010-04-09 11:03:00,2010-04-09 11:03:00,1,1,101.36,27,0,101.36,One-Time Customer
16945,2009-12-09 11:33:00,2011-11-18 11:39:00,33,19,8548.16,5889,709,259.0351515151515,Repeat Customer
16946,2010-03-02 10:49:00,2010-11-21 14:06:00,5,4,1222.04,509,264,244.408,Repeat Customer
16947,2010-03-03 10:54:00,2011-04-18 09:38:00,4,4,946.71,654,410,236.6775,Repeat Customer
16948,2010-02-21 13:48:00,2011-07-24 12:46:00,7,7,868.77,2091,517,124.11,Repeat Customer
16949,2011-01-27 12:11:00,2011-12-06 11:07:00,6,6,1286.27,791,312,214.37833333333333,Repeat Customer
16950,2010-01-24 11:26:00,2011-10-14 09:06:00,10,10,3533.77,2424,627,353.377,Repeat Customer
16951,2011-02-08 14:58:00,2011-07-28 12:05:00,3,2,1277.75,1318,169,425.9166666666667,Repeat Customer
16952,2009-12-11 13:52:00,2011-08-22 13:03:00,5,3,795.83,343,618,159.166,Repeat Customer
16953,2011-11-09 15:54:00,2011-11-09 15:54:00,1,1,20.8,10,0,20.8,One-Time Customer
16954,2010-01-18 14:49:00,2011-12-09 09:46:00,20,15,6081.88,4086,689,304.094,Repeat Customer
16955,2010-01-31 11:38:00,2011-06-08 10:36:00,6,5,1120.31,723,492,186.71833333333333,Repeat Customer
16956,2011-11-22 08:56:00,2011-11-22 08:56:00,1,1,308.74,114,0,308.74,One-Time Customer
16957,2011-03-03 09:25:00,2011-04-14 13:56:00,2,2,416.64,172,42,208.32,Repeat Customer
16958,2010-09-30 14:25:00,2010-09-30 14:25:00,1,1,778.49,514,0,778.49,One-Time Customer
16959,2011-09-13 15:03:00,2011-09-13 15:03:00,1,1,117.35000000000001,49,0,117.35000000000001,One-Time Customer
16960,2010-03-02 13:36:00,2011-11-01 11:35:00,8,6,1988.93,1489,608,248.61625,Repeat Customer
16961,2010-06-25 14:36:00,2011-08-15 13:46:00,3,3,794.56,482,415,264.8533333333333,Repeat Customer
16962,2010-10-26 11:36:00,2010-10-26 11:36:00,1,1,251.04,158,0,251.04,One-Time Customer
16963,2011-06-05 13:48:00,2011-06-05 13:48:00,1,1,110.55000000000001,35,0,110.55000000000001,One-Time Customer
16964,2009-12-06 12:51:00,2009-12-06 12:53:00,2,1,207.85,49,0,103.925,Repeat Customer
16965,2011-04-27 12:08:00,2011-04-27 12:08:00,1,1,192.07,243,0,192.07,One-Time Customer
16966,2011-04-13 14:17:00,2011-12-01 13:40:00,7,6,2154.97,1981,231,307.8528571428571,Repeat Customer
16967,2011-06-03 14:24:00,2011-06-03 14:24:00,1,1,319.02,333,0,319.02,One-Time Customer
16968,2011-08-24 10:51:00,2011-12-05 15:02:00,2,2,439.43,326,103,219.715,Repeat Customer
16969,2011-06-01 12:10:00,2011-10-31 13:12:00,3,3,650.41,816,152,216.8033333333333,Repeat Customer
16970,2010-03-23 13:50:00,2010-03-23 13:50:00,1,1,71.4,12,0,71.4,One-Time Customer
16971,2011-11-01 15:06:00,2011-11-01 15:06:00,1,1,357.21,72,0,357.21,One-Time Customer
16972,2010-09-09 11:20:00,2010-11-22 10:59:00,2,2,749.0,183,73,374.5,Repeat Customer
16973,2010-11-18 13:56:00,2010-11-18 13:56:00,1,1,127.0,60,0,127.0,One-Time Customer
16974,2010-05-24 10:43:00,2010-07-05 10:18:00,2,2,365.5,70,41,182.75,Repeat Customer
16975,2010-07-22 11:38:00,2010-10-12 17:53:00,3,3,926.12,586,82,308.70666666666665,Repeat Customer
16976,2011-03-17 16:33:00,2011-03-17 16:33:00,1,1,251.51999999999998,88,0,251.51999999999998,One-Time Customer
16977,2010-03-18 11:06:00,2010-11-09 13:17:00,4,3,496.0,142,236,124.0,Repeat Customer
16978,2010-02-11 16:27:00,2011-09-23 12:50:00,3,2,768.88,285,588,256.29333333333335,Repeat Customer
16979,2010-09-15 14:30:00,2011-12-06 12:21:00,9,8,2859.74,1451,446,317.74888888888887,Repeat Customer
16980,2010-10-07 14:05:00,2011-03-29 16:36:00,3,3,1422.83,990,173,474.27666666666664,Repeat Customer
16982,2011-10-10 12:28:00,2011-10-10 12:28:00,1,1,384.06,182,0,384.06,One-Time Customer
16983,2010-09-19 12:38:00,2011-11-27 12:10:00,11,9,3490.53,2315,433,317.3209090909091,Repeat Customer
16984,2010-03-07 15:34:00,2011-09-12 13:43:00,9,8,10350.53,5127,553,1150.058888888889,Repeat Customer
16985,2009-12-10 13:34:00,2011-11-22 13:33:00,23,15,10923.16,3103,711,474.92,Repeat Customer
16986,2010-02-04 14:46:00,2011-11-10 11:55:00,11,5,4888.75,2539,643,444.4318181818182,Repeat Customer
16987,2009-12-02 14:34:00,2011-12-06 17:26:00,11,7,2499.45,670,734,227.22272727272727,Repeat Customer
16988,2010-11-25 09:22:00,2011-12-04 16:02:00,2,2,382.67,158,374,191.335,Repeat Customer
16989,2011-07-12 09:11:00,2011-12-02 16:39:00,6,5,1133.25,1233,143,188.875,Repeat Customer
16990,2010-10-13 11:42:00,2011-05-05 08:30:00,2,2,344.0,200,203,172.0,Repeat Customer
16991,2010-10-14 14:08:00,2010-10-14 14:08:00,1,1,1041.21,793,0,1041.21,One-Time Customer
16992,2010-02-11 12:36:00,2011-11-29 11:50:00,13,10,5476.5,2061,655,421.2692307692308,Repeat Customer
16993,2010-05-12 13:55:00,2010-09-02 12:16:00,2,2,1950.95,285,112,975.475,Repeat Customer
16996,2010-10-18 12:24:00,2011-11-09 16:43:00,9,7,2123.61,919,387,235.95666666666668,Repeat Customer
16997,2011-01-18 11:51:00,2011-02-24 17:28:00,3,2,702.0,360,37,234.0,Repeat Customer
16998,2010-09-21 14:39:00,2011-07-13 09:44:00,5,4,402.0,104,294,80.4,Repeat Customer
16999,2011-09-26 15:43:00,2011-11-16 13:53:00,2,2,484.82,294,50,242.41,Repeat Customer
17000,2010-10-27 14:16:00,2010-11-08 13:35:00,2,2,406.3,305,11,203.15,Repeat Customer
17001,2010-03-25 12:41:00,2011-12-09 09:38:00,19,17,6640.8,3782,623,349.5157894736842,Repeat Customer
17002,2010-03-08 15:46:00,2011-09-15 12:40:00,7,6,2571.55,1265,555,367.36428571428576,Repeat Customer
17003,2010-05-10 11:20:00,2010-11-02 13:15:00,4,3,828.21,494,176,207.0525,Repeat Customer
17004,2010-10-11 15:43:00,2011-10-24 14:25:00,4,4,2324.36,1233,377,581.09,Repeat Customer
17005,2010-04-30 10:55:00,2010-08-26 10:57:00,2,2,622.36,691,118,311.18,Repeat Customer
17006,2010-03-05 13:33:00,2011-12-05 12:09:00,8,6,1635.27,572,639,204.40875,Repeat Customer
17007,2010-09-28 13:51:00,2011-10-20 10:47:00,7,5,1120.1000000000001,717,386,160.01428571428573,Repeat Customer
17008,2010-10-06 15:19:00,2010-10-06 15:19:00,1,1,81.36,24,0,81.36,One-Time Customer
17009,2010-06-06 16:01:00,2010-06-06 16:01:00,1,1,242.06,336,0,242.06,One-Time Customer
17010,2011-11-21 14:49:00,2011-11-21 14:49:00,1,1,195.36,118,0,195.36,One-Time Customer
17011,2010-02-26 09:47:00,2011-11-09 13:30:00,3,3,671.7,792,621,223.9,Repeat Customer
17012,2009-12-14 17:34:00,2009-12-14 17:34:00,1,1,360.61,251,0,360.61,One-Time Customer
17014,2011-10-04 11:36:00,2011-12-01 14:09:00,3,3,583.4300000000001,243,58,194.4766666666667,Repeat Customer
17015,2011-06-07 13:19:00,2011-11-11 10:45:00,3,3,1838.6100000000001,1978,156,612.87,Repeat Customer
17016,2010-05-12 12:32:00,2010-05-12 12:32:00,1,1,552.4,309,0,552.4,One-Time Customer
17017,2009-12-03 13:22:00,2011-12-07 09:32:00,29,15,12576.99,9397,733,433.68931034482756,Repeat Customer
17018,2009-12-05 10:27:00,2011-10-30 11:42:00,6,6,2287.7,456,694,381.2833333333333,Repeat Customer
17019,2009-12-02 11:52:00,2011-11-28 13:06:00,11,9,3586.99,2390,726,326.09,Repeat Customer
17020,2010-03-03 12:27:00,2010-06-15 13:06:00,2,2,935.62,860,104,467.81,Repeat Customer
17021,2010-04-29 20:05:00,2010-09-23 20:01:00,6,4,1182.22,992,146,197.03666666666666,Repeat Customer
17022,2010-10-03 10:27:00,2011-11-08 17:09:00,2,2,260.0,180,401,130.0,Repeat Customer
17023,2010-01-11 15:09:00,2010-10-18 15:37:00,3,3,800.1800000000001,530,280,266.7266666666667,Repeat Customer
17024,2011-07-05 09:31:00,2011-10-25 13:47:00,3,3,95.85,69,112,31.95,Repeat Customer
17025,2010-03-08 13:37:00,2011-10-10 09:06:00,5,4,1349.67,885,580,269.934,Repeat Customer
17026,2010-10-18 15:22:00,2011-06-07 14:28:00,3,3,175.83,107,231,58.61000000000001,Repeat Customer
17027,2009-12-10 12:10:00,2011-09-22 12:24:00,9,8,1310.63,645,651,145.62555555555556,Repeat Customer
17028,2009-12-18 14:28:00,2010-05-07 15:33:00,3,3,1593.83,856,140,531.2766666666666,Repeat Customer
17029,2010-02-14 10:19:00,2011-08-21 11:06:00,7,7,2137.3,1265,553,305.3285714285715,Repeat Customer
17030,2011-10-07 08:49:00,2011-10-07 08:49:00,1,1,146.87,146,0,146.87,One-Time Customer
17031,2010-05-07 14:52:00,2011-11-28 10:23:00,6,6,2773.85,1595,569,462.30833333333334,Repeat Customer
17032,2009-12-10 15:36:00,2010-04-15 14:14:00,5,4,2896.69,1664,125,579.338,Repeat Customer
17033,2010-11-07 12:55:00,2011-09-14 14:34:00,4,4,1332.79,871,311,333.1975,Repeat Customer
17034,2010-07-14 12:55:00,2011-11-23 15:14:00,5,5,1276.42,694,497,255.28400000000002,Repeat Customer
17035,2009-12-03 10:37:00,2011-04-08 11:23:00,4,4,613.59,327,491,153.3975,Repeat Customer
17036,2010-11-21 14:26:00,2010-11-21 14:26:00,1,1,176.9,76,0,176.9,One-Time Customer
17037,2011-09-13 12:49:00,2011-09-13 12:49:00,1,1,1267.32,656,0,1267.32,One-Time Customer
17038,2010-10-20 16:04:00,2011-11-09 13:50:00,2,2,743.17,535,384,371.585,Repeat Customer
17039,2010-04-14 12:56:00,2010-04-14 12:56:00,1,1,1954.99,689,0,1954.99,One-Time Customer
17040,2010-06-07 15:08:00,2011-07-25 10:19:00,2,2,463.25,189,412,231.625,Repeat Customer
17041,2010-04-18 14:25:00,2011-11-13 11:21:00,6,5,1655.2,1303,573,275.8666666666667,Repeat Customer
17042,2011-04-06 14:53:00,2011-12-07 12:26:00,5,5,1036.58,990,244,207.31599999999997,Repeat Customer
17043,2009-12-09 15:20:00,2011-11-07 15:33:00,8,7,2593.65,1616,698,324.20625,Repeat Customer
17044,2009-12-07 12:25:00,2011-11-14 14:28:00,12,8,11962.300000000001,5722,707,996.8583333333335,Repeat Customer
17045,2010-10-06 14:52:00,2011-08-18 17:09:00,5,5,827.6800000000001,294,316,165.536,Repeat Customer
17046,2010-03-29 13:46:00,2011-07-05 14:24:00,5,4,1906.07,1636,463,381.214,Repeat Customer
17047,2009-12-08 08:48:00,2011-09-15 13:27:00,6,5,2289.23,1184,646,381.53833333333336,Repeat Customer
17048,2010-01-18 13:55:00,2011-08-14 11:49:00,7,7,2071.68,1068,572,295.9542857142857,Repeat Customer
17049,2010-03-04 10:23:00,2011-12-07 10:48:00,19,12,9942.53,4273,643,523.291052631579,Repeat Customer
17050,2010-01-26 14:54:00,2011-09-04 13:48:00,10,9,4348.46,2431,585,434.846,Repeat Customer
17051,2010-03-21 14:55:00,2011-05-29 14:13:00,4,4,706.49,507,433,176.6225,Repeat Customer
17052,2011-11-11 14:50:00,2011-11-11 14:50:00,1,1,399.09,251,0,399.09,One-Time Customer
17053,2011-08-01 10:23:00,2011-08-01 10:23:00,1,1,498.48,122,0,498.48,One-Time Customer
17054,2011-04-08 13:14:00,2011-11-11 12:56:00,5,4,1356.33,804,216,271.26599999999996,Repeat Customer
17055,2010-09-20 12:21:00,2010-09-20 12:21:00,1,1,232.85000000000002,83,0,232.85000000000002,One-Time Customer
17056,2009-12-01 12:55:00,2009-12-01 12:55:00,1,1,128.60000000000002,26,0,128.60000000000002,One-Time Customer
17057,2010-04-22 19:21:00,2010-04-22 19:21:00,1,1,288.79,122,0,288.79,One-Time Customer
17058,2011-04-14 09:18:00,2011-09-19 10:13:00,3,3,1179.89,592,158,393.2966666666667,Repeat Customer
17059,2010-01-26 14:43:00,2011-11-10 12:27:00,9,9,4864.57,3107,652,540.5077777777777,Repeat Customer
17060,2011-03-18 13:27:00,2011-03-18 13:27:00,1,1,234.24,216,0,234.24,One-Time Customer
17061,2011-04-21 13:29:00,2011-09-27 11:24:00,11,6,5232.2300000000005,1526,158,475.65727272727275,Repeat Customer
17062,2010-09-26 11:57:00,2011-01-30 11:01:00,6,4,884.71,632,125,147.45166666666668,Repeat Customer
17063,2009-12-01 12:36:00,2011-11-18 16:19:00,13,10,3638.53,1899,717,279.8869230769231,Repeat Customer
17064,2011-01-16 16:10:00,2011-10-12 10:18:00,3,3,855.45,316,268,285.15000000000003,Repeat Customer
17065,2010-03-12 11:40:00,2010-03-12 11:41:00,2,1,194.7,82,0,97.35,Repeat Customer
17066,2009-12-13 13:24:00,2009-12-13 13:24:00,1,1,228.34,93,0,228.34,One-Time Customer
17067,2009-12-08 12:03:00,2009-12-15 08:39:00,3,1,454.54,322,6,151.51333333333335,Repeat Customer
17068,2010-03-28 14:26:00,2011-11-27 13:14:00,47,20,8980.18,4345,608,191.06765957446808,Repeat Customer
17069,2009-12-03 12:27:00,2011-11-11 17:13:00,14,9,5517.2300000000005,3230,708,394.08785714285716,Repeat Customer
17070,2010-10-25 15:57:00,2011-08-17 17:01:00,2,2,437.42,232,296,218.71,Repeat Customer
17071,2010-01-24 13:05:00,2011-11-11 16:31:00,13,12,3793.71,1934,656,291.82384615384615,Repeat Customer
17072,2010-03-24 16:33:00,2010-03-24 16:33:00,1,1,273.35,212,0,273.35,One-Time Customer
17073,2011-08-22 14:37:00,2011-11-22 11:47:00,4,4,1444.84,758,91,361.21,Repeat Customer
17074,2010-05-26 12:04:00,2010-05-26 12:04:00,1,1,203.05,19,0,203.05,One-Time Customer
17075,2009-12-14 11:24:00,2011-11-22 11:58:00,10,10,2236.63,785,708,223.663,Repeat Customer
17076,2009-12-04 12:12:00,2011-11-03 17:53:00,6,6,1242.75,514,699,207.125,Repeat Customer
17077,2010-05-10 16:36:00,2010-05-10 16:36:00,1,1,306.0,36,0,306.0,One-Time Customer
17078,2011-11-03 18:49:00,2011-11-03 19:17:00,2,1,375.86,782,0,187.93,Repeat Customer
17079,2011-09-22 15:34:00,2011-09-22 15:34:00,1,1,118.80000000000001,24,0,118.80000000000001,One-Time Customer
17080,2010-07-01 16:03:00,2011-11-17 12:59:00,7,4,957.53,569,503,136.79,Repeat Customer
17081,2010-02-22 13:19:00,2011-11-14 12:56:00,6,6,949.39,381,629,158.23166666666665,Repeat Customer
17082,2009-12-15 11:25:00,2011-11-06 15:17:00,6,5,4732.03,2526,691,788.6716666666666,Repeat Customer
17083,2010-02-09 11:46:00,2011-08-22 15:43:00,9,8,4049.79,1955,559,449.9766666666667,Repeat Customer
17084,2010-11-08 14:20:00,2011-11-04 14:54:00,3,2,5001.21,3178,361,1667.07,Repeat Customer
17085,2009-12-06 12:16:00,2011-08-08 14:15:00,28,15,7839.27,3553,610,279.9739285714286,Repeat Customer
17086,2011-10-07 11:22:00,2011-12-02 13:54:00,6,3,2050.08,1859,56,341.68,Repeat Customer
17087,2009-12-02 10:41:00,2009-12-02 10:41:00,1,1,221.53,113,0,221.53,One-Time Customer
17088,2011-03-31 09:48:00,2011-11-11 14:23:00,4,4,1991.01,868,225,497.7525,Repeat Customer
17089,2010-11-18 15:33:00,2010-11-18 15:33:00,1,1,128.45,35,0,128.45,One-Time Customer
17090,2010-07-19 16:02:00,2011-12-05 13:44:00,13,9,3080.1800000000003,1344,503,236.9369230769231,Repeat Customer
17091,2009-12-16 15:45:00,2011-12-07 10:43:00,19,16,7495.75,3732,720,394.5131578947368,Repeat Customer
17092,2010-02-02 16:42:00,2011-10-20 19:51:00,11,10,5511.41,3768,625,501.0372727272727,Repeat Customer
17093,2010-04-26 10:22:00,2010-04-26 10:22:00,1,1,235.88,114,0,235.88,One-Time Customer
17094,2010-10-12 10:48:00,2011-01-21 13:09:00,2,2,402.20000000000005,212,101,201.10000000000002,Repeat Customer
17095,2009-12-15 12:32:00,2011-11-17 12:21:00,7,7,2572.25,1695,701,367.4642857142857,Repeat Customer
17096,2010-06-02 14:48:00,2011-11-24 15:01:00,11,9,3697.9300000000003,1559,540,336.17545454545456,Repeat Customer
17097,2010-10-05 14:09:00,2011-12-07 17:05:00,9,6,1143.36,582,428,127.03999999999999,Repeat Customer
17098,2010-06-17 10:30:00,2010-11-23 12:13:00,3,3,591.07,125,159,197.02333333333334,Repeat Customer
17099,2010-06-24 16:25:00,2010-06-24 16:25:00,1,1,582.17,317,0,582.17,One-Time Customer
17100,2011-11-21 16:36:00,2011-11-21 16:36:00,2,1,971.74,800,0,485.87,Repeat Customer
17101,2010-06-07 15:12:00,2011-11-29 13:57:00,7,6,2507.05,1175,539,358.15000000000003,Repeat Customer
17102,2011-03-23 10:08:00,2011-03-23 10:08:00,1,1,25.5,2,0,25.5,One-Time Customer
17103,2009-12-17 14:08:00,2009-12-17 14:08:00,1,1,424.3,471,0,424.3,One-Time Customer
17104,2010-10-12 12:21:00,2010-10-12 12:21:00,1,1,474.03000000000003,149,0,474.03000000000003,One-Time Customer
17105,2011-02-06 14:46:00,2011-07-03 15:53:00,2,2,665.78,693,147,332.89,Repeat Customer
17106,2010-11-15 14:11:00,2010-11-15 14:11:00,1,1,481.58000000000004,153,0,481.58000000000004,One-Time Customer
17107,2010-01-31 15:47:00,2011-11-06 14:14:00,10,9,16052.72,7530,643,1605.272,Repeat Customer
17108,2010-02-14 12:22:00,2010-02-14 12:22:00,1,1,174.95,31,0,174.95,One-Time Customer
17109,2010-07-30 12:42:00,2011-11-10 16:59:00,8,5,1291.71,788,468,161.46375,Repeat Customer
17110,2010-04-08 13:32:00,2011-06-27 12:58:00,3,3,499.9,136,444,166.63333333333333,Repeat Customer
17111,2010-10-10 15:21:00,2011-10-23 15:59:00,2,2,459.58,581,378,229.79,Repeat Customer
17112,2010-07-25 11:14:00,2010-07-25 11:14:00,1,1,197.57,130,0,197.57,One-Time Customer
17113,2010-01-11 10:14:00,2010-05-14 13:59:00,6,4,2305.59,913,123,384.26500000000004,Repeat Customer
17114,2011-01-09 11:39:00,2011-12-04 12:17:00,8,8,801.12,215,329,100.14,Repeat Customer
17115,2009-12-05 12:13:00,2011-12-01 14:30:00,7,7,2761.4900000000002,885,726,394.49857142857144,Repeat Customer
17116,2010-03-01 16:29:00,2010-03-01 16:29:00,1,1,389.78,392,0,389.78,One-Time Customer
17117,2011-02-24 13:54:00,2011-02-24 13:54:00,1,1,116.2,68,0,116.2,One-Time Customer
17118,2011-01-26 12:19:00,2011-01-26 12:19:00,1,1,157.02,154,0,157.02,One-Time Customer
17119,2011-10-11 11:03:00,2011-12-06 14:40:00,2,2,606.91,334,56,303.455,Repeat Customer
17120,2011-04-20 15:21:00,2011-04-20 15:21:00,1,1,307.46,120,0,307.46,One-Time Customer
17121,2010-11-02 11:47:00,2010-11-02 11:47:00,1,1,314.74,106,0,314.74,One-Time Customer
17122,2010-07-28 09:34:00,2011-08-12 14:33:00,4,4,570.5,368,380,142.625,Repeat Customer
17123,2010-05-16 11:52:00,2011-07-01 10:47:00,3,3,966.6700000000001,651,410,322.22333333333336,Repeat Customer
17124,2011-06-07 14:02:00,2011-06-07 14:02:00,1,1,294.24,129,0,294.24,One-Time Customer
17125,2011-10-20 14:41:00,2011-10-20 14:41:00,1,1,230.5,281,0,230.5,One-Time Customer
17126,2010-08-31 13:41:00,2011-07-10 13:52:00,9,6,2008.93,1420,313,223.21444444444444,Repeat Customer
17127,2009-12-04 15:18:00,2010-10-07 09:54:00,5,5,1155.0300000000002,340,306,231.00600000000003,Repeat Customer
17128,2011-01-09 12:02:00,2011-01-09 12:02:00,1,1,157.09,76,0,157.09,One-Time Customer
17129,2010-07-07 13:46:00,2010-07-07 13:46:00,1,1,31.85,5,0,31.85,One-Time Customer
17131,2011-09-25 12:42:00,2011-12-04 12:52:00,5,4,2463.17,983,70,492.634,Repeat Customer
17132,2010-08-08 13:49:00,2010-09-13 16:31:00,2,2,1220.91,963,36,610.455,Repeat Customer
17133,2010-03-21 12:31:00,2011-11-24 12:27:00,12,10,14622.33,10107,612,1218.5275,Repeat Customer
17134,2010-09-23 18:32:00,2011-08-25 09:53:00,3,3,625.3000000000001,144,335,208.43333333333337,Repeat Customer
17135,2010-05-09 16:03:00,2011-11-23 16:48:00,10,7,1716.38,1682,563,171.638,Repeat Customer
17136,2010-02-15 13:13:00,2010-02-15 13:13:00,1,1,231.68,256,0,231.68,One-Time Customer
17137,2010-01-31 12:27:00,2010-10-19 14:51:00,6,5,1099.81,680,261,183.30166666666665,Repeat Customer
17138,2010-02-04 14:19:00,2011-03-09 11:54:00,7,6,4417.27,2024,397,631.0385714285715,Repeat Customer
17139,2010-01-11 11:31:00,2011-11-24 10:12:00,25,16,19566.76,9853,681,782.6704,Repeat Customer
17140,2011-04-06 13:33:00,2011-04-06 13:33:00,1,1,454.12,296,0,454.12,One-Time Customer
17141,2010-01-24 14:19:00,2010-10-17 14:54:00,4,2,727.58,423,266,181.895,Repeat Customer
17142,2010-01-24 15:23:00,2011-04-14 18:22:00,4,4,1275.25,322,445,318.8125,Repeat Customer
17143,2010-07-12 13:26:00,2010-10-18 15:27:00,2,2,880.97,314,98,440.485,Repeat Customer
17144,2011-09-16 12:50:00,2011-12-08 17:57:00,2,2,984.57,483,83,492.285,Repeat Customer
17145,2010-02-19 12:07:00,2010-07-15 09:02:00,4,2,3120.91,2591,145,780.2275,Repeat Customer
17146,2010-02-02 09:39:00,2011-08-26 12:44:00,13,10,5852.64,2188,570,450.20307692307694,Repeat Customer
17147,2010-01-11 09:38:00,2011-11-17 12:32:00,9,9,3199.95,1308,675,355.54999999999995,Repeat Customer
17148,2011-10-19 09:59:00,2011-10-19 09:59:00,1,1,124.88,82,0,124.88,One-Time Customer
17149,2010-09-14 14:56:00,2010-09-14 14:56:00,1,1,143.10000000000002,18,0,143.10000000000002,One-Time Customer
17150,2009-12-06 10:51:00,2010-11-28 11:27:00,6,5,1357.95,397,357,226.32500000000002,Repeat Customer
17151,2009-12-04 14:56:00,2009-12-04 14:56:00,1,1,231.90000000000003,42,0,231.90000000000003,One-Time Customer
17152,2010-10-10 12:40:00,2011-05-29 12:19:00,4,3,2016.5,577,230,504.125,Repeat Customer
17153,2011-11-15 13:42:00,2011-11-15 13:42:00,1,1,213.78,104,0,213.78,One-Time Customer
17154,2011-09-25 13:42:00,2011-09-25 13:42:00,1,1,329.34,490,0,329.34,One-Time Customer
17155,2009-12-03 11:34:00,2011-11-22 12:38:00,7,6,892.46,987,719,127.49428571428572,Repeat Customer
17156,2010-08-05 11:30:00,2010-08-05 11:30:00,1,1,591.87,391,0,591.87,One-Time Customer
17157,2009-12-04 13:00:00,2011-12-02 09:10:00,19,9,5151.900000000001,2092,727,271.1526315789474,Repeat Customer
17158,2010-03-07 15:50:00,2011-11-07 15:15:00,5,5,1980.0,1147,609,396.0,Repeat Customer
17159,2010-03-04 14:53:00,2011-11-18 10:52:00,5,5,2099.59,1348,623,419.918,Repeat Customer
17160,2009-12-04 10:57:00,2011-11-08 14:05:00,17,14,10209.16,8390,704,600.5388235294117,Repeat Customer
17161,2010-09-21 16:44:00,2010-09-21 16:44:00,1,1,856.01,537,0,856.01,One-Time Customer
17162,2011-02-07 12:27:00,2011-11-11 11:34:00,10,6,1715.46,1001,276,171.546,Repeat Customer
17163,2010-02-02 10:39:00,2011-11-18 08:57:00,4,4,699.78,531,653,174.945,Repeat Customer
17164,2011-03-11 14:26:00,2011-11-07 09:14:00,7,5,2467.35,1501,240,352.4785714285714,Repeat Customer
17165,2009-12-11 09:18:00,2011-02-28 16:39:00,6,6,1794.32,788,444,299.05333333333334,Repeat Customer
17166,2011-05-20 08:18:00,2011-11-01 09:46:00,2,2,206.34,78,165,103.17,Repeat Customer
17167,2010-09-20 14:02:00,2010-11-25 10:05:00,3,3,867.11,429,65,289.0366666666667,Repeat Customer
17168,2010-07-29 12:33:00,2010-07-29 12:33:00,1,1,400.2,220,0,400.2,One-Time Customer
17169,2010-05-10 13:00:00,2011-10-13 10:25:00,3,3,1156.73,671,520,385.57666666666665,Repeat Customer
17170,2010-11-15 16:23:00,2010-11-30 15:55:00,2,1,178.68,152,14,89.34,Repeat Customer
17171,2010-02-16 12:02:00,2011-02-23 16:37:00,2,2,384.59000000000003,225,372,192.29500000000002,Repeat Customer
17172,2009-12-13 11:46:00,2011-09-22 09:36:00,3,3,956.5699999999999,1215,647,318.8566666666666,Repeat Customer
17173,2011-07-31 15:26:00,2011-12-04 14:40:00,8,5,3766.6,1122,125,470.825,Repeat Customer
17174,2011-05-06 11:47:00,2011-05-06 11:47:00,1,1,59.9,41,0,59.9,One-Time Customer
17175,2011-02-16 14:56:00,2011-10-26 15:31:00,4,4,1443.69,866,252,360.9225,Repeat Customer
17176,2010-01-31 15:49:00,2011-05-22 12:41:00,3,3,902.3199999999999,576,475,300.7733333333333,Repeat Customer
17177,2010-07-22 14:53:00,2010-07-22 14:53:00,1,1,119.5,40,0,119.5,One-Time Customer
17178,2009-12-08 16:20:00,2009-12-08 16:20:00,1,1,432.96000000000004,100,0,432.96000000000004,One-Time Customer
17179,2010-05-26 11:22:00,2011-06-14 16:48:00,6,6,1507.26,625,384,251.21,Repeat Customer
17180,2010-01-21 17:43:00,2011-10-14 15:46:00,11,10,2236.77,1809,630,203.34272727272727,Repeat Customer
17181,2010-04-23 11:21:00,2011-10-13 14:48:00,3,3,309.85,268,538,103.28333333333335,Repeat Customer
17182,2009-12-21 15:22:00,2010-10-13 10:09:00,2,2,321.3,54,295,160.65,Repeat Customer
17183,2011-08-26 15:25:00,2011-12-02 10:07:00,6,4,3347.31,1296,97,557.885,Repeat Customer
17184,2009-12-09 14:17:00,2010-05-19 14:24:00,2,2,198.41000000000003,73,161,99.20500000000001,Repeat Customer
17185,2010-04-20 13:49:00,2010-04-27 12:15:00,3,1,229.46,119,6,76.48666666666666,Repeat Customer
17186,2011-10-10 12:52:00,2011-10-24 10:20:00,2,1,144.0,200,13,72.0,Repeat Customer
17187,2010-07-01 14:38:00,2011-04-27 12:39:00,2,2,467.71,426,299,233.855,Repeat Customer
17188,2009-12-08 19:16:00,2011-11-28 13:53:00,13,10,4592.93,2569,719,353.3023076923077,Repeat Customer
17189,2009-12-02 11:45:00,2011-08-25 19:39:00,5,4,953.63,601,631,190.726,Repeat Customer
17190,2010-03-05 13:21:00,2011-10-12 11:33:00,7,5,1724.73,2214,585,246.39000000000001,Repeat Customer
17191,2009-12-01 16:34:00,2011-11-11 16:58:00,15,11,4310.34,2208,710,287.356,Repeat Customer
17192,2010-06-21 16:07:00,2010-06-21 16:07:00,1,1,75.28,45,0,75.28,One-Time Customer
17193,2009-12-02 10:02:00,2011-11-04 12:47:00,9,6,2310.04,1668,702,256.6711111111111,Repeat Customer
17194,2010-06-27 13:16:00,2010-12-14 12:06:00,2,2,776.66,413,169,388.33,Repeat Customer
17195,2010-02-22 13:05:00,2010-02-22 13:05:00,1,1,562.98,486,0,562.98,One-Time Customer
17196,2010-10-08 11:31:00,2010-10-08 11:31:00,1,1,327.75,154,0,327.75,One-Time Customer
17197,2011-11-10 10:32:00,2011-11-10 10:32:00,1,1,1013.01,191,0,1013.01,One-Time Customer
17198,2010-12-03 14:54:00,2011-11-16 10:39:00,3,2,692.22,357,347,230.74,Repeat Customer
17199,2010-05-06 13:53:00,2010-05-06 13:53:00,1,1,135.04000000000002,232,0,135.04000000000002,One-Time Customer
17200,2010-02-25 13:23:00,2010-11-17 13:04:00,4,2,356.71,367,264,89.1775,Repeat Customer
17201,2010-02-10 12:26:00,2011-10-17 11:55:00,4,4,1132.6,979,613,283.15,Repeat Customer
17202,2010-10-15 11:25:00,2010-10-15 11:25:00,1,1,160.65,55,0,160.65,One-Time Customer
17203,2010-11-16 12:52:00,2011-11-04 12:27:00,10,3,5564.09,4597,352,556.409,Repeat Customer
17204,2010-06-10 11:37:00,2011-06-17 14:46:00,9,7,5504.6900000000005,2651,372,611.6322222222223,Repeat Customer
17205,2010-05-24 15:36:00,2011-10-17 12:46:00,3,3,999.35,2214,510,333.1166666666667,Repeat Customer
17206,2011-10-17 13:25:00,2011-10-17 13:25:00,1,1,204.24,76,0,204.24,One-Time Customer
17207,2010-02-25 19:08:00,2010-02-25 19:08:00,1,1,291.77,232,0,291.77,One-Time Customer
17208,2010-11-09 12:50:00,2010-11-09 12:50:00,1,1,111.15,101,0,111.15,One-Time Customer
17209,2009-12-03 11:10:00,2010-02-28 16:01:00,3,2,595.7,723,87,198.5666666666667,Repeat Customer
17210,2010-11-12 12:15:00,2010-11-12 12:15:00,1,1,251.72,242,0,251.72,One-Time Customer
17211,2009-12-13 13:17:00,2011-11-13 12:03:00,13,9,3773.35,2141,699,290.2576923076923,Repeat Customer
17212,2010-08-10 09:22:00,2011-03-31 19:42:00,3,3,794.41,727,233,264.80333333333334,Repeat Customer
17213,2009-12-15 10:28:00,2011-10-30 14:53:00,13,8,4869.400000000001,2087,684,374.5692307692308,Repeat Customer
17214,2010-12-15 15:14:00,2011-10-10 13:17:00,6,5,1059.1200000000001,272,298,176.52,Repeat Customer
17215,2010-09-01 13:39:00,2010-09-01 13:39:00,1,1,186.15,104,0,186.15,One-Time Customer
17216,2010-06-03 13:03:00,2010-06-03 13:03:00,1,1,63.6,21,0,63.6,One-Time Customer
17217,2010-03-30 13:35:00,2011-04-19 17:19:00,2,2,210.10000000000002,93,385,105.05000000000001,Repeat Customer
17218,2010-01-25 16:12:00,2011-12-05 13:52:00,18,12,3889.39,2062,678,216.07722222222222,Repeat Customer
17219,2010-10-19 11:29:00,2011-11-08 11:25:00,2,2,259.13,188,384,129.565,Repeat Customer
17220,2010-01-20 11:57:00,2011-11-15 13:47:00,21,13,4451.41,2661,664,211.97190476190477,Repeat Customer
17221,2010-04-11 15:34:00,2011-12-02 13:35:00,5,3,976.62,713,599,195.324,Repeat Customer
17222,2010-01-10 15:24:00,2011-10-05 13:58:00,6,5,1563.6100000000001,855,632,260.6016666666667,Repeat Customer
17223,2010-11-29 17:19:00,2011-02-02 15:57:00,3,3,523.04,154,64,174.34666666666666,Repeat Customer
17224,2010-07-26 13:30:00,2010-07-26 13:30:00,1,1,100.86000000000001,65,0,100.86000000000001,One-Time Customer
17225,2010-05-07 11:38:00,2010-05-07 11:38:00,1,1,131.15,36,0,131.15,One-Time Customer
17226,2010-02-12 14:31:00,2011-02-04 11:52:00,3,3,895.47,853,356,298.49,Repeat Customer
17227,2010-01-15 15:05:00,2011-11-21 10:51:00,12,12,1878.93,1681,674,156.57750000000001,Repeat Customer
17228,2010-03-12 11:54:00,2011-11-24 10:24:00,13,10,2820.03,2354,621,216.92538461538464,Repeat Customer
17229,2011-07-20 12:38:00,2011-09-04 13:56:00,2,2,318.76,185,46,159.38,Repeat Customer
17230,2009-12-08 13:41:00,2011-03-20 16:12:00,18,9,9388.49,3753,467,521.5827777777778,Repeat Customer
17231,2009-12-07 16:38:00,2011-11-27 15:18:00,25,20,7064.8,3681,719,282.592,Repeat Customer
17232,2011-11-25 12:24:00,2011-12-07 12:21:00,2,2,417.77,202,11,208.885,Repeat Customer
17233,2009-12-15 12:03:00,2011-11-04 14:06:00,3,3,560.86,298,689,186.95333333333335,Repeat Customer
17234,2011-06-10 11:20:00,2011-06-10 11:20:00,1,1,149.89,55,0,149.89,One-Time Customer
17235,2010-06-04 17:01:00,2011-11-14 15:51:00,8,6,1562.98,845,527,195.3725,Repeat Customer
17236,2010-03-07 13:00:00,2011-11-27 12:00:00,12,11,1929.26,804,629,160.77166666666668,Repeat Customer
17237,2010-11-23 11:45:00,2011-11-28 15:02:00,4,2,994.13,414,370,248.5325,Repeat Customer
17238,2009-12-01 10:59:00,2011-12-07 11:35:00,32,18,7331.17,3554,736,229.0990625,Repeat Customer
17239,2010-07-01 10:53:00,2011-01-31 09:41:00,4,4,1189.45,515,213,297.3625,Repeat Customer
17240,2010-04-22 15:44:00,2010-04-22 15:44:00,1,1,130.60000000000002,108,0,130.60000000000002,One-Time Customer
17241,2010-02-15 14:47:00,2010-11-19 13:01:00,12,8,2736.64,859,276,228.0533333333333,Repeat Customer
17242,2010-01-24 10:27:00,2011-08-23 14:55:00,5,5,2889.2799999999997,1459,576,577.856,Repeat Customer
17243,2009-12-01 15:36:00,2011-12-08 13:26:00,69,24,20184.68,7903,736,292.53159420289853,Repeat Customer
17244,2009-12-06 11:27:00,2011-10-17 15:19:00,5,3,1826.04,1419,680,365.20799999999997,Repeat Customer
17245,2010-01-19 15:39:00,2011-05-19 10:43:00,2,2,371.63,307,484,185.815,Repeat Customer
17246,2009-12-01 17:45:00,2010-06-11 12:36:00,2,2,38.92,36,191,19.46,Repeat Customer
17247,2011-11-24 15:21:00,2011-11-24 15:21:00,1,1,280.09,105,0,280.09,One-Time Customer
17248,2010-08-15 11:55:00,2011-08-11 13:34:00,2,2,500.54,276,361,250.27,Repeat Customer
17249,2010-10-07 11:33:00,2010-10-07 11:33:00,1,1,68.03,79,0,68.03,One-Time Customer
17250,2011-03-23 16:45:00,2011-12-06 12:15:00,2,2,381.97,167,257,190.985,Repeat Customer
17251,2009-12-15 10:36:00,2010-12-12 11:06:00,3,3,798.98,377,362,266.32666666666665,Repeat Customer
17252,2011-06-06 16:41:00,2011-08-15 09:45:00,2,2,348.91,192,69,174.455,Repeat Customer
17253,2011-11-21 12:59:00,2011-11-21 12:59:00,1,1,178.26,43,0,178.26,One-Time Customer
17254,2010-11-03 14:00:00,2011-12-05 12:46:00,3,3,469.48,397,396,156.49333333333334,Repeat Customer
17255,2010-09-19 15:53:00,2011-10-30 12:18:00,4,4,781.7,583,405,195.425,Repeat Customer
17256,2010-04-18 13:40:00,2011-08-24 13:30:00,5,4,498.93,299,492,99.786,Repeat Customer
17257,2010-09-29 12:49:00,2010-09-29 12:51:00,2,1,189.78,187,0,94.89,Repeat Customer
17258,2010-02-12 15:51:00,2010-11-08 12:37:00,2,2,417.3,188,268,208.65,Repeat Customer
17259,2010-02-22 13:38:00,2011-07-14 15:01:00,6,5,1452.39,844,507,242.06500000000003,Repeat Customer
17260,2010-10-24 13:21:00,2010-10-24 13:21:00,1,1,120.95,23,0,120.95,One-Time Customer
17261,2010-07-18 11:49:00,2010-07-18 11:49:00,1,1,221.59,95,0,221.59,One-Time Customer
17262,2009-12-15 11:26:00,2011-10-18 12:56:00,11,9,2488.76,635,672,226.25090909090912,Repeat Customer
17263,2011-05-15 14:32:00,2011-05-15 14:32:00,1,1,63.440000000000005,36,0,63.440000000000005,One-Time Customer
17264,2010-10-11 12:52:00,2010-10-11 12:52:00,1,1,268.28,217,0,268.28,One-Time Customer
17265,2011-06-12 12:00:00,2011-07-24 10:49:00,2,2,550.01,389,41,275.005,Repeat Customer
17266,2010-03-09 10:42:00,2011-12-07 14:12:00,5,4,501.72,243,638,100.34400000000001,Repeat Customer
17267,2011-08-04 17:19:00,2011-08-04 17:22:00,2,1,317.2,158,0,158.6,Repeat Customer
17268,2009-12-08 11:46:00,2011-08-24 10:06:00,11,9,1733.8899999999999,1395,623,157.62636363636364,Repeat Customer
17269,2010-11-19 11:12:00,2010-11-19 11:12:00,1,1,491.81,314,0,491.81,One-Time Customer
17270,2009-12-07 17:18:00,2010-08-27 14:09:00,2,2,601.45,420,262,300.725,Repeat Customer
17271,2009-12-03 13:49:00,2009-12-03 13:49:00,1,1,204.3,113,0,204.3,One-Time Customer
17272,2011-03-22 12:05:00,2011-10-28 16:37:00,4,3,2148.63,1778,220,537.1575,Repeat Customer
17273,2010-10-11 15:57:00,2010-10-11 15:57:00,1,1,141.12,133,0,141.12,One-Time Customer
17274,2010-11-09 12:06:00,2011-11-04 13:16:00,2,2,573.22,271,360,286.61,Repeat Customer
17275,2010-11-21 13:26:00,2010-11-21 13:26:00,1,1,114.1,71,0,114.1,One-Time Customer
17276,2010-11-02 16:20:00,2010-11-02 16:20:00,1,1,501.24,186,0,501.24,One-Time Customer
17277,2011-01-21 12:37:00,2011-04-26 12:47:00,2,2,1065.3500000000001,430,95,532.6750000000001,Repeat Customer
17278,2010-05-23 13:49:00,2011-04-12 13:10:00,2,2,271.24,195,323,135.62,Repeat Customer
17279,2011-10-13 11:58:00,2011-10-13 11:58:00,1,1,187.82999999999998,48,0,187.82999999999998,One-Time Customer
17280,2010-09-27 16:46:00,2010-09-27 16:46:00,1,1,118.86,74,0,118.86,One-Time Customer
17281,2010-02-04 13:00:00,2010-11-30 18:05:00,6,6,797.85,295,299,132.975,Repeat Customer
17282,2010-06-09 12:07:00,2011-08-01 14:29:00,5,5,2308.54,2332,418,461.70799999999997,Repeat Customer
17283,2010-11-26 11:53:00,2010-11-26 11:53:00,1,1,188.46,179,0,188.46,One-Time Customer
17284,2010-11-15 17:14:00,2011-10-10 14:38:00,7,6,2558.6,2068,328,365.5142857142857,Repeat Customer
17285,2010-02-14 14:10:00,2010-03-21 13:38:00,2,2,400.44,132,34,200.22,Repeat Customer
17286,2010-11-04 13:43:00,2011-11-18 12:47:00,3,2,389.18,368,378,129.72666666666666,Repeat Customer
17287,2009-12-03 12:45:00,2011-11-13 13:27:00,21,14,3826.86,1955,710,182.23142857142858,Repeat Customer
17288,2010-11-10 14:44:00,2011-11-30 16:09:00,11,7,2468.43,1699,385,224.40272727272725,Repeat Customer
17289,2010-03-08 12:52:00,2011-11-08 12:01:00,9,7,2041.8,1237,609,226.86666666666667,Repeat Customer
17290,2009-12-13 13:28:00,2011-12-06 12:38:00,8,7,1427.48,995,722,178.435,Repeat Customer
17291,2011-02-04 13:04:00,2011-02-04 13:04:00,1,1,550.8000000000001,72,0,550.8000000000001,One-Time Customer
17292,2010-05-09 14:52:00,2010-08-24 17:14:00,2,2,271.75,131,107,135.875,Repeat Customer
17293,2009-12-03 15:09:00,2011-12-01 14:37:00,17,15,3750.63,2228,727,220.62529411764706,Repeat Customer
17294,2010-02-08 14:21:00,2010-02-08 16:12:00,2,1,467.79,297,0,233.895,Repeat Customer
17295,2011-10-06 12:22:00,2011-11-11 10:49:00,3,2,547.0,293,35,182.33333333333334,Repeat Customer
17296,2009-12-09 14:01:00,2009-12-09 14:01:00,1,1,338.13,216,0,338.13,One-Time Customer
17297,2011-11-22 14:43:00,2011-11-22 14:43:00,1,1,128.18,65,0,128.18,One-Time Customer
17298,2010-03-08 08:56:00,2011-08-30 16:43:00,5,4,938.36,850,540,187.672,Repeat Customer
17299,2010-08-15 16:00:00,2011-11-28 12:01:00,6,6,993.23,919,469,165.53833333333333,Repeat Customer
17300,2010-08-15 11:02:00,2010-11-14 10:56:00,2,2,393.64,467,90,196.82,Repeat Customer
17301,2010-03-25 13:16:00,2011-11-18 13:43:00,2,2,294.39,216,603,147.195,Repeat Customer
17302,2011-02-07 10:14:00,2011-11-25 09:36:00,5,4,1135.63,575,290,227.12600000000003,Repeat Customer
17303,2010-12-13 13:32:00,2010-12-13 13:32:00,1,1,250.04,144,0,250.04,One-Time Customer
17304,2010-06-23 16:23:00,2010-06-23 16:23:00,1,1,111.5,73,0,111.5,One-Time Customer
17305,2010-03-01 12:47:00,2010-03-01 12:47:00,1,1,2135.46,1006,0,2135.46,One-Time Customer
17306,2010-11-01 11:38:00,2011-11-29 12:14:00,21,11,9782.35,13747,393,465.8261904761905,Repeat Customer
17307,2010-01-19 16:38:00,2010-11-09 13:40:00,11,9,3999.8900000000003,3667,293,363.6263636363637,Repeat Customer
17308,2010-09-13 09:35:00,2010-11-11 13:19:00,2,2,4511.76,5148,59,2255.88,Repeat Customer
17309,2010-02-04 15:49:00,2011-09-05 15:20:00,3,3,320.39,181,577,106.79666666666667,Repeat Customer
17310,2010-06-23 11:38:00,2010-11-17 16:00:00,2,2,1025.1,402,147,512.55,Repeat Customer
17311,2010-02-03 12:38:00,2011-09-22 14:11:00,6,6,3566.56,2755,596,594.4266666666666,Repeat Customer
17312,2011-07-03 13:12:00,2011-07-24 11:52:00,3,1,644.3,372,20,214.76666666666665,Repeat Customer
17313,2011-11-08 15:45:00,2011-11-08 15:45:00,1,1,2328.84,1402,0,2328.84,One-Time Customer
17314,2009-12-03 11:25:00,2011-11-15 09:41:00,17,14,4904.43,3663,711,288.4958823529412,Repeat Customer
17315,2010-09-27 12:45:00,2011-12-08 12:15:00,41,15,9559.5,5062,436,233.15853658536585,Repeat Customer
17316,2010-10-15 14:35:00,2010-10-15 14:35:00,1,1,124.45,44,0,124.45,One-Time Customer
17317,2011-09-11 12:45:00,2011-10-24 17:19:00,3,2,2600.34,1146,43,866.7800000000001,Repeat Customer
17318,2009-12-14 13:11:00,2009-12-14 13:11:00,1,1,157.32999999999998,59,0,157.32999999999998,One-Time Customer
17319,2010-02-08 15:47:00,2010-02-08 15:47:00,1,1,29.099999999999998,14,0,29.099999999999998,One-Time Customer
17320,2010-01-21 16:29:00,2011-08-31 13:31:00,6,6,2444.85,1182,586,407.47499999999997,Repeat Customer
17321,2010-05-11 12:10:00,2011-12-01 13:41:00,6,5,1665.21,790,569,277.535,Repeat Customer
17322,2009-12-03 11:46:00,2010-11-28 14:41:00,5,3,922.59,631,360,184.518,Repeat Customer
17323,2010-01-10 11:58:00,2011-11-24 17:29:00,12,11,1547.64,1422,683,128.97,Repeat Customer
17324,2009-12-18 15:29:00,2011-11-22 10:34:00,12,9,2171.07,1485,703,180.9225,Repeat Customer
17325,2010-03-08 11:31:00,2011-03-04 13:09:00,3,3,609.5699999999999,465,361,203.18999999999997,Repeat Customer
17326,2010-06-28 14:05:00,2010-10-27 15:38:00,2,2,312.35,136,121,156.175,Repeat Customer
17327,2010-05-26 11:20:00,2010-10-26 09:54:00,2,2,152.35,59,152,76.175,Repeat Customer
17328,2010-02-04 17:11:00,2010-02-04 17:11:00,1,1,104.7,86,0,104.7,One-Time Customer
17329,2009-12-03 16:09:00,2011-11-25 14:24:00,5,3,998.53,430,721,199.706,Repeat Customer
17330,2010-03-02 09:20:00,2011-11-17 08:56:00,4,4,423.8,122,624,105.95,Repeat Customer
17331,2011-08-08 11:55:00,2011-08-08 11:55:00,1,1,175.2,16,0,175.2,One-Time Customer
17332,2010-02-21 14:41:00,2010-06-29 16:10:00,5,5,827.77,769,128,165.554,Repeat Customer
17333,2011-09-15 10:11:00,2011-09-15 10:11:00,1,1,494.25,375,0,494.25,One-Time Customer
17334,2010-10-29 12:16:00,2011-02-10 14:59:00,3,2,635.1500000000001,566,104,211.7166666666667,Repeat Customer
17335,2010-01-24 11:15:00,2010-11-21 10:17:00,2,2,497.04,210,300,248.52,Repeat Customer
17336,2010-08-24 15:37:00,2010-08-24 15:37:00,1,1,81.12,48,0,81.12,One-Time Customer
17337,2011-02-02 17:06:00,2011-07-11 14:55:00,4,4,1979.61,1246,158,494.9025,Repeat Customer
17338,2010-03-10 16:09:00,2011-11-22 14:23:00,17,16,11880.54,5765,621,698.8552941176471,Repeat Customer
17339,2010-07-18 13:08:00,2011-09-06 13:29:00,3,3,302.36,172,415,100.78666666666668,Repeat Customer
17340,2010-02-14 14:54:00,2011-11-10 10:45:00,18,14,19617.95,9497,633,1089.8861111111112,Repeat Customer
17341,2010-06-17 18:17:00,2011-07-06 12:33:00,5,3,1272.21,831,383,254.442,Repeat Customer
17342,2010-02-08 09:16:00,2010-11-25 11:07:00,4,3,1227.54,521,290,306.885,Repeat Customer
17343,2009-12-03 18:30:00,2010-12-19 15:07:00,6,6,1259.94,454,380,209.99,Repeat Customer
17344,2009-12-11 12:31:00,2011-10-24 12:56:00,2,2,457.36,200,682,228.68,Repeat Customer
17345,2009-12-01 16:17:00,2011-11-24 15:03:00,10,7,1586.63,2008,722,158.663,Repeat Customer
17346,2010-04-18 12:18:00,2011-12-06 12:18:00,26,16,4991.41,3437,597,191.97730769230768,Repeat Customer
17347,2011-09-14 13:12:00,2011-09-14 13:12:00,1,1,228.96,216,0,228.96,One-Time Customer
17348,2010-03-10 12:13:00,2011-11-25 11:25:00,9,6,2430.99,2736,624,270.10999999999996,Repeat Customer
17349,2010-03-18 14:26:00,2011-06-13 14:29:00,5,4,772.41,772,452,154.482,Repeat Customer
17350,2010-02-01 15:38:00,2011-12-01 15:47:00,7,5,1893.701,1178,668,270.5287142857143,Repeat Customer
17351,2009-12-10 18:43:00,2011-11-03 18:45:00,12,10,1964.38,380,693,163.69833333333335,Repeat Customer
17352,2010-01-12 16:13:00,2010-01-12 16:13:00,1,1,36.25,15,0,36.25,One-Time Customer
17353,2010-03-25 12:52:00,2011-08-02 17:19:00,4,4,3242.0,2168,495,810.5,Repeat Customer
17354,2010-10-07 13:22:00,2011-10-20 10:34:00,4,2,3133.96,2531,377,783.49,Repeat Customer
17355,2010-11-18 13:18:00,2010-11-18 13:18:00,1,1,273.31,249,0,273.31,One-Time Customer
17356,2010-01-20 12:14:00,2011-02-01 11:07:00,5,5,946.47,925,376,189.294,Repeat Customer
17357,2011-11-15 16:29:00,2011-11-15 16:30:00,2,1,384.39,152,0,192.195,Repeat Customer
17358,2010-02-24 16:42:00,2011-02-09 16:57:00,5,5,861.01,430,350,172.202,Repeat Customer
17359,2010-03-01 14:48:00,2011-11-28 14:37:00,2,2,284.46,237,636,142.23,Repeat Customer
17360,2010-10-01 12:07:00,2011-11-22 13:11:00,6,4,1200.51,624,417,200.085,Repeat Customer
17361,2010-02-01 14:30:00,2011-10-21 15:43:00,5,4,871.79,380,627,174.358,Repeat Customer
17362,2010-01-06 10:53:00,2011-04-14 14:43:00,7,7,1024.04,549,463,146.29142857142855,Repeat Customer
17363,2010-11-02 17:25:00,2010-11-09 17:11:00,3,1,920.46,499,6,306.82,Repeat Customer
17364,2009-12-07 15:28:00,2011-12-09 09:00:00,27,17,11614.45,7463,731,430.16481481481486,Repeat Customer
17365,2010-02-01 11:56:00,2011-11-27 12:13:00,15,13,8179.45,8003,664,545.2966666666666,Repeat Customer
17366,2010-09-09 19:46:00,2010-10-03 16:04:00,2,2,1077.24,504,23,538.62,Repeat Customer
17367,2011-04-15 14:21:00,2011-04-15 14:21:00,1,1,167.55,149,0,167.55,One-Time Customer
17368,2009-12-15 17:45:00,2011-11-16 15:26:00,14,9,2758.29,2319,700,197.0207142857143,Repeat Customer
17369,2010-09-10 09:49:00,2010-09-10 09:49:00,1,1,979.2,1152,0,979.2,One-Time Customer
17370,2011-06-23 11:50:00,2011-09-28 10:14:00,4,2,446.18,540,96,111.545,Repeat Customer
17371,2009-12-08 12:25:00,2011-11-22 13:30:00,6,4,651.37,279,714,108.56166666666667,Repeat Customer
17372,2009-12-03 18:41:00,2011-10-30 11:37:00,27,16,4316.46,1859,695,159.8688888888889,Repeat Customer
17373,2010-02-28 14:17:00,2011-10-30 15:28:00,7,7,1167.5,738,609,166.78571428571428,Repeat Customer
17374,2010-11-09 17:14:00,2011-05-05 09:05:00,3,3,727.11,155,176,242.37,Repeat Customer
17375,2010-10-04 09:14:00,2011-05-24 15:45:00,4,4,660.55,480,232,165.1375,Repeat Customer
17376,2010-07-05 11:11:00,2011-09-30 12:36:00,4,4,453.64,244,452,113.41,Repeat Customer
17377,2009-12-02 12:39:00,2011-11-16 11:17:00,78,20,17639.23,7323,713,226.14397435897436,Repeat Customer
17378,2010-11-30 18:46:00,2010-11-30 18:46:00,1,1,10.95,1,0,10.95,One-Time Customer
17379,2011-11-28 13:56:00,2011-11-28 13:56:00,1,1,389.72,623,0,389.72,One-Time Customer
17380,2010-06-23 11:24:00,2010-10-01 16:42:00,3,3,645.0,252,100,215.0,Repeat Customer
17381,2010-06-09 12:55:00,2011-12-01 11:59:00,38,19,36398.65,42879,539,957.8592105263158,Repeat Customer
17382,2010-05-19 11:33:00,2011-10-05 13:05:00,8,5,902.28,457,504,112.785,Repeat Customer
17383,2010-09-12 14:54:00,2011-12-05 17:36:00,2,2,304.09000000000003,160,449,152.04500000000002,Repeat Customer
17384,2010-08-29 16:01:00,2011-11-20 15:48:00,3,3,507.55,121,447,169.18333333333334,Repeat Customer
17385,2011-11-25 11:02:00,2011-11-25 11:02:00,1,1,256.11,197,0,256.11,One-Time Customer
17386,2010-11-19 13:40:00,2011-12-02 11:28:00,7,5,2812.77,1955,377,401.82428571428574,Repeat Customer
17387,2011-11-06 11:25:00,2011-11-20 11:00:00,2,1,746.81,522,13,373.405,Repeat Customer
17388,2009-12-10 11:45:00,2011-09-23 10:31:00,11,9,2675.37,2555,651,243.21545454545455,Repeat Customer
17389,2009-12-04 12:06:00,2011-12-09 09:38:00,61,20,57215.33,17880,734,937.9562295081968,Repeat Customer
17390,2010-10-15 11:29:00,2010-10-15 11:29:00,1,1,149.3,49,0,149.3,One-Time Customer
17391,2011-06-28 12:21:00,2011-06-29 09:58:00,2,1,508.8,480,0,254.4,Repeat Customer
17392,2010-09-15 16:17:00,2011-02-06 12:48:00,3,3,579.92,448,143,193.30666666666664,Repeat Customer
17393,2010-08-08 15:53:00,2010-10-25 11:10:00,2,2,381.15000000000003,238,77,190.57500000000002,Repeat Customer
17394,2011-05-04 13:22:00,2011-05-04 13:22:00,1,1,203.86999999999998,241,0,203.86999999999998,One-Time Customer
17395,2010-07-19 15:34:00,2010-07-19 15:34:00,1,1,97.5,66,0,97.5,One-Time Customer
17396,2010-09-24 13:04:00,2011-10-31 14:12:00,13,5,8391.6,2312,402,645.5076923076923,Repeat Customer
17397,2010-10-19 13:20:00,2011-11-17 14:08:00,3,2,1198.28,691,394,399.4266666666667,Repeat Customer
17398,2011-03-29 13:04:00,2011-08-17 09:48:00,3,3,653.38,310,140,217.79333333333332,Repeat Customer
17400,2009-12-17 15:41:00,2011-08-05 15:38:00,8,7,4623.28,2185,595,577.91,Repeat Customer
17401,2010-06-16 16:54:00,2010-06-16 16:54:00,1,1,114.85,34,0,114.85,One-Time Customer
17402,2009-12-16 17:40:00,2011-12-05 10:15:00,22,16,4600.5599999999995,1449,718,209.11636363636362,Repeat Customer
17403,2010-09-15 12:29:00,2011-11-03 15:18:00,2,2,382.87,188,414,191.435,Repeat Customer
17404,2010-01-07 11:31:00,2011-12-05 16:26:00,21,16,47638.12,50674,697,2268.481904761905,Repeat Customer
17405,2011-07-12 14:17:00,2011-12-08 17:12:00,3,3,1031.41,726,149,343.80333333333334,Repeat Customer
17406,2009-12-06 13:45:00,2011-01-10 15:07:00,13,8,4186.95,1847,400,322.0730769230769,Repeat Customer
17407,2010-10-24 11:57:00,2010-10-24 11:57:00,1,1,552.9,426,0,552.9,One-Time Customer
17408,2010-07-13 14:02:00,2011-06-29 12:53:00,3,2,316.09000000000003,163,350,105.36333333333334,Repeat Customer
17409,2009-12-11 12:17:00,2011-06-08 10:36:00,10,7,7793.51,4089,543,779.351,Repeat Customer
17410,2011-05-08 15:21:00,2011-11-23 15:46:00,5,4,1214.72,616,199,242.94400000000002,Repeat Customer
17411,2009-12-03 12:02:00,2011-11-27 14:25:00,5,5,1425.38,608,724,285.076,Repeat Customer
17412,2009-12-02 13:51:00,2011-12-07 11:36:00,16,13,4220.22,2554,734,263.76375,Repeat Customer
17413,2010-05-19 11:11:00,2010-10-31 12:33:00,2,2,560.14,302,165,280.07,Repeat Customer
17414,2009-12-03 16:49:00,2011-10-27 12:13:00,6,6,2249.52,6256,692,374.92,Repeat Customer
17415,2011-09-21 12:50:00,2011-09-21 12:50:00,1,1,507.84,114,0,507.84,One-Time Customer
17416,2009-12-14 16:29:00,2011-11-10 12:47:00,22,13,17298.45,8769,695,786.2931818181819,Repeat Customer
17417,2010-06-09 10:00:00,2010-06-09 10:00:00,1,1,164.18,76,0,164.18,One-Time Customer
17418,2010-11-17 13:42:00,2011-10-28 13:00:00,3,3,670.0600000000001,521,344,223.35333333333335,Repeat Customer
17419,2010-01-25 13:19:00,2011-11-28 13:47:00,18,14,6126.25,2884,672,340.34722222222223,Repeat Customer
17420,2010-11-03 13:09:00,2011-10-20 14:52:00,6,4,953.58,446,351,158.93,Repeat Customer
17421,2009-12-04 15:43:00,2010-11-18 16:57:00,3,3,1059.41,807,349,353.1366666666667,Repeat Customer
17422,2010-06-23 10:19:00,2011-11-23 13:27:00,11,11,3594.76,3538,518,326.79636363636365,Repeat Customer
17423,2010-11-11 12:26:00,2011-10-24 13:36:00,3,3,1118.95,790,347,372.98333333333335,Repeat Customer
17425,2011-10-10 11:37:00,2011-11-20 15:30:00,2,2,759.1700000000001,407,41,379.58500000000004,Repeat Customer
17426,2010-02-17 13:39:00,2011-12-01 18:07:00,13,7,8077.77,5187,652,621.3669230769231,Repeat Customer
17427,2011-09-29 11:29:00,2011-09-29 11:29:00,1,1,100.8,34,0,100.8,One-Time Customer
17428,2009-12-01 17:28:00,2011-12-09 09:45:00,45,20,31466.760000000002,17356,737,699.2613333333334,Repeat Customer
17429,2010-10-06 12:30:00,2011-08-03 13:22:00,5,5,1357.46,1286,301,271.492,Repeat Customer
17430,2010-08-17 11:52:00,2011-11-07 09:24:00,4,4,622.57,455,446,155.6425,Repeat Customer
17431,2011-01-30 14:36:00,2011-01-30 14:36:00,1,1,403.3,292,0,403.3,One-Time Customer
17432,2009-12-03 19:13:00,2011-11-21 17:33:00,9,6,1728.99,1008,717,192.11,Repeat Customer
17433,2010-11-19 13:37:00,2011-09-12 14:24:00,2,2,569.96,305,297,284.98,Repeat Customer
17434,2011-09-15 13:54:00,2011-12-07 13:16:00,7,4,2373.82,1693,82,339.1171428571429,Repeat Customer
17435,2010-10-24 13:55:00,2010-10-24 13:55:00,1,1,331.35,195,0,331.35,One-Time Customer
17436,2009-12-07 12:31:00,2011-12-08 12:30:00,5,5,534.0600000000001,178,730,106.81200000000001,Repeat Customer
17437,2010-06-28 11:11:00,2010-06-28 11:11:00,1,1,369.68,283,0,369.68,One-Time Customer
17438,2010-03-08 16:53:00,2011-03-31 10:26:00,5,4,1422.77,553,387,284.554,Repeat Customer
17439,2010-02-22 12:48:00,2010-02-22 12:48:00,1,1,325.74,370,0,325.74,One-Time Customer
17440,2010-06-08 14:40:00,2011-07-06 11:54:00,4,3,323.58,282,392,80.895,Repeat Customer
17441,2009-12-07 13:32:00,2009-12-07 13:32:00,1,1,293.35,245,0,293.35,One-Time Customer
17442,2010-02-15 15:54:00,2011-11-03 09:17:00,15,12,4620.3,3134,625,308.02000000000004,Repeat Customer
17443,2011-05-04 10:47:00,2011-05-04 10:47:00,1,1,534.24,504,0,534.24,One-Time Customer
17444,2011-06-20 09:04:00,2011-07-11 10:33:00,2,2,2389.1,2118,21,1194.55,Repeat Customer
17446,2011-02-02 14:40:00,2011-06-16 10:42:00,2,2,120.89999999999999,198,133,60.449999999999996,Repeat Customer
17447,2011-09-29 10:10:00,2011-10-30 14:18:00,2,2,541.53,443,31,270.765,Repeat Customer
17448,2010-03-04 17:29:00,2010-06-28 13:58:00,41,4,14448.67,11529,115,352.4065853658537,Repeat Customer
17449,2009-12-09 14:16:00,2011-12-07 16:56:00,13,12,4865.15,2482,728,374.2423076923077,Repeat Customer
17450,2010-09-27 16:59:00,2011-12-01 13:29:00,51,14,244784.25,83914,429,4799.691176470588,Repeat Customer
17451,2011-08-26 11:54:00,2011-12-08 15:02:00,7,5,1721.4,1203,104,245.91428571428574,Repeat Customer
17453,2011-10-06 17:02:00,2011-11-22 09:42:00,2,2,486.72,219,46,243.36,Repeat Customer
17454,2010-01-15 15:40:00,2011-05-31 13:58:00,10,10,1547.94,727,500,154.794,Repeat Customer
17455,2011-05-20 12:31:00,2011-05-20 12:31:00,1,1,131.7,66,0,131.7,One-Time Customer
17456,2010-09-09 15:28:00,2010-12-09 15:23:00,2,2,975.5600000000001,508,90,487.78000000000003,Repeat Customer
17457,2009-12-07 14:52:00,2011-08-05 12:48:00,14,12,5984.81,2695,605,427.4864285714286,Repeat Customer
17458,2010-11-23 11:43:00,2011-11-24 13:01:00,2,2,529.58,282,366,264.79,Repeat Customer
17459,2011-10-10 17:00:00,2011-10-27 13:25:00,2,1,657.3,537,16,328.65,Repeat Customer
17460,2010-01-22 13:25:00,2011-09-06 15:04:00,16,14,2157.9700000000003,954,592,134.87312500000002,Repeat Customer
17461,2011-11-10 12:01:00,2011-11-17 10:21:00,3,1,735.82,770,6,245.27333333333334,Repeat Customer
17462,2011-02-28 17:01:00,2011-10-10 13:56:00,2,2,675.69,227,223,337.845,Repeat Customer
17463,2010-04-29 17:57:00,2011-11-23 13:40:00,7,7,2535.26,1480,572,362.18,Repeat Customer
17464,2010-03-30 13:15:00,2011-07-04 13:19:00,3,3,907.14,608,461,302.38,Repeat Customer
17465,2009-12-03 13:25:00,2010-10-10 11:56:00,7,6,2542.79,1477,310,363.2557142857143,Repeat Customer
17466,2011-09-22 09:16:00,2011-11-29 13:15:00,2,2,763.28,306,68,381.64,Repeat Customer
17467,2010-11-09 12:58:00,2010-11-09 12:58:00,1,1,102.6,20,0,102.6,One-Time Customer
17468,2010-11-29 17:25:00,2011-11-29 15:33:00,3,2,194.8,184,364,64.93333333333334,Repeat Customer
17469,2009-12-16 15:06:00,2011-11-23 13:15:00,17,13,5051.25,2304,706,297.13235294117646,Repeat Customer
17470,2010-07-19 16:16:00,2011-10-26 12:42:00,11,10,2626.47,2731,463,238.76999999999998,Repeat Customer
17471,2010-08-22 11:53:00,2010-08-22 11:53:00,1,1,321.65000000000003,153,0,321.65000000000003,One-Time Customer
17472,2010-03-21 13:27:00,2011-06-01 14:57:00,4,3,922.35,551,437,230.5875,Repeat Customer
17473,2010-09-09 19:03:00,2010-10-27 11:45:00,2,2,607.0,270,47,303.5,Repeat Customer
17474,2010-04-19 10:43:00,2010-04-19 10:43:00,1,1,1047.0,200,0,1047.0,One-Time Customer
17475,2011-09-21 14:55:00,2011-09-21 14:55:00,1,1,194.37,178,0,194.37,One-Time Customer
17476,2009-12-02 12:09:00,2010-11-09 10:21:00,2,2,489.86,224,341,244.93,Repeat Customer
17477,2010-03-02 11:53:00,2010-04-06 10:06:00,2,2,1144.3,225,34,572.15,Repeat Customer
17478,2010-03-16 14:19:00,2010-10-27 15:01:00,2,2,1272.8000000000002,516,225,636.4000000000001,Repeat Customer
17479,2010-03-17 09:26:00,2010-03-17 09:26:00,1,1,389.26000000000005,266,0,389.26000000000005,One-Time Customer
17480,2010-09-21 12:31:00,2011-09-23 11:39:00,2,2,882.23,581,366,441.115,Repeat Customer
17481,2011-09-07 09:57:00,2011-12-06 12:28:00,4,3,1255.59,1061,90,313.8975,Repeat Customer
17482,2010-05-10 14:10:00,2010-08-09 15:33:00,2,2,775.64,240,91,387.82,Repeat Customer
17483,2010-10-21 12:43:00,2011-10-05 13:10:00,4,4,591.73,265,349,147.9325,Repeat Customer
17484,2010-03-25 16:17:00,2010-05-12 15:41:00,2,2,209.57,339,47,104.785,Repeat Customer
17486,2011-03-23 14:00:00,2011-03-23 14:00:00,1,1,396.87,191,0,396.87,One-Time Customer
17487,2009-12-11 15:06:00,2009-12-11 15:06:00,1,1,160.55,37,0,160.55,One-Time Customer
17488,2010-03-08 14:07:00,2010-03-08 14:07:00,1,1,336.5,136,0,336.5,One-Time Customer
17489,2011-05-11 11:34:00,2011-10-12 08:56:00,2,2,376.64,428,153,188.32,Repeat Customer
17490,2010-05-19 12:40:00,2011-12-09 09:08:00,9,6,2750.5,1531,568,305.6111111111111,Repeat Customer
17491,2010-04-28 11:57:00,2011-12-08 16:18:00,17,14,5653.67,3362,589,332.56882352941176,Repeat Customer
17492,2010-07-09 13:27:00,2011-04-05 15:21:00,3,3,1122.42,450,270,374.14000000000004,Repeat Customer
17493,2010-11-19 16:57:00,2010-11-19 16:57:00,1,1,100.91,62,0,100.91,One-Time Customer
17494,2010-07-26 10:06:00,2010-07-26 10:06:00,1,1,54.7,26,0,54.7,One-Time Customer
17495,2010-11-14 11:50:00,2011-12-02 12:08:00,3,3,806.72,367,383,268.9066666666667,Repeat Customer
17496,2010-01-14 13:36:00,2010-12-16 08:39:00,4,4,1412.89,675,335,353.2225,Repeat Customer
17497,2010-04-08 08:01:00,2010-11-14 14:17:00,2,2,287.25,59,220,143.625,Repeat Customer
17498,2011-09-25 12:25:00,2011-09-25 12:25:00,1,1,272.21999999999997,394,0,272.21999999999997,One-Time Customer
17499,2010-05-27 09:59:00,2011-02-23 09:14:00,2,2,1341.3899999999999,1086,271,670.6949999999999,Repeat Customer
17500,2011-11-10 09:08:00,2011-11-22 14:25:00,3,1,1138.0,17,12,379.3333333333333,Repeat Customer
17501,2011-05-03 09:46:00,2011-05-03 09:47:00,2,1,288.6,160,0,144.3,Repeat Customer
17502,2011-11-10 16:39:00,2011-11-30 13:13:00,4,1,689.1,376,19,172.275,Repeat Customer
17503,2011-11-01 11:12:00,2011-12-07 09:18:00,2,2,558.96,486,35,279.48,Repeat Customer
17504,2010-02-08 09:22:00,2011-05-17 12:59:00,18,10,9490.17,5420,463,527.2316666666667,Repeat Customer
17505,2010-04-13 16:33:00,2011-07-01 12:50:00,5,4,2435.48,1242,443,487.096,Repeat Customer
17506,2011-09-25 11:39:00,2011-09-25 11:39:00,1,1,302.2,139,0,302.2,One-Time Customer
17507,2011-02-03 18:08:00,2011-03-23 11:48:00,2,2,605.58,359,47,302.79,Repeat Customer
17508,2009-12-07 11:46:00,2011-03-04 08:10:00,8,8,4579.23,2891,451,572.40375,Repeat Customer
17509,2011-10-07 13:14:00,2011-10-13 10:26:00,8,1,6083.64,3512,5,760.455,Repeat Customer
17510,2010-10-15 10:20:00,2011-11-15 10:00:00,2,2,514.56,422,395,257.28,Repeat Customer
17511,2009-12-02 10:52:00,2011-12-07 10:12:00,60,25,172132.87,117174,734,2868.8811666666666,Repeat Customer
17512,2009-12-10 19:35:00,2011-11-11 12:11:00,18,12,5467.820000000001,5434,700,303.76777777777784,Repeat Customer
17513,2010-08-17 15:08:00,2011-09-28 16:42:00,3,3,1158.8,440,407,386.26666666666665,Repeat Customer
17514,2010-02-08 14:00:00,2011-08-03 15:45:00,2,2,522.0,284,541,261.0,Repeat Customer
17515,2010-06-07 13:29:00,2011-11-08 14:04:00,9,9,1602.51,527,519,178.05666666666667,Repeat Customer
17516,2010-11-26 12:50:00,2011-11-24 16:51:00,6,5,947.5,522,363,157.91666666666666,Repeat Customer
17517,2011-02-04 11:48:00,2011-02-04 11:48:00,1,1,153.94,102,0,153.94,One-Time Customer
17518,2010-03-28 13:31:00,2010-10-10 12:40:00,2,2,329.42,267,195,164.71,Repeat Customer
17519,2009-12-01 09:57:00,2011-11-22 16:43:00,15,15,4774.17,3230,721,318.278,Repeat Customer
17520,2011-10-17 12:04:00,2011-10-17 12:04:00,1,1,546.81,365,0,546.81,One-Time Customer
17521,2010-10-01 11:49:00,2011-11-10 11:22:00,5,5,1278.06,806,404,255.612,Repeat Customer
17522,2011-05-05 16:31:00,2011-12-08 12:31:00,5,4,1066.15,1022,216,213.23000000000002,Repeat Customer
17523,2011-11-20 13:40:00,2011-11-28 13:20:00,4,1,652.74,872,7,163.185,Repeat Customer
17524,2010-09-27 16:20:00,2010-12-13 14:32:00,3,2,539.14,362,76,179.71333333333334,Repeat Customer
17525,2010-10-07 09:12:00,2010-12-15 12:05:00,3,3,1161.9,338,69,387.3,Repeat Customer
17526,2009-12-17 16:18:00,2011-12-05 11:05:00,12,10,3939.24,1442,717,328.27,Repeat Customer
17527,2011-05-05 13:43:00,2011-10-17 12:32:00,4,4,939.37,488,164,234.8425,Repeat Customer
17528,2011-09-29 13:04:00,2011-12-08 13:27:00,8,4,3628.5,2138,70,453.5625,Repeat Customer
17529,2010-01-11 12:29:00,2010-04-08 17:51:00,2,2,1240.25,790,87,620.125,Repeat Customer
17530,2009-12-06 16:17:00,2011-12-08 18:42:00,12,10,2787.1,1738,732,232.25833333333333,Repeat Customer
17531,2010-03-31 12:57:00,2011-06-02 19:17:00,3,3,1266.82,472,428,422.2733333333333,Repeat Customer
17532,2010-11-19 08:13:00,2010-11-19 08:13:00,1,1,65.34,30,0,65.34,One-Time Customer
17533,2010-10-01 09:14:00,2010-10-01 09:14:00,1,1,34.8,24,0,34.8,One-Time Customer
17534,2010-02-25 16:55:00,2011-10-17 12:47:00,5,5,1668.83,860,598,333.76599999999996,Repeat Customer
17535,2011-03-04 15:20:00,2011-03-04 15:20:00,1,1,164.4,136,0,164.4,One-Time Customer
17536,2010-01-26 12:00:00,2011-06-15 13:23:00,3,3,364.83,201,505,121.61,Repeat Customer
17537,2011-02-09 13:37:00,2011-11-10 10:56:00,2,2,887.6700000000001,699,273,443.83500000000004,Repeat Customer
17538,2011-11-14 12:12:00,2011-11-14 12:12:00,1,1,98.42,134,0,98.42,One-Time Customer
17539,2009-12-13 12:36:00,2010-03-21 15:23:00,3,3,1161.84,707,98,387.28,Repeat Customer
17540,2010-04-19 09:47:00,2011-11-15 11:56:00,6,6,1590.6000000000001,588,575,265.1,Repeat Customer
17541,2010-07-18 11:36:00,2010-07-18 11:36:00,1,1,119.86,44,0,119.86,One-Time Customer
17542,2010-03-08 12:08:00,2011-03-15 11:45:00,3,2,340.85,323,371,113.61666666666667,Repeat Customer
17543,2010-06-08 12:41:00,2010-06-08 12:41:00,1,1,120.05,62,0,120.05,One-Time Customer
17544,2010-11-14 14:47:00,2010-11-14 15:08:00,3,1,944.82,410,0,314.94,Repeat Customer
17545,2010-05-11 10:04:00,2011-10-27 14:04:00,6,3,1409.8600000000001,682,534,234.9766666666667,Repeat Customer
17547,2010-02-12 14:34:00,2010-11-29 09:41:00,2,2,727.85,223,289,363.925,Repeat Customer
17548,2010-11-08 16:19:00,2011-04-20 12:01:00,4,2,731.26,494,162,182.815,Repeat Customer
17549,2011-10-19 10:05:00,2011-11-16 09:59:00,2,2,148.86,210,27,74.43,Repeat Customer
17550,2010-02-07 15:07:00,2011-05-26 14:09:00,9,7,2506.64,968,472,278.5155555555555,Repeat Customer
17551,2010-12-15 14:12:00,2010-12-15 14:12:00,1,1,290.34,142,0,290.34,One-Time Customer
17552,2010-03-22 09:19:00,2011-10-10 17:00:00,12,8,2786.77,1951,567,232.23083333333332,Repeat Customer
17553,2010-04-08 09:44:00,2011-08-02 10:00:00,4,3,3757.6,2288,481,939.4,Repeat Customer
17554,2011-07-14 20:01:00,2011-12-08 14:15:00,5,5,1952.45,1763,146,390.49,Repeat Customer
17555,2010-05-02 16:02:00,2011-11-20 12:22:00,5,4,1045.74,739,566,209.148,Repeat Customer
17556,2010-11-25 17:00:00,2011-05-18 10:48:00,2,2,300.67,184,173,150.335,Repeat Customer
17557,2009-12-07 10:15:00,2011-11-25 12:57:00,4,4,575.46,310,718,143.865,Repeat Customer
17558,2010-11-11 14:36:00,2010-11-11 14:36:00,1,1,259.17,54,0,259.17,One-Time Customer
17559,2010-07-15 12:02:00,2010-07-15 12:02:00,1,1,167.62,270,0,167.62,One-Time Customer
17560,2010-02-17 12:11:00,2011-09-06 09:18:00,8,8,1895.8,1588,565,236.975,Repeat Customer
17561,2009-12-06 13:29:00,2011-11-20 12:53:00,4,4,703.02,381,713,175.755,Repeat Customer
17562,2011-06-19 13:06:00,2011-11-25 14:21:00,7,6,1122.38,817,159,160.34,Repeat Customer
17563,2010-04-07 10:02:00,2010-05-10 14:54:00,2,2,392.38,256,33,196.19,Repeat Customer
17564,2011-09-20 14:00:00,2011-11-15 13:27:00,3,3,454.01,146,55,151.33666666666667,Repeat Customer
17565,2010-05-02 11:54:00,2010-05-02 11:54:00,1,1,131.83,67,0,131.83,One-Time Customer
17566,2011-11-14 13:42:00,2011-12-01 19:54:00,2,2,869.77,497,17,434.885,Repeat Customer
17567,2010-09-24 10:48:00,2011-12-02 15:48:00,9,9,4838.08,2908,434,537.5644444444445,Repeat Customer
17568,2010-03-16 16:45:00,2010-03-16 16:45:00,1,1,374.45,275,0,374.45,One-Time Customer
17569,2011-01-11 14:15:00,2011-01-11 14:15:00,1,1,344.14,159,0,344.14,One-Time Customer
17571,2010-06-15 12:50:00,2011-10-20 15:57:00,5,5,1629.66,990,492,325.932,Repeat Customer
17572,2009-12-15 10:00:00,2011-09-29 17:53:00,10,8,652.21,327,653,65.221,Repeat Customer
17573,2011-09-07 10:36:00,2011-11-10 13:01:00,3,2,380.6,308,64,126.86666666666667,Repeat Customer
17574,2011-04-11 09:47:00,2011-04-11 09:47:00,1,1,185.65,77,0,185.65,One-Time Customer
17575,2010-02-10 13:48:00,2010-02-10 13:48:00,1,1,171.7,72,0,171.7,One-Time Customer
17576,2009-12-03 16:54:00,2011-12-01 17:56:00,41,25,8705.6,4572,728,212.33170731707318,Repeat Customer
17577,2010-02-09 10:10:00,2010-03-04 13:01:00,2,2,348.75,179,23,174.375,Repeat Customer
17578,2010-06-28 11:55:00,2011-05-05 18:38:00,7,4,1047.33,529,311,149.6185714285714,Repeat Customer
17579,2010-05-10 14:28:00,2011-12-05 12:28:00,4,4,753.28,375,573,188.32,Repeat Customer
17580,2010-10-13 14:28:00,2011-04-01 12:41:00,5,5,538.07,222,169,107.614,Repeat Customer
17581,2009-12-03 12:34:00,2011-12-09 12:21:00,43,20,17951.17,9519,735,417.4690697674418,Repeat Customer
17582,2010-03-26 12:23:00,2011-04-17 13:18:00,5,5,1446.95,603,387,289.39,Repeat Customer
17583,2010-05-28 14:24:00,2010-05-28 14:24:00,1,1,135.95,55,0,135.95,One-Time Customer
17584,2010-01-25 08:17:00,2011-12-02 17:12:00,6,6,5309.42,2464,676,884.9033333333333,Repeat Customer
17585,2010-08-18 16:39:00,2011-08-22 13:30:00,7,6,2064.71,2510,368,294.9585714285714,Repeat Customer
17586,2010-03-30 13:12:00,2010-03-30 13:12:00,1,1,167.4,68,0,167.4,One-Time Customer
17587,2010-03-21 14:16:00,2010-03-21 14:16:00,1,1,173.76,66,0,173.76,One-Time Customer
17588,2010-03-12 12:34:00,2011-08-31 13:37:00,7,7,2939.55,1379,537,419.9357142857143,Repeat Customer
17589,2010-03-07 13:48:00,2011-10-10 16:58:00,18,11,13806.27,8661,582,767.015,Repeat Customer
17590,2011-10-30 14:05:00,2011-12-07 12:55:00,3,3,1466.77,821,37,488.92333333333335,Repeat Customer
17591,2010-01-17 16:09:00,2011-09-27 13:42:00,8,8,2339.32,1028,617,292.415,Repeat Customer
17592,2009-12-01 10:49:00,2009-12-01 10:49:00,1,1,148.3,38,0,148.3,One-Time Customer
17593,2009-12-04 14:35:00,2011-12-06 10:30:00,11,9,8092.32,5595,731,735.6654545454545,Repeat Customer
17594,2010-04-14 08:53:00,2011-09-15 16:34:00,4,4,2497.88,1368,519,624.47,Repeat Customer
17595,2011-11-02 16:19:00,2011-11-27 16:08:00,2,1,386.69,228,24,193.345,Repeat Customer
17596,2009-12-15 13:21:00,2011-11-16 14:11:00,13,12,4491.46,7010,701,345.49692307692305,Repeat Customer
17597,2010-05-05 15:33:00,2011-05-10 11:54:00,5,5,3484.09,2215,369,696.818,Repeat Customer
17598,2010-11-23 17:43:00,2010-11-23 17:43:00,1,1,409.98,126,0,409.98,One-Time Customer
17599,2010-08-19 12:50:00,2010-08-19 12:50:00,1,1,52.05,11,0,52.05,One-Time Customer
17600,2011-11-22 09:43:00,2011-11-22 09:43:00,1,1,161.67000000000002,144,0,161.67000000000002,One-Time Customer
17601,2010-11-24 14:29:00,2011-04-14 18:02:00,2,2,412.65999999999997,294,141,206.32999999999998,Repeat Customer
17602,2010-03-30 17:25:00,2011-12-07 13:53:00,14,11,7354.43,5880,616,525.3164285714286,Repeat Customer
17603,2009-12-10 09:44:00,2011-09-22 14:18:00,4,4,1788.38,638,651,447.095,Repeat Customer
17604,2010-01-27 12:19:00,2011-05-06 13:43:00,6,6,942.38,614,464,157.06333333333333,Repeat Customer
17605,2010-04-28 14:45:00,2010-04-28 14:45:00,1,1,160.75,71,0,160.75,One-Time Customer
17606,2009-12-02 13:32:00,2009-12-02 13:32:00,1,1,87.30000000000001,42,0,87.30000000000001,One-Time Customer
17607,2010-11-28 13:11:00,2010-11-28 13:11:00,1,1,333.81,269,0,333.81,One-Time Customer
17608,2010-04-11 13:37:00,2011-11-06 13:06:00,4,3,488.06,528,573,122.015,Repeat Customer
17609,2010-04-09 16:54:00,2011-10-30 12:28:00,11,8,1875.36,1282,568,170.4872727272727,Repeat Customer
17610,2009-12-06 16:07:00,2010-06-17 16:34:00,5,4,1511.94,893,193,302.38800000000003,Repeat Customer
17611,2009-12-01 13:29:00,2011-12-02 13:29:00,28,21,8287.53,5291,731,295.9832142857143,Repeat Customer
17612,2009-12-17 11:59:00,2011-10-17 14:59:00,18,15,5394.86,3521,669,299.71444444444444,Repeat Customer
17613,2011-02-07 11:20:00,2011-11-17 10:51:00,14,9,4544.55,2490,282,324.6107142857143,Repeat Customer
17614,2011-10-13 16:01:00,2011-10-13 16:01:00,1,1,386.32,235,0,386.32,One-Time Customer
17615,2010-08-11 12:54:00,2011-08-01 14:06:00,6,5,721.8000000000001,378,355,120.30000000000001,Repeat Customer
17616,2010-09-14 10:43:00,2011-06-19 10:11:00,4,4,734.4,288,277,183.6,Repeat Customer
17617,2010-05-30 12:48:00,2010-05-30 12:48:00,1,1,385.19,249,0,385.19,One-Time Customer
17618,2010-01-24 11:03:00,2011-12-04 11:50:00,11,9,4001.64,1798,679,363.7854545454545,Repeat Customer
17619,2011-01-31 14:18:00,2011-01-31 14:18:00,1,1,214.37,124,0,214.37,One-Time Customer
17620,2011-10-11 12:08:00,2011-10-11 12:08:00,1,1,81.44,60,0,81.44,One-Time Customer
17621,2010-10-04 09:37:00,2011-11-18 17:11:00,6,4,3175.12,1110,410,529.1866666666666,Repeat Customer
17622,2010-04-20 13:38:00,2010-04-21 12:36:00,2,1,1130.21,379,0,565.105,Repeat Customer
17623,2009-12-14 14:36:00,2011-11-07 11:32:00,7,7,2365.77,799,692,337.96714285714285,Repeat Customer
17624,2009-12-20 12:35:00,2011-11-25 10:52:00,4,4,1568.63,958,704,392.1575,Repeat Customer
17625,2009-12-15 11:49:00,2011-11-21 13:36:00,8,8,5978.9,3505,706,747.3625,Repeat Customer
17626,2010-04-16 12:15:00,2010-04-16 12:15:00,1,1,254.0,202,0,254.0,One-Time Customer
17627,2010-08-18 11:27:00,2010-08-18 11:27:00,1,1,296.36,676,0,296.36,One-Time Customer
17628,2011-09-19 15:21:00,2011-09-19 15:21:00,1,1,75.75,79,0,75.75,One-Time Customer
17629,2010-10-14 13:35:00,2011-12-04 10:56:00,10,10,2455.52,1903,415,245.552,Repeat Customer
17630,2011-04-21 14:03:00,2011-06-23 11:58:00,2,2,503.6,158,62,251.8,Repeat Customer
17631,2009-12-09 14:15:00,2011-12-08 09:47:00,7,6,998.49,591,728,142.64142857142858,Repeat Customer
17633,2010-11-15 14:55:00,2011-11-08 13:25:00,7,4,2057.39,899,357,293.91285714285715,Repeat Customer
17634,2011-01-06 12:45:00,2011-11-03 13:09:00,9,8,2358.59,838,301,262.0655555555556,Repeat Customer
17635,2010-04-28 10:51:00,2010-10-11 15:12:00,3,3,1265.58,770,166,421.85999999999996,Repeat Customer
17636,2011-11-20 14:40:00,2011-11-20 14:40:00,1,1,285.56,182,0,285.56,One-Time Customer
17637,2011-08-16 13:25:00,2011-11-08 12:51:00,2,2,547.0600000000001,280,83,273.53000000000003,Repeat Customer
17638,2009-12-18 09:58:00,2010-03-02 14:32:00,2,2,842.4000000000001,432,74,421.20000000000005,Repeat Customer
17639,2010-08-13 11:59:00,2011-03-08 15:22:00,6,3,615.17,576,207,102.52833333333332,Repeat Customer
17640,2010-03-23 09:15:00,2011-09-14 09:13:00,6,5,3168.94,1692,539,528.1566666666666,Repeat Customer
17642,2009-12-05 16:01:00,2011-08-12 09:11:00,5,5,1824.49,1475,614,364.898,Repeat Customer
17643,2010-07-22 13:07:00,2010-12-01 14:38:00,2,2,439.7,226,132,219.85,Repeat Customer
17644,2010-02-16 08:44:00,2011-12-08 13:43:00,20,16,6028.6,3469,660,301.43,Repeat Customer
17646,2009-12-16 09:37:00,2011-05-04 13:17:00,12,12,3898.79,1308,504,324.89916666666664,Repeat Customer
17647,2010-02-08 14:39:00,2011-10-05 15:38:00,3,2,331.65999999999997,82,604,110.55333333333333,Repeat Customer
17648,2010-11-19 16:41:00,2011-10-10 09:41:00,5,4,2216.37,954,324,443.274,Repeat Customer
17649,2010-08-24 13:01:00,2011-07-24 15:53:00,3,2,1578.89,723,334,526.2966666666667,Repeat Customer
17650,2011-11-18 14:52:00,2011-11-18 14:52:00,1,1,166.07999999999998,150,0,166.07999999999998,One-Time Customer
17651,2010-07-01 12:17:00,2011-11-28 10:29:00,16,6,5703.52,4086,514,356.47,Repeat Customer
17652,2011-03-03 14:05:00,2011-11-14 12:55:00,12,7,4867.72,2509,255,405.6433333333334,Repeat Customer
17653,2011-08-11 15:24:00,2011-11-03 12:46:00,4,3,1207.56,1409,83,301.89,Repeat Customer
17654,2011-03-07 13:17:00,2011-03-07 13:17:00,1,1,117.55,41,0,117.55,One-Time Customer
17655,2010-10-19 10:20:00,2011-11-29 11:34:00,9,8,2976.38,1268,406,330.7088888888889,Repeat Customer
17656,2011-08-03 10:45:00,2011-09-27 13:04:00,5,2,1674.69,1399,55,334.938,Repeat Customer
17657,2010-10-05 14:52:00,2010-10-05 14:52:00,1,1,126.0,60,0,126.0,One-Time Customer
17658,2011-05-12 15:23:00,2011-11-14 12:07:00,2,2,595.42,616,185,297.71,Repeat Customer
17659,2010-11-18 14:20:00,2011-11-22 13:29:00,14,8,3586.9900000000002,1752,368,256.21357142857147,Repeat Customer
17660,2009-12-02 16:02:00,2011-07-21 13:37:00,2,2,342.22,259,595,171.11,Repeat Customer
17662,2009-12-17 09:54:00,2010-02-16 09:38:00,2,2,412.92,184,60,206.46,Repeat Customer
17663,2010-03-04 11:42:00,2011-11-14 08:56:00,17,13,5175.83,2297,619,304.4605882352941,Repeat Customer
17664,2010-03-29 17:17:00,2011-11-21 11:29:00,4,4,1166.23,1058,601,291.5575,Repeat Customer
17665,2010-08-03 13:12:00,2010-08-03 13:12:00,1,1,563.1,690,0,563.1,One-Time Customer
17666,2010-06-30 12:03:00,2011-12-06 09:06:00,5,4,2047.8,1552,523,409.56,Repeat Customer
17667,2010-02-23 09:57:00,2011-10-04 14:32:00,9,8,3950.7,2192,588,438.96666666666664,Repeat Customer
17668,2011-11-01 14:45:00,2011-12-08 13:25:00,2,2,347.75,93,36,173.875,Repeat Customer
17669,2010-04-01 18:48:00,2011-10-28 08:53:00,10,9,6142.35,3505,574,614.235,Repeat Customer
17670,2011-04-26 09:12:00,2011-04-26 09:12:00,1,1,205.7,110,0,205.7,One-Time Customer
17671,2010-11-29 11:53:00,2011-11-24 12:21:00,5,5,2009.16,987,360,401.832,Repeat Customer
17672,2010-03-08 13:17:00,2011-10-20 14:18:00,6,5,5663.74,2757,591,943.9566666666666,Repeat Customer
17673,2010-03-19 14:02:00,2011-12-08 12:50:00,13,11,4173.88,3284,628,321.0676923076923,Repeat Customer
17674,2010-12-06 10:20:00,2011-09-26 13:35:00,2,2,551.04,672,294,275.52,Repeat Customer
17675,2009-12-10 16:10:00,2011-12-08 18:03:00,70,25,37642.48,16180,728,537.7497142857143,Repeat Customer
17676,2010-03-30 10:49:00,2011-12-05 15:16:00,10,8,2448.64,1764,615,244.86399999999998,Repeat Customer
17677,2009-12-16 11:23:00,2011-12-08 09:56:00,54,24,35058.46,20921,721,649.2307407407408,Repeat Customer
17678,2010-04-15 13:54:00,2011-03-21 11:52:00,2,2,599.76,368,339,299.88,Repeat Customer
17679,2009-12-03 17:32:00,2011-10-18 07:43:00,7,6,3577.61,1755,683,511.08714285714285,Repeat Customer
17680,2010-07-16 16:07:00,2011-11-16 12:42:00,3,3,497.45000000000005,155,487,165.8166666666667,Repeat Customer
17681,2010-01-15 11:53:00,2010-04-21 17:22:00,5,3,731.2,450,96,146.24,Repeat Customer
17682,2010-03-08 09:49:00,2011-11-29 15:59:00,11,11,4065.28,2281,631,369.5709090909091,Repeat Customer
17683,2010-06-03 17:15:00,2010-11-19 10:11:00,3,3,819.01,781,168,273.00333333333333,Repeat Customer
17684,2011-10-27 11:10:00,2011-10-27 11:10:00,1,1,239.41,145,0,239.41,One-Time Customer
17685,2010-02-11 13:44:00,2011-11-23 11:36:00,12,11,5454.95,3474,649,454.57916666666665,Repeat Customer
17686,2010-06-24 09:49:00,2011-12-02 15:39:00,9,7,8296.81,3583,526,921.8677777777777,Repeat Customer
17687,2010-10-15 12:30:00,2010-10-15 12:30:00,1,1,432.68,210,0,432.68,One-Time Customer
17688,2010-11-11 10:41:00,2010-11-11 10:41:00,1,1,304.2,114,0,304.2,One-Time Customer
17689,2010-08-22 13:54:00,2010-11-16 13:22:00,2,2,317.08,300,85,158.54,Repeat Customer
17690,2010-02-03 14:26:00,2011-11-09 15:17:00,20,13,6963.8,2939,644,348.19,Repeat Customer
17691,2010-06-11 11:50:00,2010-12-16 17:20:00,4,3,637.55,315,188,159.3875,Repeat Customer
17692,2010-06-17 11:14:00,2011-08-04 14:01:00,12,10,2960.44,2290,413,246.70333333333335,Repeat Customer
17693,2011-07-25 15:48:00,2011-07-25 15:48:00,1,1,200.47,231,0,200.47,One-Time Customer
17694,2010-05-26 08:27:00,2011-07-21 12:00:00,3,3,1695.97,1493,421,565.3233333333334,Repeat Customer
17695,2010-01-28 09:27:00,2011-07-31 10:40:00,5,5,1746.04,1809,549,349.20799999999997,Repeat Customer
17696,2009-12-10 17:09:00,2011-11-01 13:43:00,27,16,7679.59,5891,690,284.42925925925925,Repeat Customer
17697,2011-04-17 15:40:00,2011-04-17 15:40:00,1,1,338.95,93,0,338.95,One-Time Customer
17698,2011-03-24 11:34:00,2011-03-24 11:34:00,1,1,154.95,93,0,154.95,One-Time Customer
17699,2010-05-27 11:53:00,2010-08-20 09:39:00,2,2,442.0,208,84,221.0,Repeat Customer
17700,2009-12-01 11:37:00,2011-11-23 11:51:00,14,13,6679.97,3469,722,477.1407142857143,Repeat Customer
17701,2011-04-01 12:25:00,2011-04-01 12:25:00,1,1,417.95,109,0,417.95,One-Time Customer
17702,2010-11-04 12:09:00,2011-11-09 16:03:00,6,5,3144.04,2153,370,524.0066666666667,Repeat Customer
17703,2010-10-17 16:16:00,2011-11-04 15:51:00,4,4,1094.84,897,382,273.71,Repeat Customer
17704,2011-04-14 09:28:00,2011-06-24 09:40:00,2,2,885.19,343,71,442.595,Repeat Customer
17705,2010-05-12 09:47:00,2011-12-06 13:45:00,11,10,2083.9,1301,573,189.44545454545457,Repeat Customer
17706,2010-01-19 12:13:00,2011-12-05 13:34:00,31,14,20272.15,7824,685,653.9403225806452,Repeat Customer
17707,2009-12-07 12:19:00,2011-06-07 15:03:00,8,8,609.3,546,547,76.1625,Repeat Customer
17708,2010-10-12 12:13:00,2011-06-05 10:12:00,4,4,884.1800000000001,387,235,221.04500000000002,Repeat Customer
17709,2010-04-15 14:48:00,2011-06-23 11:55:00,5,3,671.01,295,433,134.202,Repeat Customer
17710,2010-10-12 07:49:00,2010-10-12 07:49:00,1,1,293.5,158,0,293.5,One-Time Customer
17711,2011-02-23 11:32:00,2011-11-29 11:40:00,2,2,385.1,246,279,192.55,Repeat Customer
17712,2011-10-26 12:28:00,2011-10-26 12:28:00,1,1,522.91,215,0,522.91,One-Time Customer
17713,2010-06-09 09:33:00,2010-11-22 16:50:00,4,4,1198.09,989,166,299.5225,Repeat Customer
17714,2010-07-14 10:41:00,2011-01-23 10:32:00,5,4,1410.18,608,192,282.036,Repeat Customer
17715,2010-04-26 12:17:00,2011-05-23 12:32:00,2,2,489.59999999999997,576,392,244.79999999999998,Repeat Customer
17716,2009-12-02 17:18:00,2011-11-17 12:00:00,24,15,15956.970000000001,8819,714,664.8737500000001,Repeat Customer
17717,2010-10-14 12:54:00,2010-10-14 12:54:00,1,1,376.92,344,0,376.92,One-Time Customer
17718,2010-03-05 08:01:00,2011-04-21 13:39:00,2,2,439.18,274,412,219.59,Repeat Customer
17719,2011-03-29 11:29:00,2011-11-02 10:36:00,15,8,5396.04,2466,217,359.736,Repeat Customer
17720,2010-05-10 09:58:00,2011-11-13 15:04:00,10,10,2666.91,1589,552,266.691,Repeat Customer
17721,2010-02-18 15:18:00,2010-02-18 15:18:00,1,1,307.21000000000004,107,0,307.21000000000004,One-Time Customer
17722,2010-11-29 09:44:00,2011-09-04 15:22:00,5,5,3520.2200000000003,2412,279,704.0440000000001,Repeat Customer
17723,2010-11-29 10:35:00,2011-08-04 18:37:00,7,5,3378.4000000000005,912,248,482.6285714285715,Repeat Customer
17724,2011-07-24 13:26:00,2011-09-29 15:26:00,3,2,1033.0,300,67,344.3333333333333,Repeat Customer
17725,2011-03-17 19:47:00,2011-11-23 16:34:00,11,9,3439.08,2162,250,312.64363636363635,Repeat Customer
17726,2010-01-26 14:58:00,2010-11-09 13:37:00,7,6,1092.06,444,286,156.00857142857143,Repeat Customer
17727,2011-11-24 17:06:00,2011-11-24 17:06:00,1,1,1060.25,645,0,1060.25,One-Time Customer
17728,2010-09-12 14:58:00,2011-12-06 08:52:00,5,5,4238.76,2146,449,847.7520000000001,Repeat Customer
17729,2010-04-22 15:03:00,2010-04-22 15:03:00,1,1,438.65000000000003,247,0,438.65000000000003,One-Time Customer
17730,2010-04-29 11:48:00,2011-12-06 15:43:00,20,16,7773.8,5300,586,388.69,Repeat Customer
17731,2010-02-09 12:37:00,2011-09-21 15:02:00,6,5,1708.99,707,589,284.83166666666665,Repeat Customer
17732,2010-08-09 08:41:00,2010-12-02 09:29:00,8,5,2166.42,1058,115,270.8025,Repeat Customer
17733,2011-03-23 09:54:00,2011-11-01 08:16:00,2,2,692.19,463,222,346.095,Repeat Customer
17734,2010-03-07 13:55:00,2011-10-17 12:33:00,6,6,1442.32,741,588,240.38666666666666,Repeat Customer
17735,2010-07-30 13:25:00,2011-12-07 16:47:00,26,17,16790.33,10683,495,645.7819230769231,Repeat Customer
17736,2011-08-18 14:33:00,2011-11-30 15:36:00,3,3,377.44,238,104,125.81333333333333,Repeat Customer
17737,2011-10-12 14:42:00,2011-11-30 15:16:00,2,2,168.24,108,49,84.12,Repeat Customer
17738,2010-03-19 10:07:00,2011-11-20 15:05:00,13,9,4183.56,2776,611,321.81230769230774,Repeat Customer
17739,2009-12-07 10:48:00,2011-11-28 09:12:00,18,15,7730.59,2335,720,429.4772222222222,Repeat Customer
17740,2010-01-11 13:11:00,2010-11-15 16:33:00,6,5,426.90000000000003,222,308,71.15,Repeat Customer
17741,2010-05-28 12:11:00,2010-10-29 11:59:00,2,2,101.1,114,153,50.55,Repeat Customer
17742,2009-12-01 13:16:00,2011-08-18 15:28:00,11,11,2098.48,653,625,190.7709090909091,Repeat Customer
17743,2010-09-17 14:54:00,2010-09-17 14:54:00,1,1,229.2,96,0,229.2,One-Time Customer
17744,2010-11-24 09:34:00,2011-12-06 12:11:00,7,6,2649.14,3826,377,378.4485714285714,Repeat Customer
17745,2010-06-02 09:03:00,2010-08-19 12:30:00,2,2,600.34,164,78,300.17,Repeat Customer
17746,2010-04-08 12:54:00,2011-04-13 14:31:00,4,3,904.1800000000001,688,370,226.04500000000002,Repeat Customer
17747,2011-08-19 08:13:00,2011-08-19 08:13:00,1,1,71.4,12,0,71.4,One-Time Customer
17748,2010-06-30 13:49:00,2010-06-30 13:49:00,1,1,358.15,111,0,358.15,One-Time Customer
17749,2010-06-11 14:56:00,2011-06-14 15:45:00,3,3,1026.18,446,368,342.06,Repeat Customer
17750,2011-06-28 15:44:00,2011-12-04 14:09:00,9,7,1694.16,3696,158,188.24,Repeat Customer
17751,2010-10-14 13:57:00,2010-10-14 13:57:00,1,1,157.85999999999999,147,0,157.85999999999999,One-Time Customer
17752,2010-12-15 16:19:00,2010-12-15 16:19:00,1,1,80.64,192,0,80.64,One-Time Customer
17753,2010-01-06 14:20:00,2010-09-01 15:49:00,4,3,382.06,124,238,95.515,Repeat Customer
17754,2009-12-11 15:52:00,2011-12-09 11:20:00,13,11,4451.22,4366,727,342.4015384615385,Repeat Customer
17756,2010-11-10 12:54:00,2010-11-29 12:20:00,3,1,728.75,399,18,242.91666666666666,Repeat Customer
17757,2010-01-13 15:56:00,2011-12-08 15:31:00,56,24,9070.1,5010,693,161.96607142857144,Repeat Customer
17758,2010-05-20 13:18:00,2011-11-20 14:45:00,12,8,4964.03,3199,549,413.6691666666666,Repeat Customer
17759,2010-05-05 11:40:00,2011-11-22 16:02:00,5,4,1260.63,964,566,252.12600000000003,Repeat Customer
17760,2010-02-28 12:15:00,2011-11-18 10:56:00,6,5,746.39,531,627,124.39833333333333,Repeat Customer
17761,2011-11-07 10:23:00,2011-11-07 10:23:00,1,1,712.78,398,0,712.78,One-Time Customer
17762,2010-09-09 17:40:00,2010-09-09 17:40:00,1,1,129.75,129,0,129.75,One-Time Customer
17763,2010-02-18 14:32:00,2011-03-21 14:25:00,4,2,86.15,41,395,21.5375,Repeat Customer
17764,2009-12-03 14:28:00,2011-10-20 11:03:00,5,5,1513.57,674,685,302.714,Repeat Customer
17765,2010-09-17 12:45:00,2011-07-04 12:41:00,4,4,524.0,195,289,131.0,Repeat Customer
17766,2010-11-23 14:17:00,2010-11-23 14:29:00,2,1,299.61,155,0,149.805,Repeat Customer
17767,2010-10-25 16:22:00,2011-11-24 14:42:00,2,2,413.05,198,394,206.525,Repeat Customer
17768,2009-12-02 12:26:00,2011-12-01 13:22:00,7,6,3292.73,2339,729,470.39,Repeat Customer
17769,2010-01-19 11:33:00,2011-11-27 11:18:00,17,13,7053.38,3157,676,414.90470588235297,Repeat Customer
17770,2011-03-02 13:35:00,2011-05-25 12:34:00,5,2,1143.27,365,83,228.654,Repeat Customer
17771,2010-04-29 13:21:00,2011-10-14 11:43:00,4,4,386.93,369,532,96.7325,Repeat Customer
17772,2010-11-12 11:31:00,2011-11-29 11:05:00,3,2,360.75,113,381,120.25,Repeat Customer
17773,2010-01-18 14:32:00,2010-07-13 14:07:00,2,2,575.37,254,175,287.685,Repeat Customer
17774,2010-02-08 16:06:00,2011-09-04 12:49:00,9,9,3272.83,1583,572,363.6477777777778,Repeat Customer
17775,2011-03-30 10:50:00,2011-03-30 10:50:00,1,1,56.4,72,0,56.4,One-Time Customer
17776,2009-12-16 14:59:00,2010-11-18 12:14:00,2,2,329.3,270,336,164.65,Repeat Customer
17777,2011-08-31 14:35:00,2011-11-15 12:02:00,3,3,647.56,501,75,215.85333333333332,Repeat Customer
17778,2010-02-16 12:44:00,2010-02-16 12:44:00,1,1,197.70000000000002,214,0,197.70000000000002,One-Time Customer
17779,2011-07-19 12:19:00,2011-11-18 14:15:00,3,3,650.32,396,122,216.77333333333334,Repeat Customer
17780,2010-01-24 11:21:00,2010-02-10 13:43:00,3,2,346.56,156,17,115.52,Repeat Customer
17781,2011-03-31 19:54:00,2011-07-03 16:00:00,2,2,188.02,34,93,94.01,Repeat Customer
17782,2010-11-22 10:03:00,2010-11-22 11:15:00,2,1,679.02,538,0,339.51,Repeat Customer
17783,2010-07-15 12:50:00,2011-09-28 16:07:00,3,3,376.96,438,440,125.65333333333332,Repeat Customer
17784,2010-06-07 16:08:00,2010-06-07 16:08:00,1,1,112.86,72,0,112.86,One-Time Customer
17785,2010-05-23 13:01:00,2011-10-17 13:43:00,3,3,403.38,227,512,134.46,Repeat Customer
17786,2011-01-26 14:35:00,2011-09-15 12:51:00,2,2,266.85,195,231,133.425,Repeat Customer
17787,2010-12-03 13:43:00,2011-07-10 11:24:00,4,4,1817.54,896,218,454.385,Repeat Customer
17788,2011-08-02 10:38:00,2011-09-27 10:09:00,2,2,1112.95,210,55,556.475,Repeat Customer
17789,2010-02-16 13:16:00,2011-03-03 13:14:00,2,2,397.15,199,379,198.575,Repeat Customer
17790,2010-06-13 13:30:00,2011-11-13 11:30:00,20,12,2779.41,1387,517,138.9705,Repeat Customer
17791,2011-11-10 12:09:00,2011-11-10 12:09:00,1,1,106.1,46,0,106.1,One-Time Customer
17792,2010-08-18 13:08:00,2010-08-29 14:30:00,2,1,368.35,149,11,184.175,Repeat Customer
17793,2011-11-14 14:24:00,2011-11-14 14:24:00,1,1,300.34,226,0,300.34,One-Time Customer
17794,2010-01-20 12:17:00,2010-01-22 10:18:00,2,1,147.3,46,1,73.65,Repeat Customer
17795,2011-03-20 12:02:00,2011-06-13 12:36:00,2,2,342.83,305,85,171.415,Repeat Customer
17796,2010-10-14 13:37:00,2011-10-30 15:38:00,7,5,1236.39,347,381,176.62714285714287,Repeat Customer
17797,2009-12-15 14:30:00,2011-11-17 13:21:00,8,7,1971.8700000000001,1086,701,246.48375000000001,Repeat Customer
17798,2010-05-07 11:42:00,2010-05-07 11:42:00,1,1,172.17,136,0,172.17,One-Time Customer
17799,2009-12-13 16:03:00,2011-11-17 15:16:00,20,15,6246.93,3674,703,312.3465,Repeat Customer
17800,2011-01-09 13:50:00,2011-11-02 12:57:00,9,8,1186.21,731,296,131.8011111111111,Repeat Customer
17801,2010-01-17 11:31:00,2010-09-14 14:32:00,3,3,770.03,820,240,256.6766666666667,Repeat Customer
17802,2009-12-13 13:39:00,2011-09-18 14:56:00,10,8,4946.22,2705,644,494.622,Repeat Customer
17803,2010-11-12 13:53:00,2010-11-12 13:53:00,1,1,184.66,98,0,184.66,One-Time Customer
17804,2009-12-01 12:22:00,2010-11-28 14:01:00,3,3,383.78000000000003,194,362,127.92666666666668,Repeat Customer
17805,2010-04-08 14:36:00,2011-09-27 11:49:00,2,2,927.03,1126,536,463.515,Repeat Customer
17806,2011-11-28 14:12:00,2011-11-28 14:12:00,1,1,546.04,727,0,546.04,One-Time Customer
17807,2010-01-04 14:00:00,2010-11-09 16:21:00,3,3,437.87,262,309,145.95666666666668,Repeat Customer
17808,2010-05-07 16:26:00,2010-06-09 10:44:00,4,2,262.64,143,32,65.66,Repeat Customer
17809,2009-12-02 14:52:00,2011-11-23 12:59:00,20,14,10085.89,2995,720,504.29449999999997,Repeat Customer
17810,2010-01-25 10:26:00,2010-02-09 10:47:00,2,2,343.21,117,15,171.605,Repeat Customer
17811,2010-09-20 11:24:00,2011-12-05 13:46:00,47,14,9513.1,5277,441,202.4063829787234,Repeat Customer
17812,2010-06-27 13:34:00,2011-11-27 11:47:00,7,5,911.99,444,517,130.28428571428572,Repeat Customer
17813,2011-09-29 15:57:00,2011-11-25 16:13:00,5,3,1698.07,752,57,339.614,Repeat Customer
17814,2010-10-13 14:03:00,2010-11-29 14:21:00,2,2,1609.37,1435,47,804.685,Repeat Customer
17815,2010-11-11 14:39:00,2010-11-11 14:39:00,1,1,591.96,612,0,591.96,One-Time Customer
17816,2009-12-15 15:27:00,2011-11-03 11:34:00,6,6,96.11,80,687,16.018333333333334,Repeat Customer
17817,2010-10-13 15:07:00,2011-12-05 14:39:00,6,4,788.15,353,417,131.35833333333332,Repeat Customer
17818,2009-12-02 11:34:00,2009-12-02 11:34:00,1,1,124.78,86,0,124.78,One-Time Customer
17819,2009-12-13 15:24:00,2011-09-29 10:52:00,12,10,6021.05,1610,654,501.75416666666666,Repeat Customer
17820,2010-11-30 17:43:00,2010-11-30 17:43:00,1,1,180.60999999999999,111,0,180.60999999999999,One-Time Customer
17821,2010-10-29 13:20:00,2010-10-29 13:20:00,1,1,334.62,162,0,334.62,One-Time Customer
17822,2010-05-28 12:15:00,2010-10-15 13:47:00,5,2,2154.08,1372,140,430.816,Repeat Customer
17823,2010-10-14 16:14:00,2010-10-14 16:24:00,2,1,449.25,252,0,224.625,Repeat Customer
17824,2011-10-19 14:14:00,2011-10-19 14:14:00,1,1,298.4,408,0,298.4,One-Time Customer
17825,2009-12-14 12:09:00,2010-04-20 12:01:00,4,2,701.96,516,126,175.49,Repeat Customer
17826,2010-11-30 13:23:00,2010-11-30 13:23:00,1,1,133.34,84,0,133.34,One-Time Customer
17827,2010-03-28 12:20:00,2011-12-04 15:00:00,6,4,2376.17,1582,616,396.02833333333336,Repeat Customer
17828,2011-06-08 08:31:00,2011-11-17 08:41:00,4,3,1165.09,655,162,291.2725,Repeat Customer
17829,2010-02-22 15:39:00,2011-02-14 12:46:00,5,4,4756.74,3009,356,951.348,Repeat Customer
17830,2011-02-24 10:15:00,2011-12-08 12:28:00,3,3,398.7,92,287,132.9,Repeat Customer
17831,2011-11-06 15:09:00,2011-11-06 15:09:00,1,1,35.400000000000006,12,0,35.400000000000006,One-Time Customer
17832,2011-10-21 11:43:00,2011-10-21 11:43:00,1,1,155.37,208,0,155.37,One-Time Customer
17833,2009-12-16 13:40:00,2009-12-16 13:40:00,1,1,338.46000000000004,143,0,338.46000000000004,One-Time Customer
17834,2010-09-20 15:32:00,2010-10-21 12:09:00,2,2,689.6700000000001,639,30,344.83500000000004,Repeat Customer
17835,2011-11-16 16:30:00,2011-12-07 11:48:00,3,2,342.24,344,20,114.08,Repeat Customer
17836,2011-10-23 16:13:00,2011-10-23 16:13:00,1,1,109.83,87,0,109.83,One-Time Customer
17837,2011-06-29 16:44:00,2011-10-28 16:13:00,8,4,1535.33,508,120,191.91625,Repeat Customer
17838,2010-03-19 09:53:00,2011-11-13 11:20:00,13,9,5604.64,3491,604,431.1261538461539,Repeat Customer
17839,2011-10-28 17:27:00,2011-10-28 17:27:00,1,1,318.15,257,0,318.15,One-Time Customer
17840,2010-09-22 12:24:00,2010-09-22 12:24:00,1,1,175.9,128,0,175.9,One-Time Customer
17841,2009-12-02 15:41:00,2011-12-08 12:07:00,211,25,68519.95,36565,735,324.73909952606635,Repeat Customer
17842,2010-04-16 14:23:00,2010-04-16 14:23:00,1,1,430.69,89,0,430.69,One-Time Customer
17843,2010-10-24 10:56:00,2011-02-09 15:33:00,2,2,312.65,226,108,156.325,Repeat Customer
17844,2011-08-25 11:27:00,2011-08-25 11:27:00,1,1,51.559999999999995,52,0,51.559999999999995,One-Time Customer
17845,2010-05-12 13:04:00,2010-06-02 15:20:00,4,2,596.09,195,21,149.0225,Repeat Customer
17847,2010-03-04 12:57:00,2010-07-12 10:00:00,2,2,125.74000000000001,28,129,62.870000000000005,Repeat Customer
17848,2009-12-06 13:19:00,2011-09-19 16:49:00,30,19,3538.46,1372,652,117.94866666666667,Repeat Customer
17849,2010-03-14 15:17:00,2011-05-05 13:46:00,8,7,1063.76,224,416,132.97,Repeat Customer
17850,2009-12-05 12:28:00,2010-12-02 15:27:00,155,8,51208.87,21052,362,330.3798064516129,Repeat Customer
17851,2009-12-03 17:46:00,2010-10-13 15:13:00,6,4,1552.35,933,313,258.72499999999997,Repeat Customer
17852,2009-12-08 12:51:00,2011-11-28 12:36:00,5,3,657.8100000000001,372,719,131.562,Repeat Customer
17853,2009-12-03 15:09:00,2010-10-28 15:29:00,3,3,1596.29,625,329,532.0966666666667,Repeat Customer
17854,2009-12-08 11:13:00,2011-06-07 16:21:00,6,5,1068.5,607,546,178.08333333333334,Repeat Customer
17855,2010-12-02 09:44:00,2010-12-02 09:44:00,1,1,208.97,197,0,208.97,One-Time Customer
17856,2011-03-03 11:40:00,2011-12-08 09:40:00,4,3,1418.03,842,279,354.5075,Repeat Customer
17857,2010-03-08 12:09:00,2011-12-05 13:13:00,23,12,25769.54,15472,637,1120.4147826086958,Repeat Customer
17858,2009-12-06 15:41:00,2011-12-04 11:56:00,30,18,12518.65,5383,727,417.2883333333333,Repeat Customer
17859,2011-02-08 10:32:00,2011-02-08 10:32:00,1,1,141.92,102,0,141.92,One-Time Customer
17860,2009-12-11 16:48:00,2010-12-06 12:41:00,4,3,717.39,696,359,179.3475,Repeat Customer
17861,2009-12-10 11:27:00,2011-12-06 16:21:00,18,12,5088.29,4541,726,282.6827777777778,Repeat Customer
17862,2010-05-25 17:22:00,2011-01-20 12:23:00,4,3,1254.89,440,239,313.7225,Repeat Customer
17863,2010-02-25 12:01:00,2011-10-11 13:45:00,12,12,5360.4800000000005,4676,593,446.7066666666667,Repeat Customer
17864,2010-10-08 11:49:00,2011-11-27 11:15:00,5,5,876.57,1015,414,175.31400000000002,Repeat Customer
17865,2009-12-01 10:49:00,2011-11-09 12:08:00,46,22,26310.09,12949,708,571.9584782608696,Repeat Customer
17866,2009-12-14 16:01:00,2011-07-20 11:07:00,3,3,1134.95,535,582,378.31666666666666,Repeat Customer
17867,2009-12-02 13:39:00,2011-11-09 14:15:00,14,10,1560.72,636,707,111.48,Repeat Customer
17868,2010-11-18 18:55:00,2010-11-18 18:55:00,1,1,227.15,85,0,227.15,One-Time Customer
17869,2010-06-10 13:47:00,2011-08-24 16:16:00,7,6,813.64,491,440,116.23428571428572,Repeat Customer
17870,2010-11-23 11:39:00,2011-12-07 15:07:00,13,8,2753.29,1699,379,211.79153846153847,Repeat Customer
17871,2010-01-15 14:48:00,2011-05-19 11:32:00,5,5,1068.95,665,488,213.79000000000002,Repeat Customer
17872,2010-11-23 12:02:00,2010-11-23 12:02:00,1,1,235.87,176,0,235.87,One-Time Customer
17873,2009-12-16 15:11:00,2011-09-20 16:41:00,18,14,6135.950000000001,4158,643,340.8861111111112,Repeat Customer
17874,2011-03-29 11:25:00,2011-06-07 12:54:00,6,3,683.46,221,70,113.91000000000001,Repeat Customer
17875,2010-01-20 15:30:00,2010-01-20 15:30:00,1,1,167.1,98,0,167.1,One-Time Customer
17876,2010-02-02 13:00:00,2010-11-05 10:52:00,3,3,3424.02,1958,275,1141.34,Repeat Customer
17877,2011-06-22 13:00:00,2011-06-22 13:00:00,1,1,237.61,98,0,237.61,One-Time Customer
17878,2010-11-09 13:50:00,2011-10-27 11:24:00,3,2,1378.93,1014,351,459.6433333333334,Repeat Customer
17879,2011-06-19 12:36:00,2011-06-19 12:36:00,1,1,178.52,45,0,178.52,One-Time Customer
17880,2009-12-09 16:13:00,2010-12-10 10:21:00,3,3,824.9200000000001,466,365,274.97333333333336,Repeat Customer
17881,2011-02-08 17:16:00,2011-02-08 17:16:00,1,1,133.35,32,0,133.35,One-Time Customer
17882,2010-11-25 14:35:00,2010-11-25 14:40:00,2,1,291.56,130,0,145.78,Repeat Customer
17883,2010-02-25 20:07:00,2011-12-06 17:49:00,7,6,988.42,476,648,141.20285714285714,Repeat Customer
17884,2009-12-04 16:23:00,2011-12-06 11:33:00,20,11,2693.47,2748,731,134.6735,Repeat Customer
17885,2011-11-27 14:40:00,2011-11-27 14:40:00,1,1,156.34,110,0,156.34,One-Time Customer
17886,2010-04-29 11:10:00,2011-11-08 10:09:00,6,6,1572.55,711,557,262.09166666666664,Repeat Customer
17887,2011-08-02 17:29:00,2011-08-02 17:29:00,1,1,111.35,30,0,111.35,One-Time Customer
17888,2009-12-21 16:34:00,2011-11-18 13:45:00,25,17,1807.44,1536,696,72.2976,Repeat Customer
17889,2010-03-31 10:54:00,2011-05-11 16:26:00,7,4,746.42,403,406,106.63142857142857,Repeat Customer
17890,2010-12-13 15:12:00,2011-01-21 11:19:00,2,2,586.89,402,38,293.445,Repeat Customer
17891,2011-06-30 20:08:00,2011-06-30 20:08:00,1,1,203.85999999999999,393,0,203.85999999999999,One-Time Customer
17892,2011-07-07 12:56:00,2011-10-14 16:49:00,3,2,244.1,109,99,81.36666666666666,Repeat Customer
17893,2011-04-28 13:50:00,2011-04-28 13:50:00,1,1,107.21,149,0,107.21,One-Time Customer
17894,2010-08-27 14:13:00,2011-09-29 09:23:00,18,7,2304.16,936,397,128.0088888888889,Repeat Customer
17895,2011-10-26 17:00:00,2011-10-26 17:00:00,1,1,95.45,127,0,95.45,One-Time Customer
17896,2011-11-16 13:59:00,2011-11-16 13:59:00,1,1,256.32,288,0,256.32,One-Time Customer
17897,2010-05-12 16:03:00,2011-06-20 11:23:00,9,6,2053.04,856,403,228.11555555555555,Repeat Customer
17898,2010-05-21 17:22:00,2011-09-15 14:56:00,4,4,299.18,251,481,74.795,Repeat Customer
17899,2011-07-03 14:58:00,2011-07-03 14:58:00,1,1,154.55,170,0,154.55,One-Time Customer
17900,2011-06-02 14:28:00,2011-06-02 14:38:00,2,1,112.19999999999999,73,0,56.099999999999994,Repeat Customer
17901,2010-07-06 10:54:00,2011-11-10 17:29:00,3,2,260.08,38,492,86.69333333333333,Repeat Customer
17902,2010-06-11 12:25:00,2010-06-11 12:25:00,1,1,216.4,526,0,216.4,One-Time Customer
17903,2010-11-10 15:39:00,2010-11-10 15:39:00,1,1,381.09000000000003,142,0,381.09000000000003,One-Time Customer
17904,2011-11-18 12:57:00,2011-11-18 12:57:00,1,1,181.07,59,0,181.07,One-Time Customer
17905,2010-01-28 17:54:00,2011-09-29 17:33:00,13,9,2168.37,1274,608,166.7976923076923,Repeat Customer
17906,2011-04-06 17:25:00,2011-04-06 17:25:00,1,1,72.9,26,0,72.9,One-Time Customer
17907,2010-03-09 12:33:00,2010-03-09 12:33:00,1,1,291.76,1046,0,291.76,One-Time Customer
17908,2009-12-14 12:24:00,2010-12-01 11:45:00,5,5,1142.47,670,351,228.494,Repeat Customer
17909,2009-12-02 13:10:00,2009-12-02 13:10:00,1,1,110.05,35,0,110.05,One-Time Customer
17910,2009-12-13 16:04:00,2009-12-13 16:04:00,1,1,261.7,121,0,261.7,One-Time Customer
17911,2011-11-30 14:52:00,2011-11-30 14:52:00,1,1,366.23,223,0,366.23,One-Time Customer
17912,2010-11-29 13:53:00,2011-02-02 14:25:00,6,3,371.6,210,65,61.93333333333334,Repeat Customer
17913,2009-12-03 13:02:00,2011-10-12 10:45:00,14,12,3425.09,1715,677,244.64928571428572,Repeat Customer
17914,2011-12-06 11:58:00,2011-12-06 11:58:00,1,1,329.36,457,0,329.36,One-Time Customer
17915,2010-06-06 13:22:00,2010-06-06 13:22:00,1,1,225.78,184,0,225.78,One-Time Customer
17916,2009-12-06 14:10:00,2010-03-21 12:26:00,2,2,43.87,90,104,21.935,Repeat Customer
17917,2010-12-12 12:08:00,2011-10-25 13:20:00,3,3,335.03,184,317,111.67666666666666,Repeat Customer
17918,2010-07-22 14:20:00,2010-07-27 11:51:00,3,1,388.44,351,4,129.48,Repeat Customer
17919,2010-09-27 10:40:00,2011-09-12 13:41:00,2,2,1840.3200000000002,1452,350,920.1600000000001,Repeat Customer
17920,2009-12-06 10:37:00,2011-12-05 14:29:00,54,20,23569.88,12263,729,436.47925925925927,Repeat Customer
17921,2010-07-15 20:05:00,2011-10-06 18:56:00,10,8,2394.36,991,447,239.436,Repeat Customer
17922,2010-06-14 16:32:00,2010-06-14 16:32:00,1,1,170.4,49,0,170.4,One-Time Customer
17923,2010-06-13 13:58:00,2011-03-02 15:15:00,3,2,497.0,140,262,165.66666666666666,Repeat Customer
17924,2010-10-21 12:17:00,2011-11-28 09:11:00,8,5,3257.7000000000003,1208,402,407.21250000000003,Repeat Customer
17925,2010-12-02 10:10:00,2010-12-02 10:10:00,1,1,244.08,72,0,244.08,One-Time Customer
17926,2010-05-09 14:07:00,2011-07-29 14:39:00,5,4,1035.49,572,446,207.098,Repeat Customer
17927,2009-12-18 11:03:00,2009-12-18 11:03:00,1,1,294.0,108,0,294.0,One-Time Customer
17928,2010-05-17 15:30:00,2011-10-25 13:52:00,3,3,313.16,150,525,104.38666666666667,Repeat Customer
17929,2009-12-09 11:40:00,2011-11-28 16:01:00,12,10,3082.1,434,719,256.84166666666664,Repeat Customer
17930,2010-03-04 10:41:00,2011-11-04 10:23:00,13,11,4275.22,3795,609,328.86307692307696,Repeat Customer
17931,2010-02-16 15:47:00,2011-07-28 18:33:00,14,10,3402.2400000000002,1919,527,243.0171428571429,Repeat Customer
17932,2011-05-12 13:58:00,2011-11-10 19:49:00,3,3,1331.57,789,182,443.8566666666666,Repeat Customer
17933,2010-03-17 15:11:00,2010-03-17 15:11:00,1,1,105.99,57,0,105.99,One-Time Customer
17934,2010-10-29 12:23:00,2011-10-19 11:16:00,3,2,1049.15,628,354,349.7166666666667,Repeat Customer
17935,2009-12-04 14:33:00,2011-07-24 13:18:00,7,5,683.24,243,596,97.60571428571428,Repeat Customer
17936,2011-12-04 13:32:00,2011-12-04 13:32:00,1,1,380.13,257,0,380.13,One-Time Customer
17937,2010-12-12 14:43:00,2011-12-01 11:45:00,7,6,4301.22,1754,353,614.46,Repeat Customer
17938,2010-10-15 14:27:00,2010-10-15 14:27:00,1,1,144.29,53,0,144.29,One-Time Customer
17939,2011-07-03 12:27:00,2011-07-03 12:27:00,1,1,99.14,40,0,99.14,One-Time Customer
17940,2009-12-03 12:31:00,2011-10-21 13:27:00,14,11,28389.58,85146,687,2027.827142857143,Repeat Customer
17941,2010-01-06 15:37:00,2011-08-01 08:30:00,4,4,1433.28,1108,571,358.32,Repeat Customer
17942,2011-12-02 10:45:00,2011-12-02 10:45:00,1,1,77.50000000000001,38,0,77.50000000000001,One-Time Customer
17944,2010-10-12 16:25:00,2010-10-12 16:25:00,1,1,74.99,84,0,74.99,One-Time Customer
17945,2010-01-12 11:33:00,2010-01-12 11:40:00,3,1,359.5,243,0,119.83333333333333,Repeat Customer
17946,2011-03-25 14:34:00,2011-04-20 17:00:00,2,2,149.57999999999998,75,26,74.78999999999999,Repeat Customer
17947,2011-11-02 13:05:00,2011-11-02 13:05:00,1,1,176.68,168,0,176.68,One-Time Customer
17948,2011-07-15 12:58:00,2011-07-15 12:58:00,1,1,358.56000000000006,144,0,358.56000000000006,One-Time Customer
17949,2009-12-02 11:07:00,2011-12-08 18:46:00,116,25,107833.48,60440,736,929.5989655172414,Repeat Customer
17950,2010-01-04 17:39:00,2011-09-28 15:18:00,7,6,1166.29,659,631,166.61285714285714,Repeat Customer
17951,2010-10-31 15:15:00,2011-10-31 12:30:00,4,3,1340.5800000000002,780,364,335.14500000000004,Repeat Customer
17952,2010-06-16 11:54:00,2010-11-26 13:54:00,4,2,788.46,477,163,197.115,Repeat Customer
17953,2010-06-17 15:08:00,2010-06-17 15:08:00,1,1,148.67000000000002,73,0,148.67000000000002,One-Time Customer
17954,2009-12-09 13:22:00,2011-12-04 14:15:00,19,14,3801.83,3177,725,200.0963157894737,Repeat Customer
17955,2010-02-12 16:27:00,2011-05-25 12:00:00,6,2,949.9,681,466,158.31666666666666,Repeat Customer
17956,2011-04-04 13:47:00,2011-04-04 13:47:00,1,1,12.75,1,0,12.75,One-Time Customer
17957,2011-10-04 14:58:00,2011-10-04 14:58:00,1,1,110.72,275,0,110.72,One-Time Customer
17958,2009-12-11 15:37:00,2011-08-15 12:19:00,2,2,973.88,284,611,486.94,Repeat Customer
17959,2010-04-26 14:12:00,2010-04-26 14:12:00,1,1,140.75,49,0,140.75,One-Time Customer
17960,2010-03-08 12:22:00,2011-06-21 14:15:00,3,3,135.08,60,470,45.02666666666667,Repeat Customer
17961,2009-12-01 14:48:00,2011-11-18 16:55:00,100,23,2866.74,1491,717,28.667399999999997,Repeat Customer
17962,2010-01-13 15:24:00,2011-07-20 14:16:00,4,3,665.91,632,552,166.4775,Repeat Customer
17963,2010-01-19 17:25:00,2010-08-25 15:58:00,4,4,643.16,341,217,160.79,Repeat Customer
17964,2010-12-02 13:32:00,2011-11-08 10:44:00,2,2,463.21,294,340,231.605,Repeat Customer
17965,2009-12-14 13:19:00,2011-11-02 09:31:00,29,19,7002.9,4380,687,241.47931034482758,Repeat Customer
17966,2010-01-18 13:24:00,2011-11-02 10:26:00,10,7,1963.92,3918,652,196.392,Repeat Customer
17967,2010-10-19 13:19:00,2010-12-03 11:19:00,2,2,223.42,111,44,111.71,Repeat Customer
17968,2010-07-15 15:01:00,2010-12-01 12:23:00,4,3,590.44,352,138,147.61,Repeat Customer
17969,2009-12-06 13:53:00,2011-06-26 13:00:00,20,10,2354.29,1014,566,117.7145,Repeat Customer
17970,2011-05-12 20:03:00,2011-05-12 20:03:00,1,1,562.79,513,0,562.79,One-Time Customer
17971,2010-06-09 14:04:00,2010-06-09 14:04:00,1,1,161.94,62,0,161.94,One-Time Customer
17972,2011-04-12 12:16:00,2011-04-12 12:16:00,1,1,135.19,36,0,135.19,One-Time Customer
17973,2011-10-19 10:34:00,2011-10-19 10:34:00,1,1,337.04,176,0,337.04,One-Time Customer
17974,2010-10-28 20:03:00,2011-11-15 11:37:00,6,5,1739.09,1189,382,289.8483333333333,Repeat Customer
17975,2010-08-06 11:24:00,2011-11-24 13:27:00,24,14,6693.03,2177,475,278.87624999999997,Repeat Customer
17976,2010-12-02 13:49:00,2010-12-02 13:49:00,1,1,321.79,93,0,321.79,One-Time Customer
17977,2010-11-04 14:26:00,2011-11-10 13:28:00,2,2,1511.45,1948,370,755.725,Repeat Customer
17978,2009-12-08 13:27:00,2010-12-09 14:05:00,4,4,1159.99,1297,366,289.9975,Repeat Customer
17979,2011-03-25 11:34:00,2011-11-04 12:05:00,4,3,729.01,379,224,182.2525,Repeat Customer
17980,2010-11-11 14:42:00,2011-06-27 12:01:00,4,4,1012.72,771,227,253.18,Repeat Customer
17981,2010-10-25 10:40:00,2010-10-25 10:40:00,1,1,239.12,260,0,239.12,One-Time Customer
17982,2010-01-28 09:38:00,2010-01-28 09:38:00,1,1,138.18,117,0,138.18,One-Time Customer
17983,2010-11-09 13:23:00,2010-11-09 13:24:00,1,1,171.71,108,0,171.71,One-Time Customer
17984,2009-12-01 11:51:00,2011-07-17 15:59:00,5,4,1148.69,938,593,229.738,Repeat Customer
17985,2011-11-17 14:24:00,2011-11-17 14:24:00,1,1,631.35,171,0,631.35,One-Time Customer
17986,2011-10-14 14:22:00,2011-10-14 14:22:00,1,1,20.8,10,0,20.8,One-Time Customer
17987,2010-06-07 11:23:00,2011-06-07 14:22:00,5,3,965.4399999999999,981,365,193.088,Repeat Customer
17988,2009-12-07 13:35:00,2011-11-28 11:00:00,13,7,485.69,179,720,37.36076923076923,Repeat Customer
17989,2010-11-25 13:49:00,2010-11-25 13:49:00,1,1,207.33,300,0,207.33,One-Time Customer
17990,2009-12-07 15:19:00,2011-04-17 11:44:00,6,5,1527.6100000000001,777,495,254.6016666666667,Repeat Customer
17991,2010-04-27 12:46:00,2011-04-28 15:58:00,3,2,298.65,92,366,99.55,Repeat Customer
17992,2010-11-15 13:04:00,2010-11-15 13:04:00,1,1,252.88,130,0,252.88,One-Time Customer
17993,2010-04-01 14:23:00,2010-04-01 14:23:00,1,1,225.99,108,0,225.99,One-Time Customer
17994,2010-03-29 10:37:00,2011-08-10 11:41:00,11,10,2264.0299999999997,2178,499,205.82090909090905,Repeat Customer
17995,2010-11-17 17:01:00,2011-03-03 12:30:00,3,2,495.48,263,105,165.16,Repeat Customer
17996,2010-06-11 11:48:00,2010-11-25 11:00:00,3,2,469.73,527,166,156.57666666666668,Repeat Customer
17997,2011-06-28 17:28:00,2011-09-26 16:13:00,8,3,1962.46,2273,89,245.3075,Repeat Customer
17998,2009-12-01 13:07:00,2010-11-24 15:31:00,3,2,639.24,561,358,213.08,Repeat Customer
17999,2010-11-26 13:16:00,2011-11-02 15:56:00,3,3,528.46,286,341,176.15333333333334,Repeat Customer
18000,2010-05-24 17:34:00,2010-05-24 17:34:00,1,1,124.25,109,0,124.25,One-Time Customer
18001,2009-12-02 15:38:00,2011-11-27 16:02:00,6,5,924.14,874,725,154.02333333333334,Repeat Customer
18002,2009-12-08 11:07:00,2010-11-29 10:57:00,4,4,237.62,70,355,59.405,Repeat Customer
18003,2010-11-28 15:09:00,2010-11-28 15:09:00,1,1,353.51,297,0,353.51,One-Time Customer
18004,2010-12-12 13:47:00,2010-12-12 13:47:00,1,1,157.92,75,0,157.92,One-Time Customer
18005,2011-10-23 14:40:00,2011-12-06 11:51:00,2,2,226.47,86,43,113.235,Repeat Customer
18006,2009-12-17 12:27:00,2011-11-16 16:52:00,4,4,969.51,395,699,242.3775,Repeat Customer
18007,2010-11-12 11:08:00,2010-11-12 11:08:00,1,1,215.22,246,0,215.22,One-Time Customer
18008,2010-01-06 12:35:00,2011-09-30 15:17:00,23,13,19759.079999999998,7825,632,859.0904347826087,Repeat Customer
18009,2010-02-25 11:49:00,2011-04-18 13:36:00,8,6,2144.23,651,417,268.02875,Repeat Customer
18010,2011-03-28 12:27:00,2011-03-28 12:27:00,1,1,174.8,60,0,174.8,One-Time Customer
18011,2010-05-21 13:28:00,2010-12-01 17:35:00,2,2,410.79,125,194,205.395,Repeat Customer
18012,2009-12-16 13:16:00,2009-12-16 13:16:00,1,1,115.3,63,0,115.3,One-Time Customer
18013,2011-07-07 14:08:00,2011-07-07 14:11:00,2,1,187.29,285,0,93.645,Repeat Customer
18014,2011-11-11 15:28:00,2011-11-11 15:28:00,1,1,154.26999999999998,65,0,154.26999999999998,One-Time Customer
18015,2011-12-05 14:49:00,2011-12-05 14:49:00,1,1,120.03,157,0,120.03,One-Time Customer
18016,2010-01-27 16:00:00,2011-11-07 13:25:00,7,7,1954.56,1207,648,279.22285714285715,Repeat Customer
18017,2010-10-04 15:11:00,2011-09-19 16:15:00,4,4,688.0,400,350,172.0,Repeat Customer
18018,2010-10-15 11:05:00,2011-08-23 17:37:00,4,4,297.99,186,312,74.4975,Repeat Customer
18019,2011-10-19 12:10:00,2011-10-19 12:10:00,1,1,38.45,7,0,38.45,One-Time Customer
18020,2010-06-14 12:31:00,2010-06-14 12:31:00,1,1,190.48000000000002,67,0,190.48000000000002,One-Time Customer
18021,2010-07-15 18:47:00,2010-07-18 10:52:00,2,1,216.41,168,2,108.205,Repeat Customer
18022,2010-06-11 13:59:00,2011-11-04 12:45:00,5,4,1506.6200000000001,1308,510,301.324,Repeat Customer
18024,2011-07-10 12:28:00,2011-07-10 12:40:00,2,1,389.78,184,0,194.89,Repeat Customer
18025,2010-03-30 17:33:00,2010-11-25 12:37:00,6,4,1177.72,1053,239,196.28666666666666,Repeat Customer
18026,2010-07-22 16:21:00,2010-07-27 10:37:00,2,1,2074.07,530,4,1037.035,Repeat Customer
18027,2011-09-02 10:38:00,2011-09-02 10:38:00,1,1,115.31,78,0,115.31,One-Time Customer
18028,2010-05-05 13:28:00,2010-05-05 13:28:00,1,1,192.05,133,0,192.05,One-Time Customer
18029,2010-03-07 15:30:00,2010-03-07 15:30:00,1,1,433.77,253,0,433.77,One-Time Customer
18030,2011-10-28 13:55:00,2011-12-05 16:37:00,2,2,230.64999999999998,67,38,115.32499999999999,Repeat Customer
18031,2010-11-26 11:00:00,2010-11-26 11:00:00,1,1,451.3,298,0,451.3,One-Time Customer
18032,2011-01-09 15:32:00,2011-01-09 15:32:00,1,1,73.5,42,0,73.5,One-Time Customer
18033,2011-10-05 17:28:00,2011-10-05 17:28:00,1,1,93.82,252,0,93.82,One-Time Customer
18034,2010-11-29 12:36:00,2011-11-18 12:22:00,3,2,753.35,950,353,251.11666666666667,Repeat Customer
18035,2010-11-19 13:42:00,2011-11-04 12:39:00,5,3,1260.23,1134,349,252.046,Repeat Customer
18036,2009-12-18 12:04:00,2011-11-07 14:40:00,11,9,1545.49,741,689,140.4990909090909,Repeat Customer
18037,2009-12-01 13:48:00,2011-07-08 13:39:00,15,10,167.42,37,583,11.161333333333333,Repeat Customer
18038,2010-06-01 15:59:00,2010-06-01 15:59:00,1,1,141.48,80,0,141.48,One-Time Customer
18039,2010-03-09 11:19:00,2010-11-30 13:07:00,4,4,548.22,555,266,137.055,Repeat Customer
18040,2011-04-08 08:27:00,2011-11-20 14:20:00,2,2,357.20000000000005,148,226,178.60000000000002,Repeat Customer
18041,2010-01-14 10:04:00,2011-11-28 11:39:00,38,20,8018.7699999999995,7316,683,211.02026315789473,Repeat Customer
18042,2010-06-16 10:53:00,2011-10-17 11:49:00,2,2,281.15,69,488,140.575,Repeat Customer
18043,2010-12-08 12:35:00,2011-11-15 12:48:00,3,3,529.29,265,342,176.42999999999998,Repeat Customer
18044,2010-05-28 15:31:00,2011-12-05 14:26:00,18,13,3505.61,1598,555,194.75611111111112,Repeat Customer
18045,2011-10-25 13:07:00,2011-10-25 13:07:00,1,1,178.34,138,0,178.34,One-Time Customer
18046,2010-02-28 11:36:00,2010-02-28 11:36:00,1,1,189.63,44,0,189.63,One-Time Customer
18047,2010-11-23 12:57:00,2010-11-23 13:11:00,2,1,326.09,130,0,163.045,Repeat Customer
18048,2010-08-03 13:03:00,2011-05-20 14:58:00,3,2,394.93,256,290,131.64333333333335,Repeat Customer
18049,2010-04-28 13:24:00,2010-09-28 14:26:00,2,2,500.5,400,153,250.25,Repeat Customer
18050,2010-11-11 15:51:00,2010-12-15 14:25:00,2,2,412.06,250,33,206.03,Repeat Customer
18051,2009-12-09 12:17:00,2010-03-15 13:58:00,7,4,2282.28,1661,96,326.04,Repeat Customer
18052,2010-05-24 11:11:00,2010-05-24 11:11:00,1,1,10877.18,17766,0,10877.18,One-Time Customer
18053,2010-06-30 12:36:00,2011-09-30 09:05:00,3,3,571.07,409,456,190.35666666666668,Repeat Customer
18054,2010-11-12 08:18:00,2010-11-12 08:18:00,1,1,176.5,96,0,176.5,One-Time Customer
18055,2010-10-22 13:27:00,2011-12-02 14:25:00,14,9,10142.64,3534,406,724.4742857142857,Repeat Customer
18056,2010-03-31 12:29:00,2011-02-24 14:27:00,2,2,554.6,334,330,277.3,Repeat Customer
18057,2010-01-18 12:42:00,2010-11-11 16:55:00,3,3,1168.14,930,297,389.38000000000005,Repeat Customer
18058,2010-02-10 09:38:00,2011-11-30 08:38:00,3,3,774.06,394,657,258.02,Repeat Customer
18059,2011-10-03 09:30:00,2011-11-16 16:49:00,3,2,306.46,258,44,102.15333333333332,Repeat Customer
18060,2010-05-24 08:34:00,2010-10-27 16:41:00,2,2,1185.46,902,156,592.73,Repeat Customer
18061,2009-12-04 11:36:00,2011-11-18 11:20:00,28,20,6083.81,3359,713,217.2789285714286,Repeat Customer
18062,2010-04-21 08:55:00,2011-06-19 14:47:00,6,6,1632.67,831,424,272.1116666666667,Repeat Customer
18063,2010-03-16 13:05:00,2010-11-14 10:46:00,2,2,186.60000000000002,48,242,93.30000000000001,Repeat Customer
18064,2010-02-01 15:01:00,2011-07-29 16:39:00,11,8,4481.83,2685,543,407.4390909090909,Repeat Customer
18065,2009-12-09 16:00:00,2011-12-04 10:30:00,28,14,5846.63,2264,724,208.80821428571429,Repeat Customer
18066,2010-10-20 11:42:00,2011-09-25 15:30:00,3,3,1440.4,535,340,480.1333333333334,Repeat Customer
18067,2011-10-30 15:58:00,2011-10-30 15:58:00,1,1,396.33,189,0,396.33,One-Time Customer
18068,2011-02-23 14:50:00,2011-02-23 14:50:00,1,1,101.7,6,0,101.7,One-Time Customer
18069,2010-02-28 16:14:00,2011-11-13 16:03:00,11,10,4449.02,3166,622,404.4563636363637,Repeat Customer
18070,2010-02-08 13:28:00,2010-02-08 13:28:00,1,1,314.1,86,0,314.1,One-Time Customer
18071,2009-12-05 10:31:00,2011-03-27 11:59:00,6,4,1169.68,678,477,194.9466666666667,Repeat Customer
18072,2011-06-07 10:44:00,2011-06-07 10:44:00,1,1,247.44,288,0,247.44,One-Time Customer
18073,2011-05-26 19:38:00,2011-08-17 14:02:00,12,4,3859.82,3102,82,321.6516666666667,Repeat Customer
18074,2010-07-22 10:31:00,2010-12-01 09:53:00,2,2,1019.44,361,131,509.72,Repeat Customer
18075,2010-07-29 11:47:00,2011-11-16 15:21:00,20,13,5783.29,3281,475,289.1645,Repeat Customer
18076,2010-11-24 14:02:00,2010-11-24 14:02:00,1,1,151.49,164,0,151.49,One-Time Customer
18077,2009-12-07 11:40:00,2011-12-01 13:32:00,18,13,4078.79,3020,724,226.59944444444443,Repeat Customer
18078,2010-03-21 15:50:00,2011-05-06 14:32:00,4,4,725.53,370,410,181.3825,Repeat Customer
18079,2010-08-05 12:19:00,2011-10-25 15:27:00,5,4,4203.93,8730,446,840.7860000000001,Repeat Customer
18080,2011-04-11 10:10:00,2011-11-21 08:02:00,2,2,1231.5,642,223,615.75,Repeat Customer
18081,2011-07-29 11:56:00,2011-11-03 16:30:00,3,3,343.45,195,97,114.48333333333333,Repeat Customer
18082,2011-11-14 12:45:00,2011-11-14 12:45:00,1,1,680.84,608,0,680.84,One-Time Customer
18083,2010-11-07 11:44:00,2010-11-07 11:44:00,1,1,463.53,268,0,463.53,One-Time Customer
18084,2010-11-16 08:09:00,2011-11-23 13:57:00,3,2,795.23,755,372,265.07666666666665,Repeat Customer
18085,2010-03-21 11:57:00,2011-01-13 15:17:00,4,4,1341.8500000000001,507,298,335.46250000000003,Repeat Customer
18086,2011-03-10 13:34:00,2011-03-10 13:34:00,1,1,101.34,106,0,101.34,One-Time Customer
18087,2009-12-01 09:43:00,2011-02-22 10:43:00,16,9,13908.720000000001,7774,448,869.2950000000001,Repeat Customer
18088,2011-10-09 13:41:00,2011-10-09 13:41:00,1,1,166.03,107,0,166.03,One-Time Customer
18089,2010-09-19 11:57:00,2010-09-19 11:57:00,1,1,428.45,95,0,428.45,One-Time Customer
18090,2010-10-14 12:32:00,2010-10-14 12:32:00,1,1,321.9,307,0,321.9,One-Time Customer
18091,2010-04-25 13:18:00,2010-04-25 13:18:00,1,1,360.85,539,0,360.85,One-Time Customer
18092,2009-12-04 12:37:00,2011-12-07 13:14:00,18,13,14693.720000000001,8298,733,816.3177777777778,Repeat Customer
18093,2010-03-31 10:27:00,2011-09-07 15:43:00,8,7,4452.71,3429,525,556.58875,Repeat Customer
18094,2010-01-07 11:16:00,2011-09-19 09:28:00,13,8,6391.52,4164,619,491.65538461538466,Repeat Customer
18095,2010-04-19 14:09:00,2011-01-31 12:50:00,5,4,2303.09,1623,286,460.61800000000005,Repeat Customer
18096,2010-07-14 14:30:00,2011-11-28 12:44:00,6,4,1638.16,1380,501,273.0266666666667,Repeat Customer
18097,2009-12-17 11:06:00,2011-12-02 11:16:00,11,10,4627.92,2716,715,420.72,Repeat Customer
18098,2010-11-08 16:31:00,2010-11-08 16:31:00,1,1,527.9399999999999,215,0,527.9399999999999,One-Time Customer
18099,2011-08-04 15:52:00,2011-08-04 15:52:00,1,1,168.31,149,0,168.31,One-Time Customer
18100,2010-06-07 14:19:00,2010-06-07 14:19:00,1,1,451.56,440,0,451.56,One-Time Customer
18101,2010-02-03 13:52:00,2011-11-28 13:37:00,5,4,622.01,247,662,124.402,Repeat Customer
18102,2009-12-01 09:24:00,2011-12-09 11:50:00,145,23,580987.04,181645,738,4006.8071724137935,Repeat Customer
18103,2010-06-08 13:36:00,2010-06-08 13:36:00,1,1,105.8,23,0,105.8,One-Time Customer
18104,2011-11-02 14:07:00,2011-11-02 14:07:00,1,1,754.64,362,0,754.64,One-Time Customer
18105,2011-11-02 12:04:00,2011-11-02 12:04:00,1,1,113.48000000000002,46,0,113.48000000000002,One-Time Customer
18106,2010-01-15 11:36:00,2011-01-14 12:23:00,6,4,1441.06,506,364,240.17666666666665,Repeat Customer
18107,2010-09-23 13:03:00,2010-09-23 13:03:00,1,1,165.88,65,0,165.88,One-Time Customer
18108,2009-12-02 12:47:00,2011-03-30 13:56:00,3,3,848.8100000000001,261,483,282.93666666666667,Repeat Customer
18109,2010-07-01 12:13:00,2011-12-08 11:36:00,38,18,9555.71,4822,524,251.46605263157892,Repeat Customer
18110,2010-10-24 14:21:00,2011-11-20 12:34:00,2,2,392.28000000000003,169,391,196.14000000000001,Repeat Customer
18111,2010-04-29 12:58:00,2010-04-29 12:58:00,1,1,405.85,232,0,405.85,One-Time Customer
18112,2010-06-06 12:40:00,2011-11-27 14:43:00,4,4,773.36,443,539,193.34,Repeat Customer
18113,2010-12-06 12:31:00,2010-12-06 12:31:00,1,1,76.32000000000001,72,0,76.32000000000001,One-Time Customer
18114,2011-02-22 13:20:00,2011-02-22 13:20:00,1,1,220.1,55,0,220.1,One-Time Customer
18115,2010-01-11 11:57:00,2010-01-11 11:57:00,1,1,9.700000000000001,3,0,9.700000000000001,One-Time Customer
18116,2010-10-24 15:29:00,2011-10-03 11:00:00,13,6,2130.89,1249,343,163.9146153846154,Repeat Customer
18117,2011-11-14 12:47:00,2011-11-14 12:47:00,1,1,314.4,604,0,314.4,One-Time Customer
18118,2010-11-23 13:36:00,2011-11-29 11:32:00,29,12,6218.62,3172,370,214.4351724137931,Repeat Customer
18119,2010-12-07 11:59:00,2010-12-07 11:59:00,1,1,180.7,124,0,180.7,One-Time Customer
18120,2011-05-09 13:45:00,2011-05-09 13:45:00,1,1,111.15,31,0,111.15,One-Time Customer
18121,2011-07-08 12:14:00,2011-07-13 12:53:00,2,1,653.3000000000001,438,5,326.65000000000003,Repeat Customer
18122,2011-07-12 11:37:00,2011-12-01 13:08:00,6,5,1791.84,1215,142,298.64,Repeat Customer
18123,2010-07-14 12:47:00,2011-11-15 14:23:00,3,2,666.64,616,489,222.21333333333334,Repeat Customer
18124,2010-08-24 17:21:00,2010-08-24 17:21:00,1,1,102.65,47,0,102.65,One-Time Customer
18125,2011-01-27 15:02:00,2011-11-10 12:29:00,4,4,1131.75,800,286,282.9375,Repeat Customer
18126,2011-10-10 12:19:00,2011-10-10 12:19:00,1,1,198.58,129,0,198.58,One-Time Customer
18127,2010-11-01 13:56:00,2011-11-20 14:05:00,4,3,556.13,250,384,139.0325,Repeat Customer
18128,2010-06-20 13:19:00,2010-06-20 13:19:00,1,1,399.29,216,0,399.29,One-Time Customer
18129,2011-04-10 14:16:00,2011-04-10 14:16:00,1,1,112.55000000000001,48,0,112.55000000000001,One-Time Customer
18130,2011-10-13 15:58:00,2011-11-24 14:40:00,3,2,1059.39,824,41,353.13000000000005,Repeat Customer
18131,2010-03-18 08:48:00,2010-03-18 08:48:00,1,1,222.95999999999998,552,0,222.95999999999998,One-Time Customer
18132,2010-07-23 16:54:00,2010-07-23 16:54:00,1,1,220.13,212,0,220.13,One-Time Customer
18133,2011-05-11 14:14:00,2011-05-11 14:14:00,1,1,931.5,1350,0,931.5,One-Time Customer
18134,2010-01-14 11:59:00,2010-04-20 14:02:00,2,2,445.0,128,96,222.5,Repeat Customer
18135,2010-03-15 13:55:00,2011-11-10 19:32:00,10,8,1249.6200000000001,753,605,124.96200000000002,Repeat Customer
18136,2010-09-14 15:50:00,2011-10-07 15:40:00,5,5,1631.3600000000001,860,387,326.27200000000005,Repeat Customer
18137,2010-06-06 13:45:00,2010-06-06 14:18:00,2,1,145.99,59,0,72.995,Repeat Customer
18138,2011-02-17 14:51:00,2011-02-17 14:51:00,1,1,152.65,38,0,152.65,One-Time Customer
18139,2011-11-21 14:06:00,2011-11-22 10:44:00,6,1,8438.34,5557,0,1406.39,Repeat Customer
18140,2010-08-23 11:58:00,2010-08-23 11:58:00,1,1,536.41,395,0,536.41,One-Time Customer
18141,2010-04-29 15:32:00,2010-11-03 11:44:00,2,2,882.47,433,187,441.235,Repeat Customer
18142,2011-05-08 12:31:00,2011-07-05 13:19:00,2,2,1019.52,1276,58,509.76,Repeat Customer
18143,2011-07-21 10:44:00,2011-08-15 12:07:00,2,2,1000.16,570,25,500.08,Repeat Customer
18144,2009-12-16 15:57:00,2011-12-02 12:46:00,19,17,4892.95,2144,715,257.5236842105263,Repeat Customer
18145,2009-12-08 12:30:00,2011-11-27 11:22:00,11,11,5609.74,5104,718,509.9763636363636,Repeat Customer
18146,2011-05-03 16:35:00,2011-07-22 12:08:00,2,2,160.35,153,79,80.175,Repeat Customer
18147,2011-08-23 12:22:00,2011-10-25 11:46:00,2,2,179.34,203,62,89.67,Repeat Customer
18148,2010-03-03 11:40:00,2010-03-03 11:40:00,1,1,112.85000000000001,63,0,112.85000000000001,One-Time Customer
18149,2010-03-14 12:41:00,2011-10-20 12:04:00,7,7,1553.96,869,584,221.99428571428572,Repeat Customer
18150,2011-05-22 10:47:00,2011-11-07 16:49:00,3,3,566.58,332,169,188.86,Repeat Customer
18151,2010-03-04 10:47:00,2011-07-28 11:35:00,6,6,1879.44,986,511,313.24,Repeat Customer
18152,2010-03-03 15:26:00,2010-03-03 15:26:00,1,1,426.69,75,0,426.69,One-Time Customer
18153,2010-02-18 15:50:00,2010-02-18 15:50:00,1,1,246.22,200,0,246.22,One-Time Customer
18154,2010-08-06 09:18:00,2011-12-06 16:41:00,5,5,932.6,626,487,186.52,Repeat Customer
18155,2011-02-21 10:36:00,2011-09-25 13:32:00,3,3,371.62,266,216,123.87333333333333,Repeat Customer
18156,2010-12-05 12:29:00,2011-11-27 12:24:00,2,2,675.64,283,356,337.82,Repeat Customer
18157,2010-05-17 14:09:00,2010-05-17 14:09:00,1,1,213.9,145,0,213.9,One-Time Customer
18158,2011-09-12 09:03:00,2011-11-30 16:19:00,2,2,453.4,354,79,226.7,Repeat Customer
18159,2011-02-11 14:26:00,2011-02-11 14:26:00,1,1,530.15,139,0,530.15,One-Time Customer
18160,2010-11-18 16:33:00,2011-10-13 15:50:00,3,3,1003.88,519,328,334.62666666666667,Repeat Customer
18161,2010-11-25 15:55:00,2011-11-24 16:40:00,6,6,1803.1000000000001,965,364,300.5166666666667,Repeat Customer
18162,2009-12-07 13:24:00,2009-12-07 13:24:00,1,1,371.51,332,0,371.51,One-Time Customer
18163,2010-05-04 14:51:00,2010-05-04 14:51:00,1,1,728.84,452,0,728.84,One-Time Customer
18164,2011-11-02 12:56:00,2011-11-02 12:56:00,1,1,399.65,184,0,399.65,One-Time Customer
18165,2011-06-15 13:23:00,2011-06-15 13:23:00,1,1,302.46,254,0,302.46,One-Time Customer
18166,2010-03-26 12:26:00,2010-03-26 12:26:00,1,1,175.5,90,0,175.5,One-Time Customer
18167,2011-08-26 11:40:00,2011-11-16 15:56:00,3,2,1384.8600000000001,382,82,461.62000000000006,Repeat Customer
18168,2009-12-03 17:29:00,2011-06-16 19:21:00,16,13,3435.5,1995,560,214.71875,Repeat Customer
18169,2011-10-10 12:18:00,2011-10-10 12:18:00,1,1,202.65,61,0,202.65,One-Time Customer
18170,2010-01-08 14:10:00,2011-11-06 14:35:00,9,8,2878.0,1184,667,319.77777777777777,Repeat Customer
18171,2010-01-05 10:46:00,2011-10-12 09:13:00,9,9,2437.31,991,644,270.8122222222222,Repeat Customer
18172,2009-12-11 09:58:00,2011-11-25 11:12:00,52,19,17467.24,7407,714,335.90846153846155,Repeat Customer
18173,2010-04-06 10:43:00,2011-09-14 11:26:00,5,5,2696.36,1730,526,539.272,Repeat Customer
18174,2010-04-15 12:17:00,2011-12-02 16:56:00,2,2,162.5,80,596,81.25,Repeat Customer
18175,2010-02-02 10:25:00,2010-02-02 10:25:00,1,1,176.10000000000002,70,0,176.10000000000002,One-Time Customer
18176,2010-12-16 15:45:00,2010-12-16 15:45:00,1,1,476.35,283,0,476.35,One-Time Customer
18177,2009-12-15 18:57:00,2011-11-08 14:44:00,9,8,2216.32,1238,692,246.2577777777778,Repeat Customer
18178,2010-02-18 14:25:00,2011-08-03 09:30:00,11,11,6103.74,3850,530,554.8854545454545,Repeat Customer
18179,2010-02-14 15:51:00,2011-11-30 16:23:00,8,7,2547.55,1811,654,318.44375,Repeat Customer
18180,2011-07-20 08:59:00,2011-12-05 08:39:00,6,4,1843.75,1721,137,307.2916666666667,Repeat Customer
18181,2009-12-04 15:30:00,2011-11-15 15:08:00,5,4,1188.34,510,710,237.66799999999998,Repeat Customer
18182,2010-09-02 14:25:00,2010-09-02 14:25:00,1,1,291.13,167,0,291.13,One-Time Customer
18183,2011-03-10 10:08:00,2011-04-26 15:26:00,2,2,632.07,371,47,316.035,Repeat Customer
18184,2011-11-24 15:28:00,2011-11-24 15:28:00,1,1,49.8,60,0,49.8,One-Time Customer
18185,2011-04-04 13:42:00,2011-04-04 13:42:00,1,1,304.25,183,0,304.25,One-Time Customer
18186,2009-12-17 10:22:00,2009-12-17 10:22:00,1,1,329.58000000000004,338,0,329.58000000000004,One-Time Customer
18187,2010-03-18 09:49:00,2010-03-18 09:49:00,1,1,724.89,310,0,724.89,One-Time Customer
18188,2010-03-26 11:37:00,2011-11-24 16:46:00,6,6,3280.59,1888,608,546.765,Repeat Customer
18189,2010-03-24 09:57:00,2011-09-23 12:40:00,3,3,1403.73,836,548,467.91,Repeat Customer
18190,2009-12-22 12:05:00,2011-05-31 14:48:00,5,5,745.62,490,525,149.124,Repeat Customer
18191,2010-08-19 17:42:00,2011-03-23 12:08:00,2,2,529.4,332,215,264.7,Repeat Customer
18192,2011-09-29 09:53:00,2011-09-29 09:53:00,1,1,957.97,339,0,957.97,One-Time Customer
18193,2010-09-23 13:33:00,2011-06-27 13:58:00,3,3,1207.3500000000001,926,277,402.45000000000005,Repeat Customer
18194,2010-01-28 15:30:00,2011-09-18 13:29:00,6,6,4162.04,1774,597,693.6733333333333,Repeat Customer
18195,2010-11-17 15:03:00,2010-11-17 15:03:00,1,1,101.16,60,0,101.16,One-Time Customer
18196,2010-03-17 14:55:00,2011-09-05 16:22:00,4,4,1455.27,1032,537,363.8175,Repeat Customer
18197,2010-05-13 10:46:00,2010-05-13 10:46:00,1,1,230.1,166,0,230.1,One-Time Customer
18198,2011-01-07 13:39:00,2011-12-05 14:49:00,17,11,5425.56,4074,332,319.15058823529415,Repeat Customer
18199,2010-01-25 11:32:00,2010-01-25 11:32:00,1,1,344.75,99,0,344.75,One-Time Customer
18200,2011-08-25 18:45:00,2011-08-25 18:45:00,1,1,150.35,104,0,150.35,One-Time Customer
18201,2009-12-17 08:55:00,2009-12-17 08:55:00,1,1,447.53000000000003,191,0,447.53000000000003,One-Time Customer
18202,2011-02-01 13:36:00,2011-05-24 12:12:00,3,2,1396.99,581,111,465.66333333333336,Repeat Customer
18203,2009-12-08 13:19:00,2011-07-05 13:07:00,4,4,482.52,109,573,120.63,Repeat Customer
18204,2011-05-31 15:26:00,2011-09-29 16:44:00,3,3,1975.3500000000001,1190,121,658.45,Repeat Customer
18205,2011-09-26 12:02:00,2011-11-03 13:22:00,2,2,517.36,192,38,258.68,Repeat Customer
18206,2010-06-04 13:47:00,2010-06-04 13:47:00,1,1,314.65999999999997,246,0,314.65999999999997,One-Time Customer
18207,2010-07-28 14:26:00,2010-07-28 14:26:00,1,1,544.47,325,0,544.47,One-Time Customer
18208,2010-05-23 11:54:00,2010-05-23 11:54:00,1,1,360.08,82,0,360.08,One-Time Customer
18209,2011-11-11 12:07:00,2011-11-11 12:07:00,1,1,139.10000000000002,58,0,139.10000000000002,One-Time Customer
18210,2010-11-22 09:39:00,2011-12-08 11:02:00,7,5,2768.83,1499,381,395.54714285714283,Repeat Customer
18211,2011-03-06 12:09:00,2011-11-14 08:10:00,5,5,600.07,359,252,120.01400000000001,Repeat Customer
18212,2010-01-31 14:42:00,2011-01-17 16:14:00,2,2,514.37,158,351,257.185,Repeat Customer
18213,2011-04-17 10:21:00,2011-04-17 10:21:00,1,1,232.48000000000002,232,0,232.48000000000002,One-Time Customer
18214,2010-06-03 19:47:00,2010-06-27 11:21:00,4,1,1780.34,989,23,445.085,Repeat Customer
18215,2010-03-26 13:03:00,2011-09-11 16:05:00,5,5,2232.4900000000002,1131,534,446.49800000000005,Repeat Customer
18216,2011-11-08 16:55:00,2011-11-08 16:55:00,1,1,481.75,200,0,481.75,One-Time Customer
18217,2010-07-01 15:39:00,2011-11-10 13:18:00,4,3,945.04,740,496,236.26,Repeat Customer
18218,2010-02-17 15:11:00,2011-05-12 12:53:00,4,4,1121.84,1028,448,280.46,Repeat Customer
18219,2009-12-07 13:17:00,2011-12-07 11:43:00,17,14,3352.7000000000003,1586,729,197.21764705882356,Repeat Customer
18220,2009-12-15 11:42:00,2011-04-27 09:03:00,6,6,1921.76,1352,497,320.29333333333335,Repeat Customer
18221,2010-11-14 15:46:00,2011-11-17 14:40:00,6,6,1424.94,1000,367,237.49,Repeat Customer
18222,2011-09-08 10:45:00,2011-09-08 10:45:00,1,1,443.0,335,0,443.0,One-Time Customer
18223,2009-12-04 12:20:00,2011-12-05 09:11:00,26,19,14000.85,6644,730,538.4942307692307,Repeat Customer
18224,2011-03-21 10:30:00,2011-03-21 10:30:00,1,1,158.95000000000002,69,0,158.95000000000002,One-Time Customer
18225,2009-12-04 16:52:00,2011-12-06 13:27:00,26,20,13014.8,7282,731,500.5692307692307,Repeat Customer
18226,2010-03-05 10:05:00,2011-10-26 13:36:00,26,16,11878.88,7883,600,456.88,Repeat Customer
18227,2010-08-12 16:45:00,2011-05-06 12:23:00,2,2,388.75,22,266,194.375,Repeat Customer
18228,2011-09-21 10:48:00,2011-10-14 09:21:00,2,2,779.9,238,22,389.95,Repeat Customer
18229,2009-12-03 14:42:00,2011-11-28 09:48:00,28,19,10150.51,3071,724,362.5182142857143,Repeat Customer
18230,2010-07-02 10:01:00,2011-11-30 13:22:00,9,8,4291.06,1996,516,476.7844444444445,Repeat Customer
18231,2010-01-10 12:13:00,2011-05-31 14:18:00,28,13,6848.27,2913,506,244.58107142857145,Repeat Customer
18232,2011-05-26 16:30:00,2011-09-19 11:49:00,4,3,592.97,302,115,148.2425,Repeat Customer
18233,2011-01-18 08:44:00,2011-01-18 08:44:00,1,1,440.0,4,0,440.0,One-Time Customer
18234,2010-06-06 11:22:00,2010-06-06 11:22:00,1,1,179.6,80,0,179.6,One-Time Customer
18235,2011-05-06 13:35:00,2011-09-29 08:27:00,3,3,1796.48,1578,145,598.8266666666667,Repeat Customer
18236,2010-04-15 13:39:00,2011-11-10 08:06:00,12,10,1795.3500000000001,696,573,149.6125,Repeat Customer
18237,2011-07-28 13:05:00,2011-12-07 12:49:00,5,5,987.1,622,131,197.42000000000002,Repeat Customer
18238,2010-07-12 12:51:00,2010-07-12 12:51:00,1,1,270.92,114,0,270.92,One-Time Customer
18239,2010-10-13 10:11:00,2011-05-05 12:38:00,6,5,1712.26,844,204,285.37666666666667,Repeat Customer
18240,2011-10-24 13:06:00,2011-10-24 13:06:00,1,1,422.58,126,0,422.58,One-Time Customer
18241,2010-04-01 11:55:00,2011-11-30 12:10:00,21,10,2986.9900000000002,1471,608,142.23761904761906,Repeat Customer
18242,2010-01-11 08:49:00,2011-09-28 13:43:00,8,6,3605.21,2021,625,450.65125,Repeat Customer
18243,2010-10-21 14:29:00,2010-10-21 14:29:00,1,1,515.78,221,0,515.78,One-Time Customer
18244,2010-07-25 10:30:00,2010-10-05 11:15:00,2,2,568.64,856,72,284.32,Repeat Customer
18245,2010-03-08 15:26:00,2011-12-02 14:48:00,20,12,6324.9800000000005,5098,633,316.249,Repeat Customer
18246,2010-04-09 10:19:00,2011-11-16 11:49:00,3,3,758.8199999999999,214,586,252.93999999999997,Repeat Customer
18247,2010-03-18 15:52:00,2010-10-21 09:49:00,3,3,839.73,335,216,279.91,Repeat Customer
18248,2011-06-06 13:18:00,2011-08-09 10:19:00,2,2,804.02,511,63,402.01,Repeat Customer
18249,2011-11-22 15:07:00,2011-11-22 15:07:00,1,1,95.34,128,0,95.34,One-Time Customer
18250,2011-02-02 13:16:00,2011-02-02 13:16:00,1,1,349.27,199,0,349.27,One-Time Customer
18251,2009-12-22 12:01:00,2011-09-13 15:03:00,9,6,26278.86,39639,630,2919.8733333333334,Repeat Customer
18252,2009-12-18 16:13:00,2011-10-20 12:43:00,7,6,1533.69,932,670,219.09857142857143,Repeat Customer
18253,2010-03-07 12:38:00,2010-03-07 12:38:00,1,1,317.88,128,0,317.88,One-Time Customer
18254,2010-05-07 14:37:00,2010-05-07 14:37:00,1,1,267.9,188,0,267.9,One-Time Customer
18255,2010-09-09 16:31:00,2011-09-11 13:16:00,2,2,303.15,201,366,151.575,Repeat Customer
18256,2010-11-17 08:53:00,2010-11-17 08:53:00,1,1,110.69999999999999,180,0,110.69999999999999,One-Time Customer
18257,2010-02-18 16:20:00,2011-10-31 14:48:00,12,9,4585.15,2368,619,382.0958333333333,Repeat Customer
18258,2010-05-16 11:35:00,2010-09-01 14:20:00,6,5,2059.67,1981,108,343.27833333333336,Repeat Customer
18259,2009-12-08 08:38:00,2011-11-15 12:34:00,7,6,3941.9,1274,707,563.1285714285715,Repeat Customer
18260,2009-12-15 13:50:00,2011-06-20 12:37:00,23,15,9947.26,5244,551,432.4895652173913,Repeat Customer
18261,2011-09-05 09:34:00,2011-10-27 15:36:00,2,2,324.24,146,52,162.12,Repeat Customer
18262,2010-04-16 09:05:00,2011-07-22 16:04:00,3,3,577.54,552,462,192.51333333333332,Repeat Customer
18263,2011-04-01 11:48:00,2011-11-14 09:00:00,3,3,1213.16,1468,226,404.3866666666667,Repeat Customer
18264,2010-07-29 10:02:00,2010-07-29 10:02:00,1,1,603.25,241,0,603.25,One-Time Customer
18265,2011-07-04 15:26:00,2011-09-28 14:10:00,2,2,801.51,311,85,400.755,Repeat Customer
18266,2010-10-01 15:33:00,2010-10-01 15:33:00,1,1,251.1,138,0,251.1,One-Time Customer
18267,2010-02-05 08:43:00,2010-02-05 08:43:00,1,1,269.37,135,0,269.37,One-Time Customer
18268,2009-12-11 10:27:00,2011-07-28 19:13:00,6,5,1490.23,711,594,248.37166666666667,Repeat Customer
18269,2010-12-08 13:53:00,2010-12-08 13:53:00,1,1,168.60000000000002,76,0,168.60000000000002,One-Time Customer
18270,2010-10-03 10:49:00,2011-11-01 13:57:00,3,3,444.55,209,394,148.18333333333334,Repeat Customer
18271,2009-12-08 11:27:00,2010-04-09 09:26:00,2,2,680.85,319,121,340.425,Repeat Customer
18272,2010-03-04 12:53:00,2011-12-07 12:43:00,9,8,4385.9800000000005,2880,642,487.33111111111117,Repeat Customer
18273,2010-04-28 12:24:00,2011-12-07 13:16:00,4,4,357.0,140,588,89.25,Repeat Customer
18274,2011-11-09 17:03:00,2011-11-09 17:03:00,1,1,175.92,88,0,175.92,One-Time Customer
18275,2009-12-08 16:23:00,2010-05-10 15:46:00,2,2,741.85,417,152,370.925,Repeat Customer
18276,2009-12-10 17:14:00,2011-10-27 10:54:00,6,6,1656.52,1246,685,276.08666666666664,Repeat Customer
18277,2010-08-02 10:26:00,2011-10-12 15:22:00,5,4,1180.05,449,436,236.01,Repeat Customer
18278,2010-10-31 12:13:00,2011-09-27 11:58:00,2,2,414.20000000000005,140,330,207.10000000000002,Repeat Customer
18279,2010-07-08 14:48:00,2010-07-08 14:48:00,1,1,231.34,630,0,231.34,One-Time Customer
18280,2010-11-10 15:51:00,2011-03-07 09:52:00,2,2,488.15000000000003,194,116,244.07500000000002,Repeat Customer
18281,2010-05-11 10:49:00,2011-06-12 10:53:00,2,2,201.14,146,397,100.57,Repeat Customer
18282,2011-08-05 13:35:00,2011-12-02 11:43:00,2,2,178.05,103,118,89.025,Repeat Customer
18283,2010-02-19 17:16:00,2011-12-06 12:02:00,22,14,2658.95,1677,654,120.86136363636363,Repeat Customer
18284,2010-10-04 11:33:00,2010-10-04 11:33:00,1,1,411.68,493,0,411.68,One-Time Customer
18285,2010-02-17 10:24:00,2010-02-17 10:24:00,1,1,377.0,144,0,377.0,One-Time Customer
18286,2009-12-16 10:45:00,2010-08-20 11:57:00,2,2,1246.43,607,247,623.215,Repeat Customer
18287,2010-05-17 11:55:00,2011-10-28 09:29:00,7,5,4132.99,3012,528,590.4271428571428,Repeat Customer
