customer_id,first_order_date,second_order_date,days_to_second_purchase
12346,2010-03-02 13:08:00,2010-06-28 13:53:00,118
12347,2010-10-31 14:20:00,2010-12-07 14:57:00,37
12348,2010-09-27 14:59:00,2010-12-16 19:09:00,80
12349,2010-04-29 13:20:00,2010-10-28 08:23:00,181
12352,2010-11-12 10:20:00,2010-11-29 10:07:00,16
12353,2010-10-27 12:44:00,2011-05-19 17:47:00,204
12355,2010-05-21 11:59:00,2011-05-09 13:49:00,353
12356,2010-10-11 09:42:00,2010-11-11 14:23:00,31
12357,2010-11-16 10:05:00,2011-11-06 16:07:00,355
12358,2009-12-08 07:59:00,2010-06-07 12:28:00,181
12359,2009-12-05 13:32:00,2009-12-16 15:24:00,11
12360,2010-02-22 09:32:00,2010-05-25 09:55:00,92
12361,2010-01-26 14:37:00,2010-05-09 15:33:00,103
12362,2011-02-17 10:30:00,2011-04-28 09:12:00,69
12363,2011-04-11 13:29:00,2011-08-22 10:18:00,132
12364,2011-08-19 15:24:00,2011-09-22 16:07:00,34
12369,2010-03-08 08:09:00,2010-09-16 14:34:00,192
12370,2010-02-09 09:41:00,2010-03-25 10:28:00,44
12371,2010-03-04 18:23:00,2010-03-04 18:25:00,0
12372,2011-02-16 12:46:00,2011-05-11 10:43:00,83
12373,2010-02-04 12:08:00,2010-03-25 13:49:00,49
12374,2010-04-30 14:01:00,2010-10-14 10:16:00,166
12375,2011-09-02 14:23:00,2011-11-29 10:36:00,87
12376,2010-10-18 08:42:00,2010-11-15 12:15:00,28
12377,2010-04-29 15:34:00,2010-11-23 19:24:00,208
12378,2010-05-26 14:07:00,2011-08-02 10:34:00,432
12379,2010-06-23 12:49:00,2010-10-13 14:46:00,112
12380,2010-02-15 12:05:00,2010-06-29 15:17:00,134
12381,2011-08-12 09:57:00,2011-11-06 13:36:00,86
12383,2010-12-22 14:28:00,2011-01-12 14:10:00,20
12384,2011-08-10 11:23:00,2011-11-11 08:39:00,92
12386,2010-12-08 09:53:00,2011-01-06 12:37:00,29
12388,2010-05-06 12:54:00,2010-09-20 12:41:00,136
12389,2010-02-22 10:15:00,2010-05-21 15:12:00,88
12391,2010-02-15 10:12:00,2010-02-22 10:13:00,7
12393,2010-10-07 13:49:00,2010-11-22 16:10:00,46
12394,2011-05-06 14:01:00,2011-10-07 08:08:00,153
12395,2010-04-16 10:16:00,2010-08-02 12:37:00,108
12397,2011-07-27 14:21:00,2011-11-04 09:52:00,99
12399,2010-03-05 08:45:00,2010-07-08 09:13:00,125
12402,2010-02-07 12:41:00,2010-04-18 12:04:00,69
12403,2010-07-06 11:39:00,2011-10-21 10:51:00,471
12406,2010-01-11 14:04:00,2010-04-22 18:41:00,101
12407,2011-03-20 13:21:00,2011-04-18 12:25:00,28
12408,2010-07-29 13:27:00,2010-09-15 13:16:00,47
12409,2010-05-23 15:21:00,2010-06-08 13:40:00,15
12410,2010-07-25 13:26:00,2011-02-04 10:38:00,193
12412,2010-06-18 13:22:00,2010-08-09 14:26:00,52
12413,2010-11-02 13:26:00,2011-01-06 16:12:00,65
12414,2010-09-02 12:22:00,2011-02-02 14:51:00,153
12415,2010-06-30 08:30:00,2010-07-16 14:47:00,16
12417,2009-12-06 10:30:00,2009-12-10 11:25:00,4
12418,2010-03-19 14:47:00,2010-05-12 13:11:00,53
12419,2010-10-22 10:40:00,2010-11-19 10:04:00,27
12421,2010-07-22 13:57:00,2010-10-20 14:28:00,90
12422,2009-12-18 12:44:00,2010-02-14 11:15:00,57
12423,2010-08-31 09:31:00,2010-11-17 11:33:00,78
12424,2010-06-09 15:15:00,2010-10-13 10:29:00,125
12425,2010-09-17 14:10:00,2011-09-22 17:31:00,370
12426,2010-02-15 08:41:00,2011-05-29 12:26:00,468
12427,2010-12-03 10:44:00,2011-10-10 15:15:00,311
12428,2011-03-01 09:33:00,2011-03-01 09:35:00,0
12429,2010-06-11 13:28:00,2010-06-11 13:29:00,0
12431,2010-01-15 09:04:00,2010-03-04 09:51:00,48
12432,2011-06-20 13:27:00,2011-06-20 13:29:00,0
12433,2010-08-20 09:23:00,2010-09-16 10:51:00,27
12434,2010-11-23 13:38:00,2011-03-24 13:05:00,120
12435,2009-12-02 13:58:00,2010-03-12 14:50:00,100
12437,2009-12-02 16:24:00,2010-01-19 14:16:00,47
12438,2011-07-22 13:29:00,2011-11-25 13:28:00,125
12439,2009-12-14 08:40:00,2010-01-26 12:11:00,43
12440,2009-12-22 12:03:00,2010-09-03 13:11:00,255
12444,2011-06-21 14:00:00,2011-08-10 08:41:00,49
12445,2010-10-15 12:28:00,2011-11-17 18:43:00,398
12449,2010-09-27 09:37:00,2011-06-05 15:37:00,251
12450,2010-08-22 13:11:00,2010-09-14 10:20:00,22
12451,2010-06-28 12:58:00,2010-09-02 15:35:00,66
12454,2010-10-14 17:33:00,2010-10-19 11:14:00,4
12455,2009-12-18 12:33:00,2010-03-23 10:30:00,94
12456,2011-03-30 09:12:00,2011-07-31 15:25:00,123
12457,2010-09-30 17:59:00,2011-04-14 18:57:00,196
12458,2010-08-09 10:33:00,2010-10-08 11:36:00,60
12462,2011-02-09 14:44:00,2011-11-21 09:11:00,284
12463,2011-04-12 12:47:00,2011-05-17 10:02:00,34
12464,2011-02-03 13:30:00,2011-02-28 12:08:00,24
12465,2011-06-23 13:37:00,2011-11-22 16:34:00,152
12468,2010-01-26 10:09:00,2010-04-09 10:08:00,72
12469,2010-06-21 10:30:00,2010-07-05 12:40:00,14
12471,2009-12-07 10:41:00,2009-12-07 10:42:00,0
12472,2009-12-14 10:49:00,2010-02-08 10:34:00,55
12473,2011-06-01 10:15:00,2011-08-17 12:04:00,77
12474,2010-02-11 09:41:00,2010-04-15 17:18:00,63
12475,2010-10-26 08:49:00,2011-10-17 10:10:00,356
12476,2010-07-26 09:04:00,2010-09-14 12:58:00,50
12477,2010-03-26 14:01:00,2010-07-02 08:26:00,97
12480,2010-07-20 13:21:00,2010-10-08 12:06:00,79
12481,2010-04-11 13:10:00,2010-09-15 11:56:00,156
12482,2010-02-24 10:24:00,2010-02-24 10:43:00,0
12483,2010-01-31 13:28:00,2010-02-10 09:07:00,9
12484,2010-01-27 16:41:00,2010-01-29 10:15:00,1
12488,2011-09-25 10:34:00,2011-10-31 10:42:00,36
12490,2009-12-01 12:52:00,2010-01-31 13:05:00,61
12492,2010-11-01 14:58:00,2011-08-26 14:51:00,297
12493,2011-05-26 14:53:00,2011-06-27 10:17:00,31
12494,2010-05-12 13:52:00,2010-10-24 11:49:00,164
12496,2010-03-29 13:57:00,2010-03-29 14:06:00,0
12497,2010-03-05 09:39:00,2010-11-04 12:31:00,244
12498,2011-10-13 09:30:00,2011-11-18 12:52:00,36
12500,2010-02-04 15:05:00,2010-02-05 09:28:00,0
12502,2011-02-03 10:41:00,2011-03-16 13:29:00,41
12504,2010-04-22 10:24:00,2010-10-18 15:09:00,179
12507,2010-05-04 09:23:00,2011-02-14 09:24:00,286
12508,2011-11-10 16:27:00,2011-11-13 15:37:00,2
12510,2009-12-04 13:47:00,2010-01-22 13:39:00,48
12512,2011-10-04 14:53:00,2011-10-04 14:55:00,0
12514,2010-03-08 12:18:00,2011-03-17 16:38:00,374
12516,2010-04-19 14:14:00,2010-10-05 09:43:00,168
12517,2011-06-02 15:13:00,2011-08-05 15:02:00,63
12518,2011-08-21 13:18:00,2011-09-23 15:45:00,33
12519,2010-08-20 08:21:00,2011-10-07 09:26:00,413
12520,2011-03-11 11:35:00,2011-03-25 08:50:00,13
12522,2011-10-19 14:41:00,2011-10-31 15:30:00,12
12523,2009-12-07 13:46:00,2010-02-09 12:38:00,63
12524,2010-02-08 14:41:00,2010-03-08 09:57:00,27
12525,2010-03-02 14:01:00,2010-06-01 09:42:00,90
12526,2011-09-06 14:19:00,2011-10-17 09:37:00,40
12527,2010-06-28 15:37:00,2010-08-02 12:23:00,34
12528,2011-01-31 09:05:00,2011-03-08 11:46:00,36
12530,2010-03-07 14:37:00,2010-04-21 11:51:00,44
12531,2010-01-22 14:17:00,2011-11-25 11:12:00,671
12533,2009-12-01 11:50:00,2010-03-22 10:56:00,110
12535,2011-06-06 12:47:00,2011-09-09 08:48:00,94
12538,2010-11-26 13:02:00,2011-11-10 17:16:00,349
12539,2009-12-23 13:00:00,2009-12-23 13:41:00,0
12540,2009-12-07 16:56:00,2010-01-10 11:27:00,33
12541,2011-03-04 09:32:00,2011-06-19 15:59:00,107
12542,2010-03-09 16:26:00,2010-08-12 19:12:00,156
12545,2011-03-25 12:04:00,2011-09-25 13:39:00,184
12546,2011-09-23 09:44:00,2011-10-24 12:09:00,31
12547,2010-07-27 13:55:00,2011-03-04 12:46:00,219
12549,2010-01-11 12:29:00,2010-01-11 12:30:00,0
12553,2010-10-12 13:35:00,2010-11-19 12:18:00,37
12556,2011-07-11 13:35:00,2011-10-20 13:06:00,100
12557,2009-12-17 10:39:00,2010-06-11 15:07:00,176
12559,2011-01-24 10:12:00,2011-02-02 09:49:00,8
12560,2011-07-19 15:55:00,2011-12-04 13:54:00,137
12562,2010-09-30 13:13:00,2010-11-19 09:35:00,49
12567,2010-02-11 10:30:00,2010-05-06 10:04:00,83
12569,2011-04-01 13:47:00,2011-04-14 09:56:00,12
12571,2011-08-10 12:35:00,2011-10-31 10:19:00,81
12572,2011-10-19 08:20:00,2011-12-01 09:20:00,43
12573,2010-08-31 17:25:00,2010-10-11 13:48:00,40
12575,2010-07-01 09:15:00,2010-09-08 13:09:00,69
12576,2010-07-01 13:46:00,2010-09-07 13:41:00,67
12577,2009-12-03 19:31:00,2010-10-26 12:22:00,326
12578,2010-09-22 11:19:00,2010-11-19 17:21:00,58
12580,2010-05-12 11:45:00,2011-04-07 10:24:00,329
12582,2010-05-11 09:55:00,2010-10-13 10:52:00,155
12583,2009-12-06 11:57:00,2010-02-25 11:45:00,80
12584,2011-03-04 15:15:00,2011-06-07 13:00:00,94
12585,2010-12-23 12:58:00,2011-04-19 13:39:00,117
12586,2009-12-16 13:15:00,2010-10-21 09:48:00,308
12588,2010-04-21 12:22:00,2010-11-05 12:38:00,198
12589,2010-01-19 12:26:00,2010-09-02 09:14:00,225
12591,2010-10-27 10:42:00,2010-11-14 14:32:00,18
12592,2010-07-08 14:06:00,2010-07-08 14:26:00,0
12593,2011-05-05 09:29:00,2011-08-02 09:55:00,89
12594,2010-03-03 13:51:00,2010-06-14 09:40:00,102
12596,2011-04-11 13:22:00,2011-10-19 13:02:00,190
12597,2011-03-16 14:00:00,2011-06-09 16:04:00,85
12598,2010-03-01 09:58:00,2010-03-03 16:03:00,2
12599,2010-05-11 10:42:00,2010-06-09 08:46:00,28
12600,2009-12-07 13:37:00,2009-12-13 14:51:00,6
12601,2010-10-31 10:57:00,2011-01-11 10:38:00,71
12604,2011-03-23 12:06:00,2011-09-21 14:08:00,182
12605,2010-09-07 14:21:00,2010-10-12 16:51:00,35
12609,2009-12-20 13:30:00,2010-04-01 08:43:00,101
12610,2011-08-05 13:52:00,2011-08-25 12:57:00,19
12613,2009-12-14 13:10:00,2010-04-09 14:01:00,116
12615,2010-03-18 14:09:00,2010-07-23 14:16:00,127
12616,2010-11-16 11:38:00,2011-02-15 14:17:00,91
12619,2010-05-28 12:52:00,2011-03-31 13:10:00,307
12620,2011-05-19 12:10:00,2011-09-20 10:06:00,123
12621,2010-02-09 12:01:00,2010-03-18 12:08:00,37
12623,2010-01-12 11:45:00,2010-03-02 09:25:00,48
12624,2011-06-15 12:34:00,2011-08-25 15:04:00,71
12625,2010-04-22 11:33:00,2010-07-18 15:56:00,87
12626,2011-01-17 11:01:00,2011-01-27 13:42:00,10
12627,2011-07-22 13:59:00,2011-08-02 09:29:00,10
12628,2011-10-06 09:28:00,2011-11-06 14:26:00,31
12629,2010-10-12 16:40:00,2010-11-19 09:18:00,37
12630,2011-10-27 10:41:00,2011-11-30 10:48:00,34
12631,2010-01-15 14:50:00,2010-04-21 13:14:00,95
12632,2010-05-24 09:07:00,2010-07-07 09:39:00,44
12633,2010-07-02 11:44:00,2010-08-06 08:57:00,34
12635,2010-09-09 10:50:00,2010-11-12 15:46:00,64
12637,2010-06-14 13:36:00,2010-07-27 15:32:00,43
12638,2010-03-10 10:30:00,2011-11-06 13:11:00,606
12639,2010-03-22 09:05:00,2010-10-01 12:17:00,193
12640,2011-09-19 12:01:00,2011-11-15 08:43:00,56
12642,2011-08-24 09:23:00,2011-10-20 12:31:00,57
12643,2010-04-07 14:16:00,2010-05-28 14:22:00,51
12644,2010-01-14 13:02:00,2010-02-07 14:27:00,24
12645,2010-02-09 10:49:00,2010-03-03 10:19:00,21
12646,2011-10-21 12:52:00,2011-12-05 10:14:00,44
12647,2010-01-13 15:06:00,2010-02-01 11:44:00,18
12648,2010-01-07 18:38:00,2010-03-09 09:55:00,60
12649,2010-01-12 17:24:00,2010-01-15 13:14:00,2
12651,2010-08-31 15:21:00,2010-10-29 09:44:00,58
12652,2010-10-01 15:16:00,2011-01-12 15:00:00,102
12653,2010-07-01 09:56:00,2011-02-16 10:53:00,230
12654,2011-02-17 13:16:00,2011-05-26 10:41:00,97
12656,2010-05-26 09:00:00,2010-07-28 13:05:00,63
12657,2011-09-22 11:40:00,2011-10-28 18:07:00,36
12662,2010-04-01 09:50:00,2010-05-02 15:32:00,31
12663,2010-02-09 14:28:00,2010-03-25 09:40:00,43
12664,2009-12-13 10:28:00,2010-07-13 13:28:00,212
12665,2010-02-08 15:11:00,2010-10-18 11:34:00,251
12668,2010-01-31 15:45:00,2010-03-07 15:24:00,34
12669,2011-03-28 10:15:00,2011-07-12 09:54:00,105
12670,2010-02-11 10:13:00,2010-11-19 10:05:00,280
12672,2010-04-23 09:57:00,2011-01-14 09:20:00,265
12673,2010-11-03 10:46:00,2011-01-17 11:46:00,75
12674,2011-05-16 09:10:00,2011-06-22 09:43:00,37
12675,2010-05-10 16:44:00,2010-06-04 09:49:00,24
12676,2010-08-13 13:29:00,2010-08-13 13:31:00,0
12677,2010-02-11 13:55:00,2010-06-02 14:30:00,111
12678,2010-01-07 16:46:00,2010-05-06 11:50:00,118
12679,2011-03-01 12:26:00,2011-05-18 12:18:00,77
12680,2011-08-18 15:44:00,2011-09-11 12:27:00,23
12681,2009-12-13 13:31:00,2010-01-08 13:19:00,25
12682,2009-12-01 09:28:00,2009-12-08 15:14:00,7
12683,2009-12-13 15:01:00,2009-12-20 15:38:00,7
12684,2011-05-10 12:55:00,2011-05-26 17:16:00,16
12685,2011-09-07 10:28:00,2011-09-08 10:32:00,1
12689,2011-08-04 10:04:00,2011-11-14 08:31:00,101
12691,2010-10-15 12:00:00,2010-12-17 14:46:00,63
12693,2010-07-05 13:56:00,2010-09-13 15:48:00,70
12694,2010-10-14 19:39:00,2011-06-09 17:48:00,237
12695,2010-02-12 13:22:00,2010-04-28 14:59:00,75
12696,2010-07-19 10:02:00,2010-10-01 10:43:00,74
12697,2011-06-23 15:44:00,2011-07-31 14:17:00,37
12700,2011-05-08 16:10:00,2011-07-06 13:14:00,58
12701,2010-03-16 13:23:00,2010-06-01 10:42:00,76
12703,2010-01-24 12:05:00,2010-03-15 09:20:00,49
12704,2011-06-23 10:20:00,2011-08-04 10:00:00,41
12705,2010-06-24 09:51:00,2010-09-30 17:05:00,98
12708,2009-12-18 10:25:00,2010-01-22 12:24:00,35
12709,2009-12-09 13:49:00,2010-01-26 12:38:00,47
12710,2011-05-22 14:05:00,2011-07-01 13:22:00,39
12711,2010-02-01 11:30:00,2010-04-07 11:59:00,65
12712,2009-12-09 10:46:00,2010-02-05 09:14:00,57
12714,2009-12-04 10:00:00,2010-01-08 16:29:00,35
12716,2011-07-29 13:28:00,2011-12-06 08:55:00,129
12717,2010-04-28 14:34:00,2011-04-08 10:32:00,344
12719,2011-10-05 14:50:00,2011-12-04 13:45:00,59
12720,2010-07-21 09:46:00,2010-08-24 16:02:00,34
12721,2010-08-25 11:07:00,2010-11-19 15:13:00,86
12722,2011-07-12 11:55:00,2011-08-14 11:16:00,32
12723,2011-10-05 15:52:00,2011-10-05 15:56:00,0
12724,2010-06-22 14:00:00,2010-07-22 13:22:00,29
12725,2010-05-04 13:59:00,2010-10-21 10:28:00,169
12726,2010-03-25 16:25:00,2010-06-10 16:35:00,77
12727,2010-02-23 09:54:00,2010-06-10 09:40:00,106
12728,2010-11-21 11:34:00,2011-01-11 13:31:00,51
12731,2010-03-02 09:23:00,2010-05-16 15:39:00,75
12733,2010-01-19 13:23:00,2010-07-30 16:50:00,192
12734,2010-11-12 13:26:00,2010-11-30 11:05:00,17
12735,2011-01-06 14:26:00,2011-01-28 13:37:00,21
12739,2010-11-10 14:27:00,2011-09-01 17:45:00,295
12743,2011-07-28 16:06:00,2011-07-28 16:21:00,0
12744,2010-04-27 16:19:00,2010-09-06 10:15:00,131
12745,2010-05-14 16:50:00,2010-08-10 10:14:00,87
12747,2009-12-07 13:23:00,2009-12-09 10:02:00,1
12748,2009-12-04 17:31:00,2009-12-14 12:28:00,9
12749,2010-07-06 15:05:00,2010-10-10 14:17:00,95
12753,2010-12-12 11:44:00,2011-02-09 11:21:00,58
12754,2011-02-04 10:31:00,2011-03-07 13:38:00,31
12755,2010-01-15 11:57:00,2010-02-23 09:37:00,38
12757,2011-05-12 19:01:00,2011-06-07 14:28:00,25
12758,2009-12-01 14:40:00,2010-03-24 10:28:00,112
12759,2009-12-04 10:47:00,2010-05-24 10:44:00,170
12762,2011-11-14 14:23:00,2011-12-02 10:23:00,17
12763,2010-12-05 15:46:00,2011-07-24 14:12:00,230
12765,2010-03-08 09:43:00,2010-04-08 10:08:00,31
12766,2010-10-28 09:29:00,2010-11-16 13:28:00,19
12770,2010-09-09 11:43:00,2011-05-13 09:33:00,245
12775,2010-10-26 14:24:00,2010-11-16 15:14:00,21
12778,2010-04-16 09:57:00,2010-09-14 12:48:00,151
12779,2009-12-03 07:25:00,2010-03-01 09:56:00,88
12781,2011-02-28 08:43:00,2011-10-07 10:37:00,221
12782,2010-07-08 13:31:00,2010-09-16 10:22:00,69
12783,2011-09-25 15:35:00,2011-10-14 11:42:00,18
12784,2010-06-28 13:06:00,2011-11-24 12:53:00,513
12785,2009-12-08 13:56:00,2010-06-22 12:16:00,195
12787,2010-10-22 14:57:00,2011-05-31 09:36:00,220
12788,2010-06-29 13:05:00,2010-07-15 13:24:00,16
12789,2010-01-15 12:06:00,2010-07-15 12:43:00,181
12790,2010-10-25 13:04:00,2011-05-31 14:14:00,218
12791,2010-03-25 17:29:00,2010-03-26 12:05:00,0
12792,2010-06-23 10:49:00,2011-03-28 11:36:00,278
12793,2010-11-03 13:05:00,2010-12-03 15:14:00,30
12794,2011-09-02 12:01:00,2011-10-17 14:54:00,45
12797,2010-10-11 12:53:00,2010-12-09 10:55:00,58
12798,2010-10-14 12:27:00,2011-06-22 10:11:00,250
12800,2010-02-01 11:02:00,2010-08-26 14:11:00,206
12802,2010-05-25 09:34:00,2010-06-18 12:28:00,24
12804,2010-07-27 13:52:00,2010-08-31 11:58:00,34
12805,2010-02-03 09:06:00,2010-04-13 12:30:00,69
12806,2010-04-30 10:44:00,2010-05-16 13:49:00,16
12808,2010-09-03 10:24:00,2010-09-30 17:55:00,27
12809,2010-03-02 14:19:00,2010-05-23 11:08:00,81
12810,2010-02-01 09:52:00,2010-06-23 10:53:00,142
12811,2010-10-08 12:20:00,2010-11-26 09:49:00,48
12813,2010-01-15 16:52:00,2010-05-10 14:19:00,114
12815,2011-05-25 13:34:00,2011-07-15 10:21:00,50
12816,2011-06-16 13:24:00,2011-09-05 12:41:00,80
12817,2010-10-01 08:57:00,2010-11-05 08:28:00,34
12820,2009-12-05 13:37:00,2010-01-13 08:58:00,38
12821,2010-04-07 15:14:00,2011-05-09 15:51:00,397
12822,2011-09-13 13:46:00,2011-09-30 10:04:00,16
12823,2010-01-29 12:52:00,2010-03-05 11:55:00,34
12825,2010-03-08 10:17:00,2010-07-06 13:56:00,120
12826,2009-12-18 10:43:00,2010-07-19 14:31:00,213
12827,2011-10-26 15:44:00,2011-11-07 11:29:00,11
12828,2011-08-01 16:16:00,2011-08-19 09:23:00,17
12829,2010-06-07 15:04:00,2010-12-14 14:54:00,189
12830,2011-06-21 10:53:00,2011-07-06 10:52:00,14
12831,2010-09-02 15:58:00,2010-09-02 16:00:00,0
12832,2011-09-02 13:48:00,2011-11-07 13:30:00,65
12835,2009-12-03 12:13:00,2009-12-04 14:52:00,1
12836,2009-12-01 14:19:00,2010-01-21 13:34:00,50
12837,2010-05-19 15:10:00,2011-06-19 16:07:00,396
12838,2010-04-26 09:59:00,2010-05-12 14:09:00,16
12839,2009-12-07 09:18:00,2009-12-14 15:30:00,7
12840,2010-02-03 14:51:00,2010-06-08 13:23:00,124
12841,2010-07-08 15:38:00,2010-07-25 12:19:00,16
12842,2009-12-02 08:15:00,2010-10-31 10:45:00,333
12843,2009-12-13 11:41:00,2010-01-27 17:11:00,45
12844,2010-04-25 11:51:00,2010-09-23 16:23:00,151
12845,2011-02-22 14:10:00,2011-03-14 10:55:00,19
12847,2010-11-17 12:44:00,2011-11-17 13:16:00,365
12849,2010-04-27 13:44:00,2010-10-04 14:10:00,160
12851,2010-08-19 15:13:00,2011-09-04 12:41:00,380
12853,2010-02-05 11:57:00,2010-06-07 11:34:00,121
12854,2009-12-11 12:55:00,2010-02-23 14:40:00,74
12855,2010-11-02 18:16:00,2010-11-10 14:54:00,7
12856,2011-10-07 12:38:00,2011-10-14 12:53:00,7
12857,2010-01-25 15:37:00,2010-04-29 17:33:00,94
12862,2010-08-01 15:20:00,2010-10-10 11:47:00,69
12863,2010-04-29 13:54:00,2010-05-13 13:08:00,13
12864,2010-07-19 17:22:00,2011-07-24 13:03:00,369
12865,2010-08-20 12:20:00,2010-11-26 15:37:00,98
12866,2010-07-25 11:37:00,2010-08-22 15:48:00,28
12867,2009-12-16 16:25:00,2010-02-14 14:35:00,59
12868,2010-11-12 10:05:00,2010-11-24 10:27:00,12
12870,2010-03-25 14:32:00,2010-08-19 14:49:00,147
12871,2010-09-26 10:34:00,2011-05-16 13:32:00,232
12872,2009-12-03 20:03:00,2010-01-28 14:19:00,55
12873,2010-01-27 09:50:00,2010-11-07 11:15:00,284
12874,2010-06-03 12:51:00,2010-11-19 15:23:00,169
12875,2010-01-11 12:37:00,2010-04-16 13:12:00,95
12876,2010-04-28 13:26:00,2010-11-10 12:21:00,195
12877,2010-01-18 10:23:00,2010-04-25 14:19:00,97
12878,2011-03-18 14:02:00,2011-04-17 13:07:00,29
12879,2011-09-09 12:11:00,2011-09-19 14:27:00,10
12880,2010-05-14 11:57:00,2010-11-23 10:50:00,192
12882,2011-11-06 11:22:00,2011-11-30 16:18:00,24
12883,2011-09-11 15:18:00,2011-11-15 09:30:00,64
12885,2011-08-08 11:45:00,2011-10-07 13:34:00,60
12886,2011-05-04 11:21:00,2011-10-03 10:09:00,151
12888,2011-03-29 14:31:00,2011-05-09 16:02:00,41
12889,2010-07-25 14:32:00,2010-08-29 14:48:00,35
12890,2010-11-17 14:05:00,2011-11-15 17:26:00,363
12891,2010-02-18 14:32:00,2010-03-23 15:15:00,33
12895,2011-09-14 08:35:00,2011-10-28 13:51:00,44
12897,2010-06-14 11:58:00,2010-11-23 13:29:00,162
12898,2010-02-18 12:36:00,2010-09-02 08:08:00,195
12901,2011-03-14 10:41:00,2011-03-24 11:07:00,10
12904,2011-06-20 13:18:00,2011-11-21 14:34:00,154
12905,2010-01-26 14:06:00,2010-05-12 10:05:00,105
12906,2011-09-22 15:03:00,2011-09-22 15:03:00,0
12907,2010-08-02 14:33:00,2010-11-09 12:08:00,98
12908,2010-03-19 15:59:00,2010-07-22 14:21:00,124
12909,2010-02-24 12:14:00,2010-05-24 13:16:00,89
12910,2010-03-28 13:10:00,2010-08-03 12:47:00,127
12912,2011-10-30 11:35:00,2011-11-16 09:34:00,16
12913,2009-12-01 12:18:00,2009-12-07 14:56:00,6
12915,2010-04-29 19:36:00,2010-08-24 10:45:00,116
12916,2010-01-24 11:26:00,2010-04-11 10:30:00,76
12917,2009-12-09 14:22:00,2010-05-10 13:28:00,151
12919,2011-06-23 09:22:00,2011-07-12 17:21:00,19
12920,2009-12-14 15:58:00,2009-12-14 15:58:00,0
12921,2009-12-01 13:43:00,2009-12-03 10:28:00,1
12923,2010-05-13 14:55:00,2010-11-14 13:16:00,184
12924,2009-12-09 12:40:00,2009-12-09 12:42:00,0
12925,2010-04-26 10:32:00,2011-09-26 11:05:00,518
12926,2009-12-14 14:35:00,2010-03-02 16:33:00,78
12928,2010-06-08 10:16:00,2010-06-25 15:18:00,17
12930,2011-06-21 13:25:00,2011-09-22 15:18:00,93
12931,2009-12-01 11:46:00,2009-12-03 17:48:00,2
12932,2010-02-10 08:46:00,2010-03-08 13:52:00,26
12933,2009-12-10 16:39:00,2010-09-14 15:55:00,277
12935,2010-04-11 15:59:00,2010-04-15 12:54:00,3
12936,2011-09-22 13:51:00,2011-11-18 10:37:00,56
12937,2009-12-03 15:43:00,2009-12-17 14:43:00,13
12939,2010-01-12 11:27:00,2010-02-24 13:55:00,43
12940,2011-09-13 10:16:00,2011-10-16 12:09:00,33
12942,2010-12-09 09:34:00,2011-05-26 11:16:00,168
12943,2010-04-13 11:03:00,2010-05-30 13:52:00,47
12944,2010-12-20 10:41:00,2011-11-04 11:04:00,319
12945,2010-02-21 15:18:00,2011-02-24 14:15:00,367
12947,2010-12-01 16:21:00,2011-01-07 09:40:00,36
12948,2009-12-02 12:28:00,2009-12-09 11:46:00,6
12949,2009-12-03 15:56:00,2010-01-25 09:12:00,52
12950,2011-11-15 13:48:00,2011-12-01 15:55:00,16
12951,2010-01-10 12:43:00,2010-02-10 14:51:00,31
12952,2011-09-22 16:37:00,2011-10-27 16:59:00,35
12953,2010-07-05 13:37:00,2011-11-30 09:24:00,512
12955,2011-03-17 09:03:00,2011-05-04 17:19:00,48
12956,2009-12-15 19:03:00,2009-12-16 11:04:00,0
12957,2009-12-11 12:01:00,2010-03-11 13:43:00,90
12958,2010-05-05 16:22:00,2010-11-04 16:16:00,182
12960,2010-02-16 13:32:00,2010-05-11 12:58:00,83
12962,2011-08-18 13:38:00,2011-12-02 15:55:00,106
12963,2010-07-08 14:45:00,2010-08-27 10:05:00,49
12967,2010-11-21 11:03:00,2010-12-03 09:49:00,11
12970,2009-12-04 14:19:00,2010-11-15 15:54:00,346
12971,2009-12-15 19:04:00,2010-01-08 13:52:00,23
12972,2010-02-16 14:30:00,2010-03-02 12:30:00,13
12974,2010-05-23 11:45:00,2011-05-26 09:33:00,367
12975,2009-12-06 10:38:00,2010-07-08 10:06:00,213
12976,2010-02-12 15:46:00,2010-03-11 09:26:00,26
12977,2010-07-16 16:25:00,2010-07-16 16:33:00,0
12978,2009-12-10 12:10:00,2010-01-07 12:10:00,28
12980,2009-12-02 11:26:00,2010-01-11 14:56:00,40
12981,2011-07-29 14:14:00,2011-11-10 12:00:00,103
12982,2010-04-12 13:50:00,2010-04-29 17:11:00,17
12985,2011-11-11 12:44:00,2011-12-09 10:46:00,27
12986,2010-01-21 10:45:00,2010-03-08 10:41:00,45
12987,2010-01-20 09:57:00,2010-04-08 17:45:00,78
12989,2009-12-10 13:27:00,2010-01-28 12:54:00,48
12990,2010-03-30 11:36:00,2010-07-22 10:18:00,113
12991,2010-11-15 13:43:00,2011-08-19 14:39:00,277
12993,2010-02-18 10:35:00,2010-03-18 16:28:00,28
12994,2011-03-16 08:31:00,2011-08-11 17:02:00,148
12997,2010-04-06 11:06:00,2010-05-06 16:50:00,30
12998,2010-02-24 11:55:00,2010-04-08 17:04:00,43
12999,2011-04-08 10:26:00,2011-05-18 16:37:00,40
13000,2009-12-14 17:03:00,2010-12-10 10:26:00,360
13001,2009-12-03 16:21:00,2010-01-25 12:08:00,52
13002,2010-10-01 11:58:00,2010-10-19 12:23:00,18
13003,2011-05-09 08:23:00,2011-07-11 13:06:00,63
13004,2009-12-15 09:44:00,2010-01-04 14:29:00,20
13005,2010-09-08 12:52:00,2010-10-04 11:07:00,25
13008,2009-12-16 16:07:00,2010-11-07 10:34:00,325
13010,2010-03-01 11:28:00,2010-11-30 15:09:00,274
13012,2010-04-26 14:14:00,2010-07-14 13:40:00,78
13013,2009-12-14 10:34:00,2010-03-09 10:26:00,84
13014,2010-10-03 11:35:00,2011-03-03 18:28:00,151
13015,2010-04-15 16:35:00,2010-04-26 15:30:00,10
13016,2011-08-08 15:00:00,2011-09-27 14:07:00,49
13018,2010-03-01 12:34:00,2010-03-01 12:35:00,0
13019,2009-12-06 15:40:00,2009-12-10 12:10:00,3
13020,2010-02-18 10:35:00,2010-05-26 11:12:00,97
13021,2009-12-05 12:02:00,2010-03-19 10:27:00,103
13023,2010-06-29 09:51:00,2011-08-02 09:34:00,398
13024,2010-05-06 14:25:00,2010-08-26 09:42:00,111
13026,2009-12-13 11:34:00,2010-03-07 15:27:00,84
13027,2010-01-20 10:41:00,2010-01-22 09:20:00,1
13028,2011-10-25 14:09:00,2011-11-17 11:10:00,22
13029,2010-07-04 13:46:00,2010-11-30 08:59:00,148
13030,2010-12-06 14:31:00,2011-11-28 14:30:00,356
13031,2010-06-03 14:57:00,2010-07-22 16:01:00,49
13032,2010-09-05 14:01:00,2010-09-06 14:33:00,1
13033,2010-10-06 09:37:00,2010-12-17 14:23:00,72
13034,2010-11-03 15:22:00,2010-12-05 14:52:00,31
13035,2010-10-04 15:41:00,2011-03-24 09:21:00,170
13037,2009-12-03 17:04:00,2010-01-18 14:11:00,45
13038,2011-02-22 11:43:00,2011-06-09 10:31:00,106
13039,2009-12-17 16:43:00,2010-03-31 15:30:00,103
13040,2011-11-06 13:53:00,2011-12-01 10:38:00,24
13041,2010-04-29 08:43:00,2010-07-05 12:09:00,67
13042,2009-12-07 15:42:00,2010-02-02 15:49:00,57
13044,2010-01-08 14:46:00,2010-02-21 15:28:00,44
13045,2010-08-10 13:02:00,2010-11-03 12:49:00,84
13046,2010-09-09 13:09:00,2011-03-18 15:43:00,190
13047,2009-12-16 11:43:00,2010-01-08 09:23:00,22
13048,2010-01-27 12:55:00,2010-04-27 14:11:00,90
13049,2010-11-03 15:39:00,2010-11-15 14:44:00,11
13050,2009-12-15 15:06:00,2010-01-14 14:32:00,29
13051,2010-03-30 11:11:00,2010-05-10 09:14:00,40
13052,2010-02-23 12:31:00,2010-04-13 14:02:00,49
13055,2010-10-06 08:17:00,2011-05-10 08:58:00,216
13057,2010-03-18 12:14:00,2010-06-24 13:00:00,98
13058,2011-07-11 12:01:00,2011-10-12 13:28:00,93
13059,2010-03-31 12:23:00,2010-03-31 12:52:00,0
13064,2010-04-27 10:08:00,2010-06-07 16:28:00,41
13065,2010-06-10 11:44:00,2010-08-26 13:26:00,77
13066,2011-11-07 17:06:00,2011-11-15 12:57:00,7
13067,2010-09-19 13:43:00,2010-10-26 12:15:00,36
13068,2011-01-24 08:20:00,2011-11-29 15:00:00,309
13069,2010-06-14 14:27:00,2010-06-14 15:03:00,0
13070,2009-12-07 14:44:00,2010-04-29 10:48:00,142
13073,2010-09-28 09:27:00,2010-10-24 14:06:00,26
13074,2009-12-16 11:46:00,2010-01-19 10:07:00,33
13077,2009-12-11 11:17:00,2009-12-17 16:38:00,6
13078,2009-12-01 09:06:00,2009-12-08 13:28:00,7
13079,2010-10-18 14:15:00,2011-07-22 14:41:00,277
13080,2010-04-09 13:07:00,2010-05-27 11:52:00,47
13081,2009-12-08 13:58:00,2010-01-07 11:52:00,29
13082,2009-12-22 15:37:00,2009-12-22 15:40:00,0
13083,2010-10-10 13:38:00,2011-09-25 10:46:00,349
13085,2009-12-01 07:45:00,2009-12-01 07:46:00,0
13089,2009-12-02 15:44:00,2009-12-07 14:02:00,4
13090,2010-08-02 13:58:00,2010-08-02 14:07:00,0
13091,2009-12-10 12:44:00,2011-11-11 15:54:00,701
13092,2010-02-10 08:44:00,2010-03-21 14:06:00,39
13093,2009-12-04 10:32:00,2009-12-04 16:39:00,0
13094,2010-11-15 14:15:00,2010-12-06 10:34:00,20
13097,2009-12-01 13:31:00,2009-12-09 09:34:00,7
13098,2011-01-26 13:46:00,2011-02-08 11:32:00,12
13101,2010-01-27 15:49:00,2010-05-27 17:02:00,120
13102,2010-05-06 13:12:00,2010-05-24 12:26:00,17
13103,2010-05-11 14:41:00,2010-09-28 11:48:00,139
13104,2010-02-24 15:06:00,2010-06-24 10:02:00,119
13106,2010-10-22 13:10:00,2011-07-29 15:12:00,280
13107,2010-02-04 10:50:00,2010-04-08 10:52:00,63
13108,2010-09-30 17:09:00,2010-12-02 10:35:00,62
13109,2010-06-06 12:59:00,2011-07-05 14:56:00,394
13110,2009-12-01 14:14:00,2010-01-18 14:14:00,48
13113,2010-03-28 16:13:00,2010-05-02 15:48:00,34
13115,2010-04-19 13:29:00,2010-05-17 08:20:00,27
13117,2010-03-26 13:50:00,2010-04-26 10:45:00,30
13118,2010-09-26 15:46:00,2010-10-24 14:11:00,27
13122,2011-04-13 14:12:00,2011-09-06 15:53:00,146
13123,2010-06-28 12:43:00,2010-08-24 10:18:00,56
13124,2010-11-19 15:50:00,2010-12-15 15:00:00,25
13126,2010-03-02 12:24:00,2010-04-23 14:38:00,52
13129,2010-06-28 11:54:00,2010-09-13 13:47:00,77
13131,2010-02-09 09:47:00,2010-06-03 09:29:00,113
13133,2010-09-06 15:30:00,2011-02-08 15:48:00,155
13134,2010-10-19 13:21:00,2010-11-02 13:58:00,14
13135,2010-08-05 17:28:00,2011-05-27 10:52:00,294
13136,2009-12-08 18:30:00,2010-05-02 13:46:00,144
13137,2010-07-25 15:40:00,2010-09-07 10:19:00,43
13138,2010-11-08 11:45:00,2010-12-02 15:03:00,24
13139,2010-09-28 09:12:00,2011-03-25 11:57:00,178
13140,2010-08-05 19:05:00,2010-10-15 15:13:00,70
13141,2009-12-09 13:34:00,2010-01-25 13:46:00,47
13144,2010-10-04 14:14:00,2011-01-11 11:15:00,98
13145,2010-04-19 11:11:00,2010-07-11 12:07:00,83
13147,2011-09-01 12:28:00,2011-10-27 16:35:00,56
13148,2009-12-07 15:26:00,2010-01-21 14:30:00,44
13149,2011-02-23 13:57:00,2011-07-13 13:20:00,139
13150,2010-03-19 09:03:00,2010-08-12 12:58:00,146
13151,2010-03-22 10:26:00,2010-03-24 09:31:00,1
13152,2010-01-14 10:01:00,2010-02-21 15:58:00,38
13154,2009-12-04 08:46:00,2010-07-20 13:17:00,228
13155,2010-08-05 09:30:00,2010-10-22 14:49:00,78
13156,2010-02-01 13:45:00,2010-02-09 15:27:00,8
13157,2010-03-08 11:59:00,2010-05-14 10:40:00,66
13158,2010-11-16 17:12:00,2011-01-25 09:58:00,69
13159,2011-08-16 11:44:00,2011-08-25 15:12:00,9
13161,2010-07-27 12:44:00,2011-01-30 14:03:00,187
13162,2009-12-04 13:59:00,2009-12-15 08:01:00,10
13164,2010-02-10 11:52:00,2010-05-19 13:52:00,98
13165,2010-10-22 17:04:00,2010-12-23 14:06:00,61
13166,2010-10-21 14:29:00,2011-03-01 15:16:00,131
13167,2010-11-14 12:58:00,2011-07-19 12:13:00,246
13168,2010-06-15 15:00:00,2011-01-25 13:55:00,223
13169,2010-05-26 15:58:00,2011-04-01 14:24:00,309
13171,2011-02-13 14:16:00,2011-10-21 16:18:00,250
13173,2009-12-10 12:52:00,2010-01-07 13:16:00,28
13174,2009-12-04 15:40:00,2010-01-28 17:13:00,55
13175,2009-12-04 12:11:00,2010-05-06 13:13:00,153
13177,2010-10-05 10:35:00,2011-10-06 09:56:00,365
13178,2009-12-16 14:00:00,2010-01-17 15:22:00,32
13183,2010-03-14 12:32:00,2010-05-06 11:25:00,52
13184,2011-02-22 17:25:00,2011-04-01 12:24:00,37
13186,2011-08-03 09:09:00,2011-09-07 11:46:00,35
13187,2010-03-25 17:18:00,2010-03-25 19:03:00,0
13189,2011-08-16 13:12:00,2011-11-21 10:39:00,96
13190,2009-12-07 12:13:00,2010-01-31 12:12:00,54
13192,2010-01-22 08:37:00,2010-04-27 10:50:00,95
13194,2010-10-14 11:54:00,2011-07-27 09:01:00,285
13196,2010-04-01 12:54:00,2010-08-09 13:28:00,130
13198,2010-10-01 13:27:00,2010-11-17 14:25:00,47
13199,2009-12-05 10:11:00,2010-01-08 12:05:00,34
13200,2011-08-05 14:50:00,2011-09-26 14:00:00,51
13201,2010-03-07 11:01:00,2010-05-24 16:08:00,78
13202,2009-12-09 10:48:00,2010-03-02 10:08:00,82
13203,2009-12-17 14:15:00,2010-03-18 16:20:00,91
13206,2009-12-07 13:48:00,2009-12-13 13:09:00,5
13207,2010-04-06 16:37:00,2010-09-14 15:44:00,160
13208,2009-12-03 13:25:00,2010-06-24 18:06:00,203
13209,2010-01-24 14:30:00,2010-03-28 11:20:00,62
13211,2009-12-06 15:24:00,2010-03-14 13:43:00,97
13212,2011-10-09 14:48:00,2011-10-09 15:17:00,0
13213,2010-05-20 14:50:00,2010-07-22 12:26:00,62
13214,2010-03-03 14:10:00,2010-03-21 10:50:00,17
13217,2010-02-22 12:49:00,2011-07-06 12:08:00,498
13220,2010-05-13 10:35:00,2011-04-17 10:59:00,339
13221,2010-12-15 13:24:00,2011-04-13 16:58:00,119
13223,2010-02-12 13:27:00,2010-05-16 11:28:00,92
13224,2011-07-11 14:10:00,2011-10-10 14:55:00,91
13225,2009-12-17 09:09:00,2010-02-15 11:46:00,60
13226,2010-11-11 13:46:00,2011-03-11 14:35:00,120
13230,2010-03-18 20:02:00,2010-04-30 15:39:00,42
13232,2011-04-10 13:48:00,2011-05-15 12:33:00,34
13233,2010-01-14 14:10:00,2010-10-15 11:49:00,273
13234,2009-12-07 12:32:00,2010-02-05 11:41:00,59
13236,2011-08-25 08:58:00,2011-11-15 12:50:00,82
13238,2010-04-28 15:02:00,2010-10-05 12:38:00,159
13239,2010-07-25 13:34:00,2010-07-30 07:43:00,4
13240,2010-02-25 13:17:00,2010-02-25 13:31:00,0
13242,2010-02-09 13:12:00,2010-05-26 12:03:00,105
13243,2010-03-18 13:10:00,2010-09-16 13:06:00,181
13245,2010-10-03 14:03:00,2011-10-20 11:40:00,381
13246,2010-07-02 13:36:00,2010-09-10 13:59:00,70
13247,2011-09-18 11:31:00,2011-10-19 14:20:00,31
13248,2011-06-03 13:05:00,2011-08-07 12:40:00,64
13249,2010-01-24 12:11:00,2010-03-04 09:53:00,38
13250,2010-07-25 14:01:00,2010-09-05 11:33:00,41
13252,2010-03-24 10:30:00,2010-11-10 16:00:00,231
13253,2010-01-05 12:13:00,2010-10-05 13:33:00,273
13255,2010-07-15 13:20:00,2010-12-01 11:58:00,138
13258,2010-11-04 12:45:00,2010-11-25 10:54:00,20
13259,2010-01-10 10:26:00,2010-01-31 10:08:00,20
13261,2011-02-27 10:41:00,2011-03-16 12:22:00,17
13262,2010-04-18 12:14:00,2010-11-15 12:20:00,211
13263,2010-10-22 17:07:00,2010-10-29 15:34:00,6
13265,2011-03-11 09:54:00,2011-04-08 15:19:00,28
13266,2009-12-17 10:52:00,2010-03-04 11:28:00,77
13267,2009-12-07 16:56:00,2009-12-15 15:12:00,7
13268,2011-03-17 13:20:00,2011-03-30 16:52:00,13
13269,2009-12-02 11:47:00,2009-12-02 11:48:00,0
13272,2011-09-11 12:06:00,2011-11-08 14:00:00,58
13275,2010-03-17 14:05:00,2010-11-21 12:09:00,248
13276,2010-03-07 14:05:00,2010-07-25 15:38:00,140
13277,2010-06-18 08:45:00,2010-08-26 14:02:00,69
13278,2010-04-08 11:59:00,2010-08-17 11:30:00,130
13280,2010-03-05 09:07:00,2010-10-07 16:28:00,216
13282,2010-10-29 14:11:00,2011-05-03 12:03:00,185
13283,2010-03-09 14:36:00,2010-05-21 13:56:00,72
13285,2010-03-25 14:26:00,2010-04-18 13:38:00,23
13287,2010-01-04 10:43:00,2010-02-23 14:54:00,50
13288,2010-02-11 14:59:00,2010-02-25 11:28:00,13
13291,2010-02-11 18:36:00,2010-04-01 15:16:00,48
13292,2010-07-01 14:36:00,2010-08-02 13:39:00,31
13293,2010-02-09 12:05:00,2010-03-23 13:12:00,42
13294,2010-03-03 12:54:00,2011-04-04 12:37:00,396
13295,2010-05-12 09:13:00,2010-10-24 11:50:00,165
13296,2010-05-11 14:29:00,2010-06-09 08:41:00,28
13297,2010-06-15 12:35:00,2010-10-13 08:29:00,119
13299,2010-06-29 11:30:00,2010-10-12 10:53:00,104
13300,2010-05-14 15:56:00,2010-11-16 17:10:00,186
13301,2011-02-20 13:13:00,2011-05-01 11:55:00,69
13302,2010-07-01 12:32:00,2011-07-07 17:56:00,371
13304,2010-02-08 12:42:00,2010-06-11 13:55:00,123
13305,2010-03-10 14:49:00,2010-07-27 15:14:00,139
13307,2010-04-26 13:28:00,2010-08-09 12:56:00,104
13308,2010-04-22 09:22:00,2011-05-20 13:13:00,393
13309,2010-11-12 12:10:00,2011-02-04 12:29:00,84
13310,2010-11-02 17:03:00,2010-11-24 09:14:00,21
13311,2011-07-12 14:26:00,2011-12-05 12:55:00,145
13313,2009-12-02 16:18:00,2009-12-02 16:24:00,0
13314,2011-09-27 10:20:00,2011-10-07 13:09:00,10
13316,2010-03-10 10:01:00,2010-08-13 15:07:00,156
13317,2009-12-13 11:11:00,2010-02-17 14:47:00,66
13318,2011-11-02 13:26:00,2011-12-04 12:17:00,31
13319,2009-12-06 14:46:00,2009-12-15 14:14:00,8
13320,2010-08-18 10:29:00,2010-10-01 14:59:00,44
13321,2011-09-14 15:18:00,2011-09-28 15:24:00,14
13323,2011-09-16 13:23:00,2011-11-07 16:00:00,52
13324,2010-05-25 10:23:00,2010-06-23 14:10:00,29
13327,2009-12-18 15:35:00,2010-01-24 13:54:00,36
13329,2009-12-04 15:41:00,2010-07-30 14:15:00,237
13330,2010-02-23 10:12:00,2010-05-23 11:02:00,89
13333,2010-02-19 09:26:00,2010-09-08 09:23:00,200
13334,2010-02-25 12:21:00,2010-06-21 13:52:00,116
13338,2010-01-05 12:25:00,2010-05-28 11:47:00,142
13340,2010-02-22 14:54:00,2010-02-22 14:59:00,0
13344,2011-03-07 10:28:00,2011-10-03 09:44:00,209
13346,2010-04-22 12:34:00,2010-05-17 15:36:00,25
13350,2011-09-21 13:33:00,2011-11-23 16:33:00,63
13357,2010-03-22 14:30:00,2010-03-22 14:38:00,0
13359,2010-11-01 15:05:00,2011-10-07 09:30:00,339
13360,2010-01-08 11:16:00,2010-01-14 17:59:00,6
13361,2010-04-01 07:49:00,2010-08-24 14:56:00,145
13362,2010-10-10 15:27:00,2010-10-28 09:27:00,17
13363,2010-10-26 11:07:00,2011-10-27 10:46:00,365
13365,2011-05-06 12:00:00,2011-11-06 12:36:00,184
13368,2010-10-12 10:43:00,2010-10-21 09:43:00,8
13371,2010-03-17 15:29:00,2010-07-22 17:33:00,127
13373,2009-12-06 12:34:00,2010-03-28 16:17:00,112
13374,2010-09-16 10:29:00,2010-10-21 10:04:00,34
13375,2010-09-21 08:12:00,2011-09-12 10:19:00,356
13376,2011-04-19 13:03:00,2011-05-20 09:08:00,30
13377,2010-03-04 10:06:00,2010-11-08 12:20:00,249
13379,2011-07-26 12:26:00,2011-10-02 15:18:00,68
13381,2009-12-01 15:19:00,2010-02-16 10:45:00,76
13382,2009-12-08 09:56:00,2010-03-15 09:11:00,96
13384,2010-07-27 12:22:00,2010-09-08 15:06:00,43
13386,2010-09-28 13:09:00,2010-10-21 12:52:00,22
13388,2010-04-15 10:18:00,2011-07-31 12:52:00,472
13389,2011-04-21 12:12:00,2011-09-26 09:52:00,157
13393,2009-12-07 18:12:00,2009-12-15 15:36:00,7
13394,2009-12-01 11:58:00,2010-01-07 14:04:00,37
13395,2010-10-14 13:00:00,2010-11-04 14:00:00,21
13396,2011-01-24 13:37:00,2011-11-10 16:59:00,290
13397,2010-01-20 09:50:00,2010-02-16 12:29:00,27
13398,2010-09-17 09:34:00,2011-05-31 13:17:00,256
13399,2010-07-08 17:47:00,2010-07-22 10:24:00,13
13402,2010-05-24 10:56:00,2010-07-22 08:24:00,58
13403,2009-12-16 13:23:00,2010-11-17 11:38:00,335
13404,2011-05-11 11:57:00,2011-12-08 15:37:00,211
13405,2009-12-15 14:13:00,2010-05-19 14:23:00,155
13406,2010-03-18 07:29:00,2010-10-08 14:44:00,204
13407,2010-02-16 11:13:00,2010-04-19 16:48:00,62
13408,2009-12-04 09:31:00,2009-12-08 12:27:00,4
13410,2009-12-08 13:43:00,2010-01-10 11:59:00,32
13413,2010-01-21 17:43:00,2010-02-28 13:27:00,37
13414,2010-04-15 17:00:00,2010-06-27 12:54:00,72
13415,2009-12-11 14:20:00,2010-03-19 14:56:00,98
13416,2009-12-03 13:02:00,2011-09-19 14:43:00,655
13417,2010-02-08 12:39:00,2010-03-31 14:31:00,51
13418,2009-12-11 12:51:00,2010-03-11 13:13:00,90
13420,2011-06-22 11:35:00,2011-07-13 08:48:00,20
13421,2010-02-14 14:45:00,2010-02-14 14:54:00,0
13425,2010-05-09 14:35:00,2010-07-19 12:56:00,70
13426,2009-12-09 15:16:00,2009-12-16 15:16:00,7
13427,2009-12-17 13:44:00,2010-06-18 09:28:00,182
13428,2010-07-13 13:20:00,2010-07-13 13:33:00,0
13429,2011-09-25 15:59:00,2011-10-10 12:51:00,14
13430,2011-09-14 14:26:00,2011-11-21 08:19:00,67
13431,2010-02-18 11:53:00,2010-04-21 12:30:00,62
13432,2010-04-06 14:42:00,2010-05-17 13:18:00,40
13433,2010-01-12 08:59:00,2010-04-15 10:35:00,93
13434,2010-02-22 09:54:00,2010-09-05 14:13:00,195
13435,2010-07-27 16:56:00,2010-11-28 13:51:00,123
13437,2011-06-02 14:30:00,2011-06-23 12:13:00,20
13439,2010-07-01 14:36:00,2010-11-16 15:24:00,138
13440,2010-09-14 10:34:00,2010-09-21 20:38:00,7
13441,2010-10-04 10:38:00,2011-09-09 09:38:00,339
13442,2009-12-01 14:59:00,2010-01-05 16:04:00,35
13443,2010-01-31 13:30:00,2010-04-08 16:45:00,67
13444,2010-07-21 14:34:00,2010-11-30 13:02:00,131
13446,2010-02-14 11:52:00,2010-03-05 13:19:00,19
13447,2011-11-04 10:10:00,2011-11-06 11:56:00,2
13448,2009-12-06 12:14:00,2009-12-17 11:58:00,10
13450,2010-04-15 19:15:00,2010-05-11 08:54:00,25
13451,2010-03-21 16:13:00,2010-05-16 16:05:00,55
13452,2010-08-24 09:53:00,2011-03-14 11:38:00,202
13453,2010-11-02 13:23:00,2011-02-23 09:44:00,112
13455,2009-12-09 08:58:00,2009-12-22 15:05:00,13
13456,2011-05-16 15:34:00,2011-06-17 08:52:00,31
13457,2009-12-02 12:46:00,2010-01-20 08:48:00,48
13458,2010-11-16 14:01:00,2010-11-25 15:02:00,9
13459,2010-01-26 13:35:00,2010-03-25 10:24:00,57
13460,2011-10-21 09:50:00,2011-11-10 17:17:00,20
13461,2010-04-21 16:01:00,2010-07-14 13:34:00,83
13462,2009-12-14 09:48:00,2010-01-19 10:45:00,36
13464,2010-03-31 15:22:00,2010-08-23 16:11:00,145
13465,2010-05-02 15:30:00,2010-09-19 15:13:00,139
13466,2010-03-21 13:50:00,2010-07-27 09:42:00,127
13467,2011-11-03 16:56:00,2011-11-29 10:01:00,25
13468,2009-12-03 13:32:00,2009-12-15 09:34:00,11
13470,2011-08-16 17:06:00,2011-09-01 14:57:00,15
13471,2011-10-23 13:10:00,2011-11-18 09:57:00,25
13472,2010-06-02 09:48:00,2010-09-02 09:41:00,91
13473,2009-12-15 19:02:00,2010-03-02 15:28:00,76
13474,2010-08-01 14:40:00,2010-09-22 09:21:00,51
13475,2011-02-14 12:36:00,2011-03-23 09:43:00,36
13476,2010-03-05 09:39:00,2010-08-10 10:29:00,158
13477,2010-01-25 11:52:00,2010-04-29 12:21:00,94
13478,2010-01-31 15:51:00,2010-03-17 14:23:00,44
13479,2010-08-19 16:18:00,2010-09-13 13:29:00,24
13480,2010-01-29 12:35:00,2010-10-19 11:53:00,262
13481,2009-12-04 12:37:00,2010-03-15 09:46:00,100
13482,2010-03-22 10:31:00,2011-04-21 17:03:00,395
13484,2010-03-10 11:46:00,2010-11-21 13:48:00,256
13485,2009-12-03 13:46:00,2009-12-08 12:13:00,4
13486,2011-07-07 17:19:00,2011-08-03 13:10:00,26
13487,2009-12-05 10:25:00,2010-07-22 10:41:00,229
13488,2010-01-25 10:13:00,2010-05-17 12:05:00,112
13489,2011-02-18 10:42:00,2011-02-23 13:43:00,5
13491,2009-12-07 08:24:00,2009-12-09 07:01:00,1
13492,2011-05-09 10:06:00,2011-07-01 08:55:00,52
13493,2011-02-25 16:42:00,2011-03-09 15:35:00,11
13495,2009-12-07 12:12:00,2009-12-15 10:50:00,7
13496,2010-12-15 10:17:00,2011-11-29 10:58:00,349
13497,2010-02-08 10:27:00,2010-03-08 12:19:00,28
13499,2011-03-15 08:52:00,2011-04-28 14:59:00,44
13500,2010-11-03 13:16:00,2011-08-09 12:20:00,278
13501,2010-05-18 13:24:00,2010-08-10 13:01:00,83
13502,2010-06-09 10:52:00,2010-10-20 10:15:00,132
13503,2010-02-16 13:49:00,2010-02-16 14:11:00,0
13505,2011-04-21 12:07:00,2011-05-31 15:41:00,40
13506,2010-09-05 12:33:00,2010-10-20 13:25:00,45
13507,2011-07-17 11:50:00,2011-08-24 15:12:00,38
13508,2010-03-07 11:58:00,2011-04-10 11:58:00,399
13509,2010-07-20 12:10:00,2011-02-28 13:27:00,223
13510,2009-12-21 11:53:00,2010-02-01 11:20:00,41
13512,2010-05-05 13:22:00,2010-08-16 09:15:00,102
13513,2010-02-22 16:36:00,2010-09-24 16:25:00,213
13514,2010-01-26 15:11:00,2010-05-09 10:38:00,102
13515,2010-03-05 11:58:00,2010-09-16 15:07:00,195
13516,2010-10-18 08:52:00,2011-04-15 11:06:00,179
13517,2011-06-13 08:44:00,2011-08-25 11:40:00,73
13519,2010-09-23 11:45:00,2011-09-22 18:24:00,364
13520,2009-12-17 11:11:00,2010-02-11 09:41:00,55
13521,2011-11-29 15:09:00,2011-12-04 14:55:00,4
13523,2010-11-02 14:55:00,2010-12-08 14:22:00,35
13524,2011-05-04 12:26:00,2011-06-19 15:56:00,46
13525,2011-04-05 15:36:00,2011-11-25 12:01:00,233
13526,2009-12-01 12:56:00,2009-12-01 13:13:00,0
13527,2010-01-21 12:37:00,2010-01-24 12:31:00,2
13529,2011-05-19 11:50:00,2011-09-22 09:15:00,125
13531,2009-12-03 15:20:00,2010-04-23 10:48:00,140
13533,2011-03-17 12:47:00,2011-03-17 12:53:00,0
13534,2010-07-07 15:00:00,2010-07-23 11:29:00,15
13536,2011-09-25 13:30:00,2011-10-18 08:12:00,22
13537,2010-09-14 10:41:00,2010-10-10 12:45:00,26
13538,2010-02-02 12:47:00,2010-02-21 16:09:00,19
13539,2010-04-28 12:04:00,2010-05-07 09:53:00,8
13540,2010-02-22 09:22:00,2010-02-22 09:24:00,0
13541,2010-05-18 16:15:00,2010-10-08 16:37:00,143
13542,2009-12-10 19:53:00,2009-12-20 11:50:00,9
13543,2010-01-21 14:30:00,2010-03-15 13:34:00,52
13544,2010-03-05 11:31:00,2010-06-01 11:38:00,88
13545,2010-06-13 11:49:00,2010-11-14 11:27:00,153
13546,2010-10-11 17:23:00,2010-11-22 17:33:00,42
13548,2010-08-25 13:44:00,2011-04-10 11:35:00,227
13549,2010-11-17 12:17:00,2011-04-11 13:42:00,145
13551,2010-02-11 15:01:00,2011-01-24 14:46:00,346
13552,2010-02-19 13:28:00,2010-02-19 13:29:00,0
13554,2010-09-19 12:39:00,2010-09-28 16:25:00,9
13555,2010-01-19 13:20:00,2010-01-19 13:33:00,0
13556,2010-09-30 09:01:00,2010-10-06 16:44:00,6
13557,2009-12-08 17:41:00,2009-12-17 14:01:00,8
13558,2011-10-02 13:01:00,2011-10-09 11:15:00,6
13559,2010-06-14 11:52:00,2010-07-15 09:52:00,30
13561,2010-02-28 13:42:00,2010-03-07 14:25:00,7
13562,2010-01-14 16:33:00,2010-02-03 15:52:00,19
13563,2011-07-22 17:21:00,2011-09-16 14:45:00,55
13564,2009-12-02 11:55:00,2009-12-07 12:08:00,5
13565,2010-10-24 15:51:00,2011-01-09 14:28:00,76
13566,2010-03-10 12:22:00,2010-07-18 12:20:00,129
13567,2010-06-16 12:48:00,2010-08-24 14:20:00,69
13569,2010-10-07 13:05:00,2010-11-23 12:54:00,46
13571,2009-12-08 13:02:00,2010-02-21 14:57:00,75
13573,2010-03-12 16:06:00,2010-09-16 15:46:00,187
13575,2011-06-16 14:24:00,2011-07-29 11:28:00,42
13576,2009-12-08 15:12:00,2010-01-13 11:57:00,35
13577,2009-12-14 16:10:00,2009-12-15 11:56:00,0
13579,2010-02-18 13:53:00,2010-09-10 12:24:00,203
13581,2010-10-21 16:30:00,2011-02-03 14:41:00,104
13582,2010-04-01 11:38:00,2010-11-15 11:34:00,227
13583,2010-01-29 13:53:00,2011-07-07 10:40:00,523
13584,2010-02-02 08:40:00,2010-07-29 13:36:00,177
13585,2009-12-01 14:56:00,2010-05-10 16:04:00,160
13587,2010-02-14 13:17:00,2010-09-16 13:50:00,214
13588,2011-03-29 15:53:00,2011-07-26 09:27:00,118
13589,2009-12-06 10:26:00,2010-05-09 11:16:00,154
13590,2009-12-01 13:37:00,2010-01-27 12:50:00,56
13591,2009-12-14 15:44:00,2010-04-15 17:24:00,122
13592,2011-03-20 14:01:00,2011-05-10 15:48:00,51
13593,2010-03-02 16:36:00,2010-03-02 17:10:00,0
13594,2010-08-11 10:23:00,2011-10-18 10:19:00,432
13595,2010-03-03 14:42:00,2010-05-09 10:47:00,66
13596,2011-11-27 11:57:00,2011-12-04 12:01:00,7
13597,2010-11-02 09:30:00,2010-11-04 14:54:00,2
13598,2010-02-26 11:22:00,2010-02-26 11:26:00,0
13599,2009-12-01 12:30:00,2009-12-15 16:34:00,14
13600,2010-03-15 17:16:00,2011-01-31 15:27:00,321
13601,2010-06-11 15:03:00,2010-11-12 15:20:00,154
13602,2010-05-28 11:49:00,2010-09-30 11:51:00,125
13605,2010-05-17 15:46:00,2010-11-17 17:16:00,184
13606,2011-02-01 11:42:00,2011-04-10 12:52:00,68
13607,2010-11-02 11:48:00,2011-10-30 16:17:00,362
13610,2010-01-05 14:12:00,2010-01-26 14:05:00,20
13611,2009-12-03 07:57:00,2010-03-24 11:52:00,111
13613,2010-02-17 12:40:00,2010-03-23 15:52:00,34
13614,2010-06-06 13:42:00,2010-11-11 12:20:00,157
13615,2010-01-28 15:43:00,2010-03-28 13:40:00,58
13616,2010-01-17 14:56:00,2010-05-20 12:59:00,122
13617,2010-08-01 15:23:00,2010-09-05 15:47:00,35
13619,2010-02-03 14:16:00,2010-06-13 11:39:00,129
13623,2009-12-02 13:57:00,2010-01-21 13:21:00,49
13626,2010-11-25 16:12:00,2011-04-01 10:05:00,126
13627,2010-03-09 14:03:00,2010-08-08 14:32:00,152
13629,2010-02-11 17:34:00,2010-04-14 13:24:00,61
13630,2011-02-27 12:49:00,2011-04-08 15:49:00,40
13631,2011-03-17 17:13:00,2011-05-17 16:21:00,60
13632,2010-04-07 10:59:00,2010-05-12 15:02:00,35
13634,2010-01-10 14:26:00,2010-01-17 14:07:00,6
13635,2009-12-01 09:46:00,2009-12-15 12:13:00,14
13636,2011-02-27 14:29:00,2011-03-24 09:50:00,24
13637,2011-04-27 13:06:00,2011-06-05 13:24:00,39
13639,2010-09-29 10:05:00,2011-09-26 13:36:00,362
13641,2009-12-05 13:17:00,2009-12-16 12:24:00,10
13642,2010-10-03 12:23:00,2010-10-03 12:29:00,0
13643,2009-12-08 12:48:00,2010-03-09 09:15:00,90
13644,2011-08-26 11:53:00,2011-09-27 10:27:00,31
13646,2010-11-05 12:00:00,2010-11-05 12:13:00,0
13647,2010-04-15 12:55:00,2010-05-23 10:54:00,37
13648,2009-12-01 18:13:00,2010-02-07 14:11:00,67
13649,2010-06-30 16:35:00,2010-07-15 12:36:00,14
13650,2010-01-26 08:44:00,2010-05-18 13:26:00,112
13651,2010-11-23 09:44:00,2011-10-31 12:11:00,342
13652,2010-02-25 17:37:00,2010-10-07 14:28:00,223
13654,2009-12-02 11:43:00,2010-03-03 16:21:00,91
13655,2010-04-27 09:59:00,2010-04-29 10:38:00,2
13656,2010-04-23 12:50:00,2010-07-28 10:48:00,95
13657,2011-05-22 12:35:00,2011-11-29 12:32:00,190
13658,2010-02-05 13:17:00,2010-06-10 15:22:00,125
13659,2010-02-17 09:05:00,2010-03-11 10:52:00,22
13662,2010-02-19 13:21:00,2010-02-19 13:23:00,0
13663,2010-03-03 10:11:00,2010-10-13 14:57:00,224
13665,2010-07-23 13:29:00,2010-10-13 14:46:00,82
13666,2009-12-04 10:48:00,2010-10-15 15:46:00,315
13668,2009-12-11 14:28:00,2010-01-20 12:06:00,39
13669,2010-10-28 15:05:00,2011-07-13 11:44:00,257
13672,2009-12-09 11:40:00,2011-01-11 13:54:00,398
13673,2011-11-07 15:40:00,2011-11-21 12:11:00,13
13675,2011-02-28 12:14:00,2011-07-11 12:57:00,133
13676,2010-03-30 16:53:00,2010-06-18 17:30:00,80
13677,2010-07-07 17:25:00,2010-10-31 11:32:00,115
13679,2009-12-04 16:52:00,2010-04-19 17:11:00,136
13680,2009-12-04 14:14:00,2009-12-09 13:44:00,4
13681,2011-07-07 15:21:00,2011-10-02 11:41:00,86
13684,2010-03-28 14:48:00,2010-05-26 13:23:00,58
13685,2011-10-10 12:59:00,2011-10-17 10:17:00,6
13686,2010-11-03 13:44:00,2010-11-24 14:44:00,21
13689,2010-09-21 10:27:00,2011-10-07 13:21:00,381
13692,2010-10-15 13:28:00,2010-10-27 09:57:00,11
13693,2009-12-07 11:29:00,2009-12-10 10:42:00,2
13694,2009-12-04 15:26:00,2009-12-04 15:27:00,0
13695,2010-05-11 11:07:00,2011-03-25 11:31:00,318
13696,2010-02-11 14:17:00,2010-04-27 11:53:00,74
13698,2010-01-27 09:02:00,2010-04-22 11:52:00,85
13699,2010-06-07 13:03:00,2011-07-07 16:51:00,395
13700,2010-02-07 10:53:00,2010-02-09 16:01:00,2
13703,2010-10-20 13:11:00,2011-01-25 13:10:00,96
13704,2011-09-12 14:40:00,2011-09-13 15:41:00,1
13705,2010-03-25 17:19:00,2010-06-18 14:47:00,84
13706,2010-03-23 09:18:00,2011-02-10 09:21:00,324
13707,2010-06-21 11:57:00,2010-10-06 10:04:00,106
13709,2010-01-11 10:40:00,2010-03-31 10:49:00,79
13710,2010-04-06 12:54:00,2010-10-12 10:22:00,188
13711,2009-12-15 19:04:00,2010-01-07 18:34:00,22
13712,2010-04-08 11:16:00,2011-04-07 12:33:00,364
13713,2010-05-05 16:48:00,2010-08-25 16:11:00,111
13715,2010-03-11 15:33:00,2010-04-28 14:53:00,47
13717,2010-08-11 09:40:00,2010-09-08 16:17:00,28
13718,2011-02-17 11:58:00,2011-04-07 13:24:00,49
13719,2010-05-17 14:36:00,2010-06-01 16:06:00,15
13720,2011-03-30 09:17:00,2011-04-15 15:17:00,16
13721,2010-11-09 17:59:00,2011-11-03 14:05:00,358
13722,2010-03-03 14:13:00,2010-07-27 10:48:00,145
13723,2010-04-07 14:32:00,2010-05-28 11:53:00,50
13725,2011-02-04 12:18:00,2011-02-07 15:14:00,3
13726,2011-08-31 11:06:00,2011-11-01 10:49:00,61
13727,2009-12-09 13:25:00,2010-01-07 11:47:00,28
13728,2009-12-09 17:13:00,2010-01-08 11:13:00,29
13729,2010-01-24 14:57:00,2010-09-27 10:50:00,245
13730,2011-07-01 12:47:00,2011-07-27 08:35:00,25
13731,2011-04-07 10:10:00,2011-05-04 14:33:00,27
13733,2009-12-04 15:28:00,2010-10-25 12:18:00,324
13734,2010-04-16 08:42:00,2010-07-09 13:53:00,84
13735,2009-12-13 13:31:00,2010-01-21 13:33:00,39
13736,2009-12-06 12:07:00,2010-06-13 11:36:00,188
13739,2010-06-30 10:25:00,2011-11-21 13:35:00,509
13740,2009-12-02 12:22:00,2010-05-12 09:39:00,160
13741,2011-05-06 13:43:00,2011-06-09 07:53:00,33
13742,2011-01-23 14:59:00,2011-02-13 12:03:00,20
13743,2011-03-25 14:46:00,2011-05-06 14:32:00,41
13744,2011-02-20 14:08:00,2011-09-05 15:19:00,197
13745,2010-06-11 17:19:00,2011-06-30 16:43:00,383
13747,2010-10-11 09:15:00,2010-12-01 10:37:00,51
13748,2009-12-01 16:44:00,2010-10-18 09:10:00,320
13750,2010-04-01 14:49:00,2010-05-06 11:22:00,34
13752,2010-06-30 10:23:00,2011-04-07 12:04:00,281
13753,2009-12-03 10:20:00,2010-02-26 12:10:00,85
13754,2010-09-28 15:29:00,2011-01-26 14:58:00,119
13755,2011-10-07 15:45:00,2011-10-20 10:15:00,12
13756,2009-12-15 15:18:00,2010-01-20 16:00:00,36
13758,2009-12-01 10:06:00,2009-12-15 12:43:00,14
13759,2011-09-29 15:40:00,2011-11-06 14:47:00,37
13760,2010-04-25 13:10:00,2010-06-22 13:19:00,58
13761,2010-02-21 11:08:00,2010-05-14 09:36:00,81
13762,2010-01-10 12:13:00,2010-02-28 11:54:00,48
13763,2010-09-30 17:39:00,2010-10-18 13:25:00,17
13764,2010-03-07 12:56:00,2010-03-07 13:08:00,0
13767,2009-12-01 10:52:00,2009-12-07 16:17:00,6
13768,2009-12-09 10:25:00,2009-12-13 10:41:00,4
13769,2009-12-16 11:59:00,2010-02-19 10:41:00,64
13770,2009-12-09 14:44:00,2010-03-04 10:41:00,84
13771,2010-02-25 12:37:00,2010-05-27 12:15:00,90
13772,2010-02-23 13:55:00,2010-05-06 11:49:00,71
13773,2010-02-18 10:27:00,2010-11-08 11:49:00,263
13777,2009-12-02 09:47:00,2009-12-02 09:49:00,0
13778,2010-05-23 13:34:00,2010-06-24 12:13:00,31
13780,2010-10-28 19:51:00,2011-06-22 11:43:00,236
13781,2009-12-18 15:46:00,2010-04-26 14:30:00,128
13782,2009-12-06 12:52:00,2010-01-17 13:29:00,42
13783,2010-02-04 13:47:00,2010-03-10 11:21:00,33
13784,2010-09-15 12:27:00,2010-09-26 11:50:00,10
13785,2010-09-05 16:01:00,2010-09-06 10:37:00,0
13786,2009-12-03 15:32:00,2010-03-15 16:36:00,102
13787,2010-01-14 10:13:00,2010-02-22 11:42:00,39
13791,2011-06-24 16:38:00,2011-08-04 11:44:00,40
13792,2010-10-13 11:05:00,2011-02-25 14:03:00,135
13795,2010-03-12 12:44:00,2010-07-21 11:39:00,130
13797,2010-03-02 12:17:00,2010-05-20 12:53:00,79
13798,2009-12-08 16:21:00,2009-12-15 15:16:00,6
13799,2010-03-05 16:39:00,2010-04-11 12:05:00,36
13800,2009-12-03 10:03:00,2010-10-05 14:19:00,306
13802,2010-02-16 10:11:00,2010-03-14 12:01:00,26
13803,2010-03-31 10:00:00,2010-10-04 10:52:00,187
13804,2010-09-29 10:26:00,2010-09-30 16:20:00,1
13805,2011-08-02 15:29:00,2011-10-18 14:50:00,76
13807,2009-12-04 12:41:00,2010-05-14 14:53:00,161
13808,2011-09-04 12:07:00,2011-09-07 12:10:00,3
13809,2010-09-05 11:42:00,2010-11-10 09:35:00,65
13810,2011-10-14 12:57:00,2011-11-11 08:33:00,27
13811,2011-04-14 18:40:00,2011-06-09 09:54:00,55
13812,2011-08-26 12:54:00,2011-10-06 14:37:00,41
13813,2009-12-06 10:16:00,2010-02-10 13:04:00,66
13814,2010-06-30 14:12:00,2011-07-25 13:54:00,389
13815,2010-02-12 10:26:00,2010-06-07 09:37:00,114
13816,2011-10-06 14:37:00,2011-11-16 08:38:00,40
13817,2010-12-23 11:46:00,2011-11-10 17:49:00,322
13819,2009-12-01 16:18:00,2009-12-11 14:33:00,9
13820,2010-01-28 12:26:00,2010-03-03 11:57:00,33
13821,2010-01-04 13:36:00,2010-01-07 12:37:00,2
13822,2011-10-30 15:55:00,2011-12-04 12:13:00,34
13823,2009-12-15 14:34:00,2010-02-05 09:49:00,51
13824,2010-03-12 15:17:00,2010-04-29 12:30:00,47
13825,2009-12-09 14:30:00,2010-03-28 11:02:00,108
13827,2011-07-19 15:38:00,2011-07-29 11:45:00,9
13831,2009-12-10 14:50:00,2009-12-16 12:41:00,5
13832,2010-10-13 14:41:00,2011-11-20 15:36:00,403
13833,2010-10-31 14:11:00,2011-07-03 13:27:00,244
13834,2010-02-08 12:52:00,2010-05-12 10:27:00,92
13835,2010-03-04 08:26:00,2010-03-24 12:32:00,20
13836,2010-10-21 13:27:00,2010-11-05 13:31:00,15
13837,2011-01-26 12:15:00,2011-05-12 12:10:00,105
13838,2010-05-09 11:40:00,2010-10-03 12:07:00,147
13842,2010-02-16 15:54:00,2010-02-16 15:55:00,0
13846,2010-11-05 09:47:00,2010-12-14 16:07:00,39
13848,2009-12-09 16:17:00,2010-03-21 12:01:00,101
13849,2010-03-25 12:03:00,2010-10-01 14:57:00,190
13851,2010-01-29 11:54:00,2010-09-24 09:41:00,237
13854,2010-01-08 11:28:00,2010-02-02 12:03:00,25
13855,2009-12-08 16:56:00,2009-12-18 14:54:00,9
13856,2010-03-30 15:40:00,2010-04-20 11:57:00,20
13857,2010-05-17 14:21:00,2010-08-08 12:16:00,82
13859,2010-06-28 15:36:00,2011-01-17 16:14:00,203
13860,2011-09-14 09:27:00,2011-10-18 14:34:00,34
13861,2010-06-27 11:37:00,2010-10-06 14:20:00,101
13862,2010-11-15 13:43:00,2011-01-11 15:13:00,57
13863,2010-04-25 13:09:00,2010-06-15 13:12:00,51
13865,2011-02-23 12:04:00,2011-06-06 08:04:00,102
13867,2011-05-05 17:28:00,2011-09-26 12:23:00,143
13868,2011-11-01 12:45:00,2011-12-02 16:32:00,31
13869,2010-01-17 14:53:00,2010-03-23 14:22:00,64
13870,2010-02-08 12:08:00,2010-05-06 16:50:00,87
13871,2009-12-20 13:09:00,2010-03-28 10:51:00,97
13872,2009-12-14 09:56:00,2010-03-23 13:34:00,99
13873,2010-03-03 12:31:00,2010-05-14 12:17:00,71
13874,2010-02-04 18:39:00,2010-03-09 12:25:00,32
13875,2009-12-17 10:30:00,2010-02-04 10:37:00,49
13877,2010-01-19 10:53:00,2010-08-26 17:19:00,219
13878,2010-04-14 13:50:00,2010-05-13 12:07:00,28
13880,2010-05-26 14:29:00,2010-08-10 15:31:00,76
13881,2010-03-04 14:41:00,2010-03-19 10:44:00,14
13882,2011-10-06 15:28:00,2011-10-27 12:53:00,20
13883,2010-02-28 12:53:00,2010-03-15 10:03:00,14
13884,2010-08-26 19:57:00,2010-11-07 16:19:00,72
13885,2011-05-23 08:52:00,2011-06-03 15:07:00,11
13888,2010-05-13 11:57:00,2010-05-13 11:57:00,0
13889,2010-01-22 14:32:00,2010-02-26 13:28:00,34
13890,2009-12-06 15:15:00,2010-03-03 16:33:00,87
13891,2010-05-06 16:02:00,2010-10-21 13:23:00,167
13892,2010-05-13 10:32:00,2010-08-19 09:07:00,97
13894,2011-02-02 12:54:00,2011-11-16 09:43:00,286
13895,2009-12-03 13:09:00,2010-07-12 10:46:00,220
13897,2010-01-31 13:48:00,2010-09-27 13:36:00,238
13898,2010-10-24 15:42:00,2011-01-18 10:28:00,85
13899,2011-03-10 09:30:00,2011-11-23 13:40:00,258
13900,2010-03-25 13:46:00,2010-07-23 14:38:00,120
13901,2010-01-05 09:29:00,2010-02-17 09:53:00,43
13902,2009-12-15 10:02:00,2010-01-21 15:11:00,37
13904,2011-02-18 11:18:00,2011-11-02 13:41:00,257
13908,2011-03-08 12:04:00,2011-05-09 10:24:00,61
13909,2010-07-06 16:52:00,2010-10-12 17:22:00,98
13911,2010-03-01 16:31:00,2010-03-08 15:15:00,6
13914,2011-11-03 16:28:00,2011-11-28 10:35:00,24
13916,2010-02-02 10:06:00,2010-06-02 13:44:00,120
13917,2011-06-01 12:46:00,2011-10-21 09:56:00,141
13918,2011-03-31 18:05:00,2011-10-21 12:25:00,203
13919,2010-06-17 09:30:00,2010-10-11 11:53:00,116
13920,2010-05-26 15:48:00,2010-08-06 12:13:00,71
13921,2009-12-18 12:19:00,2010-06-17 11:40:00,180
13922,2010-08-29 14:36:00,2010-09-28 17:26:00,30
13924,2011-09-28 15:07:00,2011-10-26 13:44:00,27
13925,2011-07-28 12:09:00,2011-08-10 12:41:00,13
13927,2010-09-28 16:12:00,2011-09-26 12:00:00,362
13928,2011-07-29 15:59:00,2011-08-25 12:13:00,26
13929,2010-01-14 07:25:00,2010-02-19 11:54:00,36
13930,2011-07-26 11:00:00,2011-10-13 09:45:00,78
13931,2009-12-03 10:26:00,2009-12-03 10:28:00,0
13933,2011-07-14 13:35:00,2011-08-22 14:03:00,39
13935,2010-02-25 16:01:00,2010-03-17 10:16:00,19
13936,2010-10-21 14:21:00,2010-11-22 10:34:00,31
13937,2010-11-02 12:37:00,2011-06-23 16:35:00,233
13939,2010-04-06 12:43:00,2010-04-19 12:49:00,13
13940,2011-07-18 16:05:00,2011-08-15 12:47:00,27
13941,2009-12-16 16:10:00,2010-01-27 11:53:00,41
13945,2010-08-17 09:59:00,2010-11-10 10:00:00,85
13946,2009-12-04 11:07:00,2010-03-15 11:00:00,100
13948,2009-12-04 12:14:00,2010-03-01 12:16:00,87
13949,2011-09-06 11:55:00,2011-09-23 10:14:00,16
13950,2011-04-07 11:29:00,2011-09-27 14:52:00,173
13951,2011-02-18 15:21:00,2011-04-17 13:20:00,57
13952,2009-12-16 09:41:00,2010-02-18 18:20:00,64
13953,2009-12-11 12:58:00,2010-02-04 12:26:00,54
13954,2011-09-30 10:52:00,2011-12-08 12:50:00,69
13955,2010-11-29 17:35:00,2011-02-07 12:24:00,69
13956,2011-03-13 12:51:00,2011-04-10 16:04:00,28
13957,2010-02-19 10:32:00,2010-05-16 14:50:00,86
13958,2009-12-05 13:12:00,2009-12-05 13:13:00,0
13959,2010-07-16 15:11:00,2010-10-11 14:15:00,86
13960,2011-09-29 12:39:00,2011-11-18 15:27:00,50
13962,2010-09-30 10:35:00,2011-04-08 11:21:00,190
13963,2010-04-21 16:20:00,2010-05-24 10:54:00,32
13964,2010-10-05 12:38:00,2010-11-17 13:53:00,43
13965,2010-01-05 15:21:00,2010-02-08 16:11:00,34
13967,2010-11-08 13:24:00,2011-07-17 12:02:00,250
13969,2010-03-25 13:15:00,2010-04-29 13:32:00,35
13970,2010-09-28 11:53:00,2010-11-18 13:21:00,51
13971,2010-01-26 09:51:00,2010-04-09 13:00:00,73
13972,2011-05-22 11:34:00,2011-09-30 11:54:00,131
13974,2010-05-06 17:55:00,2011-10-21 14:41:00,532
13975,2010-02-02 13:13:00,2010-03-29 13:10:00,54
13976,2010-02-09 13:08:00,2010-04-28 15:54:00,78
13978,2011-10-25 15:04:00,2011-11-25 11:36:00,30
13979,2009-12-03 10:02:00,2010-03-01 15:47:00,88
13980,2010-02-21 14:18:00,2010-05-11 13:36:00,78
13982,2010-01-20 14:04:00,2010-02-24 13:04:00,34
13983,2009-12-09 13:53:00,2010-01-14 16:24:00,36
13984,2009-12-07 11:51:00,2009-12-07 11:52:00,0
13985,2010-02-09 13:56:00,2010-05-26 13:46:00,105
13987,2010-11-04 09:54:00,2010-11-25 10:20:00,21
13988,2010-03-24 11:05:00,2010-11-21 12:40:00,242
13989,2010-05-25 12:13:00,2010-08-09 12:28:00,76
13991,2011-07-19 12:58:00,2011-09-25 13:47:00,68
13992,2010-09-02 17:04:00,2010-11-24 15:42:00,82
13993,2009-12-03 11:57:00,2010-02-09 12:52:00,68
13994,2011-07-14 18:28:00,2011-08-26 11:35:00,42
13995,2009-12-18 12:43:00,2010-03-02 09:11:00,73
13996,2010-11-05 15:07:00,2010-11-18 16:27:00,13
13997,2010-06-07 17:33:00,2010-07-08 17:51:00,31
13998,2010-05-12 13:18:00,2010-07-16 15:50:00,65
13999,2009-12-05 12:42:00,2009-12-16 10:56:00,10
14000,2009-12-02 09:50:00,2010-04-22 11:59:00,141
14001,2010-08-03 12:49:00,2010-08-27 09:35:00,23
14002,2011-07-06 14:59:00,2011-07-28 15:55:00,22
14004,2010-09-30 09:39:00,2010-09-30 10:21:00,0
14005,2011-05-08 10:33:00,2011-06-17 08:09:00,39
14006,2010-02-25 09:45:00,2010-04-22 14:08:00,56
14009,2010-09-03 12:08:00,2011-05-18 13:00:00,257
14010,2010-05-23 12:46:00,2010-05-23 13:00:00,0
14011,2010-04-11 13:40:00,2010-08-16 15:31:00,127
14013,2010-03-26 10:02:00,2010-11-24 16:16:00,243
14014,2010-05-12 09:04:00,2010-11-28 14:56:00,200
14016,2010-01-08 14:12:00,2010-02-02 10:47:00,24
14019,2011-07-24 15:39:00,2011-09-02 12:51:00,39
14020,2010-06-28 15:29:00,2010-08-20 13:09:00,52
14021,2010-04-26 11:22:00,2010-06-16 15:51:00,51
14022,2010-08-10 09:38:00,2011-04-28 14:39:00,261
14023,2011-04-03 15:50:00,2011-12-02 13:58:00,242
14024,2010-11-14 10:51:00,2011-08-07 13:31:00,266
14025,2010-05-05 09:56:00,2010-05-12 14:58:00,7
14026,2010-03-24 14:10:00,2010-08-26 10:31:00,154
14028,2010-06-07 12:02:00,2010-06-07 12:09:00,0
14029,2011-07-18 16:57:00,2011-10-07 14:46:00,80
14030,2009-12-10 17:27:00,2009-12-10 18:36:00,0
14031,2009-12-03 15:35:00,2009-12-11 17:00:00,8
14032,2009-12-14 12:02:00,2009-12-21 13:29:00,7
14034,2011-07-05 13:06:00,2011-07-05 13:15:00,0
14035,2010-04-06 12:39:00,2010-05-19 11:10:00,42
14037,2009-12-07 11:39:00,2010-01-24 10:50:00,47
14038,2010-02-04 08:56:00,2010-11-07 14:52:00,276
14039,2010-05-13 10:15:00,2011-11-06 13:48:00,542
14040,2009-12-01 12:14:00,2009-12-17 12:39:00,16
14043,2009-12-10 15:56:00,2010-08-05 18:18:00,238
14044,2010-01-24 15:14:00,2010-02-28 15:01:00,34
14045,2010-01-08 10:08:00,2010-03-05 15:36:00,56
14047,2010-02-01 10:05:00,2010-05-13 13:21:00,101
14048,2010-11-22 14:08:00,2010-11-22 14:21:00,0
14049,2010-04-01 14:52:00,2010-05-25 12:03:00,53
14050,2011-08-25 13:46:00,2011-11-08 10:00:00,74
14051,2009-12-03 11:53:00,2009-12-17 12:30:00,14
14052,2010-11-14 11:37:00,2011-11-20 12:30:00,371
14053,2010-08-10 11:02:00,2010-11-07 14:50:00,89
14055,2009-12-16 15:11:00,2010-05-11 10:24:00,145
14056,2011-02-28 15:19:00,2011-03-10 16:16:00,10
14057,2009-12-03 13:17:00,2010-04-13 11:38:00,130
14058,2010-06-27 11:29:00,2010-09-03 09:31:00,67
14060,2010-03-11 09:47:00,2010-05-16 10:46:00,66
14061,2009-12-01 18:03:00,2009-12-15 17:56:00,13
14062,2009-12-10 14:28:00,2009-12-14 15:18:00,4
14063,2009-12-08 13:46:00,2009-12-15 10:50:00,6
14064,2010-01-21 13:22:00,2010-02-28 14:03:00,38
14065,2010-10-04 12:03:00,2010-10-25 14:51:00,21
14067,2011-09-04 12:00:00,2011-10-07 10:21:00,32
14068,2010-01-31 10:10:00,2010-02-28 15:05:00,28
14069,2010-05-27 12:30:00,2010-07-13 12:12:00,46
14071,2011-03-20 11:33:00,2011-03-24 13:28:00,4
14075,2010-08-26 13:42:00,2010-11-01 13:15:00,66
14077,2010-11-09 16:01:00,2011-03-10 15:52:00,120
14078,2010-03-28 15:05:00,2010-05-17 15:27:00,50
14080,2009-12-02 15:01:00,2009-12-09 14:02:00,6
14081,2009-12-10 18:27:00,2010-01-12 15:48:00,32
14082,2010-11-12 11:47:00,2010-12-10 11:02:00,27
14083,2009-12-18 11:34:00,2010-07-16 12:51:00,210
14085,2009-12-08 13:41:00,2009-12-08 13:44:00,0
14087,2009-12-04 15:27:00,2010-10-31 11:22:00,330
14088,2010-10-14 19:46:00,2010-10-29 09:57:00,14
14091,2010-01-10 13:41:00,2010-02-23 15:17:00,44
14092,2009-12-16 16:24:00,2010-01-13 12:21:00,27
14096,2011-08-30 10:49:00,2011-09-02 15:45:00,3
14097,2010-03-04 10:46:00,2010-08-15 14:20:00,164
14099,2009-12-10 11:55:00,2010-01-29 14:37:00,50
14101,2010-03-28 13:36:00,2010-05-20 13:28:00,52
14102,2011-10-26 12:46:00,2011-11-02 13:46:00,7
14104,2010-05-28 16:11:00,2010-06-09 14:09:00,11
14105,2009-12-18 16:57:00,2010-04-08 13:32:00,110
14107,2009-12-09 14:20:00,2010-05-09 14:14:00,150
14108,2009-12-01 18:07:00,2009-12-08 15:25:00,6
14110,2009-12-01 09:50:00,2009-12-17 12:31:00,16
14111,2011-04-12 11:36:00,2011-08-25 14:51:00,135
14112,2010-02-23 14:16:00,2010-05-17 09:03:00,82
14113,2009-12-08 07:42:00,2009-12-10 12:32:00,2
14114,2010-04-12 11:07:00,2010-06-14 10:33:00,62
14115,2010-02-11 11:44:00,2010-07-26 12:36:00,165
14116,2011-08-10 12:44:00,2011-09-08 09:51:00,28
14119,2009-12-21 14:52:00,2010-11-29 10:33:00,342
14121,2011-10-11 10:39:00,2011-11-10 10:36:00,29
14122,2009-12-02 14:22:00,2009-12-11 10:37:00,8
14125,2011-09-22 15:40:00,2011-11-11 12:20:00,49
14126,2010-09-21 14:51:00,2011-11-29 12:21:00,433
14127,2010-10-10 11:53:00,2010-11-07 11:37:00,27
14128,2010-06-06 14:05:00,2011-03-29 10:49:00,295
14129,2010-05-09 14:54:00,2010-08-05 10:18:00,87
14130,2009-12-11 16:33:00,2010-10-18 12:54:00,310
14132,2011-06-09 12:04:00,2011-06-30 17:29:00,21
14133,2009-12-06 12:10:00,2011-01-28 11:27:00,417
14134,2009-12-10 09:25:00,2009-12-15 18:32:00,5
14135,2009-12-02 08:58:00,2009-12-09 10:41:00,7
14136,2009-12-08 09:19:00,2010-01-15 10:29:00,38
14138,2011-10-07 09:38:00,2011-12-08 12:44:00,62
14139,2010-06-15 09:17:00,2010-07-01 13:33:00,16
14140,2011-11-08 11:20:00,2011-12-06 09:05:00,27
14141,2011-08-26 14:40:00,2011-09-27 11:38:00,31
14142,2010-03-03 15:13:00,2010-12-01 16:33:00,273
14145,2010-04-08 09:47:00,2010-06-20 13:28:00,73
14146,2010-01-13 16:04:00,2010-02-03 10:39:00,20
14147,2010-03-09 13:43:00,2010-05-10 10:53:00,61
14148,2010-10-21 14:08:00,2011-04-20 12:02:00,180
14150,2010-12-15 10:04:00,2011-11-04 10:05:00,324
14151,2009-12-23 10:54:00,2010-02-04 15:35:00,43
14152,2010-02-18 13:57:00,2010-08-02 11:46:00,164
14154,2010-01-13 12:47:00,2010-07-01 17:54:00,169
14156,2009-12-01 12:30:00,2009-12-01 12:33:00,0
14157,2010-03-03 16:49:00,2010-10-18 15:48:00,228
14159,2009-12-03 12:31:00,2010-02-22 11:11:00,80
14160,2010-01-10 12:06:00,2010-01-21 15:46:00,11
14161,2009-12-13 11:46:00,2010-03-14 12:37:00,91
14162,2011-02-20 12:32:00,2011-06-19 11:36:00,118
14163,2010-09-03 17:15:00,2011-04-14 17:33:00,223
14164,2011-09-20 12:18:00,2011-09-30 12:24:00,10
14166,2010-03-23 15:10:00,2010-07-22 19:42:00,121
14167,2010-01-27 16:07:00,2010-03-25 15:00:00,56
14168,2010-05-24 12:28:00,2010-10-15 10:49:00,143
14169,2010-09-21 13:39:00,2010-10-05 08:45:00,13
14170,2010-11-09 14:06:00,2010-11-23 13:26:00,13
14171,2009-12-09 13:50:00,2011-09-02 16:43:00,632
14172,2010-03-07 10:58:00,2010-03-11 13:16:00,4
14173,2009-12-09 12:46:00,2010-03-08 13:24:00,89
14175,2010-03-22 10:43:00,2010-05-05 09:43:00,43
14176,2010-11-23 13:21:00,2010-12-07 11:45:00,13
14177,2010-02-26 11:59:00,2010-02-26 12:04:00,0
14178,2011-06-10 12:51:00,2011-07-19 13:01:00,39
14179,2011-10-18 14:00:00,2011-10-30 12:07:00,11
14180,2010-06-09 14:56:00,2010-06-30 08:25:00,20
14181,2010-05-26 12:32:00,2010-10-25 08:27:00,151
14182,2010-04-22 15:36:00,2010-06-28 16:42:00,67
14183,2010-08-15 15:36:00,2010-10-24 14:45:00,69
14186,2010-03-05 11:17:00,2010-04-26 12:57:00,52
14188,2011-02-02 13:46:00,2011-05-09 10:03:00,95
14189,2010-11-16 09:28:00,2010-12-06 11:42:00,20
14191,2009-12-11 10:48:00,2010-11-10 12:27:00,334
14193,2010-11-08 12:31:00,2011-03-15 11:38:00,126
14194,2010-01-06 12:16:00,2010-01-24 13:36:00,18
14195,2010-03-15 17:12:00,2010-05-07 12:41:00,52
14198,2010-01-05 10:07:00,2010-02-17 11:05:00,43
14199,2010-06-27 12:13:00,2010-07-07 12:50:00,10
14201,2010-04-30 13:00:00,2010-05-18 12:59:00,17
14202,2010-03-25 10:36:00,2010-06-01 11:40:00,68
14204,2009-12-02 13:26:00,2010-06-21 16:04:00,201
14205,2010-03-07 12:20:00,2010-05-05 14:43:00,59
14206,2010-11-02 11:37:00,2010-11-16 18:20:00,14
14208,2010-06-06 13:11:00,2011-09-06 12:48:00,456
14209,2010-01-22 10:28:00,2010-03-11 18:46:00,48
14210,2010-01-06 10:17:00,2010-03-16 15:02:00,69
14211,2009-12-09 12:48:00,2010-01-26 11:32:00,47
14212,2010-09-20 11:48:00,2011-09-11 12:45:00,356
14214,2011-03-07 12:26:00,2011-06-22 13:59:00,107
14215,2009-12-08 09:35:00,2010-01-21 08:22:00,43
14216,2010-10-21 15:07:00,2011-11-02 10:51:00,376
14217,2010-06-30 12:54:00,2010-08-05 13:54:00,36
14219,2010-08-03 14:42:00,2010-10-26 10:34:00,83
14220,2010-05-19 13:26:00,2010-05-21 13:29:00,2
14221,2010-04-06 14:10:00,2010-05-09 13:50:00,32
14223,2011-03-20 16:02:00,2011-07-05 11:36:00,106
14224,2010-06-13 13:46:00,2010-06-29 12:30:00,15
14225,2010-01-12 15:02:00,2010-05-18 17:25:00,126
14226,2010-09-24 14:32:00,2011-03-15 15:36:00,172
14227,2010-02-08 09:38:00,2010-06-01 12:42:00,113
14228,2010-06-11 12:29:00,2010-07-06 10:07:00,24
14229,2010-08-25 11:47:00,2010-09-27 15:21:00,33
14230,2010-06-09 13:56:00,2010-09-30 09:06:00,112
14231,2010-09-15 09:52:00,2011-02-24 11:55:00,162
14232,2011-03-20 12:44:00,2011-06-06 09:12:00,77
14233,2010-03-05 16:35:00,2010-04-28 14:02:00,53
14234,2011-10-13 13:58:00,2011-10-25 15:39:00,12
14235,2010-03-30 13:36:00,2010-05-19 11:59:00,49
14236,2010-07-22 14:27:00,2010-08-26 10:40:00,34
14237,2010-04-28 10:04:00,2010-12-01 13:20:00,217
14238,2009-12-05 10:58:00,2010-02-15 11:39:00,72
14239,2009-12-05 12:36:00,2009-12-09 11:31:00,3
14240,2010-10-12 12:48:00,2011-04-28 11:40:00,197
14241,2010-01-12 15:11:00,2011-06-09 11:46:00,512
14242,2011-01-18 08:53:00,2011-04-19 11:46:00,91
14243,2010-08-20 13:41:00,2010-09-12 15:21:00,23
14245,2011-03-21 10:41:00,2011-05-04 08:40:00,43
14246,2011-04-08 08:25:00,2011-07-25 11:37:00,108
14247,2010-06-06 15:07:00,2010-07-04 13:33:00,27
14248,2010-07-12 14:27:00,2010-09-06 14:04:00,55
14249,2010-01-29 14:21:00,2010-03-17 15:37:00,47
14250,2011-09-11 13:44:00,2011-12-02 14:29:00,82
14251,2011-10-13 12:46:00,2011-11-22 14:10:00,40
14253,2010-03-26 15:08:00,2010-08-03 14:55:00,129
14256,2010-01-14 10:35:00,2010-08-05 09:28:00,202
14257,2010-03-01 15:36:00,2010-07-26 13:57:00,146
14258,2009-12-04 08:36:00,2010-01-06 14:54:00,33
14260,2010-06-09 11:23:00,2010-08-25 14:53:00,77
14261,2011-09-22 10:47:00,2011-10-20 10:04:00,27
14262,2011-04-13 12:23:00,2011-07-05 12:53:00,83
14264,2010-04-07 13:21:00,2010-05-16 13:23:00,39
14265,2010-04-06 14:39:00,2010-09-01 12:20:00,147
14267,2011-03-24 11:38:00,2011-03-24 12:52:00,0
14271,2010-10-26 17:01:00,2011-04-28 12:47:00,183
14272,2010-05-06 14:01:00,2010-05-26 09:49:00,19
14273,2011-04-11 13:24:00,2011-05-06 08:25:00,24
14275,2010-04-11 12:32:00,2010-04-29 10:24:00,17
14276,2010-02-17 13:10:00,2010-08-12 10:03:00,175
14277,2009-12-13 15:43:00,2010-05-10 09:47:00,147
14279,2010-01-27 16:34:00,2010-07-07 08:42:00,160
14282,2010-02-15 11:22:00,2010-04-29 16:45:00,73
14283,2010-05-19 12:22:00,2010-07-26 12:26:00,68
14284,2010-02-24 12:06:00,2011-09-14 13:04:00,567
14285,2009-12-08 14:13:00,2010-02-19 09:36:00,72
14286,2009-12-04 08:40:00,2010-03-10 10:50:00,96
14287,2011-05-25 11:41:00,2011-05-25 11:44:00,0
14289,2011-02-23 12:33:00,2011-04-12 15:08:00,48
14290,2009-12-08 11:44:00,2010-03-08 10:49:00,89
14291,2009-12-09 10:46:00,2010-03-28 13:38:00,109
14292,2010-03-19 11:10:00,2010-04-29 14:16:00,41
14293,2009-12-10 10:57:00,2009-12-22 09:21:00,11
14295,2009-12-09 13:06:00,2010-06-28 12:22:00,200
14296,2010-05-14 14:34:00,2010-10-14 14:14:00,152
14297,2011-03-10 08:31:00,2011-10-10 10:45:00,214
14298,2009-12-11 13:49:00,2009-12-11 15:46:00,0
14299,2009-12-02 10:58:00,2009-12-20 12:21:00,18
14301,2010-02-11 13:07:00,2010-05-16 13:22:00,94
14302,2009-12-02 08:16:00,2010-02-15 09:20:00,75
14303,2010-10-01 10:31:00,2010-10-28 15:37:00,27
14304,2010-05-18 10:50:00,2010-11-25 10:20:00,190
14305,2011-07-27 14:14:00,2011-08-18 06:20:00,21
14306,2010-01-31 13:42:00,2010-07-28 16:54:00,178
14307,2009-12-07 13:06:00,2010-02-04 17:50:00,59
14309,2010-06-07 10:24:00,2010-10-22 13:18:00,137
14311,2010-05-21 10:28:00,2011-04-11 10:14:00,324
14312,2010-07-23 15:05:00,2010-10-19 10:23:00,87
14314,2010-10-05 08:00:00,2011-08-25 10:39:00,324
14315,2010-03-15 12:49:00,2010-05-24 13:56:00,70
14316,2010-03-19 15:18:00,2010-05-07 08:50:00,48
14320,2010-01-21 11:44:00,2010-02-16 12:22:00,26
14321,2010-08-23 12:56:00,2010-10-04 12:48:00,41
14322,2010-02-18 08:49:00,2010-03-12 09:15:00,22
14323,2011-04-15 11:44:00,2011-08-17 11:37:00,123
14324,2010-01-15 13:31:00,2010-10-26 11:44:00,283
14326,2010-06-25 12:10:00,2010-09-02 13:29:00,69
14327,2010-01-08 14:04:00,2010-02-03 15:07:00,26
14329,2009-12-16 15:31:00,2010-01-25 09:38:00,39
14331,2011-07-27 15:14:00,2011-08-07 13:17:00,10
14332,2010-10-19 13:01:00,2010-11-23 15:24:00,35
14334,2010-05-20 10:04:00,2010-07-27 13:45:00,68
14335,2011-09-04 13:07:00,2011-11-23 13:41:00,80
14336,2011-03-08 16:48:00,2011-05-04 15:37:00,56
14338,2010-06-21 10:32:00,2011-05-27 13:30:00,340
14339,2010-10-07 08:50:00,2011-04-11 11:06:00,186
14341,2009-12-01 12:20:00,2009-12-15 11:20:00,13
14342,2010-08-24 13:03:00,2010-10-03 12:46:00,39
14343,2010-01-18 16:47:00,2010-03-15 15:33:00,55
14344,2010-03-23 15:47:00,2010-04-14 13:55:00,21
14346,2010-07-30 10:44:00,2010-10-10 12:53:00,72
14350,2010-10-05 15:52:00,2010-11-24 12:01:00,49
14352,2011-03-11 14:58:00,2011-04-19 08:17:00,38
14353,2010-10-04 12:38:00,2010-10-25 14:46:00,21
14354,2011-11-09 15:36:00,2011-12-04 11:32:00,24
14355,2010-03-22 15:08:00,2010-09-16 15:23:00,178
14356,2011-09-19 14:43:00,2011-09-21 09:18:00,1
14358,2010-10-07 17:26:00,2010-11-15 15:51:00,38
14359,2011-09-13 09:03:00,2011-10-28 08:58:00,44
14360,2011-09-06 11:58:00,2011-10-03 12:47:00,27
14363,2010-09-14 14:39:00,2010-11-02 17:01:00,49
14364,2011-05-12 12:56:00,2011-05-23 11:58:00,10
14365,2010-01-27 09:44:00,2010-11-10 09:52:00,287
14367,2011-03-08 14:12:00,2011-03-29 14:35:00,21
14369,2010-02-16 10:28:00,2010-03-07 15:47:00,19
14370,2010-02-01 08:35:00,2010-03-24 10:00:00,51
14372,2010-04-19 15:57:00,2010-09-22 16:17:00,156
14375,2010-06-16 14:34:00,2010-09-15 14:45:00,91
14377,2011-03-22 13:38:00,2011-06-01 13:32:00,70
14379,2010-08-16 15:31:00,2010-11-11 16:29:00,87
14381,2010-09-14 16:15:00,2011-10-18 17:10:00,399
14382,2010-11-14 16:32:00,2011-11-13 16:18:00,363
14383,2011-06-29 10:18:00,2011-10-06 13:00:00,99
14385,2011-11-16 11:55:00,2011-11-23 13:56:00,7
14387,2011-08-22 14:13:00,2011-09-26 12:58:00,34
14388,2010-01-20 11:54:00,2010-03-04 14:27:00,43
14389,2010-04-28 14:57:00,2010-06-29 13:46:00,61
14390,2010-10-10 14:30:00,2010-11-10 12:16:00,30
14395,2010-04-18 13:12:00,2010-04-21 15:46:00,3
14396,2009-12-02 14:21:00,2010-01-24 12:58:00,52
14397,2011-05-10 12:25:00,2011-05-25 14:40:00,15
14398,2010-06-30 11:57:00,2010-11-03 13:46:00,126
14399,2010-02-03 13:09:00,2010-03-16 16:01:00,41
14400,2010-03-18 12:11:00,2010-10-27 13:59:00,223
14401,2009-12-14 13:22:00,2009-12-18 15:02:00,4
14403,2010-03-10 14:00:00,2010-04-29 08:47:00,49
14404,2009-12-20 14:40:00,2009-12-20 14:45:00,0
14407,2011-03-08 11:59:00,2011-05-18 12:28:00,71
14408,2009-12-07 12:18:00,2010-03-19 15:40:00,102
14409,2010-05-21 16:45:00,2010-08-11 14:55:00,81
14410,2010-09-28 15:46:00,2010-11-28 14:57:00,60
14412,2010-10-11 12:33:00,2011-09-28 08:48:00,351
14413,2010-01-19 14:27:00,2010-10-25 14:41:00,279
14414,2010-11-30 10:12:00,2010-12-16 11:11:00,16
14415,2009-12-16 14:08:00,2010-02-12 14:46:00,58
14416,2011-10-28 15:10:00,2011-11-17 15:22:00,20
14418,2011-08-23 17:18:00,2011-11-14 13:55:00,82
14419,2010-11-22 11:09:00,2010-12-10 10:56:00,17
14420,2010-01-17 12:41:00,2010-07-15 14:32:00,179
14421,2010-01-17 11:30:00,2010-01-25 13:21:00,8
14422,2009-12-17 12:12:00,2010-01-05 13:45:00,19
14423,2010-01-14 11:49:00,2010-09-28 10:42:00,256
14425,2009-12-02 11:31:00,2009-12-17 11:53:00,15
14426,2010-03-04 14:36:00,2010-05-11 10:45:00,67
14427,2010-03-18 09:49:00,2010-08-02 11:25:00,137
14428,2011-01-18 16:39:00,2011-04-14 09:43:00,85
14430,2010-04-11 15:59:00,2010-07-16 11:33:00,95
14431,2010-01-21 10:49:00,2010-09-10 14:04:00,232
14432,2011-09-11 14:09:00,2011-10-02 15:49:00,21
14434,2011-09-28 15:31:00,2011-10-05 12:59:00,6
14436,2010-06-04 11:32:00,2011-09-02 10:13:00,454
14437,2010-05-05 12:20:00,2010-06-28 09:47:00,53
14439,2010-01-21 14:01:00,2010-01-25 09:48:00,3
14440,2009-12-02 12:13:00,2010-01-22 11:43:00,50
14441,2010-01-18 10:40:00,2010-04-01 15:46:00,73
14442,2010-01-18 12:59:00,2010-05-19 14:22:00,121
14443,2010-11-25 14:18:00,2010-12-06 11:03:00,10
14446,2010-11-18 12:08:00,2011-04-07 12:10:00,140
14447,2010-11-04 13:32:00,2011-03-04 10:49:00,119
14448,2010-12-10 17:26:00,2011-11-30 13:50:00,354
14449,2010-09-29 13:15:00,2010-10-20 13:12:00,20
14450,2010-04-08 12:09:00,2010-11-03 13:48:00,209
14451,2010-01-17 10:35:00,2010-02-11 12:22:00,25
14452,2010-07-06 13:13:00,2010-11-09 14:13:00,126
14454,2009-12-06 12:56:00,2010-02-07 12:15:00,62
14455,2010-08-01 13:26:00,2010-08-08 14:39:00,7
14456,2011-07-20 13:06:00,2011-07-20 13:10:00,0
14459,2010-02-26 13:26:00,2011-07-07 13:35:00,496
14460,2009-12-15 19:06:00,2010-02-09 15:45:00,55
14461,2010-01-18 12:48:00,2010-03-30 11:14:00,70
14462,2010-10-03 14:13:00,2011-01-04 12:45:00,92
14463,2010-07-28 11:35:00,2011-05-18 14:42:00,294
14464,2010-03-22 15:20:00,2010-05-20 18:00:00,59
14465,2010-01-07 15:03:00,2010-01-28 10:08:00,20
14466,2009-12-13 15:44:00,2010-01-14 12:11:00,31
14467,2009-12-02 12:44:00,2010-03-16 12:34:00,103
14469,2010-01-29 11:12:00,2010-03-30 10:55:00,59
14470,2010-10-05 12:39:00,2011-02-25 11:56:00,142
14471,2009-12-07 12:26:00,2010-04-27 17:12:00,141
14472,2010-01-19 13:09:00,2010-12-19 14:03:00,334
14473,2011-03-02 13:56:00,2011-09-26 15:10:00,208
14474,2010-05-09 12:12:00,2011-10-24 13:26:00,533
14475,2010-10-27 09:20:00,2011-02-08 10:12:00,104
14477,2010-01-04 15:41:00,2010-06-29 09:44:00,175
14478,2009-12-01 13:20:00,2010-01-26 13:06:00,55
14479,2009-12-06 13:48:00,2010-10-17 11:58:00,314
14480,2009-12-21 16:32:00,2010-09-28 12:27:00,280
14481,2010-01-31 12:43:00,2010-04-06 11:17:00,64
14482,2010-08-26 14:13:00,2010-08-26 14:20:00,0
14483,2009-12-03 10:16:00,2011-03-03 10:26:00,455
14484,2009-12-17 10:57:00,2010-03-12 10:30:00,84
14486,2010-06-04 10:30:00,2010-07-16 09:42:00,41
14487,2010-11-25 13:36:00,2010-12-06 13:22:00,10
14489,2010-04-06 09:52:00,2010-08-04 10:00:00,120
14490,2010-10-07 11:36:00,2010-10-29 15:04:00,22
14491,2010-12-02 12:10:00,2011-06-17 15:22:00,197
14492,2010-03-30 14:23:00,2010-06-03 15:50:00,65
14493,2010-03-08 08:33:00,2010-04-26 10:31:00,49
14494,2009-12-08 13:25:00,2010-11-03 13:13:00,329
14495,2010-02-18 08:49:00,2011-08-10 14:13:00,538
14496,2010-03-16 13:15:00,2010-05-09 14:00:00,54
14497,2010-02-04 09:59:00,2011-02-03 17:01:00,364
14498,2010-06-07 16:05:00,2010-07-07 16:04:00,29
14499,2010-08-27 11:57:00,2010-10-14 10:26:00,47
14500,2011-06-03 10:08:00,2011-08-19 17:02:00,77
14501,2011-01-24 10:43:00,2011-06-09 12:02:00,136
14502,2011-01-30 15:52:00,2011-02-20 15:51:00,20
14503,2011-06-14 10:00:00,2011-09-30 14:59:00,108
14504,2011-03-06 14:38:00,2011-03-25 12:55:00,18
14505,2009-12-09 14:48:00,2009-12-21 15:20:00,12
14506,2010-04-19 08:27:00,2010-11-02 15:48:00,197
14507,2009-12-10 17:04:00,2010-02-28 12:16:00,79
14508,2010-06-17 13:02:00,2010-06-17 13:09:00,0
14510,2010-09-29 13:35:00,2010-09-29 13:54:00,0
14511,2011-07-29 12:13:00,2011-09-08 13:26:00,41
14512,2009-12-07 13:49:00,2010-04-29 11:56:00,142
14513,2010-05-20 17:57:00,2010-09-19 15:41:00,121
14514,2009-12-13 13:21:00,2010-01-25 13:22:00,43
14515,2010-06-07 12:37:00,2010-10-25 13:30:00,140
14517,2011-07-21 11:42:00,2011-11-06 14:20:00,108
14519,2009-12-11 10:40:00,2010-01-25 11:18:00,45
14520,2011-02-22 09:15:00,2011-12-08 09:46:00,289
14522,2010-01-24 13:55:00,2010-02-26 17:33:00,33
14524,2010-10-19 11:44:00,2010-10-19 12:16:00,0
14525,2009-12-13 14:01:00,2010-01-19 12:50:00,36
14527,2009-12-02 12:06:00,2009-12-04 12:59:00,2
14529,2011-08-21 14:10:00,2011-09-23 13:48:00,32
14530,2010-01-21 11:25:00,2010-03-03 12:34:00,41
14532,2010-01-10 11:47:00,2010-01-31 11:23:00,20
14533,2010-04-08 12:13:00,2010-05-10 15:12:00,32
14534,2010-03-15 14:16:00,2010-06-07 12:51:00,83
14535,2010-02-24 15:03:00,2010-03-25 14:22:00,28
14537,2010-03-26 13:44:00,2011-10-13 10:54:00,565
14538,2010-01-25 15:42:00,2010-06-13 14:01:00,138
14539,2011-10-26 12:03:00,2011-11-24 09:50:00,28
14540,2009-12-07 13:00:00,2009-12-16 17:34:00,9
14541,2010-01-07 11:59:00,2010-02-24 12:48:00,48
14543,2009-12-01 13:47:00,2009-12-07 11:55:00,5
14544,2010-08-26 16:00:00,2010-12-13 12:50:00,108
14546,2009-12-06 13:10:00,2010-02-07 11:48:00,62
14547,2011-10-16 14:35:00,2011-11-06 14:39:00,21
14548,2009-12-06 14:00:00,2009-12-06 14:06:00,0
14549,2009-12-02 14:06:00,2010-04-25 11:43:00,143
14550,2010-08-13 12:05:00,2010-11-16 14:05:00,95
14551,2010-01-27 12:06:00,2010-07-25 15:27:00,179
14552,2010-04-26 13:44:00,2010-11-24 12:36:00,211
14553,2010-07-18 12:07:00,2010-07-18 12:10:00,0
14554,2011-10-18 13:04:00,2011-11-16 13:25:00,29
14555,2009-12-18 11:39:00,2010-05-18 13:04:00,151
14556,2010-01-20 11:49:00,2010-02-24 16:15:00,35
14558,2009-12-08 10:41:00,2010-01-28 14:59:00,51
14560,2009-12-02 10:15:00,2009-12-20 13:17:00,18
14561,2011-06-08 13:26:00,2011-06-30 13:43:00,22
14562,2010-02-07 14:10:00,2010-03-08 13:48:00,28
14563,2010-04-26 12:51:00,2010-07-18 12:01:00,82
14564,2009-12-04 09:27:00,2010-10-01 09:02:00,300
14565,2010-08-23 09:48:00,2010-12-13 13:25:00,112
14566,2010-06-24 10:34:00,2010-08-20 12:55:00,57
14567,2011-08-01 13:48:00,2011-10-14 10:21:00,73
14569,2010-04-15 11:49:00,2010-08-03 14:41:00,110
14570,2010-09-22 13:07:00,2011-03-04 10:39:00,162
14572,2010-03-28 13:47:00,2010-05-30 14:39:00,63
14573,2010-01-08 16:34:00,2010-06-06 11:38:00,148
14577,2009-12-11 12:09:00,2010-01-27 12:11:00,47
14581,2010-06-13 15:48:00,2011-11-23 12:39:00,527
14583,2010-03-28 15:16:00,2010-06-24 14:34:00,87
14584,2010-02-17 14:01:00,2010-03-19 16:24:00,30
14585,2010-10-19 12:17:00,2010-11-10 11:25:00,21
14587,2011-01-12 13:16:00,2011-02-01 12:54:00,19
14590,2009-12-07 14:10:00,2009-12-10 15:52:00,3
14591,2011-05-10 14:09:00,2011-11-24 13:53:00,197
14592,2011-10-06 18:08:00,2011-10-14 14:58:00,7
14593,2009-12-09 12:57:00,2010-02-10 11:21:00,62
14594,2010-12-01 13:54:00,2011-12-02 13:28:00,365
14595,2010-01-20 13:59:00,2010-09-12 12:47:00,234
14597,2010-09-28 13:17:00,2010-11-12 14:55:00,45
14598,2010-05-19 13:07:00,2011-10-26 13:19:00,525
14599,2010-07-18 15:54:00,2010-11-14 14:49:00,118
14600,2010-11-11 15:56:00,2011-02-07 09:48:00,87
14605,2009-12-08 13:59:00,2009-12-08 14:01:00,0
14606,2009-12-03 12:40:00,2009-12-06 14:54:00,3
14607,2009-12-15 11:25:00,2010-02-04 10:56:00,50
14608,2009-12-06 12:34:00,2009-12-10 15:30:00,4
14609,2010-02-09 09:48:00,2010-05-05 08:58:00,84
14610,2010-07-13 16:06:00,2010-11-09 10:58:00,118
14611,2010-04-20 10:19:00,2010-09-22 09:19:00,154
14615,2010-06-09 13:59:00,2010-07-16 14:15:00,37
14616,2010-06-09 09:42:00,2010-11-19 16:33:00,163
14617,2010-10-20 10:40:00,2010-11-02 11:41:00,13
14618,2010-06-11 10:11:00,2010-10-19 16:56:00,130
14619,2010-06-16 14:41:00,2011-04-08 07:37:00,295
14620,2011-03-01 08:30:00,2011-05-18 11:58:00,78
14621,2010-01-25 09:08:00,2010-06-23 14:14:00,149
14623,2010-04-16 17:12:00,2010-04-23 13:00:00,6
14624,2010-04-14 10:44:00,2010-06-03 10:11:00,49
14625,2009-12-16 13:23:00,2010-01-28 09:09:00,42
14626,2009-12-10 14:57:00,2010-01-07 11:23:00,27
14628,2010-01-25 14:40:00,2010-03-08 08:42:00,41
14629,2011-10-23 16:13:00,2011-12-05 16:55:00,43
14631,2010-08-09 14:45:00,2010-10-20 10:50:00,71
14634,2010-06-16 09:48:00,2010-06-23 17:26:00,7
14636,2011-03-16 09:52:00,2011-11-03 16:12:00,232
14639,2010-02-16 12:35:00,2010-07-08 08:08:00,141
14640,2010-01-22 15:44:00,2010-03-25 10:04:00,61
14643,2009-12-11 11:52:00,2010-03-22 15:49:00,101
14644,2009-12-03 16:24:00,2010-08-02 12:44:00,241
14645,2010-03-15 11:33:00,2011-03-09 09:52:00,358
14646,2009-12-02 16:52:00,2009-12-02 16:53:00,0
14647,2010-07-04 13:27:00,2011-05-22 13:40:00,322
14648,2009-12-10 13:59:00,2010-02-04 13:34:00,55
14649,2010-01-20 13:10:00,2010-03-05 13:24:00,44
14651,2010-03-18 11:39:00,2010-03-18 11:42:00,0
14653,2009-12-02 11:51:00,2010-01-05 12:20:00,34
14655,2010-04-22 14:29:00,2010-07-05 09:45:00,73
14656,2010-04-15 12:10:00,2010-07-14 12:29:00,90
14657,2010-09-30 19:57:00,2010-10-06 15:33:00,5
14658,2011-08-14 15:42:00,2011-12-04 15:35:00,111
14659,2011-01-28 12:43:00,2011-02-15 12:05:00,17
14660,2011-08-31 10:40:00,2011-09-14 11:34:00,14
14662,2009-12-03 16:47:00,2010-03-17 11:21:00,103
14663,2010-10-05 13:12:00,2010-10-05 13:21:00,0
14664,2011-11-06 14:56:00,2011-11-20 10:59:00,13
14665,2010-04-26 11:17:00,2010-10-08 14:40:00,165
14667,2009-12-02 12:38:00,2009-12-16 11:53:00,13
14669,2009-12-02 13:06:00,2010-02-16 12:11:00,75
14670,2009-12-07 13:59:00,2011-03-04 13:58:00,451
14671,2010-05-20 18:21:00,2010-06-08 13:39:00,18
14672,2010-01-28 11:33:00,2010-07-12 10:23:00,164
14673,2010-10-26 10:14:00,2010-11-24 12:06:00,29
14675,2010-11-16 12:22:00,2011-11-23 12:58:00,372
14676,2010-03-10 09:30:00,2010-03-31 15:00:00,21
14679,2009-12-08 17:13:00,2010-07-06 09:58:00,209
14680,2009-12-04 12:36:00,2009-12-11 12:11:00,6
14681,2010-02-24 08:54:00,2010-03-05 12:57:00,9
14682,2010-02-05 14:47:00,2010-03-25 17:06:00,48
14684,2010-11-14 14:07:00,2010-12-12 12:44:00,27
14685,2009-12-13 11:32:00,2009-12-13 12:10:00,0
14686,2010-02-18 18:29:00,2010-02-18 18:33:00,0
14687,2010-06-06 10:36:00,2010-11-04 18:56:00,151
14688,2010-09-09 12:35:00,2010-09-21 12:46:00,12
14690,2010-10-25 12:20:00,2010-11-12 14:51:00,18
14691,2011-05-11 09:55:00,2011-09-04 11:17:00,116
14692,2010-04-01 14:04:00,2010-05-27 13:47:00,55
14693,2010-07-02 08:28:00,2010-08-11 10:51:00,40
14695,2009-12-07 11:05:00,2009-12-07 13:07:00,0
14696,2010-10-14 11:43:00,2010-12-01 15:37:00,48
14697,2011-05-05 15:29:00,2011-05-05 15:39:00,0
14698,2011-10-19 12:54:00,2011-10-23 12:16:00,3
14699,2010-07-02 12:04:00,2010-08-03 12:55:00,32
14700,2010-08-11 12:19:00,2010-10-20 12:26:00,70
14701,2010-01-24 12:15:00,2010-07-05 12:50:00,162
14702,2009-12-10 20:22:00,2009-12-17 19:42:00,6
14704,2010-03-25 17:21:00,2010-10-11 11:53:00,199
14707,2010-05-12 11:07:00,2010-09-30 11:37:00,141
14708,2010-09-10 10:26:00,2010-10-12 10:42:00,32
14709,2009-12-05 15:26:00,2010-01-04 12:51:00,29
14710,2009-12-03 17:12:00,2009-12-09 17:27:00,6
14711,2011-03-22 13:32:00,2011-04-04 12:42:00,12
14712,2010-10-17 14:49:00,2011-08-19 13:33:00,305
14713,2009-12-03 19:22:00,2010-01-21 19:11:00,48
14714,2010-01-21 11:51:00,2010-05-13 11:58:00,112
14715,2010-01-19 12:18:00,2010-05-26 12:49:00,127
14716,2010-09-21 12:07:00,2011-07-14 12:42:00,296
14719,2011-04-04 14:17:00,2011-06-13 12:52:00,69
14720,2011-08-05 12:06:00,2011-09-11 13:56:00,37
14722,2010-08-10 13:28:00,2010-08-19 14:34:00,9
14723,2009-12-04 11:22:00,2010-04-13 14:55:00,130
14725,2010-06-23 11:34:00,2010-06-23 11:39:00,0
14727,2010-06-11 13:23:00,2010-06-11 13:30:00,0
14729,2010-03-24 13:30:00,2010-03-24 13:35:00,0
14730,2011-03-08 12:49:00,2011-03-28 12:52:00,20
14731,2011-05-11 13:06:00,2011-05-18 11:02:00,6
14732,2009-12-09 10:48:00,2009-12-16 12:11:00,7
14733,2010-11-02 15:42:00,2010-11-25 11:38:00,22
14734,2010-06-06 15:15:00,2010-08-03 09:04:00,57
14735,2009-12-04 11:32:00,2009-12-08 11:56:00,4
14736,2010-08-11 15:13:00,2010-08-11 15:21:00,0
14737,2010-11-04 11:29:00,2010-12-21 13:49:00,47
14738,2009-12-07 10:21:00,2010-05-27 20:31:00,171
14739,2009-12-02 13:23:00,2009-12-11 11:06:00,8
14740,2010-02-25 11:40:00,2010-03-04 15:39:00,7
14741,2010-10-18 09:33:00,2010-12-02 08:43:00,44
14744,2010-05-18 14:06:00,2010-05-21 11:26:00,2
14745,2010-03-12 10:33:00,2010-05-06 14:45:00,55
14746,2010-10-12 11:06:00,2010-10-20 12:45:00,8
14748,2010-03-04 17:08:00,2010-04-01 14:18:00,27
14751,2009-12-13 14:08:00,2010-01-24 13:37:00,41
14753,2010-09-05 11:04:00,2011-09-13 14:50:00,373
14754,2010-01-18 11:04:00,2010-05-27 10:13:00,128
14755,2009-12-03 16:51:00,2009-12-03 16:52:00,0
14756,2010-10-11 11:50:00,2010-11-22 09:22:00,41
14758,2010-04-08 08:27:00,2010-07-19 10:07:00,102
14759,2011-04-21 10:55:00,2011-08-19 08:57:00,119
14761,2010-09-21 14:22:00,2011-01-09 12:03:00,109
14762,2010-03-23 15:36:00,2011-03-21 08:20:00,362
14765,2011-06-16 19:49:00,2011-08-19 15:06:00,63
14766,2010-06-06 11:11:00,2010-07-16 14:29:00,40
14768,2011-08-04 13:25:00,2011-11-22 12:54:00,109
14769,2009-12-16 09:17:00,2010-01-08 09:08:00,22
14770,2010-02-25 18:58:00,2010-04-07 13:07:00,40
14771,2009-12-03 09:44:00,2010-03-28 12:52:00,115
14775,2010-12-02 16:38:00,2011-07-25 12:12:00,234
14776,2010-09-19 14:12:00,2010-10-05 14:14:00,16
14778,2011-02-04 11:43:00,2011-08-04 15:23:00,181
14779,2011-01-20 12:04:00,2011-01-21 12:40:00,1
14780,2011-09-21 15:15:00,2011-10-16 12:46:00,24
14784,2010-11-15 09:49:00,2011-01-20 09:25:00,65
14785,2011-11-24 13:40:00,2011-11-29 13:21:00,4
14788,2010-04-22 18:16:00,2011-11-13 15:52:00,569
14790,2009-12-11 14:37:00,2009-12-20 13:47:00,8
14793,2010-06-22 16:54:00,2011-11-18 14:50:00,513
14794,2010-08-09 15:44:00,2010-09-20 13:23:00,41
14796,2009-12-14 15:06:00,2010-01-29 11:59:00,45
14798,2010-03-01 08:38:00,2010-04-08 08:31:00,37
14799,2009-12-02 11:18:00,2011-10-19 16:16:00,686
14800,2010-09-30 14:38:00,2010-10-17 14:30:00,16
14803,2011-02-20 13:21:00,2011-03-09 12:12:00,16
14805,2010-03-28 12:34:00,2010-07-11 12:59:00,105
14806,2010-09-26 15:50:00,2011-09-25 15:32:00,363
14807,2010-02-28 11:33:00,2010-11-14 12:47:00,259
14808,2011-06-20 12:53:00,2011-06-26 12:51:00,5
14809,2010-03-28 15:42:00,2010-03-28 15:44:00,0
14810,2010-10-06 13:12:00,2010-10-17 11:11:00,10
14813,2010-04-08 11:49:00,2010-11-19 11:32:00,224
14815,2011-10-03 11:36:00,2011-11-03 11:36:00,31
14817,2010-03-22 12:10:00,2010-04-18 12:36:00,27
14818,2010-03-02 12:48:00,2010-07-05 17:28:00,125
14819,2009-12-21 15:54:00,2010-08-02 17:19:00,224
14820,2010-01-31 12:49:00,2010-04-26 10:43:00,84
14821,2010-02-01 13:33:00,2010-02-01 15:44:00,0
14823,2011-05-29 12:48:00,2011-05-29 14:03:00,0
14824,2010-03-12 13:07:00,2010-04-29 12:17:00,47
14825,2010-04-06 14:14:00,2010-04-21 15:34:00,15
14826,2010-01-13 13:08:00,2010-05-07 09:00:00,113
14828,2009-12-07 11:19:00,2010-01-07 09:34:00,30
14829,2010-09-29 13:14:00,2010-11-17 13:05:00,48
14831,2009-12-02 09:21:00,2009-12-02 09:23:00,0
14834,2010-10-28 17:37:00,2011-04-13 15:00:00,166
14835,2010-04-01 19:34:00,2010-06-29 10:08:00,88
14836,2011-11-09 13:26:00,2011-11-11 16:05:00,2
14837,2010-01-24 10:20:00,2010-04-27 10:54:00,93
14838,2009-12-03 09:52:00,2010-10-12 15:46:00,313
14839,2010-01-04 16:29:00,2010-05-09 12:03:00,124
14840,2010-06-18 15:42:00,2011-03-17 12:00:00,271
14841,2009-12-02 16:49:00,2009-12-08 12:34:00,5
14842,2011-02-04 15:32:00,2011-06-01 08:38:00,116
14844,2010-04-12 12:50:00,2010-07-14 16:04:00,93
14847,2010-05-24 12:29:00,2010-10-28 09:45:00,156
14849,2010-01-10 11:40:00,2010-02-22 09:48:00,42
14850,2010-05-20 13:28:00,2010-05-20 13:42:00,0
14851,2010-03-19 11:52:00,2011-03-28 14:59:00,374
14852,2010-03-05 14:51:00,2010-03-05 15:21:00,0
14853,2010-04-13 09:26:00,2010-06-14 15:52:00,62
14854,2010-01-22 09:48:00,2010-05-12 12:17:00,110
14855,2010-04-08 10:30:00,2010-07-20 11:06:00,103
14856,2011-10-14 09:35:00,2011-11-03 14:47:00,20
14857,2010-03-15 11:00:00,2010-03-15 11:04:00,0
14859,2010-06-03 10:26:00,2011-05-19 14:42:00,350
14861,2009-12-08 12:12:00,2010-01-12 13:39:00,35
14862,2011-07-14 11:20:00,2011-11-14 10:01:00,122
14865,2009-12-01 16:05:00,2010-11-30 13:24:00,363
14866,2010-09-21 15:14:00,2010-10-08 12:26:00,16
14867,2009-12-05 15:47:00,2010-01-12 09:48:00,37
14868,2010-10-15 14:52:00,2010-10-15 14:53:00,0
14869,2009-12-16 11:43:00,2010-02-14 15:38:00,60
14870,2010-01-25 09:05:00,2010-03-01 11:04:00,35
14871,2009-12-01 11:57:00,2009-12-15 11:28:00,13
14872,2010-03-16 14:41:00,2010-05-04 09:45:00,48
14873,2010-03-16 10:51:00,2011-05-13 13:52:00,423
14875,2010-09-24 10:28:00,2011-03-22 11:53:00,179
14876,2010-05-27 13:49:00,2010-07-06 14:57:00,40
14877,2010-03-07 12:25:00,2010-10-17 13:09:00,224
14878,2010-02-21 11:14:00,2010-02-21 11:19:00,0
14880,2011-02-24 12:27:00,2011-06-07 13:27:00,103
14882,2010-03-30 15:02:00,2010-04-27 15:29:00,28
14883,2011-05-12 09:49:00,2011-06-29 09:32:00,47
14885,2010-08-31 10:11:00,2010-10-08 12:08:00,38
14890,2010-02-18 09:00:00,2010-03-31 09:40:00,41
14891,2010-09-29 12:41:00,2010-10-19 12:10:00,19
14893,2010-04-01 09:03:00,2011-11-28 10:49:00,606
14894,2009-12-02 10:42:00,2010-09-22 15:23:00,294
14895,2009-12-10 14:22:00,2009-12-11 12:28:00,0
14896,2009-12-06 12:42:00,2010-01-31 10:31:00,55
14897,2009-12-15 17:05:00,2010-04-26 09:13:00,131
14898,2009-12-03 16:40:00,2009-12-13 16:05:00,9
14901,2010-07-29 11:11:00,2010-09-01 11:43:00,34
14902,2010-06-04 12:35:00,2010-11-09 10:29:00,157
14903,2011-03-06 11:50:00,2011-04-07 12:35:00,32
14904,2010-10-08 12:48:00,2010-10-27 15:40:00,19
14905,2009-12-03 14:36:00,2010-03-03 14:43:00,90
14907,2010-04-16 13:40:00,2010-10-12 12:19:00,178
14908,2010-09-02 16:39:00,2011-09-26 12:56:00,388
14909,2010-02-14 15:47:00,2010-05-24 14:43:00,98
14910,2011-10-16 11:06:00,2011-11-08 12:09:00,23
14911,2009-12-01 11:41:00,2009-12-07 09:42:00,5
14912,2010-04-28 09:41:00,2010-11-03 08:55:00,188
14913,2010-08-11 08:40:00,2010-09-13 14:45:00,33
14915,2009-12-03 10:17:00,2010-03-03 12:45:00,90
14916,2010-04-01 10:57:00,2010-04-07 14:54:00,6
14917,2010-04-22 09:44:00,2010-04-22 11:28:00,0
14918,2010-04-08 11:18:00,2010-06-10 14:36:00,63
14920,2010-05-23 15:25:00,2011-05-11 10:31:00,352
14921,2011-05-22 12:51:00,2011-11-09 13:17:00,171
14922,2010-07-20 09:45:00,2010-11-11 11:14:00,114
14924,2010-03-10 12:51:00,2010-04-08 15:40:00,29
14926,2010-04-20 09:59:00,2010-11-23 07:13:00,216
14929,2010-10-14 12:22:00,2011-11-07 17:21:00,389
14930,2010-04-12 11:22:00,2010-05-25 15:21:00,43
14931,2011-04-13 09:32:00,2011-09-26 12:11:00,166
14932,2010-11-19 09:16:00,2010-12-09 11:48:00,20
14933,2010-09-21 17:29:00,2010-09-22 10:44:00,0
14934,2010-09-24 12:08:00,2010-09-24 12:11:00,0
14935,2010-03-30 11:48:00,2011-02-15 14:44:00,322
14936,2010-05-05 12:26:00,2010-05-05 12:31:00,0
14937,2011-08-01 14:16:00,2011-10-14 12:28:00,73
14938,2010-05-26 13:35:00,2010-05-26 13:38:00,0
14940,2009-12-06 15:46:00,2010-10-18 10:47:00,315
14942,2009-12-10 10:32:00,2010-03-11 12:31:00,91
14944,2010-02-17 08:47:00,2010-02-17 08:49:00,0
14947,2010-03-25 11:29:00,2010-04-15 11:44:00,21
14948,2011-05-04 14:52:00,2011-07-25 08:50:00,81
14949,2009-12-18 15:28:00,2010-01-18 13:47:00,30
14952,2009-12-03 15:34:00,2009-12-16 14:22:00,12
14953,2010-09-30 12:16:00,2010-10-17 12:37:00,17
14954,2010-01-05 16:38:00,2011-11-27 14:30:00,690
14957,2010-03-05 10:50:00,2011-03-31 17:59:00,391
14958,2009-12-03 16:02:00,2010-03-23 13:26:00,109
14959,2011-02-16 13:00:00,2011-05-08 11:38:00,80
14960,2011-06-21 13:38:00,2011-12-01 12:54:00,162
14961,2009-12-04 11:32:00,2009-12-14 13:36:00,10
14962,2010-05-04 14:57:00,2010-05-17 12:52:00,12
14963,2010-07-02 12:43:00,2010-09-16 13:06:00,76
14965,2011-09-04 13:15:00,2011-09-04 13:20:00,0
14966,2009-12-15 13:48:00,2009-12-16 11:47:00,0
14967,2009-12-03 14:07:00,2010-02-18 12:22:00,76
14968,2010-09-07 13:28:00,2011-11-09 13:58:00,428
14970,2010-02-14 13:37:00,2010-02-14 13:38:00,0
14971,2011-10-27 13:33:00,2011-11-04 17:03:00,8
14972,2010-11-23 16:17:00,2011-08-03 14:54:00,252
14973,2011-04-28 12:22:00,2011-07-28 15:58:00,91
14975,2010-10-14 14:11:00,2011-10-13 14:08:00,363
14976,2011-01-17 11:09:00,2011-03-10 12:42:00,52
14978,2010-04-28 10:50:00,2010-06-16 11:30:00,49
14981,2010-10-12 11:04:00,2011-04-07 13:45:00,177
14984,2010-01-11 13:22:00,2010-06-06 10:55:00,145
14985,2010-12-16 19:51:00,2011-05-25 14:29:00,159
14986,2010-01-24 15:54:00,2010-11-28 15:25:00,307
14987,2009-12-02 14:56:00,2009-12-13 12:22:00,10
14988,2010-04-16 13:34:00,2010-05-04 12:30:00,17
14990,2009-12-09 13:31:00,2010-04-06 13:54:00,118
14994,2010-03-26 14:16:00,2010-04-30 11:28:00,34
14995,2011-03-04 13:14:00,2011-11-01 11:39:00,241
14996,2010-08-15 13:41:00,2010-08-15 13:44:00,0
14997,2010-02-22 12:11:00,2011-06-14 16:52:00,477
14998,2010-04-13 16:07:00,2010-10-07 18:48:00,177
15001,2010-11-10 13:31:00,2010-11-10 13:51:00,0
15002,2010-01-12 11:40:00,2010-01-26 11:44:00,14
15003,2010-01-26 13:04:00,2010-02-03 11:58:00,7
15005,2009-12-01 14:19:00,2009-12-09 14:38:00,8
15006,2010-09-12 13:03:00,2011-10-19 15:08:00,402
15008,2010-03-12 11:13:00,2010-08-16 13:09:00,157
15009,2011-11-14 17:40:00,2011-11-20 11:25:00,5
15011,2010-10-19 12:05:00,2010-11-09 11:10:00,20
15012,2010-05-12 11:49:00,2010-12-01 12:49:00,203
15013,2010-01-31 12:15:00,2010-02-21 11:02:00,20
15014,2011-06-16 19:40:00,2011-10-27 20:07:00,133
15015,2009-12-14 14:46:00,2010-01-13 14:32:00,29
15016,2010-06-14 13:06:00,2010-10-13 13:32:00,121
15018,2010-12-07 10:47:00,2011-04-01 09:56:00,114
15021,2010-07-29 16:35:00,2010-11-12 13:05:00,105
15022,2010-01-31 16:02:00,2011-10-23 15:47:00,629
15023,2010-02-03 15:45:00,2010-04-01 13:54:00,56
15024,2010-10-11 16:14:00,2010-10-11 16:42:00,0
15025,2010-05-20 13:28:00,2011-11-06 15:20:00,535
15026,2010-09-17 13:52:00,2010-11-29 13:50:00,72
15027,2010-03-25 14:39:00,2010-05-06 14:15:00,41
15028,2010-11-10 14:32:00,2010-11-26 12:56:00,15
15030,2010-03-04 17:10:00,2010-03-18 17:34:00,14
15031,2009-12-08 13:38:00,2010-01-14 19:50:00,37
15032,2009-12-10 15:27:00,2010-04-15 14:38:00,125
15033,2011-01-14 13:28:00,2011-03-28 12:22:00,72
15034,2010-05-11 13:30:00,2010-07-02 12:55:00,51
15036,2011-06-13 12:19:00,2011-06-15 13:35:00,2
15037,2010-11-28 12:14:00,2010-11-28 13:05:00,0
15038,2010-10-10 14:35:00,2010-10-31 12:52:00,20
15039,2009-12-10 11:39:00,2009-12-15 11:24:00,4
15041,2010-09-21 13:16:00,2011-06-22 16:16:00,274
15042,2010-04-23 14:01:00,2011-05-24 16:25:00,396
15043,2010-06-24 15:50:00,2010-07-21 17:31:00,27
15044,2009-12-16 15:13:00,2009-12-23 11:21:00,6
15045,2011-03-27 11:44:00,2011-07-11 11:33:00,105
15046,2010-01-14 14:29:00,2010-01-26 10:54:00,11
15048,2010-12-06 12:15:00,2011-05-03 11:40:00,147
15050,2010-08-16 12:00:00,2010-10-14 14:18:00,59
15051,2009-12-01 13:29:00,2010-02-16 10:44:00,76
15053,2011-03-03 12:06:00,2011-07-06 13:06:00,125
15054,2011-10-30 14:33:00,2011-11-27 15:02:00,28
15055,2009-12-16 15:48:00,2010-04-25 13:40:00,129
15057,2009-12-05 15:27:00,2010-03-24 11:51:00,108
15058,2010-02-24 14:07:00,2010-04-26 10:33:00,60
15059,2009-12-06 12:17:00,2010-01-15 15:13:00,40
15060,2011-11-30 14:03:00,2011-11-30 14:17:00,0
15061,2009-12-01 12:18:00,2009-12-01 12:19:00,0
15062,2010-04-08 15:41:00,2010-07-01 14:49:00,83
15064,2009-12-22 16:17:00,2010-05-13 10:42:00,141
15065,2010-10-25 09:13:00,2011-02-21 12:54:00,119
15067,2010-04-11 15:54:00,2010-10-22 14:30:00,193
15068,2010-03-28 13:18:00,2010-10-17 16:08:00,203
15070,2009-12-15 13:49:00,2010-04-27 15:21:00,133
15071,2010-05-18 12:45:00,2010-11-18 13:30:00,184
15073,2010-01-27 08:48:00,2010-04-22 14:15:00,85
15074,2010-08-29 11:47:00,2010-10-06 15:49:00,38
15076,2010-07-05 14:11:00,2010-08-04 13:37:00,29
15077,2009-12-09 17:10:00,2010-08-02 11:13:00,235
15078,2009-12-04 12:03:00,2009-12-15 19:01:00,11
15079,2009-12-08 11:22:00,2009-12-08 11:23:00,0
15080,2010-07-26 10:03:00,2010-10-08 11:52:00,74
15081,2010-06-22 10:25:00,2010-07-01 10:51:00,9
15084,2010-03-04 10:45:00,2010-11-25 11:58:00,266
15086,2010-03-24 13:56:00,2010-05-24 12:27:00,60
15088,2011-10-03 14:05:00,2011-11-18 13:14:00,45
15089,2011-08-03 14:14:00,2011-08-23 13:40:00,19
15091,2010-02-03 11:46:00,2010-02-03 11:50:00,0
15092,2010-09-03 12:33:00,2011-03-01 12:24:00,178
15093,2009-12-08 12:46:00,2010-01-12 14:33:00,35
15094,2010-03-05 12:56:00,2010-09-02 16:55:00,181
15095,2010-01-21 09:37:00,2010-04-22 08:03:00,90
15097,2010-05-05 14:22:00,2010-05-05 14:33:00,0
15098,2011-06-10 15:22:00,2011-06-10 15:33:00,0
15100,2010-01-07 14:33:00,2010-11-11 13:23:00,307
15101,2010-04-28 15:00:00,2010-06-04 14:12:00,36
15102,2010-06-11 10:16:00,2010-06-27 12:16:00,16
15103,2011-09-14 13:54:00,2011-11-08 14:53:00,55
15104,2011-03-02 14:16:00,2011-05-27 12:29:00,85
15105,2010-03-23 12:18:00,2010-10-05 14:12:00,196
15106,2011-03-15 12:52:00,2011-05-12 08:41:00,57
15107,2010-09-14 10:47:00,2010-09-23 08:10:00,8
15108,2011-04-26 10:54:00,2011-06-05 12:51:00,40
15109,2009-12-04 12:33:00,2010-05-09 13:44:00,156
15110,2010-08-11 15:49:00,2010-11-01 10:31:00,81
15111,2010-04-26 13:12:00,2010-10-11 14:32:00,168
15113,2011-10-16 15:27:00,2011-11-14 10:33:00,28
15114,2010-10-14 16:44:00,2010-11-21 16:14:00,37
15115,2009-12-07 11:20:00,2011-11-21 14:59:00,714
15116,2011-05-19 08:50:00,2011-07-28 09:48:00,70
15117,2010-03-15 13:39:00,2010-03-15 13:40:00,0
15121,2011-02-24 12:41:00,2011-10-20 14:51:00,238
15122,2010-03-30 14:05:00,2010-05-04 14:12:00,35
15123,2010-03-16 09:49:00,2010-09-27 13:58:00,195
15124,2010-02-26 10:49:00,2010-08-20 12:31:00,175
15125,2010-03-31 13:29:00,2010-03-31 13:32:00,0
15126,2010-01-21 17:09:00,2010-06-21 12:31:00,150
15127,2010-07-08 10:07:00,2011-10-05 10:30:00,454
15128,2010-10-05 16:46:00,2011-05-04 12:32:00,210
15129,2010-04-08 17:15:00,2010-04-21 09:03:00,12
15132,2011-03-22 12:02:00,2011-05-24 08:53:00,62
15133,2010-07-07 12:31:00,2010-11-22 15:16:00,138
15134,2010-10-13 12:44:00,2010-11-23 14:59:00,41
15135,2010-06-01 13:33:00,2011-04-14 19:16:00,317
15136,2011-09-04 16:05:00,2011-11-17 16:35:00,74
15137,2010-01-28 15:45:00,2010-07-07 09:41:00,159
15139,2011-01-07 12:44:00,2011-04-14 11:39:00,96
15140,2010-09-23 13:07:00,2011-03-20 14:37:00,178
15141,2010-03-28 15:58:00,2010-05-10 13:51:00,42
15142,2010-07-27 09:05:00,2010-08-12 09:17:00,16
15143,2010-10-03 13:58:00,2011-04-28 12:03:00,206
15144,2009-12-13 11:35:00,2010-02-24 12:51:00,73
15145,2011-04-05 15:20:00,2011-04-26 16:40:00,21
15146,2011-02-21 13:07:00,2011-06-28 12:09:00,126
15149,2010-02-28 11:13:00,2010-02-28 11:14:00,0
15150,2010-06-14 12:01:00,2010-09-09 17:16:00,87
15151,2010-07-18 12:19:00,2010-10-12 16:37:00,86
15152,2010-01-07 15:15:00,2011-06-05 15:36:00,514
15154,2010-08-18 17:41:00,2010-08-18 17:43:00,0
15156,2011-11-06 12:41:00,2011-12-05 09:15:00,28
15157,2009-12-10 14:44:00,2010-05-19 13:29:00,159
15158,2010-11-03 13:46:00,2011-10-25 13:53:00,356
15159,2010-10-04 09:31:00,2010-10-21 16:33:00,17
15160,2010-10-14 15:26:00,2010-11-04 12:24:00,20
15163,2011-05-31 15:22:00,2011-11-21 13:10:00,173
15164,2010-01-18 13:34:00,2010-04-06 13:30:00,77
15167,2010-02-04 14:13:00,2010-09-20 17:32:00,228
15169,2009-12-13 11:16:00,2010-11-22 13:04:00,344
15172,2011-04-17 11:56:00,2011-05-27 09:48:00,39
15173,2010-04-01 12:26:00,2010-05-02 10:39:00,30
15174,2010-10-25 09:40:00,2011-01-21 09:06:00,87
15179,2009-12-03 12:27:00,2010-01-22 10:51:00,49
15180,2010-04-29 15:27:00,2010-10-18 10:07:00,171
15181,2009-12-08 19:02:00,2010-10-15 11:47:00,310
15182,2010-02-21 12:03:00,2010-05-25 10:14:00,92
15183,2010-05-04 11:31:00,2010-05-24 13:00:00,20
15184,2009-12-16 12:06:00,2010-11-17 12:41:00,336
15186,2010-01-12 10:14:00,2010-05-12 14:00:00,120
15187,2011-05-11 13:49:00,2011-06-24 09:38:00,43
15189,2010-07-18 13:37:00,2010-09-07 10:54:00,50
15191,2010-01-20 12:35:00,2010-01-20 12:35:00,0
15192,2010-01-29 10:13:00,2010-05-13 13:50:00,104
15194,2009-12-03 10:37:00,2009-12-08 18:07:00,5
15196,2009-12-13 11:14:00,2010-10-03 10:50:00,293
15197,2009-12-11 12:56:00,2010-09-27 14:38:00,290
15198,2010-01-19 10:01:00,2010-04-01 14:15:00,72
15199,2010-05-13 10:14:00,2010-06-23 09:32:00,40
15201,2010-04-07 14:50:00,2010-09-26 10:50:00,171
15203,2009-12-08 18:06:00,2010-01-28 12:32:00,50
15205,2011-08-04 16:07:00,2011-09-15 19:36:00,42
15206,2011-03-09 08:59:00,2011-07-17 11:26:00,130
15207,2010-06-10 17:29:00,2010-10-15 12:30:00,126
15208,2010-10-12 12:17:00,2010-12-21 13:03:00,70
15210,2010-05-13 14:42:00,2010-11-26 09:09:00,196
15211,2010-12-09 16:08:00,2011-10-10 13:31:00,304
15212,2010-11-28 10:45:00,2011-04-12 13:45:00,135
15213,2011-01-14 11:05:00,2011-01-25 12:21:00,11
15214,2011-04-11 09:46:00,2011-06-09 09:44:00,58
15215,2010-04-06 11:21:00,2010-05-04 12:59:00,28
15216,2010-03-31 09:52:00,2011-09-13 11:41:00,531
15218,2010-01-26 11:33:00,2010-03-10 14:02:00,43
15219,2010-03-01 11:33:00,2011-06-16 16:57:00,472
15220,2011-03-04 10:24:00,2011-04-14 17:29:00,41
15221,2010-03-12 10:40:00,2010-04-25 15:50:00,44
15222,2009-12-16 13:49:00,2010-01-14 15:24:00,29
15223,2009-12-05 11:19:00,2010-01-17 14:54:00,43
15224,2010-01-15 16:14:00,2010-03-03 10:11:00,46
15227,2010-03-16 08:23:00,2010-05-18 10:09:00,63
15228,2010-07-28 10:21:00,2010-10-07 14:24:00,71
15230,2011-04-13 11:04:00,2011-04-14 14:39:00,1
15232,2011-07-22 12:21:00,2011-08-18 16:27:00,27
15235,2010-11-16 12:48:00,2010-11-16 12:49:00,0
15237,2011-04-26 15:04:00,2011-05-20 14:47:00,23
15238,2011-06-08 16:00:00,2011-09-05 15:26:00,88
15239,2011-09-22 09:53:00,2011-11-29 14:14:00,68
15240,2009-12-05 14:57:00,2010-05-04 10:03:00,149
15241,2010-02-23 13:59:00,2010-05-18 10:38:00,83
15243,2010-09-30 17:28:00,2011-09-26 14:12:00,360
15244,2010-02-11 14:48:00,2011-04-05 15:12:00,418
15245,2010-04-23 14:23:00,2010-07-06 13:49:00,73
15246,2010-06-02 11:28:00,2010-12-16 09:46:00,196
15247,2010-06-20 14:08:00,2010-08-19 10:13:00,59
15248,2010-06-23 14:34:00,2010-08-20 14:13:00,57
15249,2010-03-26 14:51:00,2010-04-16 11:54:00,20
15251,2010-01-29 12:42:00,2010-02-17 12:03:00,18
15252,2010-04-07 10:24:00,2010-05-12 11:55:00,35
15253,2010-05-02 11:17:00,2010-07-05 16:07:00,64
15254,2010-05-28 10:08:00,2010-06-11 10:30:00,14
15255,2009-12-03 09:10:00,2010-06-13 14:31:00,192
15256,2010-05-27 11:41:00,2011-07-14 11:47:00,413
15257,2010-10-21 14:03:00,2011-03-01 12:58:00,130
15258,2011-05-06 14:16:00,2011-06-24 12:30:00,48
15259,2010-01-26 09:41:00,2010-04-16 15:55:00,80
15260,2009-12-06 11:45:00,2009-12-07 10:38:00,0
15261,2010-10-01 11:59:00,2010-10-18 10:42:00,16
15262,2010-08-08 15:55:00,2010-11-24 13:21:00,107
15264,2010-06-27 13:29:00,2011-10-06 13:49:00,466
15265,2009-12-01 17:08:00,2010-04-14 11:20:00,133
15266,2010-01-07 12:19:00,2010-01-22 15:04:00,15
15267,2011-06-10 10:24:00,2011-07-07 11:36:00,27
15268,2010-04-13 11:27:00,2010-08-18 10:32:00,126
15269,2010-11-14 12:58:00,2010-11-24 15:31:00,10
15270,2009-12-17 15:02:00,2009-12-17 15:06:00,0
15271,2010-08-05 14:57:00,2010-08-27 14:52:00,21
15272,2010-02-14 13:39:00,2010-05-16 15:33:00,91
15274,2011-11-21 14:17:00,2011-12-05 16:57:00,14
15276,2010-10-01 12:24:00,2010-11-10 16:06:00,40
15277,2010-10-10 16:02:00,2011-10-24 10:08:00,378
15278,2010-02-12 14:53:00,2010-02-12 14:54:00,0
15279,2010-02-02 10:15:00,2010-03-19 13:22:00,45
15280,2010-05-17 14:17:00,2010-08-08 12:21:00,82
15281,2010-10-08 12:14:00,2010-10-18 14:31:00,10
15283,2010-07-09 15:46:00,2010-08-09 15:47:00,31
15287,2009-12-02 12:13:00,2010-09-30 17:30:00,302
15288,2010-02-12 15:27:00,2010-04-23 12:49:00,69
15289,2010-03-28 11:45:00,2010-09-07 12:38:00,163
15290,2010-02-24 10:15:00,2010-05-07 08:49:00,71
15291,2009-12-03 11:09:00,2009-12-09 09:36:00,5
15296,2010-01-21 13:48:00,2010-05-17 15:54:00,116
15297,2011-10-07 09:42:00,2011-11-10 14:38:00,34
15298,2009-12-08 17:04:00,2010-01-18 15:10:00,40
15299,2010-01-12 11:34:00,2010-10-01 14:55:00,262
15301,2010-09-15 15:41:00,2010-09-29 14:54:00,13
15303,2010-01-25 09:42:00,2010-05-23 12:14:00,118
15304,2010-10-14 10:24:00,2010-12-06 11:42:00,53
15306,2010-02-18 17:12:00,2010-04-23 12:12:00,63
15309,2009-12-04 13:01:00,2010-02-26 13:01:00,84
15311,2009-12-01 11:21:00,2009-12-02 11:20:00,0
15312,2009-12-16 09:23:00,2010-01-14 10:25:00,29
15314,2010-10-07 15:41:00,2010-10-22 12:19:00,14
15315,2011-08-15 15:17:00,2011-10-06 12:51:00,51
15321,2010-02-03 09:47:00,2010-02-25 09:16:00,21
15322,2010-08-20 13:10:00,2011-09-15 09:34:00,390
15323,2010-02-16 09:21:00,2010-04-07 15:14:00,50
15325,2010-02-16 13:30:00,2010-03-19 10:40:00,30
15326,2009-12-01 13:19:00,2009-12-18 16:04:00,17
15329,2009-12-14 12:18:00,2010-03-19 13:32:00,95
15330,2011-10-10 12:30:00,2011-11-07 17:50:00,28
15331,2010-04-09 14:26:00,2010-07-28 09:42:00,109
15332,2010-07-14 13:01:00,2010-11-04 12:17:00,112
15334,2011-06-19 13:51:00,2011-06-29 14:20:00,10
15339,2010-02-08 13:38:00,2010-03-26 17:24:00,46
15341,2010-09-16 16:41:00,2011-09-20 09:40:00,368
15344,2011-09-26 14:48:00,2011-11-07 17:08:00,42
15346,2010-10-04 15:11:00,2010-10-10 13:55:00,5
15347,2010-09-28 12:50:00,2010-11-04 15:03:00,37
15349,2011-06-05 15:46:00,2011-07-04 16:06:00,29
15350,2010-11-21 15:14:00,2010-12-01 13:33:00,9
15351,2010-10-03 12:18:00,2010-10-13 15:37:00,10
15353,2009-12-02 11:33:00,2010-06-08 14:00:00,188
15355,2011-10-17 15:22:00,2011-11-10 13:44:00,23
15356,2010-10-13 13:12:00,2010-11-14 11:39:00,31
15358,2009-12-07 12:19:00,2009-12-20 14:59:00,13
15359,2010-01-15 11:30:00,2010-01-29 10:49:00,13
15361,2010-06-14 13:27:00,2010-06-22 11:35:00,7
15362,2009-12-01 09:08:00,2010-09-17 10:37:00,290
15363,2010-08-04 08:41:00,2010-12-02 12:28:00,120
15364,2011-03-30 13:39:00,2011-09-05 09:46:00,158
15365,2010-02-04 16:43:00,2010-08-12 14:57:00,188
15366,2010-02-26 10:10:00,2010-04-21 09:52:00,53
15367,2009-12-10 14:20:00,2010-03-02 14:36:00,82
15368,2010-11-10 15:52:00,2011-11-18 14:42:00,372
15369,2009-12-08 07:43:00,2010-01-08 11:58:00,31
15370,2010-10-25 12:08:00,2011-01-11 11:32:00,77
15372,2010-02-14 11:24:00,2010-02-16 12:42:00,2
15373,2010-05-02 11:57:00,2010-05-16 14:06:00,14
15374,2010-03-25 12:03:00,2011-08-03 09:59:00,495
15376,2011-05-01 13:45:00,2011-08-14 15:39:00,105
15377,2010-10-20 11:42:00,2010-11-02 18:25:00,13
15378,2010-07-26 08:47:00,2010-09-03 11:30:00,39
15379,2010-11-04 11:59:00,2010-12-16 13:02:00,42
15380,2009-12-01 13:50:00,2009-12-10 15:35:00,9
15381,2010-05-05 14:35:00,2010-06-16 16:42:00,42
15382,2009-12-04 14:13:00,2010-02-22 10:24:00,79
15384,2010-04-26 12:38:00,2010-11-23 12:04:00,210
15385,2010-01-31 13:02:00,2010-11-12 12:28:00,284
15389,2010-01-27 12:44:00,2010-05-26 16:02:00,119
15390,2010-10-26 17:23:00,2010-11-08 15:19:00,12
15392,2010-10-04 12:50:00,2010-11-08 08:58:00,34
15393,2009-12-15 17:56:00,2010-01-15 15:27:00,30
15394,2009-12-15 19:05:00,2010-05-23 14:25:00,158
15396,2010-05-05 09:04:00,2011-08-19 10:56:00,471
15398,2011-09-22 14:56:00,2011-11-23 16:47:00,62
15399,2011-09-21 15:57:00,2011-11-17 15:04:00,56
15400,2010-05-28 08:33:00,2010-08-05 14:11:00,69
15401,2010-05-20 10:56:00,2010-09-13 13:42:00,116
15402,2010-04-27 12:12:00,2010-06-18 10:47:00,51
15403,2009-12-09 12:45:00,2010-08-05 12:21:00,238
15405,2010-05-12 15:56:00,2011-06-03 14:44:00,386
15406,2010-09-12 13:06:00,2010-09-12 13:10:00,0
15407,2011-02-07 13:18:00,2011-05-01 14:58:00,83
15410,2010-04-19 08:57:00,2010-05-20 09:53:00,31
15411,2011-06-10 12:30:00,2011-08-07 12:54:00,58
15413,2009-12-01 10:18:00,2009-12-08 15:10:00,7
15414,2011-04-11 13:45:00,2011-11-02 14:58:00,205
15416,2010-02-01 11:55:00,2010-08-18 09:47:00,197
15418,2010-05-02 11:31:00,2010-10-10 13:38:00,161
15420,2009-12-05 13:29:00,2009-12-14 14:34:00,9
15421,2009-12-07 15:10:00,2010-01-29 13:52:00,52
15422,2010-02-07 11:52:00,2010-05-18 12:49:00,100
15423,2010-03-28 13:42:00,2010-05-07 09:21:00,39
15424,2010-09-02 17:17:00,2011-03-30 13:00:00,208
15425,2010-02-14 12:36:00,2010-03-21 11:32:00,34
15426,2010-05-02 15:10:00,2010-07-25 12:53:00,83
15427,2011-10-23 14:47:00,2011-11-06 14:17:00,13
15428,2009-12-17 17:46:00,2010-03-12 15:13:00,84
15429,2011-09-25 13:42:00,2011-11-13 12:28:00,48
15430,2010-06-29 15:04:00,2010-08-29 10:42:00,60
15432,2010-06-16 14:34:00,2011-11-16 16:30:00,518
15433,2011-03-17 14:12:00,2011-05-10 10:45:00,53
15434,2010-01-24 15:35:00,2010-09-30 12:01:00,248
15436,2011-04-19 16:52:00,2011-10-23 16:19:00,186
15437,2010-03-09 10:45:00,2011-03-22 13:11:00,378
15439,2010-02-24 12:05:00,2010-02-24 12:09:00,0
15440,2011-05-15 11:30:00,2011-07-26 14:27:00,72
15441,2009-12-09 14:55:00,2010-10-11 11:04:00,305
15443,2010-03-07 12:10:00,2010-03-25 11:28:00,17
15444,2011-10-30 16:12:00,2011-11-30 17:37:00,31
15445,2010-04-28 15:00:00,2011-03-20 15:06:00,326
15446,2009-12-13 13:53:00,2010-03-21 11:15:00,97
15447,2010-03-24 14:40:00,2010-04-20 09:45:00,26
15448,2010-02-03 13:29:00,2011-01-31 10:42:00,361
15449,2011-03-23 10:43:00,2011-06-07 16:42:00,76
15451,2010-04-19 14:08:00,2010-10-01 13:40:00,164
15452,2010-07-16 14:23:00,2010-08-24 12:03:00,38
15453,2011-06-05 12:37:00,2011-06-23 19:46:00,18
15454,2010-03-31 13:15:00,2010-12-12 14:21:00,256
15456,2009-12-08 12:54:00,2009-12-20 12:10:00,11
15458,2010-11-02 19:50:00,2011-11-14 13:08:00,376
15459,2010-07-30 14:31:00,2010-10-18 15:25:00,80
15461,2010-03-18 12:40:00,2010-09-05 12:31:00,170
15462,2010-09-20 10:23:00,2011-06-05 15:36:00,258
15465,2009-12-10 09:42:00,2010-01-08 14:16:00,29
15466,2009-12-03 12:28:00,2010-04-12 14:48:00,130
15467,2011-07-10 14:42:00,2011-07-17 15:24:00,7
15468,2010-11-12 09:39:00,2011-10-19 13:38:00,341
15469,2010-09-27 10:09:00,2011-08-11 16:54:00,318
15471,2010-06-07 12:17:00,2010-11-24 14:39:00,170
15473,2010-09-21 09:14:00,2011-10-10 11:12:00,384
15476,2010-09-23 14:00:00,2010-11-12 11:33:00,49
15478,2010-05-13 18:49:00,2011-10-14 11:09:00,518
15480,2010-02-01 14:52:00,2010-08-27 15:14:00,207
15482,2009-12-02 16:59:00,2009-12-03 10:23:00,0
15483,2010-01-24 15:42:00,2010-06-18 11:01:00,144
15484,2009-12-05 15:18:00,2010-06-17 16:16:00,194
15485,2009-12-01 17:31:00,2009-12-01 17:50:00,0
15488,2010-05-05 13:03:00,2010-08-06 14:54:00,93
15489,2010-01-15 16:58:00,2010-04-11 11:47:00,85
15491,2011-04-18 10:04:00,2011-04-18 10:20:00,0
15492,2011-09-26 14:02:00,2011-11-11 14:53:00,46
15493,2010-02-23 11:14:00,2010-04-06 11:42:00,42
15494,2009-12-10 20:16:00,2010-07-07 13:55:00,208
15497,2009-12-18 15:08:00,2010-01-13 10:21:00,25
15498,2009-12-16 17:27:00,2010-02-21 13:18:00,66
15500,2011-09-19 13:47:00,2011-11-13 13:41:00,54
15501,2010-10-20 12:47:00,2010-10-31 11:15:00,10
15502,2010-06-03 11:12:00,2010-09-27 11:57:00,116
15503,2009-12-13 11:34:00,2010-12-12 10:57:00,363
15504,2010-02-12 12:34:00,2010-04-12 12:48:00,59
15505,2011-07-07 13:33:00,2011-08-05 15:07:00,29
15506,2010-08-19 12:38:00,2010-10-17 15:16:00,59
15508,2011-04-18 15:31:00,2011-04-28 13:31:00,9
15511,2011-09-15 15:05:00,2011-10-13 12:58:00,27
15512,2010-02-01 13:23:00,2010-11-14 12:39:00,285
15513,2010-01-13 14:59:00,2010-03-25 11:07:00,70
15514,2009-12-04 16:37:00,2009-12-15 16:23:00,10
15516,2011-10-24 11:33:00,2011-10-24 11:38:00,0
15518,2009-12-20 12:21:00,2010-01-26 12:55:00,37
15519,2010-09-19 13:57:00,2010-11-21 14:35:00,63
15521,2010-01-05 10:19:00,2010-04-07 13:34:00,92
15522,2011-09-13 12:26:00,2011-11-07 11:26:00,54
15523,2009-12-02 15:16:00,2009-12-02 15:17:00,0
15524,2010-04-12 09:19:00,2011-11-15 12:09:00,582
15525,2010-11-22 12:10:00,2010-12-01 13:17:00,9
15526,2011-11-06 15:01:00,2011-11-06 15:04:00,0
15527,2009-12-15 17:31:00,2010-01-10 12:25:00,25
15529,2010-11-10 14:26:00,2010-12-08 12:24:00,27
15530,2010-07-15 11:10:00,2011-04-07 11:16:00,266
15531,2011-11-09 17:47:00,2011-12-01 18:43:00,22
15532,2010-06-08 14:52:00,2010-06-29 16:13:00,21
15533,2011-09-11 15:41:00,2011-09-18 13:40:00,6
15535,2010-09-16 20:04:00,2010-10-31 14:09:00,44
15538,2010-02-14 12:38:00,2010-03-04 11:44:00,17
15540,2010-11-29 11:10:00,2011-11-28 13:51:00,364
15542,2009-12-02 11:53:00,2009-12-02 12:06:00,0
15543,2010-09-06 11:28:00,2011-02-24 15:26:00,171
15544,2010-01-28 14:39:00,2010-02-18 10:26:00,20
15545,2010-12-03 17:28:00,2011-10-16 13:24:00,316
15546,2010-04-12 11:45:00,2010-04-12 11:51:00,0
15547,2009-12-06 13:40:00,2010-01-21 11:11:00,45
15549,2010-01-11 13:16:00,2010-01-27 16:14:00,16
15550,2009-12-03 15:15:00,2009-12-14 10:27:00,10
15551,2010-06-07 15:05:00,2010-09-24 12:18:00,108
15552,2010-03-26 16:17:00,2011-05-06 14:47:00,405
15555,2009-12-06 11:58:00,2010-02-01 15:10:00,57
15560,2010-11-07 10:14:00,2010-11-07 10:15:00,0
15561,2010-02-14 12:22:00,2010-05-10 10:29:00,84
15562,2009-12-13 15:17:00,2010-10-11 10:33:00,301
15563,2010-01-28 11:36:00,2010-04-14 11:36:00,76
15564,2010-02-01 15:58:00,2010-09-02 15:52:00,212
15565,2011-09-30 10:44:00,2011-10-20 14:33:00,20
15566,2009-12-15 14:53:00,2010-11-12 12:11:00,331
15568,2011-09-27 14:37:00,2011-10-26 11:51:00,28
15569,2010-02-28 10:55:00,2010-04-18 11:14:00,49
15570,2010-03-28 14:04:00,2010-04-21 15:08:00,24
15571,2009-12-06 12:10:00,2010-03-23 12:41:00,107
15572,2010-04-14 14:38:00,2010-10-20 13:40:00,188
15573,2009-12-10 14:19:00,2010-02-25 11:41:00,76
15574,2010-09-01 14:37:00,2010-10-15 12:45:00,43
15577,2009-12-13 16:17:00,2009-12-16 14:54:00,2
15579,2010-10-03 14:37:00,2010-10-08 17:28:00,5
15580,2010-02-07 11:21:00,2010-04-21 14:05:00,73
15581,2009-12-02 12:19:00,2009-12-02 12:32:00,0
15582,2011-05-03 13:36:00,2011-08-31 14:52:00,120
15584,2010-02-07 12:16:00,2010-11-05 11:34:00,270
15586,2010-01-08 10:02:00,2010-02-18 10:27:00,41
15587,2010-08-05 08:44:00,2010-10-26 17:52:00,82
15589,2011-02-02 10:46:00,2011-03-29 09:53:00,54
15590,2010-04-12 10:09:00,2010-05-05 08:53:00,22
15591,2010-02-04 09:20:00,2010-03-09 10:21:00,33
15594,2011-04-19 10:08:00,2011-09-07 10:51:00,141
15596,2010-07-28 11:46:00,2010-10-04 12:22:00,68
15597,2010-05-13 13:10:00,2011-11-04 13:26:00,540
15598,2010-10-08 09:20:00,2011-10-17 16:04:00,374
15599,2010-09-20 10:15:00,2011-05-19 13:05:00,241
15600,2010-04-25 11:50:00,2010-06-15 12:27:00,51
15601,2009-12-01 14:53:00,2009-12-03 15:49:00,2
15602,2009-12-02 09:35:00,2010-01-28 13:53:00,57
15603,2010-03-01 16:02:00,2011-09-22 10:04:00,569
15605,2010-01-14 14:03:00,2010-03-03 15:52:00,48
15606,2010-03-02 14:48:00,2010-04-01 10:29:00,29
15607,2010-01-08 12:16:00,2010-01-15 12:38:00,7
15608,2010-10-20 10:10:00,2011-08-11 09:56:00,294
15611,2010-01-25 14:50:00,2010-01-29 14:41:00,3
15612,2011-10-09 12:49:00,2011-11-03 14:52:00,25
15614,2010-03-23 11:13:00,2010-07-27 12:47:00,126
15615,2009-12-02 15:28:00,2009-12-02 15:29:00,0
15617,2010-07-20 13:16:00,2010-10-20 10:22:00,91
15618,2011-07-26 10:13:00,2011-09-08 12:56:00,44
15620,2010-10-26 11:32:00,2010-12-16 14:34:00,51
15621,2011-11-18 11:49:00,2011-11-28 15:16:00,10
15622,2010-03-04 10:29:00,2010-04-22 11:51:00,49
15623,2009-12-10 14:46:00,2010-01-19 10:41:00,39
15624,2011-03-28 13:32:00,2011-05-17 12:44:00,49
15625,2010-06-15 15:23:00,2010-06-16 16:01:00,1
15626,2010-10-14 17:16:00,2011-01-14 10:10:00,91
15627,2010-07-05 11:56:00,2010-09-08 14:14:00,65
15628,2009-12-13 13:39:00,2010-02-11 09:59:00,59
15629,2010-06-25 11:39:00,2010-07-30 11:52:00,35
15630,2010-03-05 14:30:00,2011-05-19 10:16:00,439
15632,2011-03-10 08:29:00,2011-03-31 11:53:00,21
15633,2009-12-08 17:51:00,2010-01-15 16:53:00,37
15634,2010-11-21 15:30:00,2011-11-22 16:28:00,366
15636,2010-05-19 11:37:00,2010-09-28 15:10:00,132
15637,2009-12-15 17:54:00,2010-03-09 10:02:00,83
15638,2010-04-08 14:37:00,2010-04-25 15:45:00,17
15639,2010-04-13 13:11:00,2010-09-14 09:05:00,153
15640,2009-12-14 16:36:00,2010-01-08 16:42:00,25
15641,2009-12-06 15:31:00,2009-12-15 17:25:00,9
15643,2011-03-02 14:34:00,2011-06-01 07:37:00,90
15644,2011-03-23 15:37:00,2011-03-23 16:00:00,0
15645,2010-10-10 12:51:00,2010-10-21 18:36:00,11
15646,2010-10-25 13:06:00,2010-11-10 14:37:00,16
15648,2011-03-17 18:59:00,2011-05-19 15:53:00,62
15649,2010-11-17 16:22:00,2010-11-29 16:34:00,12
15650,2010-03-21 11:46:00,2010-07-06 10:41:00,106
15651,2010-04-22 13:26:00,2010-10-15 13:42:00,176
15652,2010-08-11 16:58:00,2010-10-04 17:07:00,54
15653,2011-08-16 09:50:00,2011-09-08 10:49:00,23
15654,2011-11-13 15:15:00,2011-11-30 13:08:00,16
15656,2011-02-28 15:32:00,2011-05-03 12:17:00,63
15658,2009-12-03 11:19:00,2010-07-28 12:34:00,237
15659,2010-02-24 13:32:00,2010-11-18 10:51:00,266
15660,2010-02-05 16:01:00,2010-03-31 12:44:00,53
15661,2010-05-10 07:59:00,2010-07-19 15:15:00,70
15662,2009-12-01 13:49:00,2010-02-16 16:47:00,77
15664,2010-02-28 12:50:00,2010-05-07 08:17:00,67
15665,2010-03-14 15:07:00,2010-08-22 13:41:00,160
15666,2010-08-01 15:41:00,2010-08-24 16:14:00,23
15669,2011-03-21 09:13:00,2011-06-16 17:12:00,87
15670,2010-06-01 15:34:00,2011-02-16 10:50:00,259
15671,2011-03-14 09:37:00,2011-03-16 14:31:00,2
15673,2010-02-22 14:28:00,2010-04-08 13:18:00,44
15674,2009-12-08 17:08:00,2010-02-25 12:18:00,78
15675,2010-10-31 14:14:00,2011-03-04 14:21:00,124
15676,2011-03-01 10:19:00,2011-11-04 14:19:00,248
15677,2010-09-02 12:08:00,2010-10-14 15:19:00,42
15678,2010-07-05 12:49:00,2010-11-09 14:38:00,127
15679,2011-06-10 08:24:00,2011-07-08 13:31:00,28
15680,2009-12-02 12:15:00,2010-01-24 15:14:00,53
15681,2010-05-24 14:18:00,2010-06-07 16:48:00,14
15682,2010-01-21 14:37:00,2010-04-19 15:30:00,88
15683,2010-08-23 12:01:00,2011-08-14 12:56:00,356
15684,2009-12-04 16:13:00,2010-01-07 11:21:00,33
15687,2011-01-13 15:13:00,2011-02-01 13:15:00,18
15689,2010-04-01 09:53:00,2010-12-13 09:57:00,256
15690,2011-08-31 11:40:00,2011-12-05 15:59:00,96
15691,2009-12-06 16:01:00,2010-04-29 11:53:00,143
15694,2009-12-07 15:43:00,2010-04-23 14:03:00,136
15695,2010-01-27 10:56:00,2010-04-21 10:36:00,83
15696,2010-01-24 14:36:00,2010-03-11 12:17:00,45
15700,2011-06-19 15:36:00,2011-06-20 16:53:00,1
15701,2011-08-21 12:36:00,2011-09-27 10:41:00,36
15704,2010-05-05 14:51:00,2010-07-25 15:00:00,81
15706,2011-08-15 14:32:00,2011-09-25 12:45:00,40
15707,2011-09-14 14:19:00,2011-10-06 15:53:00,22
15708,2010-10-10 11:33:00,2010-11-14 11:01:00,34
15709,2010-04-29 18:31:00,2011-03-01 10:38:00,305
15711,2010-01-24 12:13:00,2010-06-01 12:14:00,128
15712,2009-12-01 11:17:00,2010-01-06 13:08:00,36
15713,2009-12-16 09:41:00,2010-03-30 10:26:00,104
15714,2010-06-02 12:08:00,2010-06-08 08:37:00,5
15715,2010-03-30 12:17:00,2010-04-22 15:33:00,23
15716,2009-12-07 12:42:00,2010-03-23 12:11:00,105
15717,2010-04-26 10:41:00,2010-06-24 13:43:00,59
15719,2009-12-01 12:47:00,2009-12-10 12:03:00,8
15720,2010-06-07 15:40:00,2011-11-15 14:48:00,525
15722,2010-03-09 15:05:00,2010-03-25 17:34:00,16
15723,2010-05-14 12:55:00,2010-09-16 10:43:00,124
15724,2010-11-04 10:22:00,2011-02-28 10:40:00,116
15727,2010-01-24 12:12:00,2010-05-19 11:39:00,114
15728,2010-09-21 14:46:00,2010-11-25 10:39:00,64
15729,2010-11-01 13:44:00,2010-11-04 16:07:00,3
15730,2010-10-04 14:15:00,2010-11-23 10:41:00,49
15732,2010-02-04 10:10:00,2010-02-23 11:29:00,19
15734,2010-06-10 14:25:00,2010-09-29 11:40:00,110
15736,2010-09-30 14:19:00,2010-09-30 14:20:00,0
15737,2011-04-11 10:01:00,2011-06-03 14:33:00,53
15738,2009-12-10 15:52:00,2010-01-11 09:53:00,31
15741,2010-03-31 11:55:00,2010-09-07 16:21:00,160
15743,2011-06-08 10:14:00,2011-08-18 12:43:00,71
15745,2011-04-17 13:04:00,2011-09-27 10:24:00,162
15747,2010-01-18 11:21:00,2010-04-23 16:02:00,95
15748,2010-09-16 16:52:00,2010-09-16 16:55:00,0
15749,2011-01-11 12:55:00,2011-01-11 12:57:00,0
15750,2009-12-01 17:19:00,2009-12-16 16:02:00,14
15751,2009-12-06 13:08:00,2009-12-06 13:21:00,0
15752,2010-09-08 11:56:00,2010-11-03 14:22:00,56
15754,2010-02-22 13:31:00,2010-03-04 09:37:00,9
15755,2009-12-04 08:24:00,2010-01-13 13:55:00,40
15756,2011-04-04 14:00:00,2011-05-10 14:20:00,36
15757,2010-06-10 13:47:00,2010-08-04 12:22:00,54
15759,2009-12-02 10:08:00,2010-05-14 12:44:00,163
15762,2011-09-23 15:17:00,2011-10-05 16:15:00,12
15763,2011-09-23 12:10:00,2011-11-08 09:44:00,45
15764,2010-08-18 13:58:00,2010-10-01 14:07:00,44
15766,2010-01-26 15:55:00,2010-09-09 13:51:00,225
15768,2009-12-03 12:10:00,2009-12-09 12:18:00,6
15769,2009-12-11 09:58:00,2010-01-11 09:55:00,30
15771,2010-01-15 12:14:00,2010-04-06 12:20:00,81
15773,2010-10-26 15:27:00,2011-12-04 12:48:00,403
15774,2010-02-21 12:57:00,2010-04-06 09:58:00,43
15775,2010-03-18 07:32:00,2011-04-08 12:56:00,386
15777,2010-05-20 10:37:00,2010-10-18 15:45:00,151
15779,2010-06-25 15:55:00,2010-09-02 16:40:00,69
15780,2010-12-17 11:43:00,2011-04-11 09:18:00,114
15781,2011-02-07 09:15:00,2011-07-25 12:25:00,168
15782,2010-10-05 15:43:00,2011-09-11 14:29:00,340
15784,2010-02-05 14:42:00,2010-08-29 10:38:00,204
15785,2009-12-15 16:28:00,2010-01-29 12:32:00,44
15786,2010-06-21 10:13:00,2010-10-18 08:11:00,118
15787,2011-10-09 13:11:00,2011-11-13 14:48:00,35
15789,2010-03-26 11:21:00,2010-06-15 11:33:00,81
15791,2010-03-08 09:41:00,2010-04-28 11:29:00,51
15792,2010-03-31 09:42:00,2010-11-05 08:21:00,218
15793,2009-12-01 12:54:00,2010-03-23 08:40:00,111
15794,2009-12-02 15:10:00,2009-12-03 13:04:00,0
15795,2010-01-18 11:31:00,2010-02-14 12:57:00,27
15796,2010-03-31 13:10:00,2010-04-18 10:39:00,17
15797,2010-01-27 13:12:00,2010-05-07 15:09:00,100
15798,2010-01-27 11:55:00,2010-03-04 09:08:00,35
15799,2010-10-17 14:26:00,2011-01-09 15:13:00,84
15800,2010-03-31 13:17:00,2010-03-31 13:22:00,0
15801,2011-08-22 09:53:00,2011-10-10 15:42:00,49
15803,2010-02-01 16:29:00,2010-09-02 08:42:00,212
15804,2011-05-25 10:12:00,2011-06-22 10:28:00,28
15805,2009-12-10 12:57:00,2010-01-26 11:39:00,46
15806,2011-03-08 09:24:00,2011-07-05 12:15:00,119
15807,2010-02-11 15:32:00,2010-10-27 13:04:00,257
15808,2009-12-01 16:30:00,2009-12-15 14:10:00,13
15809,2010-06-22 14:23:00,2010-09-06 13:20:00,75
15810,2010-02-04 18:18:00,2010-03-22 10:08:00,45
15811,2010-11-16 16:46:00,2010-12-09 15:29:00,22
15812,2009-12-15 13:40:00,2010-01-20 12:33:00,35
15813,2011-04-14 09:09:00,2011-05-16 08:13:00,31
15814,2010-04-15 14:31:00,2010-11-11 17:55:00,210
15815,2011-03-25 08:43:00,2011-04-08 12:01:00,14
15816,2010-06-15 12:54:00,2010-06-15 13:36:00,0
15817,2010-06-14 13:31:00,2010-08-04 12:54:00,50
15819,2010-03-18 11:08:00,2010-03-18 11:09:00,0
15821,2011-10-09 13:28:00,2011-10-26 15:48:00,17
15822,2009-12-06 15:12:00,2010-05-05 11:27:00,149
15823,2009-12-08 15:12:00,2009-12-10 18:03:00,2
15824,2010-06-25 15:10:00,2010-09-12 13:20:00,78
15826,2010-05-20 17:00:00,2011-05-13 10:44:00,357
15827,2010-01-08 11:25:00,2010-02-18 09:32:00,40
15829,2011-07-22 10:23:00,2011-09-01 16:45:00,41
15831,2011-01-19 14:52:00,2011-08-07 13:54:00,199
15834,2010-10-11 14:05:00,2010-11-28 12:03:00,47
15835,2011-01-13 10:35:00,2011-03-24 13:59:00,70
15837,2010-08-11 10:16:00,2011-10-06 09:01:00,420
15838,2009-12-15 09:51:00,2010-03-09 11:57:00,84
15839,2011-07-14 16:35:00,2011-09-20 12:12:00,67
15840,2011-06-20 11:42:00,2011-10-12 09:08:00,113
15841,2009-12-10 08:29:00,2009-12-20 10:13:00,10
15842,2010-06-30 09:06:00,2010-11-11 14:08:00,134
15845,2010-01-26 14:44:00,2010-04-27 09:09:00,90
15847,2010-03-08 08:47:00,2010-09-22 14:42:00,198
15850,2009-12-13 13:27:00,2010-06-21 14:14:00,190
15852,2010-07-01 10:16:00,2011-05-26 13:26:00,329
15854,2009-12-10 12:08:00,2010-04-07 12:58:00,118
15855,2010-08-20 17:15:00,2011-03-21 12:32:00,212
15856,2009-12-03 14:02:00,2009-12-11 16:46:00,8
15857,2010-10-05 16:43:00,2011-11-21 12:18:00,411
15858,2009-12-10 11:42:00,2009-12-18 10:57:00,7
15860,2009-12-06 12:31:00,2009-12-13 11:23:00,6
15861,2010-01-28 19:41:00,2010-04-29 20:04:00,91
15862,2009-12-17 11:33:00,2009-12-17 11:38:00,0
15863,2009-12-17 10:20:00,2010-01-22 14:14:00,36
15864,2010-11-23 15:02:00,2011-01-27 16:43:00,65
15865,2010-01-05 13:58:00,2010-10-22 15:24:00,290
15867,2009-12-14 15:16:00,2010-01-04 16:11:00,21
15869,2010-03-23 16:50:00,2011-03-07 17:19:00,349
15870,2010-09-19 16:22:00,2010-09-19 16:27:00,0
15872,2010-06-07 14:53:00,2010-11-26 12:05:00,171
15873,2010-07-27 11:58:00,2010-07-27 11:59:00,0
15874,2010-01-07 13:56:00,2010-02-03 13:34:00,26
15876,2010-09-17 15:26:00,2010-10-26 18:58:00,39
15877,2011-11-22 11:18:00,2011-12-08 11:53:00,16
15878,2009-12-06 12:28:00,2010-05-27 12:17:00,171
15879,2009-12-17 19:54:00,2010-05-19 17:49:00,152
15881,2010-12-10 13:32:00,2010-12-13 10:36:00,2
15882,2009-12-10 15:33:00,2010-02-01 17:05:00,53
15883,2011-11-06 14:50:00,2011-12-07 17:05:00,31
15884,2009-12-03 18:23:00,2010-10-03 15:55:00,303
15885,2010-01-21 12:47:00,2010-01-27 13:26:00,6
15886,2010-04-20 15:03:00,2010-10-19 11:57:00,181
15887,2010-06-02 11:53:00,2010-09-05 13:41:00,95
15888,2010-07-01 11:51:00,2010-11-04 09:59:00,125
15889,2009-12-10 12:21:00,2009-12-17 13:38:00,7
15890,2010-04-14 08:43:00,2010-04-21 13:53:00,7
15894,2010-12-05 14:06:00,2011-03-31 13:50:00,115
15897,2011-05-29 13:32:00,2011-05-29 13:50:00,0
15898,2009-12-11 16:11:00,2010-01-14 13:03:00,33
15900,2010-05-26 11:27:00,2010-10-18 11:22:00,144
15901,2010-06-14 12:39:00,2010-09-02 15:50:00,80
15903,2010-01-14 10:57:00,2010-08-19 14:44:00,217
15906,2010-09-15 12:17:00,2010-10-29 15:42:00,44
15907,2011-05-13 13:01:00,2011-06-16 12:45:00,33
15908,2010-07-15 19:21:00,2010-08-06 11:56:00,21
15910,2010-01-21 11:51:00,2010-03-04 12:13:00,42
15911,2009-12-09 13:26:00,2009-12-18 11:32:00,8
15912,2009-12-10 12:58:00,2009-12-10 13:03:00,0
15914,2010-11-26 16:09:00,2010-11-26 16:10:00,0
15916,2009-12-10 16:21:00,2010-01-17 15:02:00,37
15917,2009-12-02 14:55:00,2009-12-02 15:44:00,0
15918,2010-03-18 11:40:00,2011-03-13 15:55:00,360
15919,2010-12-06 11:26:00,2011-11-20 11:28:00,349
15920,2009-12-14 13:09:00,2009-12-14 13:10:00,0
15921,2010-03-09 11:03:00,2010-10-18 11:03:00,223
15932,2011-02-23 14:50:00,2011-03-15 13:28:00,19
15933,2011-09-14 12:05:00,2011-09-29 16:42:00,15
15934,2010-10-06 12:08:00,2010-10-18 10:13:00,11
15936,2010-08-29 11:42:00,2010-11-25 16:39:00,88
15938,2010-06-01 09:42:00,2010-07-18 11:30:00,47
15939,2010-11-30 12:07:00,2011-01-12 12:43:00,43
15943,2010-01-31 11:04:00,2010-02-28 12:49:00,28
15944,2009-12-13 12:57:00,2010-08-11 14:39:00,241
15945,2009-12-01 13:47:00,2010-01-15 17:36:00,45
15946,2010-03-16 10:49:00,2010-07-25 12:16:00,131
15948,2010-10-11 12:16:00,2011-10-27 08:35:00,380
15949,2011-09-29 17:34:00,2011-11-23 09:09:00,54
15950,2010-01-26 11:39:00,2010-03-04 11:11:00,36
15951,2010-11-23 18:20:00,2011-02-27 11:57:00,95
15952,2011-04-28 12:55:00,2011-07-03 13:33:00,66
15953,2009-12-03 14:00:00,2010-02-09 12:09:00,67
15955,2010-02-23 16:36:00,2010-03-11 13:34:00,15
15956,2009-12-13 11:16:00,2010-06-06 13:06:00,175
15957,2010-10-15 12:11:00,2010-10-15 12:22:00,0
15958,2010-06-07 10:59:00,2010-10-18 10:26:00,132
15959,2010-01-26 16:19:00,2010-01-26 16:26:00,0
15960,2010-09-30 15:50:00,2010-11-10 15:09:00,40
15963,2011-10-25 13:05:00,2011-11-20 11:33:00,25
15965,2009-12-03 11:45:00,2010-02-14 12:28:00,73
15967,2009-12-01 13:29:00,2010-02-08 13:24:00,68
15969,2010-07-05 13:10:00,2010-10-10 12:01:00,96
15970,2010-04-20 11:30:00,2011-02-09 12:08:00,295
15971,2009-12-08 09:46:00,2009-12-15 16:45:00,7
15972,2010-04-18 14:06:00,2010-05-14 15:37:00,26
15973,2010-10-07 08:33:00,2010-12-08 11:42:00,62
15974,2011-02-24 10:10:00,2011-03-07 15:40:00,11
15976,2010-06-06 14:01:00,2010-07-04 13:59:00,27
15977,2011-10-31 16:24:00,2011-11-22 13:29:00,21
15978,2010-03-05 14:39:00,2010-10-03 14:08:00,211
15980,2010-06-01 14:40:00,2010-06-01 14:44:00,0
15981,2010-03-29 10:07:00,2010-03-30 12:35:00,1
15983,2009-12-06 12:52:00,2009-12-11 10:54:00,4
15984,2009-12-01 13:38:00,2009-12-11 15:55:00,10
15985,2010-05-27 15:51:00,2010-07-16 15:05:00,49
15986,2010-11-23 10:02:00,2011-11-09 15:17:00,351
15987,2010-11-25 12:56:00,2010-12-06 08:34:00,10
15988,2010-02-21 11:36:00,2010-06-06 12:45:00,105
15989,2009-12-02 15:51:00,2010-11-29 12:03:00,361
15990,2010-02-28 12:30:00,2010-03-17 08:59:00,16
15992,2010-09-12 11:52:00,2010-11-08 14:51:00,57
15993,2011-10-26 16:21:00,2011-10-26 16:57:00,0
15994,2010-03-14 11:55:00,2010-10-24 12:14:00,224
15996,2010-11-07 15:49:00,2010-12-08 15:59:00,31
15998,2009-12-01 11:45:00,2009-12-11 11:26:00,9
16000,2011-12-07 12:14:00,2011-12-07 12:15:00,0
16003,2009-12-03 18:51:00,2010-03-24 09:57:00,110
16004,2010-01-25 13:56:00,2010-03-17 14:27:00,51
16005,2010-09-15 13:21:00,2010-10-11 12:48:00,25
16006,2010-11-17 12:03:00,2011-05-12 13:12:00,176
16007,2010-06-14 13:18:00,2010-09-19 13:01:00,96
16008,2010-03-19 11:07:00,2010-04-23 14:59:00,35
16009,2011-07-03 11:26:00,2011-10-27 12:22:00,116
16010,2010-10-24 10:54:00,2010-10-31 11:01:00,7
16011,2009-12-01 12:02:00,2009-12-10 14:48:00,9
16012,2010-06-28 11:39:00,2010-11-03 13:47:00,128
16013,2009-12-08 10:24:00,2009-12-08 11:13:00,0
16014,2010-01-31 12:43:00,2010-10-27 16:04:00,269
16015,2011-10-21 12:56:00,2011-11-13 11:55:00,22
16016,2010-11-02 13:27:00,2010-11-17 12:36:00,14
16017,2010-01-05 12:06:00,2010-01-17 12:17:00,12
16018,2009-12-07 13:57:00,2010-11-08 15:36:00,336
16019,2009-12-14 14:12:00,2009-12-17 13:51:00,2
16020,2011-10-05 13:54:00,2011-11-23 11:18:00,48
16021,2010-06-13 11:05:00,2010-11-09 14:48:00,149
16023,2011-03-18 13:32:00,2011-05-31 14:19:00,74
16024,2010-10-24 11:40:00,2010-10-24 11:42:00,0
16027,2010-01-08 13:21:00,2010-01-19 12:53:00,10
16029,2009-12-08 11:23:00,2009-12-08 12:03:00,0
16031,2011-04-06 14:23:00,2011-09-08 13:07:00,154
16032,2010-07-04 13:31:00,2010-07-08 18:33:00,4
16033,2010-08-11 16:44:00,2010-08-24 17:21:00,13
16034,2010-10-26 13:00:00,2010-10-29 13:35:00,3
16036,2010-03-29 14:47:00,2010-10-11 15:08:00,196
16037,2010-03-01 12:31:00,2010-06-13 11:32:00,103
16038,2011-05-22 11:29:00,2011-06-15 13:50:00,24
16039,2010-03-21 15:17:00,2010-10-12 10:44:00,204
16040,2010-04-09 10:12:00,2010-06-28 10:52:00,80
16041,2011-07-21 16:27:00,2011-07-21 16:28:00,0
16042,2010-09-12 12:00:00,2010-11-25 18:14:00,74
16043,2010-08-15 11:26:00,2010-10-21 08:52:00,66
16045,2010-07-29 12:50:00,2010-07-29 12:51:00,0
16048,2010-06-08 12:36:00,2010-11-05 11:37:00,149
16049,2010-07-11 13:53:00,2010-11-21 16:15:00,133
16050,2010-11-03 15:55:00,2010-11-21 14:52:00,17
16053,2010-04-08 11:11:00,2010-09-19 12:40:00,164
16054,2010-04-01 18:37:00,2010-07-15 10:20:00,104
16057,2010-01-07 17:11:00,2010-02-22 11:13:00,45
16059,2010-05-19 13:04:00,2010-06-06 11:06:00,17
16060,2010-08-02 15:26:00,2010-10-05 10:08:00,63
16062,2010-06-21 13:32:00,2010-10-05 11:32:00,105
16065,2010-09-02 13:27:00,2010-10-05 12:53:00,32
16066,2011-08-07 14:33:00,2011-10-09 11:53:00,62
16067,2010-02-02 18:01:00,2010-03-28 15:40:00,53
16070,2011-11-07 16:36:00,2011-11-17 15:50:00,9
16071,2010-02-22 14:48:00,2010-03-23 10:28:00,28
16072,2010-06-08 16:47:00,2010-10-07 15:33:00,120
16075,2010-05-24 15:57:00,2010-07-25 11:31:00,61
16076,2011-05-15 12:31:00,2011-07-28 12:28:00,73
16078,2010-02-08 13:29:00,2011-03-01 09:47:00,385
16079,2011-10-30 13:06:00,2011-11-16 09:34:00,16
16080,2010-09-15 14:19:00,2010-11-19 08:18:00,64
16081,2010-02-03 12:46:00,2010-05-14 12:06:00,99
16083,2010-11-16 11:53:00,2010-11-22 12:55:00,6
16085,2010-01-20 14:03:00,2010-03-17 14:12:00,56
16086,2009-12-02 13:20:00,2010-04-21 13:28:00,140
16087,2010-01-19 12:30:00,2010-02-01 12:03:00,12
16088,2010-04-27 10:56:00,2010-05-13 10:16:00,15
16089,2010-07-18 15:51:00,2010-11-18 13:51:00,122
16091,2011-05-25 09:18:00,2011-07-08 08:45:00,43
16092,2010-05-09 16:10:00,2010-05-09 16:11:00,0
16094,2010-04-16 14:00:00,2010-05-17 14:14:00,31
16096,2010-03-04 15:44:00,2010-04-30 12:25:00,56
16098,2009-12-15 09:40:00,2010-02-16 10:26:00,63
16099,2010-03-03 11:13:00,2010-04-26 11:00:00,53
16101,2010-05-27 12:50:00,2010-08-15 14:38:00,80
16102,2011-08-03 12:50:00,2011-09-02 11:54:00,29
16103,2010-01-08 12:08:00,2010-02-09 13:20:00,32
16104,2009-12-06 10:41:00,2009-12-13 10:54:00,7
16105,2010-04-14 13:27:00,2010-06-22 14:19:00,69
16107,2011-06-09 18:42:00,2011-07-22 12:41:00,42
16108,2010-03-18 14:14:00,2010-05-06 16:21:00,49
16109,2010-01-10 10:37:00,2011-02-04 12:37:00,390
16110,2010-07-05 13:04:00,2011-02-01 14:01:00,211
16112,2011-01-05 11:47:00,2011-01-10 16:29:00,5
16115,2010-05-14 11:59:00,2010-06-17 12:21:00,34
16117,2010-04-27 11:50:00,2010-11-02 12:02:00,189
16119,2009-12-16 11:56:00,2010-05-02 13:24:00,137
16120,2010-10-13 15:07:00,2010-10-13 15:22:00,0
16121,2010-05-23 10:52:00,2010-11-14 11:18:00,175
16122,2010-10-10 15:26:00,2010-11-30 10:25:00,50
16124,2009-12-07 10:33:00,2010-05-05 10:53:00,149
16125,2009-12-14 15:38:00,2010-01-22 13:09:00,38
16126,2009-12-02 13:34:00,2010-01-21 16:44:00,50
16127,2009-12-13 12:19:00,2011-10-31 13:58:00,687
16128,2010-07-16 16:30:00,2010-07-27 11:55:00,10
16129,2010-07-20 12:32:00,2010-10-05 15:15:00,77
16130,2010-04-01 13:58:00,2010-05-10 13:16:00,38
16131,2009-12-02 10:09:00,2010-04-22 09:50:00,140
16132,2010-03-22 10:25:00,2010-06-13 13:49:00,83
16133,2010-03-31 12:21:00,2010-03-31 12:22:00,0
16134,2010-06-17 09:48:00,2010-09-08 15:38:00,83
16135,2010-05-05 09:35:00,2011-03-22 12:30:00,321
16136,2010-02-14 12:49:00,2011-03-07 09:52:00,385
16138,2010-04-28 09:51:00,2010-06-28 10:36:00,61
16139,2009-12-03 13:51:00,2009-12-17 11:24:00,13
16140,2010-09-24 12:03:00,2010-12-03 14:40:00,70
16141,2010-10-18 14:12:00,2011-09-12 13:11:00,328
16143,2009-12-10 09:44:00,2010-02-18 11:00:00,70
16145,2010-05-04 13:31:00,2010-06-11 10:12:00,37
16146,2010-09-17 10:46:00,2011-04-21 15:25:00,216
16147,2010-02-05 12:26:00,2010-05-18 10:24:00,101
16148,2010-09-29 10:12:00,2011-02-16 14:01:00,140
16149,2010-10-06 15:54:00,2011-07-20 14:54:00,286
16150,2009-12-17 15:33:00,2010-03-16 14:24:00,88
16153,2010-05-26 12:41:00,2010-07-06 12:38:00,40
16155,2010-06-18 11:23:00,2010-07-25 13:35:00,37
16156,2009-12-02 17:06:00,2009-12-11 10:32:00,8
16157,2011-09-28 11:48:00,2011-11-16 11:31:00,48
16158,2009-12-05 15:00:00,2009-12-15 10:21:00,9
16159,2009-12-03 11:51:00,2010-03-02 14:57:00,89
16160,2011-09-15 10:53:00,2011-10-05 14:19:00,20
16161,2010-02-08 11:06:00,2010-03-11 10:56:00,30
16163,2009-12-02 10:00:00,2009-12-08 13:24:00,6
16164,2011-10-28 09:12:00,2011-11-15 10:41:00,18
16166,2010-01-17 14:16:00,2010-10-07 15:44:00,263
16167,2009-12-01 10:46:00,2010-04-01 17:23:00,121
16168,2009-12-03 12:38:00,2009-12-09 16:26:00,6
16169,2011-09-25 11:33:00,2011-10-31 12:21:00,36
16170,2010-02-18 13:50:00,2010-03-26 12:19:00,35
16172,2010-07-14 15:34:00,2010-07-19 14:21:00,4
16173,2011-09-02 15:23:00,2011-09-09 09:03:00,6
16174,2010-04-15 15:12:00,2010-05-07 09:58:00,21
16175,2010-05-25 12:01:00,2010-07-16 10:36:00,51
16176,2010-03-29 14:52:00,2010-04-22 17:41:00,24
16177,2010-03-02 14:03:00,2010-05-20 13:56:00,78
16178,2010-11-03 14:46:00,2011-07-24 16:05:00,263
16180,2010-06-23 13:19:00,2010-06-23 13:21:00,0
16182,2010-03-09 09:34:00,2010-04-28 10:29:00,50
16183,2010-10-28 14:43:00,2010-11-03 13:14:00,5
16184,2011-05-12 13:33:00,2011-06-10 13:59:00,29
16185,2010-05-24 11:04:00,2011-04-21 11:59:00,332
16186,2009-12-09 15:36:00,2010-03-15 11:39:00,95
16187,2011-02-28 13:34:00,2011-02-28 13:35:00,0
16188,2010-10-27 11:50:00,2011-04-11 09:44:00,165
16189,2011-09-15 15:21:00,2011-11-24 11:47:00,69
16190,2009-12-14 11:59:00,2010-04-19 14:34:00,126
16191,2009-12-11 12:24:00,2010-06-11 10:47:00,181
16193,2010-10-25 10:25:00,2011-04-17 11:45:00,174
16197,2009-12-16 11:44:00,2010-03-29 15:03:00,103
16198,2010-09-28 13:59:00,2011-09-25 14:58:00,362
16199,2010-03-18 18:47:00,2010-06-09 15:15:00,82
16200,2009-12-02 15:04:00,2009-12-02 15:15:00,0
16201,2010-10-20 12:00:00,2011-08-22 10:47:00,305
16202,2009-12-02 10:48:00,2009-12-15 12:29:00,13
16203,2010-07-23 13:09:00,2010-11-11 13:33:00,111
16204,2009-12-08 17:44:00,2010-11-24 15:03:00,350
16205,2010-06-15 11:58:00,2010-10-04 12:46:00,111
16206,2010-01-24 15:25:00,2010-05-30 11:37:00,125
16208,2010-02-24 14:24:00,2010-03-09 12:53:00,12
16209,2010-06-11 11:58:00,2010-06-15 12:05:00,4
16210,2009-12-02 12:54:00,2009-12-08 18:18:00,6
16211,2010-09-27 15:24:00,2010-10-14 13:20:00,16
16212,2010-02-07 15:26:00,2010-03-31 12:16:00,51
16214,2010-09-30 13:57:00,2011-03-15 13:23:00,165
16217,2011-03-02 15:28:00,2011-04-18 13:31:00,46
16218,2010-05-27 16:09:00,2010-09-12 11:47:00,107
16221,2010-08-10 13:32:00,2010-08-17 13:30:00,6
16222,2009-12-18 14:31:00,2011-01-25 13:38:00,402
16223,2010-11-09 12:07:00,2010-11-30 11:50:00,20
16224,2010-11-17 13:14:00,2011-04-04 12:00:00,137
16225,2010-02-07 12:41:00,2010-02-15 09:19:00,7
16226,2010-10-22 11:19:00,2010-11-26 13:36:00,35
16227,2010-06-22 13:28:00,2010-08-02 14:16:00,41
16228,2010-11-04 18:54:00,2010-11-04 18:57:00,0
16229,2010-05-24 12:59:00,2010-06-16 13:30:00,23
16230,2011-05-03 15:12:00,2011-06-03 10:06:00,30
16231,2010-04-21 12:06:00,2010-10-11 17:29:00,173
16232,2010-06-07 14:04:00,2010-08-12 10:04:00,65
16233,2009-12-02 13:23:00,2010-01-21 15:44:00,50
16234,2010-05-27 10:39:00,2010-07-13 12:22:00,47
16235,2010-08-26 12:10:00,2010-09-03 13:06:00,8
16239,2010-09-02 19:17:00,2010-10-06 12:10:00,33
16240,2011-09-23 13:44:00,2011-11-15 14:30:00,53
16241,2010-10-25 13:40:00,2010-11-12 13:34:00,17
16242,2010-03-15 16:02:00,2010-04-26 15:43:00,41
16243,2011-10-16 12:09:00,2011-11-06 12:32:00,21
16244,2010-12-02 11:41:00,2011-05-12 10:18:00,160
16245,2011-03-28 09:30:00,2011-08-10 09:34:00,135
16246,2010-02-08 12:32:00,2010-09-06 12:04:00,209
16249,2011-04-14 13:50:00,2011-05-22 14:09:00,38
16250,2010-11-18 10:43:00,2010-12-01 09:59:00,12
16253,2009-12-08 17:24:00,2010-01-19 11:20:00,41
16254,2010-03-17 15:43:00,2010-07-26 14:17:00,130
16255,2010-01-24 12:21:00,2010-03-14 12:18:00,48
16256,2010-04-21 10:34:00,2010-08-03 08:58:00,103
16258,2010-03-10 14:19:00,2010-04-30 07:58:00,50
16259,2010-04-13 16:57:00,2010-04-13 17:15:00,0
16261,2010-09-23 16:40:00,2010-11-18 19:22:00,56
16264,2010-09-19 16:14:00,2010-09-27 15:00:00,7
16265,2010-10-28 15:18:00,2010-11-05 12:09:00,7
16266,2010-02-04 16:21:00,2010-04-06 14:18:00,60
16268,2011-09-29 18:30:00,2011-09-29 18:30:00,0
16271,2010-03-07 12:03:00,2010-06-06 10:56:00,90
16273,2010-02-21 16:02:00,2010-03-01 13:24:00,7
16275,2010-03-08 14:41:00,2010-08-22 11:27:00,166
16276,2010-04-11 12:02:00,2010-08-17 13:40:00,128
16278,2010-07-28 15:40:00,2010-08-16 13:38:00,18
16279,2010-04-22 14:09:00,2010-06-03 11:44:00,41
16281,2010-01-26 13:41:00,2010-10-12 09:01:00,258
16282,2009-12-21 11:52:00,2010-08-09 10:27:00,230
16283,2010-02-28 14:12:00,2010-06-30 15:34:00,122
16284,2010-11-11 13:27:00,2011-10-20 13:54:00,343
16286,2010-03-26 09:58:00,2010-08-19 14:48:00,146
16287,2010-01-19 09:46:00,2010-03-08 14:15:00,48
16290,2010-05-23 11:46:00,2010-06-13 11:19:00,20
16292,2010-04-14 13:29:00,2010-06-13 09:50:00,59
16293,2009-12-11 09:58:00,2010-05-19 10:33:00,159
16295,2011-10-06 10:45:00,2011-10-12 13:17:00,6
16296,2009-12-18 12:03:00,2010-01-07 18:33:00,20
16298,2010-09-23 15:23:00,2010-10-07 13:22:00,13
16300,2010-02-02 11:40:00,2010-03-24 12:15:00,50
16303,2010-03-18 14:12:00,2010-05-20 11:57:00,62
16306,2010-10-01 09:36:00,2010-12-07 15:18:00,67
16307,2010-05-11 14:40:00,2010-06-15 13:18:00,34
16308,2009-12-15 15:48:00,2010-06-14 11:48:00,180
16309,2011-04-13 11:46:00,2011-08-25 15:35:00,134
16310,2010-03-07 15:41:00,2010-10-21 14:47:00,227
16311,2011-10-21 13:13:00,2011-11-22 08:54:00,31
16313,2011-10-21 09:04:00,2011-12-06 13:02:00,46
16314,2010-08-24 11:52:00,2010-09-07 09:31:00,13
16315,2010-06-21 13:53:00,2011-01-13 11:57:00,205
16316,2010-08-03 14:38:00,2010-09-20 12:53:00,47
16317,2010-05-04 10:17:00,2010-06-07 14:24:00,34
16320,2010-01-27 13:29:00,2010-07-13 09:35:00,166
16321,2009-12-01 10:36:00,2010-03-23 16:01:00,112
16322,2011-11-03 14:33:00,2011-12-08 15:41:00,35
16323,2010-05-11 09:48:00,2011-05-27 14:48:00,381
16324,2011-06-15 14:26:00,2011-08-03 12:54:00,48
16325,2009-12-04 13:21:00,2009-12-13 15:55:00,9
16326,2010-01-28 13:23:00,2010-03-21 11:41:00,51
16327,2009-12-14 13:06:00,2010-01-22 15:04:00,39
16329,2009-12-01 11:34:00,2010-03-04 15:07:00,93
16330,2010-02-15 12:36:00,2010-09-27 12:31:00,223
16331,2010-03-07 10:55:00,2010-03-17 10:34:00,9
16332,2010-04-29 13:41:00,2010-08-20 12:31:00,112
16333,2011-02-03 10:50:00,2011-02-14 11:22:00,11
16335,2009-12-04 10:18:00,2009-12-13 10:48:00,9
16336,2010-03-18 08:05:00,2010-03-18 08:06:00,0
16340,2010-06-06 13:26:00,2010-09-26 12:51:00,111
16341,2010-04-09 10:30:00,2010-09-22 14:01:00,166
16342,2011-06-13 10:10:00,2011-07-17 13:41:00,34
16343,2010-10-28 14:15:00,2011-11-23 17:43:00,391
16344,2010-02-09 12:16:00,2010-04-22 14:10:00,72
16345,2010-08-13 17:13:00,2011-10-26 16:03:00,438
16347,2010-03-12 12:41:00,2010-04-01 11:48:00,19
16348,2010-10-05 13:57:00,2011-04-13 15:49:00,190
16350,2010-10-07 16:33:00,2010-11-04 14:21:00,27
16351,2009-12-04 16:12:00,2009-12-17 18:35:00,13
16352,2011-11-02 08:44:00,2011-11-22 10:32:00,20
16353,2009-12-07 13:55:00,2009-12-07 13:56:00,0
16354,2010-04-27 13:33:00,2010-09-24 14:33:00,150
16356,2010-06-06 11:26:00,2010-06-06 11:38:00,0
16357,2010-11-23 18:52:00,2011-05-10 10:35:00,167
16358,2010-11-10 11:36:00,2011-06-08 15:05:00,210
16359,2010-02-16 10:39:00,2010-04-28 15:05:00,71
16360,2011-09-12 13:50:00,2011-09-20 13:11:00,7
16361,2011-09-29 13:13:00,2011-10-30 13:17:00,31
16362,2010-09-28 09:24:00,2011-09-09 14:47:00,346
16364,2011-07-25 14:35:00,2011-11-28 11:27:00,125
16365,2009-12-11 12:41:00,2010-03-18 12:47:00,97
16366,2009-12-16 10:39:00,2010-01-28 13:00:00,43
16367,2010-11-21 13:23:00,2010-12-12 12:01:00,20
16368,2010-09-30 11:30:00,2011-11-11 15:08:00,407
16369,2010-04-07 16:52:00,2010-05-26 15:24:00,48
16370,2011-04-28 16:40:00,2011-06-10 11:44:00,42
16372,2010-04-11 15:20:00,2010-10-20 15:25:00,192
16373,2010-10-24 13:10:00,2010-11-22 15:50:00,29
16374,2010-04-30 13:10:00,2010-09-13 12:56:00,135
16375,2010-08-26 14:12:00,2010-08-26 14:25:00,0
16376,2011-11-22 16:47:00,2011-12-01 11:38:00,8
16377,2010-04-01 10:36:00,2011-03-17 15:41:00,350
16378,2011-02-02 12:42:00,2011-02-16 10:32:00,13
16379,2011-09-22 09:33:00,2011-11-02 14:04:00,41
16381,2010-10-17 13:06:00,2010-11-09 09:56:00,22
16382,2010-06-07 12:42:00,2010-10-27 16:23:00,142
16383,2010-02-04 13:18:00,2010-04-29 12:51:00,83
16384,2010-04-28 14:01:00,2010-10-06 12:49:00,160
16385,2010-03-18 12:45:00,2010-11-15 13:27:00,242
16386,2010-11-17 11:19:00,2011-03-31 12:19:00,134
16387,2010-03-11 12:22:00,2010-09-12 12:41:00,185
16389,2011-03-01 15:47:00,2011-05-18 13:55:00,77
16390,2010-01-29 15:25:00,2010-06-20 15:00:00,141
16391,2010-05-27 11:27:00,2010-06-21 13:04:00,25
16392,2010-05-27 11:17:00,2010-10-22 11:40:00,148
16393,2009-12-01 12:13:00,2010-02-19 12:50:00,80
16394,2011-02-23 10:58:00,2011-04-05 14:51:00,41
16395,2009-12-06 12:26:00,2009-12-09 16:03:00,3
16398,2011-03-31 09:38:00,2011-07-08 15:16:00,99
16399,2010-11-15 15:03:00,2011-04-18 13:46:00,153
16400,2009-12-08 12:38:00,2010-03-08 14:04:00,90
16401,2010-06-02 13:13:00,2010-06-16 14:11:00,14
16402,2010-12-05 13:42:00,2011-03-20 12:25:00,104
16405,2011-02-02 17:08:00,2011-02-10 15:24:00,7
16406,2010-02-24 11:51:00,2010-09-15 11:53:00,203
16407,2010-10-03 13:56:00,2010-10-03 14:07:00,0
16409,2009-12-13 15:38:00,2010-02-16 15:35:00,64
16411,2010-10-07 15:09:00,2010-11-21 13:13:00,44
16412,2010-02-04 13:46:00,2010-04-09 11:41:00,63
16413,2010-11-29 12:49:00,2011-10-14 12:08:00,318
16414,2010-01-14 10:21:00,2010-04-25 11:24:00,101
16415,2010-02-01 12:30:00,2010-05-05 11:51:00,92
16416,2010-02-23 12:00:00,2010-07-21 13:17:00,148
16418,2010-10-13 12:31:00,2010-10-27 12:55:00,14
16419,2010-02-09 13:26:00,2010-05-11 12:18:00,90
16421,2010-08-27 12:02:00,2010-10-17 15:21:00,51
16422,2010-01-12 11:57:00,2010-01-24 11:58:00,12
16424,2010-11-22 11:24:00,2011-06-01 13:40:00,191
16426,2011-03-08 15:45:00,2011-09-08 11:56:00,183
16427,2011-02-28 15:18:00,2011-03-21 17:10:00,21
16428,2010-07-30 12:10:00,2010-07-30 12:19:00,0
16430,2010-01-27 12:45:00,2010-06-03 14:24:00,127
16431,2011-02-15 14:02:00,2011-02-15 14:08:00,0
16433,2010-10-27 12:26:00,2011-11-11 14:09:00,380
16434,2010-01-17 14:51:00,2010-01-29 14:13:00,11
16435,2010-07-13 13:29:00,2010-07-15 12:00:00,1
16436,2009-12-06 16:02:00,2009-12-07 17:49:00,1
16437,2010-10-06 12:34:00,2010-11-23 16:59:00,48
16438,2011-09-18 13:31:00,2011-10-27 19:56:00,39
16440,2010-08-03 11:32:00,2011-05-09 12:25:00,279
16441,2010-03-22 18:00:00,2010-09-30 20:08:00,192
16442,2009-12-13 11:05:00,2010-04-14 13:35:00,122
16444,2010-03-24 14:06:00,2010-05-07 13:18:00,43
16445,2010-10-24 12:39:00,2010-11-18 11:29:00,24
16446,2011-05-18 09:52:00,2011-12-09 09:15:00,204
16447,2010-02-17 14:09:00,2010-04-28 13:21:00,69
16448,2010-08-25 16:58:00,2011-05-25 16:28:00,272
16449,2011-03-04 12:15:00,2011-05-26 10:25:00,82
16450,2010-02-21 15:46:00,2010-05-04 13:43:00,71
16451,2009-12-04 15:11:00,2010-05-27 17:56:00,174
16452,2010-01-15 12:22:00,2010-03-19 12:39:00,63
16453,2010-06-09 13:15:00,2010-06-27 12:46:00,17
16454,2010-04-07 15:54:00,2011-10-06 16:57:00,547
16455,2010-03-30 10:31:00,2010-10-07 16:14:00,191
16456,2010-03-29 11:16:00,2010-04-27 12:20:00,29
16458,2010-05-26 14:38:00,2010-06-14 13:42:00,18
16460,2011-09-19 10:15:00,2011-09-28 12:22:00,9
16461,2010-03-03 13:57:00,2010-04-28 11:54:00,55
16462,2011-03-01 08:58:00,2011-06-07 11:07:00,98
16463,2011-05-19 14:45:00,2011-10-17 14:23:00,150
16464,2011-07-20 13:53:00,2011-09-20 13:42:00,61
16465,2010-09-21 10:46:00,2010-10-15 09:27:00,23
16466,2010-03-07 14:31:00,2010-04-11 12:45:00,34
16467,2009-12-02 11:59:00,2010-01-06 10:58:00,34
16468,2010-08-15 13:10:00,2010-08-26 16:36:00,11
16469,2010-07-13 13:17:00,2011-04-07 13:11:00,267
16470,2009-12-11 12:21:00,2010-04-19 12:28:00,129
16471,2010-02-25 10:07:00,2010-05-20 11:41:00,84
16472,2010-04-21 11:48:00,2010-10-01 13:56:00,163
16473,2010-11-30 16:29:00,2011-01-07 10:55:00,37
16474,2011-07-17 14:51:00,2011-09-11 16:06:00,56
16475,2011-03-11 09:39:00,2011-06-30 15:35:00,111
16477,2010-08-12 09:43:00,2010-09-15 15:16:00,34
16478,2011-10-05 12:02:00,2011-10-06 10:53:00,0
16479,2011-11-29 13:04:00,2011-11-29 13:40:00,0
16484,2011-06-02 10:39:00,2011-06-19 12:06:00,17
16485,2009-12-06 12:28:00,2010-02-21 12:31:00,77
16487,2010-02-18 17:36:00,2010-05-11 13:38:00,81
16488,2011-07-14 11:46:00,2011-08-17 09:05:00,33
16489,2010-09-29 15:02:00,2010-11-24 14:40:00,55
16491,2010-10-22 15:42:00,2011-10-24 10:18:00,366
16493,2010-03-26 13:05:00,2010-07-05 13:05:00,101
16495,2011-03-08 16:38:00,2011-03-08 16:39:00,0
16496,2010-07-18 13:42:00,2010-07-18 13:43:00,0
16497,2009-12-03 14:11:00,2010-01-08 10:30:00,35
16498,2011-06-30 19:52:00,2011-07-01 15:07:00,0
16499,2010-06-11 12:22:00,2010-06-28 16:07:00,17
16500,2010-06-14 14:54:00,2010-11-02 11:27:00,140
16502,2010-03-29 13:39:00,2010-03-29 13:44:00,0
16503,2010-06-21 14:07:00,2010-07-06 08:46:00,14
16506,2011-10-30 15:50:00,2011-11-20 12:17:00,20
16510,2010-01-17 12:30:00,2010-03-17 17:11:00,59
16511,2010-03-01 12:21:00,2010-09-21 13:37:00,204
16513,2011-10-27 14:56:00,2011-11-20 13:39:00,23
16515,2010-06-17 12:17:00,2010-09-23 12:06:00,97
16518,2010-06-01 13:31:00,2010-10-14 12:14:00,134
16519,2010-03-01 13:51:00,2010-08-11 14:34:00,163
16520,2010-03-02 16:50:00,2010-04-29 16:45:00,57
16521,2010-03-01 13:22:00,2010-10-20 12:53:00,232
16522,2010-09-15 13:32:00,2010-09-30 10:54:00,14
16523,2010-01-24 13:14:00,2010-03-02 15:37:00,37
16524,2010-01-17 13:16:00,2010-09-19 13:37:00,245
16525,2009-12-02 13:53:00,2009-12-07 12:41:00,4
16526,2010-05-04 16:34:00,2011-06-21 12:02:00,412
16527,2010-10-11 13:25:00,2011-09-19 16:21:00,343
16529,2010-06-27 13:29:00,2010-07-21 12:39:00,23
16531,2010-09-24 09:49:00,2010-10-26 13:10:00,32
16532,2010-03-29 10:26:00,2010-10-04 11:52:00,189
16533,2011-10-02 15:07:00,2011-10-16 13:51:00,13
16535,2010-11-19 13:01:00,2011-12-04 15:18:00,380
16538,2010-04-23 16:25:00,2010-06-16 16:47:00,54
16539,2010-06-25 15:24:00,2010-07-08 11:44:00,12
16542,2010-11-03 14:44:00,2011-10-17 10:47:00,347
16544,2010-02-15 13:20:00,2010-02-15 13:28:00,0
16545,2010-11-29 10:39:00,2011-06-28 10:37:00,210
16546,2010-09-23 15:43:00,2010-11-04 13:46:00,41
16549,2010-03-28 15:45:00,2010-04-18 15:48:00,21
16550,2009-12-02 11:24:00,2009-12-15 12:08:00,13
16551,2009-12-13 16:12:00,2010-02-08 15:48:00,56
16552,2010-12-01 12:36:00,2011-04-11 10:04:00,130
16553,2010-02-11 18:46:00,2010-02-11 18:48:00,0
16554,2009-12-15 09:42:00,2010-03-25 11:23:00,100
16555,2010-07-22 13:39:00,2010-07-22 13:40:00,0
16556,2009-12-07 10:51:00,2009-12-18 09:16:00,10
16557,2011-07-25 13:28:00,2011-11-15 14:04:00,113
16558,2009-12-03 18:11:00,2010-03-09 11:23:00,95
16560,2009-12-08 12:05:00,2009-12-17 13:15:00,9
16561,2011-10-11 09:53:00,2011-12-04 11:50:00,54
16563,2009-12-01 18:35:00,2010-02-18 11:56:00,78
16565,2010-06-02 12:47:00,2010-08-10 12:32:00,68
16566,2011-02-20 10:29:00,2011-05-31 08:32:00,99
16567,2011-01-07 09:31:00,2011-05-29 13:57:00,142
16568,2010-03-08 14:51:00,2010-10-08 10:54:00,213
16569,2009-12-16 15:05:00,2010-01-11 14:52:00,25
16570,2010-03-30 09:32:00,2010-05-19 10:27:00,50
16571,2010-03-18 09:12:00,2010-05-25 11:46:00,68
16572,2011-03-09 12:04:00,2011-07-11 13:32:00,124
16573,2011-02-22 15:14:00,2011-09-16 09:13:00,205
16574,2010-02-19 11:46:00,2010-10-12 09:25:00,234
16576,2010-07-06 10:42:00,2010-10-15 13:37:00,101
16583,2010-02-04 12:18:00,2010-12-01 12:03:00,299
16584,2010-02-16 10:41:00,2010-07-28 10:45:00,162
16585,2010-01-13 13:31:00,2010-04-25 10:34:00,101
16586,2010-03-14 11:24:00,2010-09-21 10:11:00,190
16588,2010-05-14 13:43:00,2010-07-22 17:30:00,69
16589,2010-09-15 14:56:00,2011-07-01 13:31:00,288
16590,2010-10-21 12:09:00,2010-11-04 09:06:00,13
16592,2009-12-18 15:57:00,2010-01-24 13:51:00,36
16593,2009-12-05 10:44:00,2009-12-20 13:37:00,15
16595,2010-01-17 12:12:00,2010-04-12 15:40:00,85
16596,2009-12-10 13:09:00,2010-01-19 12:39:00,39
16600,2009-12-18 12:59:00,2010-08-13 14:47:00,238
16601,2010-03-26 13:39:00,2010-11-14 11:30:00,232
16602,2010-11-16 09:13:00,2011-11-03 15:54:00,352
16603,2011-09-09 13:02:00,2011-09-26 10:06:00,16
16604,2010-05-20 16:34:00,2010-05-26 09:10:00,5
16606,2010-10-01 13:21:00,2010-10-31 13:57:00,30
16607,2010-04-29 14:01:00,2010-05-20 17:07:00,21
16608,2010-02-14 11:57:00,2010-09-12 11:44:00,209
16609,2011-04-01 10:11:00,2011-05-03 10:56:00,32
16611,2010-03-10 16:07:00,2010-03-30 13:33:00,19
16612,2009-12-03 15:54:00,2010-05-23 14:06:00,170
16614,2010-05-10 15:18:00,2010-11-02 18:08:00,176
16616,2011-07-05 13:38:00,2011-11-24 16:31:00,142
16618,2011-01-21 11:55:00,2011-03-25 15:18:00,63
16619,2010-02-22 12:05:00,2010-04-20 14:52:00,57
16620,2009-12-01 14:35:00,2010-03-05 15:48:00,94
16621,2011-03-07 11:32:00,2011-05-08 10:43:00,61
16623,2010-04-26 14:04:00,2010-06-21 12:11:00,55
16624,2011-05-26 14:20:00,2011-09-20 12:39:00,116
16625,2010-06-14 11:56:00,2010-08-16 14:49:00,63
16626,2011-03-18 12:27:00,2011-06-08 10:50:00,81
16628,2010-03-08 12:24:00,2010-10-28 08:38:00,233
16629,2011-09-04 16:12:00,2011-09-27 10:34:00,22
16631,2010-02-26 10:49:00,2010-04-15 08:35:00,47
16632,2010-05-07 16:46:00,2010-08-11 11:39:00,95
16633,2011-04-19 14:36:00,2011-06-12 11:48:00,53
16634,2010-01-21 09:30:00,2010-03-29 12:32:00,67
16636,2010-03-03 14:06:00,2010-03-19 10:23:00,15
16637,2011-04-28 10:20:00,2011-08-08 12:00:00,102
16638,2010-08-18 13:33:00,2010-08-18 13:35:00,0
16639,2010-10-26 18:23:00,2011-04-18 09:31:00,173
16641,2010-01-07 12:22:00,2011-08-26 12:49:00,596
16642,2010-10-20 14:22:00,2011-05-16 12:35:00,207
16643,2010-10-13 09:47:00,2011-04-08 08:24:00,176
16644,2011-05-11 12:53:00,2011-06-15 12:39:00,34
16647,2010-06-13 15:52:00,2010-09-23 14:33:00,101
16648,2010-04-28 14:58:00,2010-09-10 11:59:00,134
16650,2010-07-08 14:18:00,2010-07-12 11:00:00,3
16652,2010-03-17 10:22:00,2010-04-27 11:15:00,41
16653,2011-09-29 13:38:00,2011-11-23 14:51:00,55
16654,2010-04-06 13:29:00,2010-07-01 13:37:00,86
16655,2010-01-31 15:40:00,2010-03-28 16:04:00,56
16656,2009-12-04 12:59:00,2010-02-07 14:39:00,65
16657,2011-03-30 12:02:00,2011-07-14 11:45:00,105
16658,2010-03-30 16:24:00,2010-05-25 16:48:00,56
16660,2010-01-14 11:09:00,2010-09-07 15:09:00,236
16661,2009-12-17 15:39:00,2010-04-23 11:28:00,126
16666,2010-03-28 15:13:00,2011-11-20 14:01:00,601
16667,2011-02-28 12:57:00,2011-10-02 15:26:00,216
16668,2010-03-18 18:25:00,2010-06-01 12:18:00,74
16669,2011-09-22 14:13:00,2011-11-16 12:26:00,54
16670,2009-12-10 15:28:00,2010-01-18 12:27:00,38
16671,2011-06-28 11:20:00,2011-11-04 09:32:00,128
16672,2011-03-18 10:15:00,2011-04-06 14:03:00,19
16674,2011-09-02 13:59:00,2011-10-16 11:31:00,43
16675,2010-08-18 13:11:00,2010-09-24 12:15:00,36
16676,2010-10-17 13:07:00,2010-11-02 19:19:00,16
16677,2010-02-25 16:11:00,2010-10-24 14:53:00,240
16678,2011-03-02 09:24:00,2011-04-03 13:24:00,32
16679,2010-06-10 18:35:00,2010-11-10 13:11:00,152
16680,2010-06-23 09:30:00,2010-06-29 14:52:00,6
16681,2010-03-08 14:10:00,2011-03-31 13:46:00,387
16682,2011-06-05 11:02:00,2011-07-04 10:42:00,28
16684,2009-12-07 12:56:00,2009-12-07 12:58:00,0
16685,2011-10-09 13:44:00,2011-10-09 13:58:00,0
16686,2009-12-06 15:48:00,2009-12-06 15:51:00,0
16688,2011-10-10 12:23:00,2011-10-27 16:11:00,17
16689,2011-09-18 13:29:00,2011-09-25 11:39:00,6
16690,2010-09-14 15:00:00,2010-11-11 16:15:00,58
16691,2010-05-27 14:55:00,2010-10-17 15:03:00,143
16692,2010-09-24 11:31:00,2010-10-27 10:29:00,32
16693,2010-02-21 12:42:00,2010-07-11 11:02:00,139
16695,2010-05-27 12:24:00,2010-05-27 12:36:00,0
16696,2011-04-05 15:20:00,2011-05-10 11:31:00,34
16698,2011-03-31 13:33:00,2011-04-27 10:52:00,26
16699,2009-12-04 13:31:00,2010-03-25 13:41:00,111
16700,2009-12-02 10:51:00,2009-12-02 10:52:00,0
16701,2009-12-01 19:19:00,2009-12-17 13:14:00,15
16702,2009-12-07 16:40:00,2010-02-23 15:27:00,77
16704,2010-02-05 14:14:00,2010-03-31 14:02:00,53
16705,2009-12-09 13:34:00,2010-01-19 17:03:00,41
16706,2011-08-17 15:53:00,2011-09-02 13:41:00,15
16707,2010-03-09 15:16:00,2010-05-06 13:52:00,57
16709,2009-12-09 13:16:00,2010-02-03 13:24:00,56
16710,2009-12-04 13:41:00,2009-12-06 13:49:00,2
16711,2009-12-02 13:22:00,2009-12-14 14:28:00,12
16712,2010-11-03 15:45:00,2010-11-03 15:54:00,0
16713,2009-12-15 12:49:00,2009-12-15 12:57:00,0
16714,2010-02-07 11:17:00,2011-01-26 13:40:00,353
16715,2010-05-26 12:35:00,2011-09-22 18:15:00,484
16716,2010-03-19 11:05:00,2011-02-01 15:35:00,319
16717,2009-12-07 15:55:00,2010-03-01 08:55:00,83
16718,2009-12-06 13:07:00,2010-01-31 11:01:00,55
16719,2009-12-13 10:59:00,2010-01-26 10:13:00,43
16720,2009-12-17 17:54:00,2010-11-28 14:49:00,345
16722,2009-12-03 19:23:00,2010-02-03 14:36:00,61
16723,2009-12-04 13:23:00,2010-09-22 11:05:00,291
16725,2009-12-13 15:54:00,2010-08-22 11:45:00,251
16726,2010-10-24 16:09:00,2010-11-21 14:04:00,27
16727,2010-01-20 10:48:00,2010-03-28 12:18:00,67
16728,2011-03-20 13:28:00,2011-04-17 11:04:00,27
16729,2011-04-12 14:22:00,2011-04-18 14:27:00,6
16730,2011-01-24 14:01:00,2011-04-19 12:41:00,84
16732,2009-12-08 13:04:00,2010-04-07 10:53:00,119
16734,2011-08-17 15:00:00,2011-08-17 15:02:00,0
16735,2009-12-08 09:24:00,2010-01-21 11:41:00,44
16736,2009-12-03 16:12:00,2009-12-04 10:39:00,0
16737,2010-05-11 09:53:00,2011-10-17 13:03:00,524
16739,2010-06-21 09:38:00,2011-06-16 09:17:00,359
16742,2009-12-16 17:22:00,2010-01-26 11:45:00,40
16743,2010-04-22 13:21:00,2010-05-13 13:15:00,20
16744,2011-06-19 15:13:00,2011-07-17 14:42:00,27
16745,2011-02-01 11:31:00,2011-02-06 14:43:00,5
16746,2009-12-04 13:00:00,2009-12-09 16:24:00,5
16747,2011-10-03 10:18:00,2011-11-02 11:37:00,30
16748,2009-12-10 12:28:00,2010-02-09 10:48:00,60
16749,2009-12-15 14:05:00,2010-04-27 13:06:00,132
16750,2011-04-21 16:53:00,2011-07-26 17:27:00,96
16754,2010-03-08 11:32:00,2010-03-15 12:52:00,7
16755,2009-12-09 14:25:00,2010-02-03 10:22:00,55
16756,2010-03-09 15:56:00,2010-04-26 12:02:00,47
16757,2010-10-26 15:09:00,2011-01-25 11:59:00,90
16759,2011-11-09 09:06:00,2011-11-09 09:07:00,0
16762,2011-07-18 12:52:00,2011-10-25 10:17:00,98
16763,2009-12-01 15:26:00,2011-05-25 11:52:00,539
16764,2011-07-19 17:17:00,2011-07-31 11:38:00,11
16765,2010-11-22 13:42:00,2011-02-18 15:41:00,88
16766,2011-03-11 13:34:00,2011-03-11 15:22:00,0
16767,2010-04-28 16:49:00,2010-07-16 15:27:00,78
16768,2009-12-07 11:47:00,2010-02-10 11:46:00,64
16769,2009-12-14 11:10:00,2009-12-14 11:18:00,0
16770,2010-08-22 16:08:00,2010-09-19 15:47:00,27
16771,2009-12-09 11:52:00,2010-02-04 12:08:00,57
16772,2009-12-18 10:50:00,2010-01-08 12:38:00,21
16773,2009-12-06 15:01:00,2010-09-29 15:47:00,297
16774,2010-02-16 16:53:00,2010-04-20 12:51:00,62
16775,2010-09-23 17:34:00,2010-10-12 13:54:00,18
16776,2010-10-20 12:13:00,2011-10-10 13:04:00,355
16777,2010-03-17 12:42:00,2010-06-27 11:20:00,101
16778,2011-03-10 15:21:00,2011-09-26 13:48:00,199
16779,2009-12-03 13:03:00,2009-12-06 12:42:00,2
16780,2010-10-28 19:41:00,2011-03-25 17:34:00,147
16781,2010-02-08 13:56:00,2010-12-02 14:26:00,297
16782,2009-12-09 11:58:00,2010-01-17 11:03:00,38
16784,2010-03-28 12:55:00,2010-08-03 09:14:00,127
16787,2010-01-10 11:12:00,2010-03-28 11:30:00,77
16788,2010-02-07 12:40:00,2010-06-07 15:31:00,120
16790,2011-11-02 11:23:00,2011-11-06 14:06:00,4
16791,2009-12-03 18:08:00,2010-01-26 14:25:00,53
16792,2010-01-04 13:47:00,2010-04-30 14:43:00,116
16794,2010-03-25 15:17:00,2010-05-06 19:57:00,42
16795,2010-01-25 13:14:00,2010-10-19 15:33:00,267
16797,2009-12-02 13:33:00,2010-02-21 15:48:00,81
16798,2009-12-10 19:35:00,2010-03-07 12:06:00,86
16799,2010-09-12 12:46:00,2010-10-03 14:28:00,21
16801,2011-03-11 13:56:00,2011-05-22 12:12:00,71
16802,2009-12-09 13:00:00,2010-01-29 13:44:00,51
16804,2011-03-14 15:48:00,2011-11-16 16:42:00,247
16805,2009-12-14 15:17:00,2010-05-11 15:03:00,147
16806,2011-04-14 19:59:00,2011-05-03 15:15:00,18
16807,2010-03-26 14:38:00,2010-05-13 14:31:00,47
16808,2011-03-10 19:05:00,2011-09-01 19:34:00,175
16809,2010-04-13 15:34:00,2010-07-01 13:42:00,78
16810,2010-10-15 15:32:00,2011-05-31 15:32:00,228
16811,2011-11-22 17:19:00,2011-12-05 11:39:00,12
16812,2010-11-22 14:36:00,2010-11-25 16:33:00,3
16813,2011-05-19 13:28:00,2011-06-01 12:11:00,12
16814,2010-04-11 12:45:00,2010-04-26 10:57:00,14
16815,2010-06-21 12:05:00,2010-09-12 10:59:00,82
16816,2010-12-16 17:01:00,2011-01-30 15:40:00,44
16817,2010-10-04 09:06:00,2010-10-20 12:31:00,16
16818,2011-05-18 11:42:00,2011-05-22 15:44:00,4
16819,2010-08-31 17:31:00,2010-08-31 17:37:00,0
16823,2009-12-02 09:57:00,2010-03-22 17:32:00,110
16824,2010-11-11 12:21:00,2011-06-28 13:36:00,229
16825,2010-06-23 13:14:00,2010-10-21 09:17:00,119
16827,2010-04-29 19:07:00,2010-05-19 14:21:00,19
16829,2010-11-16 18:11:00,2011-07-06 10:48:00,231
16830,2009-12-13 12:11:00,2010-02-02 08:57:00,50
16832,2010-09-07 12:35:00,2010-10-07 08:35:00,29
16833,2010-03-26 15:31:00,2010-09-26 11:23:00,183
16834,2010-02-03 14:24:00,2011-04-26 09:37:00,446
16835,2010-05-19 08:41:00,2010-06-29 10:06:00,41
16836,2010-05-14 12:52:00,2010-10-29 12:48:00,167
16837,2011-04-08 08:48:00,2011-04-13 10:10:00,5
16838,2010-02-14 15:27:00,2010-06-27 14:49:00,132
16839,2010-02-11 15:02:00,2010-04-20 16:06:00,68
16840,2010-02-03 12:42:00,2010-04-15 15:48:00,71
16841,2010-01-12 11:32:00,2010-02-09 15:48:00,28
16842,2011-02-10 14:51:00,2011-07-07 17:35:00,147
16843,2009-12-10 11:40:00,2010-02-02 16:16:00,54
16844,2010-05-06 09:16:00,2010-05-26 10:29:00,20
16846,2010-03-10 12:03:00,2010-05-11 13:45:00,62
16847,2010-03-31 13:32:00,2011-10-27 13:29:00,574
16848,2010-10-03 11:01:00,2010-11-28 12:37:00,56
16851,2011-10-19 09:48:00,2011-10-28 12:33:00,9
16852,2011-06-16 15:49:00,2011-11-29 13:22:00,165
16854,2010-03-09 14:32:00,2010-10-18 16:31:00,223
16855,2011-10-27 16:31:00,2011-11-16 12:03:00,19
16856,2010-09-23 13:11:00,2010-10-18 11:54:00,24
16858,2009-12-15 11:09:00,2010-01-12 15:50:00,28
16859,2010-03-04 12:37:00,2010-07-07 09:36:00,124
16860,2010-02-15 13:46:00,2010-06-21 15:51:00,126
16861,2010-07-19 11:44:00,2010-11-04 16:50:00,108
16862,2010-01-07 12:57:00,2010-04-20 12:30:00,102
16863,2010-10-26 10:03:00,2010-12-08 08:58:00,42
16864,2010-04-20 11:56:00,2010-10-01 16:16:00,164
16866,2011-07-01 12:34:00,2011-07-10 10:14:00,8
16868,2010-04-25 11:31:00,2010-10-03 11:26:00,160
16869,2011-06-17 13:01:00,2011-06-27 12:16:00,9
16871,2011-03-14 10:31:00,2011-03-29 11:39:00,15
16872,2010-09-02 17:36:00,2010-09-12 11:43:00,9
16873,2010-02-09 14:17:00,2010-05-10 14:34:00,90
16875,2010-01-05 09:16:00,2010-03-17 12:25:00,71
16877,2011-05-15 16:13:00,2011-07-10 16:18:00,56
16880,2010-08-03 13:54:00,2011-06-03 16:45:00,304
16882,2011-01-26 17:43:00,2011-04-14 14:36:00,77
16883,2009-12-04 12:07:00,2010-04-18 11:20:00,134
16884,2010-05-18 12:00:00,2010-06-01 12:45:00,14
16885,2010-11-19 12:51:00,2010-12-17 17:23:00,28
16887,2009-12-01 13:41:00,2010-11-04 11:29:00,337
16888,2010-01-07 13:07:00,2010-02-01 17:21:00,25
16889,2010-05-23 10:46:00,2010-07-11 10:49:00,49
16890,2010-05-06 16:27:00,2010-05-24 12:03:00,17
16891,2009-12-04 12:37:00,2009-12-16 14:12:00,12
16892,2009-12-08 14:20:00,2010-06-03 15:17:00,177
16893,2010-11-28 15:14:00,2010-12-08 12:06:00,9
16894,2010-06-22 14:21:00,2010-06-22 14:26:00,0
16895,2010-02-12 11:07:00,2010-03-22 11:01:00,37
16897,2011-01-30 11:52:00,2011-02-13 15:02:00,14
16898,2010-05-12 12:18:00,2010-10-20 13:00:00,161
16899,2010-11-07 15:00:00,2010-11-26 11:28:00,18
16900,2011-10-07 13:17:00,2011-11-20 12:13:00,43
16903,2010-10-20 14:42:00,2010-11-24 14:55:00,35
16904,2010-10-24 16:03:00,2010-11-07 12:03:00,13
16905,2009-12-10 20:04:00,2010-01-28 12:20:00,48
16906,2010-05-13 13:23:00,2010-05-13 13:31:00,0
16907,2010-07-01 17:30:00,2010-09-30 17:47:00,91
16910,2011-09-09 14:14:00,2011-09-14 14:09:00,4
16911,2010-02-16 16:12:00,2010-03-14 12:18:00,25
16912,2009-12-09 12:32:00,2010-02-21 12:36:00,74
16913,2010-02-26 12:06:00,2010-02-26 12:09:00,0
16915,2010-05-19 13:32:00,2010-07-13 09:45:00,54
16916,2010-10-20 12:56:00,2010-11-01 13:41:00,12
16917,2010-03-17 15:24:00,2011-03-08 11:55:00,355
16918,2009-12-03 12:27:00,2010-02-11 13:41:00,70
16919,2010-08-19 15:28:00,2010-08-31 16:11:00,12
16921,2010-04-18 15:34:00,2010-09-23 14:08:00,157
16923,2010-01-31 11:14:00,2010-03-07 11:27:00,35
16924,2011-09-16 12:54:00,2011-10-06 11:41:00,19
16926,2010-07-01 12:57:00,2010-07-13 12:58:00,12
16927,2010-12-13 11:57:00,2011-03-08 13:21:00,85
16928,2010-02-03 12:30:00,2010-09-10 14:31:00,219
16929,2011-07-07 12:39:00,2011-08-04 12:13:00,27
16930,2011-10-02 14:25:00,2011-10-02 14:31:00,0
16931,2010-11-07 13:24:00,2010-11-24 12:42:00,16
16932,2010-05-17 14:15:00,2010-10-12 14:14:00,147
16933,2009-12-09 15:03:00,2010-01-20 14:05:00,41
16934,2010-03-28 12:43:00,2010-05-30 12:44:00,63
16935,2010-10-14 13:09:00,2010-11-15 13:06:00,31
16936,2010-11-19 11:54:00,2011-11-14 11:04:00,359
16938,2010-02-17 14:47:00,2010-05-04 14:07:00,75
16939,2010-02-28 13:33:00,2010-03-28 12:44:00,27
16940,2009-12-08 13:08:00,2010-02-16 12:50:00,69
16942,2011-04-26 11:59:00,2011-05-04 12:20:00,8
16943,2011-01-25 14:00:00,2011-03-23 15:19:00,57
16945,2009-12-09 11:33:00,2009-12-17 12:42:00,8
16946,2010-03-02 10:49:00,2010-03-10 10:42:00,7
16947,2010-03-03 10:54:00,2010-05-27 13:25:00,85
16948,2010-02-21 13:48:00,2010-05-10 09:50:00,77
16949,2011-01-27 12:11:00,2011-03-30 12:24:00,62
16950,2010-01-24 11:26:00,2010-02-28 12:21:00,35
16951,2011-02-08 14:58:00,2011-07-26 11:38:00,167
16952,2009-12-11 13:52:00,2010-09-07 14:31:00,270
16954,2010-01-18 14:49:00,2010-02-12 12:51:00,24
16955,2010-01-31 11:38:00,2010-06-03 12:36:00,123
16957,2011-03-03 09:25:00,2011-04-14 13:56:00,42
16960,2010-03-02 13:36:00,2010-06-01 11:27:00,90
16961,2010-06-25 14:36:00,2010-11-16 16:37:00,144
16964,2009-12-06 12:51:00,2009-12-06 12:53:00,0
16966,2011-04-13 14:17:00,2011-05-19 15:24:00,36
16968,2011-08-24 10:51:00,2011-12-05 15:02:00,103
16969,2011-06-01 12:10:00,2011-07-28 13:54:00,57
16972,2010-09-09 11:20:00,2010-11-22 10:59:00,73
16974,2010-05-24 10:43:00,2010-07-05 10:18:00,41
16975,2010-07-22 11:38:00,2010-08-31 08:43:00,39
16977,2010-03-18 11:06:00,2010-05-02 10:38:00,44
16978,2010-02-11 16:27:00,2010-02-11 16:33:00,0
16979,2010-09-15 14:30:00,2010-10-24 11:39:00,38
16980,2010-10-07 14:05:00,2011-02-21 12:58:00,136
16983,2010-09-19 12:38:00,2010-10-24 13:35:00,35
16984,2010-03-07 15:34:00,2010-03-24 15:36:00,17
16985,2009-12-10 13:34:00,2009-12-14 16:00:00,4
16986,2010-02-04 14:46:00,2010-02-04 14:48:00,0
16987,2009-12-02 14:34:00,2009-12-16 16:04:00,14
16988,2010-11-25 09:22:00,2011-12-04 16:02:00,374
16989,2011-07-12 09:11:00,2011-09-02 13:55:00,52
16990,2010-10-13 11:42:00,2011-05-05 08:30:00,203
16992,2010-02-11 12:36:00,2010-06-21 13:28:00,130
16993,2010-05-12 13:55:00,2010-09-02 12:16:00,112
16996,2010-10-18 12:24:00,2010-11-03 12:36:00,16
16997,2011-01-18 11:51:00,2011-02-03 15:17:00,16
16998,2010-09-21 14:39:00,2011-02-08 15:42:00,140
16999,2011-09-26 15:43:00,2011-11-16 13:53:00,50
17000,2010-10-27 14:16:00,2010-11-08 13:35:00,11
17001,2010-03-25 12:41:00,2010-06-27 14:38:00,94
17002,2010-03-08 15:46:00,2010-03-08 15:48:00,0
17003,2010-05-10 11:20:00,2010-10-12 16:08:00,155
17004,2010-10-11 15:43:00,2010-11-12 13:17:00,31
17005,2010-04-30 10:55:00,2010-08-26 10:57:00,118
17006,2010-03-05 13:33:00,2010-10-06 16:17:00,215
17007,2010-09-28 13:51:00,2010-12-17 13:57:00,80
17011,2010-02-26 09:47:00,2010-03-02 13:50:00,4
17014,2011-10-04 11:36:00,2011-11-07 14:51:00,34
17015,2011-06-07 13:19:00,2011-09-29 17:36:00,114
17017,2009-12-03 13:22:00,2010-06-16 10:29:00,194
17018,2009-12-05 10:27:00,2010-01-08 09:38:00,33
17019,2009-12-02 11:52:00,2010-03-24 12:33:00,112
17020,2010-03-03 12:27:00,2010-06-15 13:06:00,104
17021,2010-04-29 20:05:00,2010-05-05 12:42:00,5
17022,2010-10-03 10:27:00,2011-11-08 17:09:00,401
17023,2010-01-11 15:09:00,2010-08-10 10:22:00,210
17024,2011-07-05 09:31:00,2011-09-01 15:21:00,58
17025,2010-03-08 13:37:00,2010-10-25 15:30:00,231
17026,2010-10-18 15:22:00,2010-12-05 12:47:00,47
17027,2009-12-10 12:10:00,2010-02-24 13:54:00,76
17028,2009-12-18 14:28:00,2010-02-24 09:50:00,67
17029,2010-02-14 10:19:00,2010-03-10 13:34:00,24
17031,2010-05-07 14:52:00,2010-06-07 15:39:00,31
17032,2009-12-10 15:36:00,2010-01-14 15:47:00,35
17033,2010-11-07 12:55:00,2010-12-15 13:21:00,38
17034,2010-07-14 12:55:00,2010-10-26 14:00:00,104
17035,2009-12-03 10:37:00,2010-04-27 14:11:00,145
17038,2010-10-20 16:04:00,2011-11-09 13:50:00,384
17040,2010-06-07 15:08:00,2011-07-25 10:19:00,412
17041,2010-04-18 14:25:00,2010-04-18 14:28:00,0
17042,2011-04-06 14:53:00,2011-05-27 10:15:00,50
17043,2009-12-09 15:20:00,2010-05-18 13:36:00,159
17044,2009-12-07 12:25:00,2010-03-10 10:53:00,92
17045,2010-10-06 14:52:00,2010-11-28 13:09:00,52
17046,2010-03-29 13:46:00,2010-08-12 12:37:00,135
17047,2009-12-08 08:48:00,2010-04-08 14:28:00,121
17048,2010-01-18 13:55:00,2010-04-12 17:23:00,84
17049,2010-03-04 10:23:00,2010-03-31 14:03:00,27
17050,2010-01-26 14:54:00,2010-02-28 11:33:00,32
17051,2010-03-21 14:55:00,2010-05-02 15:31:00,42
17054,2011-04-08 13:14:00,2011-04-18 14:32:00,10
17058,2011-04-14 09:18:00,2011-05-24 13:50:00,40
17059,2010-01-26 14:43:00,2010-03-09 15:22:00,42
17061,2011-04-21 13:29:00,2011-04-21 14:37:00,0
17062,2010-09-26 11:57:00,2010-11-07 11:55:00,41
17063,2009-12-01 12:36:00,2010-03-08 08:45:00,96
17064,2011-01-16 16:10:00,2011-06-10 10:26:00,144
17065,2010-03-12 11:40:00,2010-03-12 11:41:00,0
17067,2009-12-08 12:03:00,2009-12-08 12:04:00,0
17068,2010-03-28 14:26:00,2010-04-11 14:11:00,13
17069,2009-12-03 12:27:00,2010-05-06 15:05:00,154
17070,2010-10-25 15:57:00,2011-08-17 17:01:00,296
17071,2010-01-24 13:05:00,2010-06-07 09:43:00,133
17073,2011-08-22 14:37:00,2011-09-18 16:04:00,27
17075,2009-12-14 11:24:00,2010-01-26 13:46:00,43
17076,2009-12-04 12:12:00,2010-03-11 13:19:00,97
17078,2011-11-03 18:49:00,2011-11-03 19:17:00,0
17080,2010-07-01 16:03:00,2010-07-05 13:15:00,3
17081,2010-02-22 13:19:00,2010-05-23 12:56:00,89
17082,2009-12-15 11:25:00,2009-12-15 11:26:00,0
17083,2010-02-09 11:46:00,2010-03-31 15:42:00,50
17084,2010-11-08 14:20:00,2011-11-04 14:49:00,361
17085,2009-12-06 12:16:00,2009-12-13 11:49:00,6
17086,2011-10-07 11:22:00,2011-10-21 13:27:00,14
17088,2011-03-31 09:48:00,2011-06-10 09:23:00,70
17090,2010-07-19 16:02:00,2010-07-19 16:06:00,0
17091,2009-12-16 15:45:00,2010-02-15 10:56:00,60
17092,2010-02-02 16:42:00,2010-05-12 16:42:00,99
17094,2010-10-12 10:48:00,2011-01-21 13:09:00,101
17095,2009-12-15 12:32:00,2010-03-18 13:28:00,93
17096,2010-06-02 14:48:00,2010-06-27 15:50:00,25
17097,2010-10-05 14:09:00,2010-12-09 14:55:00,65
17098,2010-06-17 10:30:00,2010-10-29 11:51:00,134
17100,2011-11-21 16:36:00,2011-11-21 16:36:00,0
17101,2010-06-07 15:12:00,2010-10-14 16:09:00,129
17105,2011-02-06 14:46:00,2011-07-03 15:53:00,147
17107,2010-01-31 15:47:00,2010-06-03 19:05:00,123
17109,2010-07-30 12:42:00,2010-10-29 15:56:00,91
17110,2010-04-08 13:32:00,2010-07-07 12:21:00,89
17111,2010-10-10 15:21:00,2011-10-23 15:59:00,378
17113,2010-01-11 10:14:00,2010-01-11 10:15:00,0
17114,2011-01-09 11:39:00,2011-02-15 13:50:00,37
17115,2009-12-05 12:13:00,2010-01-28 15:17:00,54
17119,2011-10-11 11:03:00,2011-12-06 14:40:00,56
17122,2010-07-28 09:34:00,2010-10-26 12:39:00,90
17123,2010-05-16 11:52:00,2010-09-26 12:06:00,133
17126,2010-08-31 13:41:00,2010-10-03 13:47:00,33
17127,2009-12-04 15:18:00,2010-06-24 10:25:00,201
17131,2011-09-25 12:42:00,2011-10-23 15:07:00,28
17132,2010-08-08 13:49:00,2010-09-13 16:31:00,36
17133,2010-03-21 12:31:00,2010-04-11 11:22:00,20
17134,2010-09-23 18:32:00,2011-03-20 11:56:00,177
17135,2010-05-09 16:03:00,2010-08-08 14:57:00,90
17137,2010-01-31 12:27:00,2010-01-31 12:32:00,0
17138,2010-02-04 14:19:00,2010-03-09 10:18:00,32
17139,2010-01-11 11:31:00,2010-02-11 08:51:00,30
17141,2010-01-24 14:19:00,2010-01-24 14:24:00,0
17142,2010-01-24 15:23:00,2010-06-24 13:01:00,150
17143,2010-07-12 13:26:00,2010-10-18 15:27:00,98
17144,2011-09-16 12:50:00,2011-12-08 17:57:00,83
17145,2010-02-19 12:07:00,2010-07-06 16:14:00,137
17146,2010-02-02 09:39:00,2010-04-14 14:20:00,71
17147,2010-01-11 09:38:00,2010-03-23 13:52:00,71
17150,2009-12-06 10:51:00,2009-12-17 10:08:00,10
17152,2010-10-10 12:40:00,2011-03-21 16:20:00,162
17155,2009-12-03 11:34:00,2009-12-08 12:46:00,5
17157,2009-12-04 13:00:00,2009-12-08 19:00:00,4
17158,2010-03-07 15:50:00,2010-06-10 10:38:00,94
17159,2010-03-04 14:53:00,2010-08-19 11:48:00,167
17160,2009-12-04 10:57:00,2010-01-22 09:44:00,48
17162,2011-02-07 12:27:00,2011-03-07 14:45:00,28
17163,2010-02-02 10:39:00,2010-09-20 10:08:00,229
17164,2011-03-11 14:26:00,2011-05-11 09:28:00,60
17165,2009-12-11 09:18:00,2010-01-12 15:50:00,32
17166,2011-05-20 08:18:00,2011-11-01 09:46:00,165
17167,2010-09-20 14:02:00,2010-10-18 11:42:00,27
17169,2010-05-10 13:00:00,2011-06-09 13:16:00,395
17170,2010-11-15 16:23:00,2010-11-30 15:55:00,14
17171,2010-02-16 12:02:00,2011-02-23 16:37:00,372
17172,2009-12-13 11:46:00,2010-10-05 12:02:00,296
17173,2011-07-31 15:26:00,2011-08-15 10:28:00,14
17175,2011-02-16 14:56:00,2011-06-12 12:08:00,115
17176,2010-01-31 15:49:00,2010-07-01 12:11:00,150
17179,2010-05-26 11:22:00,2010-10-13 11:10:00,139
17180,2010-01-21 17:43:00,2010-03-15 14:01:00,52
17181,2010-04-23 11:21:00,2010-12-01 12:38:00,222
17182,2009-12-21 15:22:00,2010-10-13 10:09:00,295
17183,2011-08-26 15:25:00,2011-10-16 15:32:00,51
17184,2009-12-09 14:17:00,2010-05-19 14:24:00,161
17185,2010-04-20 13:49:00,2010-04-20 13:52:00,0
17186,2011-10-10 12:52:00,2011-10-24 10:20:00,13
17187,2010-07-01 14:38:00,2011-04-27 12:39:00,299
17188,2009-12-08 19:16:00,2010-01-11 15:33:00,33
17189,2009-12-02 11:45:00,2009-12-16 12:16:00,14
17190,2010-03-05 13:21:00,2010-06-08 12:02:00,94
17191,2009-12-01 16:34:00,2010-01-29 13:53:00,58
17193,2009-12-02 10:02:00,2010-11-18 16:57:00,351
17194,2010-06-27 13:16:00,2010-12-14 12:06:00,169
17198,2010-12-03 14:54:00,2010-12-09 13:34:00,5
17200,2010-02-25 13:23:00,2010-02-25 13:24:00,0
17201,2010-02-10 12:26:00,2010-06-08 11:50:00,117
17203,2010-11-16 12:52:00,2010-11-16 12:58:00,0
17204,2010-06-10 11:37:00,2010-09-27 12:21:00,109
17205,2010-05-24 15:36:00,2010-10-19 16:11:00,148
17209,2009-12-03 11:10:00,2009-12-11 11:41:00,8
17211,2009-12-13 13:17:00,2009-12-20 12:28:00,6
17212,2010-08-10 09:22:00,2010-09-07 15:46:00,28
17213,2009-12-15 10:28:00,2009-12-21 12:38:00,6
17214,2010-12-15 15:14:00,2011-02-03 14:41:00,49
17217,2010-03-30 13:35:00,2011-04-19 17:19:00,385
17218,2010-01-25 16:12:00,2010-03-15 16:13:00,49
17219,2010-10-19 11:29:00,2011-11-08 11:25:00,384
17220,2010-01-20 11:57:00,2010-01-20 12:05:00,0
17221,2010-04-11 15:34:00,2010-04-11 15:38:00,0
17222,2010-01-10 15:24:00,2010-03-01 16:35:00,50
17223,2010-11-29 17:19:00,2010-12-06 14:08:00,6
17226,2010-02-12 14:31:00,2010-09-21 10:10:00,220
17227,2010-01-15 15:05:00,2010-03-17 15:20:00,61
17228,2010-03-12 11:54:00,2010-05-02 14:28:00,51
17229,2011-07-20 12:38:00,2011-09-04 13:56:00,46
17230,2009-12-08 13:41:00,2009-12-11 10:58:00,2
17231,2009-12-07 16:38:00,2009-12-20 12:04:00,12
17232,2011-11-25 12:24:00,2011-12-07 12:21:00,11
17233,2009-12-15 12:03:00,2010-09-17 13:20:00,276
17235,2010-06-04 17:01:00,2010-07-14 13:16:00,39
17236,2010-03-07 13:00:00,2010-03-21 12:56:00,13
17237,2010-11-23 11:45:00,2010-11-29 11:51:00,6
17238,2009-12-01 10:59:00,2009-12-11 11:10:00,10
17239,2010-07-01 10:53:00,2010-10-10 13:24:00,101
17241,2010-02-15 14:47:00,2010-03-01 10:36:00,13
17242,2010-01-24 10:27:00,2010-05-06 13:19:00,102
17243,2009-12-01 15:36:00,2009-12-04 14:37:00,2
17244,2009-12-06 11:27:00,2010-11-21 13:42:00,350
17245,2010-01-19 15:39:00,2011-05-19 10:43:00,484
17246,2009-12-01 17:45:00,2010-06-11 12:36:00,191
17248,2010-08-15 11:55:00,2011-08-11 13:34:00,361
17250,2011-03-23 16:45:00,2011-12-06 12:15:00,257
17251,2009-12-15 10:36:00,2010-11-22 10:42:00,342
17252,2011-06-06 16:41:00,2011-08-15 09:45:00,69
17254,2010-11-03 14:00:00,2011-11-24 14:09:00,386
17255,2010-09-19 15:53:00,2010-11-14 14:56:00,55
17256,2010-04-18 13:40:00,2010-04-18 13:42:00,0
17257,2010-09-29 12:49:00,2010-09-29 12:51:00,0
17258,2010-02-12 15:51:00,2010-11-08 12:37:00,268
17259,2010-02-22 13:38:00,2010-06-28 13:52:00,126
17262,2009-12-15 11:26:00,2010-04-28 15:06:00,134
17265,2011-06-12 12:00:00,2011-07-24 10:49:00,41
17266,2010-03-09 10:42:00,2010-07-28 16:39:00,141
17267,2011-08-04 17:19:00,2011-08-04 17:22:00,0
17268,2009-12-08 11:46:00,2010-03-16 13:25:00,98
17270,2009-12-07 17:18:00,2010-08-27 14:09:00,262
17272,2011-03-22 12:05:00,2011-05-24 13:46:00,63
17274,2010-11-09 12:06:00,2011-11-04 13:16:00,360
17277,2011-01-21 12:37:00,2011-04-26 12:47:00,95
17278,2010-05-23 13:49:00,2011-04-12 13:10:00,323
17281,2010-02-04 13:00:00,2010-04-06 12:40:00,60
17282,2010-06-09 12:07:00,2010-09-09 19:23:00,92
17284,2010-11-15 17:14:00,2011-01-07 14:31:00,52
17285,2010-02-14 14:10:00,2010-03-21 13:38:00,34
17286,2010-11-04 13:43:00,2010-11-04 13:52:00,0
17287,2009-12-03 12:45:00,2009-12-03 12:50:00,0
17288,2010-11-10 14:44:00,2010-11-14 13:33:00,3
17289,2010-03-08 12:52:00,2010-03-12 11:48:00,3
17290,2009-12-13 13:28:00,2010-03-26 13:13:00,102
17292,2010-05-09 14:52:00,2010-08-24 17:14:00,107
17293,2009-12-03 15:09:00,2009-12-11 13:36:00,7
17294,2010-02-08 14:21:00,2010-02-08 16:12:00,0
17295,2011-10-06 12:22:00,2011-11-11 10:43:00,35
17298,2010-03-08 08:56:00,2010-08-03 12:51:00,148
17299,2010-08-15 16:00:00,2010-09-26 13:40:00,41
17300,2010-08-15 11:02:00,2010-11-14 10:56:00,90
17301,2010-03-25 13:16:00,2011-11-18 13:43:00,603
17302,2011-02-07 10:14:00,2011-05-15 11:29:00,97
17306,2010-11-01 11:38:00,2010-11-11 12:44:00,10
17307,2010-01-19 16:38:00,2010-01-20 12:17:00,0
17308,2010-09-13 09:35:00,2010-11-11 13:19:00,59
17309,2010-02-04 15:49:00,2010-11-23 13:47:00,291
17310,2010-06-23 11:38:00,2010-11-17 16:00:00,147
17311,2010-02-03 12:38:00,2010-05-28 09:36:00,113
17312,2011-07-03 13:12:00,2011-07-07 20:07:00,4
17314,2009-12-03 11:25:00,2010-01-31 11:43:00,59
17315,2010-09-27 12:45:00,2010-11-01 13:26:00,35
17317,2011-09-11 12:45:00,2011-10-18 09:07:00,36
17320,2010-01-21 16:29:00,2010-07-19 15:17:00,178
17321,2010-05-11 12:10:00,2010-06-02 13:12:00,22
17322,2009-12-03 11:46:00,2010-10-20 13:29:00,321
17323,2010-01-10 11:58:00,2010-02-25 19:39:00,46
17324,2009-12-18 15:29:00,2010-03-01 13:22:00,72
17325,2010-03-08 11:31:00,2010-10-25 09:20:00,230
17326,2010-06-28 14:05:00,2010-10-27 15:38:00,121
17327,2010-05-26 11:20:00,2010-10-26 09:54:00,152
17329,2009-12-03 16:09:00,2009-12-08 16:43:00,5
17330,2010-03-02 09:20:00,2010-06-13 12:34:00,103
17332,2010-02-21 14:41:00,2010-03-14 12:24:00,20
17334,2010-10-29 12:16:00,2011-02-04 09:03:00,97
17335,2010-01-24 11:15:00,2010-11-21 10:17:00,300
17337,2011-02-02 17:06:00,2011-04-03 15:07:00,59
17338,2010-03-10 16:09:00,2010-05-24 14:17:00,74
17339,2010-07-18 13:08:00,2010-12-09 14:44:00,144
17340,2010-02-14 14:54:00,2010-03-21 16:02:00,35
17341,2010-06-17 18:17:00,2010-06-17 18:22:00,0
17342,2010-02-08 09:16:00,2010-02-16 16:50:00,8
17343,2009-12-03 18:30:00,2010-01-18 10:29:00,45
17344,2009-12-11 12:31:00,2011-10-24 12:56:00,682
17345,2009-12-01 16:17:00,2010-05-05 14:31:00,154
17346,2010-04-18 12:18:00,2010-04-28 13:53:00,10
17348,2010-03-10 12:13:00,2010-04-27 10:48:00,47
17349,2010-03-18 14:26:00,2010-06-18 14:08:00,91
17350,2010-02-01 15:38:00,2010-06-10 10:23:00,128
17351,2009-12-10 18:43:00,2010-01-20 14:36:00,40
17353,2010-03-25 12:52:00,2010-08-05 08:54:00,132
17354,2010-10-07 13:22:00,2010-10-07 13:28:00,0
17356,2010-01-20 12:14:00,2010-03-18 10:52:00,56
17357,2011-11-15 16:29:00,2011-11-15 16:30:00,0
17358,2010-02-24 16:42:00,2010-10-24 10:56:00,241
17359,2010-03-01 14:48:00,2011-11-28 14:37:00,636
17360,2010-10-01 12:07:00,2010-11-19 11:55:00,48
17361,2010-02-01 14:30:00,2010-02-01 14:33:00,0
17362,2010-01-06 10:53:00,2010-02-01 12:25:00,26
17363,2010-11-02 17:25:00,2010-11-02 17:29:00,0
17364,2009-12-07 15:28:00,2009-12-14 15:31:00,7
17365,2010-02-01 11:56:00,2010-03-07 10:27:00,33
17366,2010-09-09 19:46:00,2010-10-03 16:04:00,23
17368,2009-12-15 17:45:00,2010-06-14 13:26:00,180
17370,2011-06-23 11:50:00,2011-09-08 14:19:00,77
17371,2009-12-08 12:25:00,2009-12-08 12:41:00,0
17372,2009-12-03 18:41:00,2009-12-18 13:03:00,14
17373,2010-02-28 14:17:00,2010-09-23 10:40:00,206
17374,2010-11-09 17:14:00,2011-03-03 12:53:00,113
17375,2010-10-04 09:14:00,2010-12-13 15:16:00,70
17376,2010-07-05 11:11:00,2010-10-31 10:42:00,117
17377,2009-12-02 12:39:00,2009-12-02 13:00:00,0
17380,2010-06-23 11:24:00,2010-07-27 10:34:00,33
17381,2010-06-09 12:55:00,2010-07-07 10:31:00,27
17382,2010-05-19 11:33:00,2010-05-19 11:34:00,0
17383,2010-09-12 14:54:00,2011-12-05 17:36:00,449
17384,2010-08-29 16:01:00,2011-05-04 16:07:00,248
17386,2010-11-19 13:40:00,2011-06-27 12:11:00,219
17387,2011-11-06 11:25:00,2011-11-20 11:00:00,13
17388,2009-12-10 11:45:00,2010-05-11 10:56:00,151
17389,2009-12-04 12:06:00,2010-03-23 13:21:00,109
17391,2011-06-28 12:21:00,2011-06-29 09:58:00,0
17392,2010-09-15 16:17:00,2010-12-16 19:04:00,92
17393,2010-08-08 15:53:00,2010-10-25 11:10:00,77
17396,2010-09-24 13:04:00,2010-10-18 10:20:00,23
17397,2010-10-19 13:20:00,2011-11-17 13:58:00,394
17398,2011-03-29 13:04:00,2011-05-13 12:41:00,44
17400,2009-12-17 15:41:00,2010-02-19 17:40:00,64
17402,2009-12-16 17:40:00,2009-12-16 17:45:00,0
17403,2010-09-15 12:29:00,2011-11-03 15:18:00,414
17404,2010-01-07 11:31:00,2010-01-20 08:27:00,12
17405,2011-07-12 14:17:00,2011-09-28 10:27:00,77
17406,2009-12-06 13:45:00,2010-02-04 11:39:00,59
17408,2010-07-13 14:02:00,2010-07-27 13:17:00,13
17409,2009-12-11 12:17:00,2010-01-22 09:43:00,41
17410,2011-05-08 15:21:00,2011-09-04 16:08:00,119
17411,2009-12-03 12:02:00,2010-11-18 11:55:00,349
17412,2009-12-02 13:51:00,2009-12-11 10:08:00,8
17413,2010-05-19 11:11:00,2010-10-31 12:33:00,165
17414,2009-12-03 16:49:00,2010-05-14 13:51:00,161
17416,2009-12-14 16:29:00,2010-04-06 09:56:00,112
17418,2010-11-17 13:42:00,2011-01-20 11:39:00,63
17419,2010-01-25 13:19:00,2010-03-29 11:42:00,62
17420,2010-11-03 13:09:00,2010-11-03 13:09:00,0
17421,2009-12-04 15:43:00,2010-10-06 11:04:00,305
17422,2010-06-23 10:19:00,2010-08-02 12:30:00,40
17423,2010-11-11 12:26:00,2011-05-06 09:14:00,175
17425,2011-10-10 11:37:00,2011-11-20 15:30:00,41
17426,2010-02-17 13:39:00,2010-04-08 10:17:00,49
17428,2009-12-01 17:28:00,2009-12-01 17:28:00,0
17429,2010-10-06 12:30:00,2010-11-08 13:28:00,33
17430,2010-08-17 11:52:00,2010-11-18 11:00:00,92
17432,2009-12-03 19:13:00,2010-03-22 16:44:00,108
17433,2010-11-19 13:37:00,2011-09-12 14:24:00,297
17434,2011-09-15 13:54:00,2011-10-20 10:06:00,34
17436,2009-12-07 12:31:00,2010-04-25 11:53:00,138
17438,2010-03-08 16:53:00,2010-06-04 08:50:00,87
17440,2010-06-08 14:40:00,2011-04-06 12:05:00,301
17442,2010-02-15 15:54:00,2010-05-17 13:44:00,90
17444,2011-06-20 09:04:00,2011-07-11 10:33:00,21
17446,2011-02-02 14:40:00,2011-06-16 10:42:00,133
17447,2011-09-29 10:10:00,2011-10-30 14:18:00,31
17448,2010-03-04 17:29:00,2010-03-07 11:31:00,2
17449,2009-12-09 14:16:00,2010-03-07 16:12:00,88
17450,2010-09-27 16:59:00,2010-09-27 17:02:00,0
17451,2011-08-26 11:54:00,2011-09-19 09:30:00,23
17453,2011-10-06 17:02:00,2011-11-22 09:42:00,46
17454,2010-01-15 15:40:00,2010-03-08 10:05:00,51
17456,2010-09-09 15:28:00,2010-12-09 15:23:00,90
17457,2009-12-07 14:52:00,2010-01-08 10:34:00,31
17458,2010-11-23 11:43:00,2011-11-24 13:01:00,366
17459,2011-10-10 17:00:00,2011-10-27 13:25:00,16
17460,2010-01-22 13:25:00,2010-02-25 08:56:00,33
17461,2011-11-10 12:01:00,2011-11-17 10:01:00,6
17462,2011-02-28 17:01:00,2011-10-10 13:56:00,223
17463,2010-04-29 17:57:00,2010-05-28 10:04:00,28
17464,2010-03-30 13:15:00,2010-07-05 13:24:00,97
17465,2009-12-03 13:25:00,2009-12-03 13:26:00,0
17466,2011-09-22 09:16:00,2011-11-29 13:15:00,68
17468,2010-11-29 17:25:00,2011-11-25 12:52:00,360
17469,2009-12-16 15:06:00,2010-01-14 10:56:00,28
17470,2010-07-19 16:16:00,2010-07-28 09:24:00,8
17472,2010-03-21 13:27:00,2011-02-13 14:40:00,329
17473,2010-09-09 19:03:00,2010-10-27 11:45:00,47
17476,2009-12-02 12:09:00,2010-11-09 10:21:00,341
17477,2010-03-02 11:53:00,2010-04-06 10:06:00,34
17478,2010-03-16 14:19:00,2010-10-27 15:01:00,225
17480,2010-09-21 12:31:00,2011-09-23 11:39:00,366
17481,2011-09-07 09:57:00,2011-11-03 16:37:00,57
17482,2010-05-10 14:10:00,2010-08-09 15:33:00,91
17483,2010-10-21 12:43:00,2011-06-09 19:40:00,231
17484,2010-03-25 16:17:00,2010-05-12 15:41:00,47
17489,2011-05-11 11:34:00,2011-10-12 08:56:00,153
17490,2010-05-19 12:40:00,2010-11-16 18:47:00,181
17491,2010-04-28 11:57:00,2010-06-10 12:14:00,43
17492,2010-07-09 13:27:00,2010-08-18 15:10:00,40
17495,2010-11-14 11:50:00,2011-11-01 12:06:00,352
17496,2010-01-14 13:36:00,2010-03-22 15:59:00,67
17497,2010-04-08 08:01:00,2010-11-14 14:17:00,220
17499,2010-05-27 09:59:00,2011-02-23 09:14:00,271
17500,2011-11-10 09:08:00,2011-11-16 13:36:00,6
17501,2011-05-03 09:46:00,2011-05-03 09:47:00,0
17502,2011-11-10 16:39:00,2011-11-21 13:14:00,10
17503,2011-11-01 11:12:00,2011-12-07 09:18:00,35
17504,2010-02-08 09:22:00,2010-03-28 15:33:00,48
17505,2010-04-13 16:33:00,2010-06-07 12:09:00,54
17507,2011-02-03 18:08:00,2011-03-23 11:48:00,47
17508,2009-12-07 11:46:00,2010-01-14 14:53:00,38
17509,2011-10-07 13:14:00,2011-10-07 14:17:00,0
17510,2010-10-15 10:20:00,2011-11-15 10:00:00,395
17511,2009-12-02 10:52:00,2009-12-14 12:58:00,12
17512,2009-12-10 19:35:00,2010-03-18 14:40:00,97
17513,2010-08-17 15:08:00,2010-10-27 11:13:00,70
17514,2010-02-08 14:00:00,2011-08-03 15:45:00,541
17515,2010-06-07 13:29:00,2010-07-19 15:49:00,42
17516,2010-11-26 12:50:00,2011-02-27 12:41:00,92
17518,2010-03-28 13:31:00,2010-10-10 12:40:00,195
17519,2009-12-01 09:57:00,2010-01-22 12:37:00,52
17521,2010-10-01 11:49:00,2010-11-10 16:25:00,40
17522,2011-05-05 16:31:00,2011-05-17 10:36:00,11
17523,2011-11-20 13:40:00,2011-11-20 13:47:00,0
17524,2010-09-27 16:20:00,2010-09-27 16:29:00,0
17525,2010-10-07 09:12:00,2010-11-07 11:54:00,31
17526,2009-12-17 16:18:00,2010-01-21 09:40:00,34
17527,2011-05-05 13:43:00,2011-08-22 10:15:00,108
17528,2011-09-29 13:04:00,2011-09-29 13:45:00,0
17529,2010-01-11 12:29:00,2010-04-08 17:51:00,87
17530,2009-12-06 16:17:00,2010-05-06 20:01:00,151
17531,2010-03-31 12:57:00,2010-06-30 12:17:00,90
17534,2010-02-25 16:55:00,2010-05-21 09:47:00,84
17536,2010-01-26 12:00:00,2010-10-15 12:09:00,262
17537,2011-02-09 13:37:00,2011-11-10 10:56:00,273
17539,2009-12-13 12:36:00,2010-01-10 11:08:00,27
17540,2010-04-19 09:47:00,2010-05-11 11:08:00,22
17542,2010-03-08 12:08:00,2010-03-08 12:17:00,0
17544,2010-11-14 14:47:00,2010-11-14 14:57:00,0
17545,2010-05-11 10:04:00,2010-11-14 15:23:00,187
17547,2010-02-12 14:34:00,2010-11-29 09:41:00,289
17548,2010-11-08 16:19:00,2010-11-21 10:42:00,12
17549,2011-10-19 10:05:00,2011-11-16 09:59:00,27
17550,2010-02-07 15:07:00,2010-04-25 13:28:00,76
17552,2010-03-22 09:19:00,2010-05-10 14:07:00,49
17553,2010-04-08 09:44:00,2010-08-03 09:44:00,117
17554,2011-07-14 20:01:00,2011-08-09 10:16:00,25
17555,2010-05-02 16:02:00,2010-10-01 14:07:00,151
17556,2010-11-25 17:00:00,2011-05-18 10:48:00,173
17557,2009-12-07 10:15:00,2011-09-19 14:23:00,651
17560,2010-02-17 12:11:00,2010-05-19 09:49:00,90
17561,2009-12-06 13:29:00,2010-06-27 13:25:00,202
17562,2011-06-19 13:06:00,2011-07-06 10:59:00,16
17563,2010-04-07 10:02:00,2010-05-10 14:54:00,33
17564,2011-09-20 14:00:00,2011-10-26 13:20:00,35
17566,2011-11-14 13:42:00,2011-12-01 19:54:00,17
17567,2010-09-24 10:48:00,2010-12-02 15:18:00,69
17571,2010-06-15 12:50:00,2011-02-14 15:15:00,244
17572,2009-12-15 10:00:00,2010-04-26 10:27:00,132
17573,2011-09-07 10:36:00,2011-09-15 17:09:00,8
17576,2009-12-03 16:54:00,2009-12-17 16:58:00,14
17577,2010-02-09 10:10:00,2010-03-04 13:01:00,23
17578,2010-06-28 11:55:00,2010-06-30 11:49:00,1
17579,2010-05-10 14:28:00,2011-06-13 14:12:00,398
17580,2010-10-13 14:28:00,2010-11-28 11:08:00,45
17581,2009-12-03 12:34:00,2009-12-03 12:36:00,0
17582,2010-03-26 12:23:00,2010-05-16 12:54:00,51
17584,2010-01-25 08:17:00,2010-04-19 14:09:00,84
17585,2010-08-18 16:39:00,2010-09-06 13:26:00,18
17588,2010-03-12 12:34:00,2010-06-07 15:57:00,87
17589,2010-03-07 13:48:00,2010-03-28 14:47:00,21
17590,2011-10-30 14:05:00,2011-11-22 16:06:00,23
17591,2010-01-17 16:09:00,2010-12-07 15:39:00,323
17593,2009-12-04 14:35:00,2009-12-05 12:01:00,0
17594,2010-04-14 08:53:00,2010-09-16 19:17:00,155
17595,2011-11-02 16:19:00,2011-11-27 16:08:00,24
17596,2009-12-15 13:21:00,2010-03-16 16:18:00,91
17597,2010-05-05 15:33:00,2010-06-08 15:10:00,33
17601,2010-11-24 14:29:00,2011-04-14 18:02:00,141
17602,2010-03-30 17:25:00,2010-03-30 17:31:00,0
17603,2009-12-10 09:44:00,2010-01-29 17:25:00,50
17604,2010-01-27 12:19:00,2010-06-16 12:16:00,139
17608,2010-04-11 13:37:00,2010-09-16 16:15:00,158
17609,2010-04-09 16:54:00,2010-05-07 13:58:00,27
17610,2009-12-06 16:07:00,2009-12-10 16:35:00,4
17611,2009-12-01 13:29:00,2010-01-24 13:46:00,54
17612,2009-12-17 11:59:00,2010-01-28 17:14:00,42
17613,2011-02-07 11:20:00,2011-02-24 10:25:00,16
17615,2010-08-11 12:54:00,2010-09-14 12:37:00,33
17616,2010-09-14 10:43:00,2010-12-07 10:04:00,83
17618,2010-01-24 11:03:00,2010-05-30 12:55:00,126
17621,2010-10-04 09:37:00,2010-10-18 11:28:00,14
17622,2010-04-20 13:38:00,2010-04-21 12:36:00,0
17623,2009-12-14 14:36:00,2010-05-19 13:32:00,155
17624,2009-12-20 12:35:00,2010-09-28 14:07:00,282
17625,2009-12-15 11:49:00,2010-01-31 11:54:00,47
17629,2010-10-14 13:35:00,2010-11-16 14:46:00,33
17630,2011-04-21 14:03:00,2011-06-23 11:58:00,62
17631,2009-12-09 14:15:00,2009-12-17 15:46:00,8
17633,2010-11-15 14:55:00,2010-11-24 11:06:00,8
17634,2011-01-06 12:45:00,2011-03-07 13:10:00,60
17635,2010-04-28 10:51:00,2010-07-01 16:50:00,64
17637,2011-08-16 13:25:00,2011-11-08 12:51:00,83
17638,2009-12-18 09:58:00,2010-03-02 14:32:00,74
17639,2010-08-13 11:59:00,2010-08-13 12:04:00,0
17640,2010-03-23 09:15:00,2010-03-24 13:20:00,1
17642,2009-12-05 16:01:00,2010-03-29 09:48:00,113
17643,2010-07-22 13:07:00,2010-12-01 14:38:00,132
17644,2010-02-16 08:44:00,2010-03-28 11:04:00,40
17646,2009-12-16 09:37:00,2010-01-28 14:29:00,43
17647,2010-02-08 14:39:00,2010-02-08 14:40:00,0
17648,2010-11-19 16:41:00,2011-04-04 10:29:00,135
17649,2010-08-24 13:01:00,2010-08-27 10:23:00,2
17651,2010-07-01 12:17:00,2010-07-06 12:21:00,5
17652,2011-03-03 14:05:00,2011-04-20 08:07:00,47
17653,2011-08-11 15:24:00,2011-09-01 12:17:00,20
17655,2010-10-19 10:20:00,2010-11-22 17:11:00,34
17656,2011-08-03 10:45:00,2011-08-17 13:06:00,14
17658,2011-05-12 15:23:00,2011-11-14 12:07:00,185
17659,2010-11-18 14:20:00,2010-11-19 16:38:00,1
17660,2009-12-02 16:02:00,2011-07-21 13:37:00,595
17662,2009-12-17 09:54:00,2010-02-16 09:38:00,60
17663,2010-03-04 11:42:00,2010-03-08 16:30:00,4
17664,2010-03-29 17:17:00,2010-08-22 13:14:00,145
17666,2010-06-30 12:03:00,2010-08-02 15:10:00,33
17667,2010-02-23 09:57:00,2010-06-28 13:43:00,125
17668,2011-11-01 14:45:00,2011-12-08 13:25:00,36
17669,2010-04-01 18:48:00,2010-06-28 13:47:00,87
17671,2010-11-29 11:53:00,2010-12-09 14:27:00,10
17672,2010-03-08 13:17:00,2010-09-27 11:48:00,202
17673,2010-03-19 14:02:00,2010-04-26 11:25:00,37
17674,2010-12-06 10:20:00,2011-09-26 13:35:00,294
17675,2009-12-10 16:10:00,2009-12-15 13:35:00,4
17676,2010-03-30 10:49:00,2010-06-30 11:32:00,92
17677,2009-12-16 11:23:00,2009-12-16 11:24:00,0
17678,2010-04-15 13:54:00,2011-03-21 11:52:00,339
17679,2009-12-03 17:32:00,2009-12-03 17:33:00,0
17680,2010-07-16 16:07:00,2010-11-21 13:31:00,127
17681,2010-01-15 11:53:00,2010-01-26 10:04:00,10
17682,2010-03-08 09:49:00,2010-04-14 12:28:00,37
17683,2010-06-03 17:15:00,2010-07-16 12:42:00,42
17685,2010-02-11 13:44:00,2010-05-26 11:31:00,103
17686,2010-06-24 09:49:00,2010-10-12 17:06:00,110
17689,2010-08-22 13:54:00,2010-11-16 13:22:00,85
17690,2010-02-03 14:26:00,2010-03-17 12:17:00,41
17691,2010-06-11 11:50:00,2010-11-05 13:18:00,147
17692,2010-06-17 11:14:00,2010-07-26 13:41:00,39
17694,2010-05-26 08:27:00,2010-07-16 10:22:00,51
17695,2010-01-28 09:27:00,2010-09-02 11:34:00,217
17696,2009-12-10 17:09:00,2009-12-21 12:20:00,10
17699,2010-05-27 11:53:00,2010-08-20 09:39:00,84
17700,2009-12-01 11:37:00,2010-01-26 11:24:00,55
17702,2010-11-04 12:09:00,2010-11-21 13:15:00,17
17703,2010-10-17 16:16:00,2011-07-24 13:30:00,279
17704,2011-04-14 09:28:00,2011-06-24 09:40:00,71
17705,2010-05-12 09:47:00,2010-09-10 14:43:00,121
17706,2010-01-19 12:13:00,2010-01-19 12:17:00,0
17707,2009-12-07 12:19:00,2010-03-05 12:39:00,88
17708,2010-10-12 12:13:00,2010-11-02 08:57:00,20
17709,2010-04-15 14:48:00,2010-04-27 14:10:00,11
17711,2011-02-23 11:32:00,2011-11-29 11:40:00,279
17713,2010-06-09 09:33:00,2010-08-17 13:49:00,69
17714,2010-07-14 10:41:00,2010-07-28 11:52:00,14
17715,2010-04-26 12:17:00,2011-05-23 12:32:00,392
17716,2009-12-02 17:18:00,2010-03-05 13:52:00,92
17718,2010-03-05 08:01:00,2011-04-21 13:39:00,412
17719,2011-03-29 11:29:00,2011-04-06 10:21:00,7
17720,2010-05-10 09:58:00,2010-07-16 09:05:00,66
17722,2010-11-29 09:44:00,2010-12-08 12:41:00,9
17723,2010-11-29 10:35:00,2011-05-09 14:44:00,161
17724,2011-07-24 13:26:00,2011-09-20 14:50:00,58
17725,2011-03-17 19:47:00,2011-04-04 12:07:00,17
17726,2010-01-26 14:58:00,2010-02-25 15:07:00,30
17728,2010-09-12 14:58:00,2010-10-31 15:50:00,49
17730,2010-04-29 11:48:00,2010-06-03 08:50:00,34
17731,2010-02-09 12:37:00,2010-03-28 12:43:00,47
17732,2010-08-09 08:41:00,2010-08-27 10:38:00,18
17733,2011-03-23 09:54:00,2011-11-01 08:16:00,222
17734,2010-03-07 13:55:00,2010-04-11 11:56:00,34
17735,2010-07-30 13:25:00,2010-09-02 10:18:00,33
17736,2011-08-18 14:33:00,2011-10-28 09:00:00,70
17737,2011-10-12 14:42:00,2011-11-30 15:16:00,49
17738,2010-03-19 10:07:00,2010-04-07 16:21:00,19
17739,2009-12-07 10:48:00,2009-12-17 11:49:00,10
17740,2010-01-11 13:11:00,2010-03-08 10:45:00,55
17741,2010-05-28 12:11:00,2010-10-29 11:59:00,153
17742,2009-12-01 13:16:00,2010-02-09 10:03:00,69
17744,2010-11-24 09:34:00,2010-12-16 14:17:00,22
17745,2010-06-02 09:03:00,2010-08-19 12:30:00,78
17746,2010-04-08 12:54:00,2010-08-25 13:29:00,139
17749,2010-06-11 14:56:00,2011-03-28 13:39:00,289
17750,2011-06-28 15:44:00,2011-07-15 17:29:00,17
17753,2010-01-06 14:20:00,2010-08-17 13:35:00,222
17754,2009-12-11 15:52:00,2010-01-05 15:55:00,25
17756,2010-11-10 12:54:00,2010-11-19 12:45:00,8
17757,2010-01-13 15:56:00,2010-02-17 14:24:00,34
17758,2010-05-20 13:18:00,2010-10-05 14:29:00,138
17759,2010-05-05 11:40:00,2010-11-11 15:09:00,190
17760,2010-02-28 12:15:00,2010-03-22 11:21:00,21
17763,2010-02-18 14:32:00,2010-02-24 13:32:00,5
17764,2009-12-03 14:28:00,2010-06-17 17:00:00,196
17765,2010-09-17 12:45:00,2011-03-28 11:58:00,191
17766,2010-11-23 14:17:00,2010-11-23 14:29:00,0
17767,2010-10-25 16:22:00,2011-11-24 14:42:00,394
17768,2009-12-02 12:26:00,2010-01-28 15:51:00,57
17769,2010-01-19 11:33:00,2010-03-07 11:31:00,46
17770,2011-03-02 13:35:00,2011-03-09 12:38:00,6
17771,2010-04-29 13:21:00,2010-09-29 16:35:00,153
17772,2010-11-12 11:31:00,2011-11-29 10:57:00,381
17773,2010-01-18 14:32:00,2010-07-13 14:07:00,175
17774,2010-02-08 16:06:00,2010-03-16 12:00:00,35
17776,2009-12-16 14:59:00,2010-11-18 12:14:00,336
17777,2011-08-31 14:35:00,2011-10-31 13:05:00,60
17779,2011-07-19 12:19:00,2011-09-13 11:24:00,55
17780,2010-01-24 11:21:00,2010-02-10 13:39:00,17
17781,2011-03-31 19:54:00,2011-07-03 16:00:00,93
17782,2010-11-22 10:03:00,2010-11-22 11:15:00,0
17783,2010-07-15 12:50:00,2011-04-06 10:07:00,264
17785,2010-05-23 13:01:00,2010-09-20 14:14:00,120
17786,2011-01-26 14:35:00,2011-09-15 12:51:00,231
17787,2010-12-03 13:43:00,2011-01-20 12:20:00,47
17788,2011-08-02 10:38:00,2011-09-27 10:09:00,55
17789,2010-02-16 13:16:00,2011-03-03 13:14:00,379
17790,2010-06-13 13:30:00,2010-07-11 11:35:00,27
17792,2010-08-18 13:08:00,2010-08-29 14:30:00,11
17794,2010-01-20 12:17:00,2010-01-22 10:18:00,1
17795,2011-03-20 12:02:00,2011-06-13 12:36:00,85
17796,2010-10-14 13:37:00,2010-11-21 10:49:00,37
17797,2009-12-15 14:30:00,2010-01-27 12:14:00,42
17799,2009-12-13 16:03:00,2010-01-22 16:28:00,40
17800,2011-01-09 13:50:00,2011-03-11 14:06:00,61
17801,2010-01-17 11:31:00,2010-06-08 14:10:00,142
17802,2009-12-13 13:39:00,2009-12-13 14:10:00,0
17804,2009-12-01 12:22:00,2010-06-25 13:35:00,206
17805,2010-04-08 14:36:00,2011-09-27 11:49:00,536
17807,2010-01-04 14:00:00,2010-05-09 14:07:00,125
17808,2010-05-07 16:26:00,2010-05-30 14:45:00,22
17809,2009-12-02 14:52:00,2009-12-15 10:10:00,12
17810,2010-01-25 10:26:00,2010-02-09 10:47:00,15
17811,2010-09-20 11:24:00,2010-09-24 11:11:00,3
17812,2010-06-27 13:34:00,2010-10-11 13:31:00,105
17813,2011-09-29 15:57:00,2011-10-06 16:01:00,7
17814,2010-10-13 14:03:00,2010-11-29 14:21:00,47
17816,2009-12-15 15:27:00,2010-02-19 13:53:00,65
17817,2010-10-13 15:07:00,2010-10-20 17:12:00,7
17819,2009-12-13 15:24:00,2009-12-23 16:58:00,10
17822,2010-05-28 12:15:00,2010-05-28 13:23:00,0
17823,2010-10-14 16:14:00,2010-10-14 16:24:00,0
17825,2009-12-14 12:09:00,2009-12-14 12:13:00,0
17827,2010-03-28 12:20:00,2010-12-10 10:18:00,256
17828,2011-06-08 08:31:00,2011-06-22 09:02:00,14
17829,2010-02-22 15:39:00,2010-08-19 15:45:00,178
17830,2011-02-24 10:15:00,2011-03-23 11:44:00,27
17834,2010-09-20 15:32:00,2010-10-21 12:09:00,30
17835,2011-11-16 16:30:00,2011-11-30 11:17:00,13
17837,2011-06-29 16:44:00,2011-07-07 17:47:00,8
17838,2010-03-19 09:53:00,2010-03-19 09:54:00,0
17841,2009-12-02 15:41:00,2009-12-04 14:29:00,1
17843,2010-10-24 10:56:00,2011-02-09 15:33:00,108
17845,2010-05-12 13:04:00,2010-05-12 13:12:00,0
17847,2010-03-04 12:57:00,2010-07-12 10:00:00,129
17848,2009-12-06 13:19:00,2010-01-14 19:10:00,39
17849,2010-03-14 15:17:00,2010-03-14 15:19:00,0
17850,2009-12-05 12:28:00,2009-12-05 13:26:00,0
17851,2009-12-03 17:46:00,2009-12-11 14:39:00,7
17852,2009-12-08 12:51:00,2009-12-15 11:06:00,6
17853,2009-12-03 15:09:00,2010-08-20 11:14:00,259
17854,2009-12-08 11:13:00,2010-07-13 12:38:00,217
17856,2011-03-03 11:40:00,2011-03-20 11:37:00,16
17857,2010-03-08 12:09:00,2010-12-09 11:35:00,275
17858,2009-12-06 15:41:00,2009-12-20 12:47:00,13
17860,2009-12-11 16:48:00,2009-12-11 16:54:00,0
17861,2009-12-10 11:27:00,2010-01-05 12:26:00,26
17862,2010-05-25 17:22:00,2010-11-11 17:55:00,170
17863,2010-02-25 12:01:00,2010-05-23 15:28:00,87
17864,2010-10-08 11:49:00,2010-11-19 12:04:00,42
17865,2009-12-01 10:49:00,2009-12-07 13:45:00,6
17866,2009-12-14 16:01:00,2010-08-12 12:43:00,240
17867,2009-12-02 13:39:00,2009-12-23 16:04:00,21
17869,2010-06-10 13:47:00,2010-08-27 12:18:00,77
17870,2010-11-23 11:39:00,2010-12-08 08:12:00,14
17871,2010-01-15 14:48:00,2010-05-10 17:03:00,115
17873,2009-12-16 15:11:00,2009-12-16 15:24:00,0
17874,2011-03-29 11:25:00,2011-04-28 13:17:00,30
17876,2010-02-02 13:00:00,2010-04-16 10:01:00,72
17878,2010-11-09 13:50:00,2010-11-09 13:52:00,0
17880,2009-12-09 16:13:00,2010-03-10 12:39:00,90
17882,2010-11-25 14:35:00,2010-11-25 14:40:00,0
17883,2010-02-25 20:07:00,2010-06-18 16:36:00,112
17884,2009-12-04 16:23:00,2009-12-04 16:45:00,0
17886,2010-04-29 11:10:00,2010-08-26 15:03:00,119
17888,2009-12-21 16:34:00,2010-01-22 14:40:00,31
17889,2010-03-31 10:54:00,2010-11-15 17:44:00,229
17890,2010-12-13 15:12:00,2011-01-21 11:19:00,38
17892,2011-07-07 12:56:00,2011-10-13 13:20:00,98
17894,2010-08-27 14:13:00,2010-10-06 10:03:00,39
17897,2010-05-12 16:03:00,2010-05-19 13:16:00,6
17898,2010-05-21 17:22:00,2010-09-13 12:01:00,114
17900,2011-06-02 14:28:00,2011-06-02 14:38:00,0
17901,2010-07-06 10:54:00,2010-07-06 11:05:00,0
17905,2010-01-28 17:54:00,2010-01-28 17:55:00,0
17908,2009-12-14 12:24:00,2010-04-20 11:52:00,126
17912,2010-11-29 13:53:00,2010-12-10 11:11:00,10
17913,2009-12-03 13:02:00,2009-12-03 13:05:00,0
17916,2009-12-06 14:10:00,2010-03-21 12:26:00,104
17917,2010-12-12 12:08:00,2011-03-28 16:37:00,106
17918,2010-07-22 14:20:00,2010-07-26 15:49:00,4
17919,2010-09-27 10:40:00,2011-09-12 13:41:00,350
17920,2009-12-06 10:37:00,2009-12-06 11:13:00,0
17921,2010-07-15 20:05:00,2010-07-29 19:56:00,13
17923,2010-06-13 13:58:00,2010-06-30 13:41:00,16
17924,2010-10-21 12:17:00,2010-12-01 10:51:00,40
17926,2010-05-09 14:07:00,2010-09-01 13:44:00,114
17928,2010-05-17 15:30:00,2011-04-07 18:03:00,325
17929,2009-12-09 11:40:00,2010-02-28 13:28:00,81
17930,2010-03-04 10:41:00,2010-03-19 10:11:00,14
17931,2010-02-16 15:47:00,2010-03-04 17:40:00,16
17932,2011-05-12 13:58:00,2011-06-19 10:39:00,37
17934,2010-10-29 12:23:00,2011-10-12 10:50:00,347
17935,2009-12-04 14:33:00,2010-03-24 12:07:00,109
17937,2010-12-12 14:43:00,2010-12-13 14:56:00,1
17940,2009-12-03 12:31:00,2010-03-23 15:35:00,110
17941,2010-01-06 15:37:00,2010-02-18 19:11:00,43
17945,2010-01-12 11:33:00,2010-01-12 11:36:00,0
17946,2011-03-25 14:34:00,2011-04-20 17:00:00,26
17949,2009-12-02 11:07:00,2009-12-02 11:07:00,0
17950,2010-01-04 17:39:00,2010-05-19 16:30:00,134
17951,2010-10-31 15:15:00,2010-12-01 12:40:00,30
17952,2010-06-16 11:54:00,2010-06-16 12:02:00,0
17954,2009-12-09 13:22:00,2009-12-16 12:29:00,6
17955,2010-02-12 16:27:00,2010-02-22 11:22:00,9
17958,2009-12-11 15:37:00,2011-08-15 12:19:00,611
17960,2010-03-08 12:22:00,2010-07-05 09:56:00,118
17961,2009-12-01 14:48:00,2009-12-04 15:16:00,3
17962,2010-01-13 15:24:00,2010-06-08 16:15:00,146
17963,2010-01-19 17:25:00,2010-06-11 15:54:00,142
17964,2010-12-02 13:32:00,2011-11-08 10:44:00,340
17965,2009-12-14 13:19:00,2010-01-06 13:56:00,23
17966,2010-01-18 13:24:00,2010-01-18 13:36:00,0
17967,2010-10-19 13:19:00,2010-12-03 11:19:00,44
17968,2010-07-15 15:01:00,2010-11-15 15:18:00,123
17969,2009-12-06 13:53:00,2009-12-13 14:38:00,7
17974,2010-10-28 20:03:00,2010-11-10 12:09:00,12
17975,2010-08-06 11:24:00,2010-09-06 14:54:00,31
17977,2010-11-04 14:26:00,2011-11-10 13:28:00,370
17978,2009-12-08 13:27:00,2010-01-11 13:51:00,34
17979,2011-03-25 11:34:00,2011-03-25 12:07:00,0
17980,2010-11-11 14:42:00,2010-12-15 15:50:00,34
17984,2009-12-01 11:51:00,2010-08-01 15:51:00,243
17987,2010-06-07 11:23:00,2010-11-04 11:37:00,150
17988,2009-12-07 13:35:00,2009-12-08 12:39:00,0
17990,2009-12-07 15:19:00,2010-06-16 14:47:00,190
17991,2010-04-27 12:46:00,2011-04-27 16:39:00,365
17994,2010-03-29 10:37:00,2010-05-10 09:16:00,41
17995,2010-11-17 17:01:00,2010-11-22 16:34:00,4
17996,2010-06-11 11:48:00,2010-06-11 11:52:00,0
17997,2011-06-28 17:28:00,2011-07-06 16:54:00,7
17998,2009-12-01 13:07:00,2009-12-02 10:02:00,0
17999,2010-11-26 13:16:00,2010-12-08 15:17:00,12
18001,2009-12-02 15:38:00,2010-06-11 11:53:00,190
18002,2009-12-08 11:07:00,2010-03-30 16:17:00,112
18005,2011-10-23 14:40:00,2011-12-06 11:51:00,43
18006,2009-12-17 12:27:00,2010-04-01 19:06:00,105
18008,2010-01-06 12:35:00,2010-01-27 11:40:00,20
18009,2010-02-25 11:49:00,2010-03-23 13:05:00,26
18011,2010-05-21 13:28:00,2010-12-01 17:35:00,194
18013,2011-07-07 14:08:00,2011-07-07 14:11:00,0
18016,2010-01-27 16:00:00,2010-10-25 14:24:00,270
18017,2010-10-04 15:11:00,2011-02-02 13:57:00,120
18018,2010-10-15 11:05:00,2010-11-05 15:52:00,21
18021,2010-07-15 18:47:00,2010-07-18 10:52:00,2
18022,2010-06-11 13:59:00,2010-10-22 12:02:00,132
18024,2011-07-10 12:28:00,2011-07-10 12:40:00,0
18025,2010-03-30 17:33:00,2010-05-25 17:31:00,55
18026,2010-07-22 16:21:00,2010-07-27 10:37:00,4
18030,2011-10-28 13:55:00,2011-12-05 16:37:00,38
18034,2010-11-29 12:36:00,2011-11-18 12:08:00,353
18035,2010-11-19 13:42:00,2010-11-19 13:46:00,0
18036,2009-12-18 12:04:00,2010-01-18 14:23:00,31
18037,2009-12-01 13:48:00,2009-12-18 12:27:00,16
18039,2010-03-09 11:19:00,2010-05-16 13:10:00,68
18040,2011-04-08 08:27:00,2011-11-20 14:20:00,226
18041,2010-01-14 10:04:00,2010-01-18 12:55:00,4
18042,2010-06-16 10:53:00,2011-10-17 11:49:00,488
18043,2010-12-08 12:35:00,2011-05-17 12:40:00,160
18044,2010-05-28 15:31:00,2010-06-16 13:52:00,18
18047,2010-11-23 12:57:00,2010-11-23 13:11:00,0
18048,2010-08-03 13:03:00,2011-05-20 14:54:00,290
18049,2010-04-28 13:24:00,2010-09-28 14:26:00,153
18050,2010-11-11 15:51:00,2010-12-15 14:25:00,33
18051,2009-12-09 12:17:00,2009-12-21 09:45:00,11
18053,2010-06-30 12:36:00,2010-07-02 11:42:00,1
18055,2010-10-22 13:27:00,2010-11-18 12:25:00,26
18056,2010-03-31 12:29:00,2011-02-24 14:27:00,330
18057,2010-01-18 12:42:00,2010-04-14 14:49:00,86
18058,2010-02-10 09:38:00,2010-06-16 13:45:00,126
18059,2011-10-03 09:30:00,2011-10-26 14:36:00,23
18060,2010-05-24 08:34:00,2010-10-27 16:41:00,156
18061,2009-12-04 11:36:00,2009-12-17 13:17:00,13
18062,2010-04-21 08:55:00,2010-10-27 13:55:00,189
18063,2010-03-16 13:05:00,2010-11-14 10:46:00,242
18064,2010-02-01 15:01:00,2010-03-04 13:24:00,30
18065,2009-12-09 16:00:00,2009-12-09 16:01:00,0
18066,2010-10-20 11:42:00,2010-11-18 10:08:00,28
18069,2010-02-28 16:14:00,2010-02-28 16:16:00,0
18071,2009-12-05 10:31:00,2009-12-18 14:22:00,13
18073,2011-05-26 19:38:00,2011-05-27 14:12:00,0
18074,2010-07-22 10:31:00,2010-12-01 09:53:00,131
18075,2010-07-29 11:47:00,2010-09-08 12:49:00,41
18077,2009-12-07 11:40:00,2009-12-13 10:50:00,5
18078,2010-03-21 15:50:00,2010-10-10 16:01:00,203
18079,2010-08-05 12:19:00,2011-04-15 12:14:00,252
18080,2011-04-11 10:10:00,2011-11-21 08:02:00,223
18081,2011-07-29 11:56:00,2011-08-19 12:23:00,21
18084,2010-11-16 08:09:00,2010-11-21 15:47:00,5
18085,2010-03-21 11:57:00,2010-11-11 17:41:00,235
18087,2009-12-01 09:43:00,2009-12-01 09:44:00,0
18092,2009-12-04 12:37:00,2009-12-22 09:35:00,17
18093,2010-03-31 10:27:00,2010-04-22 14:07:00,22
18094,2010-01-07 11:16:00,2010-05-07 16:28:00,120
18095,2010-04-19 14:09:00,2010-05-10 09:24:00,20
18096,2010-07-14 14:30:00,2010-07-20 12:04:00,5
18097,2009-12-17 11:06:00,2010-07-18 15:50:00,213
18101,2010-02-03 13:52:00,2010-11-17 12:57:00,286
18102,2009-12-01 09:24:00,2009-12-03 13:30:00,2
18106,2010-01-15 11:36:00,2010-01-15 11:40:00,0
18108,2009-12-02 12:47:00,2010-04-22 09:38:00,140
18109,2010-07-01 12:13:00,2010-08-16 14:12:00,46
18110,2010-10-24 14:21:00,2011-11-20 12:34:00,391
18112,2010-06-06 12:40:00,2010-10-17 13:16:00,133
18116,2010-10-24 15:29:00,2010-10-31 15:54:00,7
18118,2010-11-23 13:36:00,2010-11-26 11:36:00,2
18121,2011-07-08 12:14:00,2011-07-13 12:53:00,5
18122,2011-07-12 11:37:00,2011-09-16 12:34:00,66
18123,2010-07-14 12:47:00,2011-11-08 13:31:00,482
18125,2011-01-27 15:02:00,2011-02-17 13:47:00,20
18127,2010-11-01 13:56:00,2011-07-29 10:06:00,269
18130,2011-10-13 15:58:00,2011-11-11 09:25:00,28
18134,2010-01-14 11:59:00,2010-04-20 14:02:00,96
18135,2010-03-15 13:55:00,2010-04-28 11:52:00,43
18136,2010-09-14 15:50:00,2010-10-26 15:57:00,42
18137,2010-06-06 13:45:00,2010-06-06 14:18:00,0
18139,2011-11-21 14:06:00,2011-11-21 14:47:00,0
18141,2010-04-29 15:32:00,2010-11-03 11:44:00,187
18142,2011-05-08 12:31:00,2011-07-05 13:19:00,58
18143,2011-07-21 10:44:00,2011-08-15 12:07:00,25
18144,2009-12-16 15:57:00,2010-04-13 13:26:00,117
18145,2009-12-08 12:30:00,2010-01-05 10:18:00,27
18146,2011-05-03 16:35:00,2011-07-22 12:08:00,79
18147,2011-08-23 12:22:00,2011-10-25 11:46:00,62
18149,2010-03-14 12:41:00,2010-06-06 12:26:00,83
18150,2011-05-22 10:47:00,2011-07-22 15:43:00,61
18151,2010-03-04 10:47:00,2010-04-15 14:26:00,42
18154,2010-08-06 09:18:00,2010-10-31 15:35:00,86
18155,2011-02-21 10:36:00,2011-06-22 11:59:00,121
18156,2010-12-05 12:29:00,2011-11-27 12:24:00,356
18158,2011-09-12 09:03:00,2011-11-30 16:19:00,79
18160,2010-11-18 16:33:00,2011-05-23 13:41:00,185
18161,2010-11-25 15:55:00,2011-01-24 11:56:00,59
18167,2011-08-26 11:40:00,2011-11-04 13:51:00,70
18168,2009-12-03 17:29:00,2009-12-15 15:27:00,11
18170,2010-01-08 14:10:00,2010-02-05 13:57:00,27
18171,2010-01-05 10:46:00,2010-03-18 15:11:00,72
18172,2009-12-11 09:58:00,2010-02-16 10:10:00,67
18173,2010-04-06 10:43:00,2011-03-10 11:56:00,338
18174,2010-04-15 12:17:00,2011-12-02 16:56:00,596
18177,2009-12-15 18:57:00,2010-03-21 15:25:00,95
18178,2010-02-18 14:25:00,2010-03-12 15:47:00,22
18179,2010-02-14 15:51:00,2010-07-05 10:48:00,140
18180,2011-07-20 08:59:00,2011-07-26 08:51:00,5
18181,2009-12-04 15:30:00,2010-05-25 15:36:00,172
18183,2011-03-10 10:08:00,2011-04-26 15:26:00,47
18188,2010-03-26 11:37:00,2010-04-22 10:11:00,26
18189,2010-03-24 09:57:00,2011-03-17 09:49:00,357
18190,2009-12-22 12:05:00,2010-01-29 14:37:00,38
18191,2010-08-19 17:42:00,2011-03-23 12:08:00,215
18193,2010-09-23 13:33:00,2010-11-24 12:25:00,61
18194,2010-01-28 15:30:00,2010-04-08 13:21:00,69
18196,2010-03-17 14:55:00,2010-08-25 15:31:00,161
18198,2011-01-07 13:39:00,2011-02-02 10:06:00,25
18202,2011-02-01 13:36:00,2011-05-24 12:10:00,111
18203,2009-12-08 13:19:00,2010-06-07 12:29:00,180
18204,2011-05-31 15:26:00,2011-08-22 09:10:00,82
18205,2011-09-26 12:02:00,2011-11-03 13:22:00,38
18210,2010-11-22 09:39:00,2011-03-17 16:58:00,115
18211,2011-03-06 12:09:00,2011-07-26 12:24:00,142
18212,2010-01-31 14:42:00,2011-01-17 16:14:00,351
18214,2010-06-03 19:47:00,2010-06-08 17:29:00,4
18215,2010-03-26 13:03:00,2010-06-30 16:37:00,96
18217,2010-07-01 15:39:00,2010-07-14 12:27:00,12
18218,2010-02-17 15:11:00,2010-04-22 12:38:00,63
18219,2009-12-07 13:17:00,2010-03-08 13:24:00,91
18220,2009-12-15 11:42:00,2010-05-06 10:04:00,141
18221,2010-11-14 15:46:00,2011-05-12 14:13:00,178
18223,2009-12-04 12:20:00,2009-12-17 15:03:00,13
18225,2009-12-04 16:52:00,2010-01-29 10:25:00,55
18226,2010-03-05 10:05:00,2010-06-01 12:00:00,88
18227,2010-08-12 16:45:00,2011-05-06 12:23:00,266
18228,2011-09-21 10:48:00,2011-10-14 09:21:00,22
18229,2009-12-03 14:42:00,2010-01-19 13:33:00,46
18230,2010-07-02 10:01:00,2010-11-26 15:33:00,147
18231,2010-01-10 12:13:00,2010-02-01 14:37:00,22
18232,2011-05-26 16:30:00,2011-05-31 08:03:00,4
18235,2011-05-06 13:35:00,2011-08-11 15:56:00,97
18236,2010-04-15 13:39:00,2010-08-15 11:21:00,121
18237,2011-07-28 13:05:00,2011-08-12 12:44:00,14
18239,2010-10-13 10:11:00,2010-12-02 17:48:00,50
18241,2010-04-01 11:55:00,2010-08-18 13:56:00,139
18242,2010-01-11 08:49:00,2010-03-30 15:21:00,78
18244,2010-07-25 10:30:00,2010-10-05 11:15:00,72
18245,2010-03-08 15:26:00,2010-03-26 13:08:00,17
18246,2010-04-09 10:19:00,2011-04-20 13:55:00,376
18247,2010-03-18 15:52:00,2010-06-08 14:22:00,81
18248,2011-06-06 13:18:00,2011-08-09 10:19:00,63
18251,2009-12-22 12:01:00,2010-03-11 10:13:00,78
18252,2009-12-18 16:13:00,2009-12-23 10:17:00,4
18255,2010-09-09 16:31:00,2011-09-11 13:16:00,366
18257,2010-02-18 16:20:00,2010-05-27 14:40:00,97
18258,2010-05-16 11:35:00,2010-05-16 11:37:00,0
18259,2009-12-08 08:38:00,2010-01-28 16:39:00,51
18260,2009-12-15 13:50:00,2010-04-28 15:01:00,134
18261,2011-09-05 09:34:00,2011-10-27 15:36:00,52
18262,2010-04-16 09:05:00,2010-11-11 13:30:00,209
18263,2011-04-01 11:48:00,2011-07-07 10:04:00,96
18265,2011-07-04 15:26:00,2011-09-28 14:10:00,85
18268,2009-12-11 10:27:00,2010-01-14 09:33:00,33
18270,2010-10-03 10:49:00,2011-03-18 12:41:00,166
18271,2009-12-08 11:27:00,2010-04-09 09:26:00,121
18272,2010-03-04 12:53:00,2010-04-22 14:07:00,49
18273,2010-04-28 12:24:00,2011-03-27 11:22:00,332
18275,2009-12-08 16:23:00,2010-05-10 15:46:00,152
18276,2009-12-10 17:14:00,2010-04-20 10:40:00,130
18277,2010-08-02 10:26:00,2010-08-02 10:27:00,0
18278,2010-10-31 12:13:00,2011-09-27 11:58:00,330
18280,2010-11-10 15:51:00,2011-03-07 09:52:00,116
18281,2010-05-11 10:49:00,2011-06-12 10:53:00,397
18282,2011-08-05 13:35:00,2011-12-02 11:43:00,118
18283,2010-02-19 17:16:00,2010-03-02 13:28:00,10
18286,2009-12-16 10:45:00,2010-08-20 11:57:00,247
18287,2010-05-17 11:55:00,2010-09-21 12:17:00,127
